Name,Booth_no,Address,City,Country,website,Contact_no,product,url
AccelerEd,723,,"Bethesda,",United States,,,,https://s23.a2zinc.net/clients/lrp/ubtech2020/Public/eBooth.aspx?IndexInList=0&FromPage=Exhibitors.aspx&ParentBoothID=&ListByBooth=true&BoothID=120103
Atlona Technologies,727,,"San Jose,",United States,http://www.atlona.com,,"Facilities,Security:IP Communications Technologies,Unified Communications Presentation Products,Projection Systems,AV Equipment",https://s23.a2zinc.net/clients/lrp/ubtech2020/Public/eBooth.aspx?IndexInList=1&FromPage=Exhibitors.aspx&ParentBoothID=&ListByBooth=true&BoothID=120102
B&H B2B,519,,"New York,",United States,http://www.bhphoto.com/b2b,,"Facilities,Security:Presentation Products,Projection Systems,AV Equipment Furnishings,Equipment,Cabling IP Communications Technologies,Unified Communications",https://s23.a2zinc.net/clients/lrp/ubtech2020/Public/eBooth.aspx?IndexInList=2&FromPage=Exhibitors.aspx&ParentBoothID=&ListByBooth=true&BoothID=120167
Barco,500,,"Duluth,",United States,http://www.barco.com,,"Administration,IT:Student & Auxiliary Services Technology",https://s23.a2zinc.net/clients/lrp/ubtech2020/Public/eBooth.aspx?IndexInList=3&FromPage=Exhibitors.aspx&ParentBoothID=&ListByBooth=true&BoothID=120192
BenQ America Corp.,515,,"Plano,",United States,http://www.BenQ.com,,"Facilities,Security:Presentation Products,Projection Systems,AV Equipment",https://s23.a2zinc.net/clients/lrp/ubtech2020/Public/eBooth.aspx?IndexInList=4&FromPage=Exhibitors.aspx&ParentBoothID=&ListByBooth=true&BoothID=120488
Bytespeed,528,,"Moorhead,",United States,http://www.bytespeed.com,,"IT:Data Security,Cybersecurity & Privacy Solutions Laptops,Desktops,Computing Hardware Networking Management, Products & Technologies",https://s23.a2zinc.net/clients/lrp/ubtech2020/Public/eBooth.aspx?IndexInList=5&FromPage=Exhibitors.aspx&ParentBoothID=&ListByBooth=true&BoothID=120181
Canvas,409,,"Indianapolis,",United States,http://www.gocanvas.io,,"Administration,IT:Learning & Scheduling Management Systems",https://s23.a2zinc.net/clients/lrp/ubtech2020/Public/eBooth.aspx?IndexInList=6&FromPage=Exhibitors.aspx&ParentBoothID=&ListByBooth=true&BoothID=120205
ClassLink,613,,"Clifton,",United States,http://www.classlink.com,,"Administration:Business Intelligence,Analytics,Data Access & Management SIS,Student Lifecycle Management,CRM,Student Aid Systems",https://s23.a2zinc.net/clients/lrp/ubtech2020/Public/eBooth.aspx?IndexInList=7&FromPage=Exhibitors.aspx&ParentBoothID=&ListByBooth=true&BoothID=120139
Clear Touch Interactive,533,,"Greenville,",United States,http://www.getcleartouch.com,,,https://s23.a2zinc.net/clients/lrp/ubtech2020/Public/eBooth.aspx?IndexInList=8&FromPage=Exhibitors.aspx&ParentBoothID=&ListByBooth=true&BoothID=120163
"Computer Comforts, Inc.",626,,"Kemah,",United States,http://www.computercomforts.com,,"Facilities,Security:Furnishings,Equipment,Cabling Libraries,Learning & Digital Commons,Makerspaces",https://s23.a2zinc.net/clients/lrp/ubtech2020/Public/eBooth.aspx?IndexInList=9&FromPage=Exhibitors.aspx&ParentBoothID=&ListByBooth=true&BoothID=120149
CVI,718,,"Oconomowoc,",United States,http://www.cvisecurity.com,,"Curriculum,Assessment:Assessment Solutions ePortfolios,Assessment,Personal Learning Environments Professional Development,Training,Incubator Classrooms",https://s23.a2zinc.net/clients/lrp/ubtech2020/Public/eBooth.aspx?IndexInList=10&FromPage=Exhibitors.aspx&ParentBoothID=&ListByBooth=true&BoothID=120121
Extron,501,,"Anaheim,",United States,http://www.extron.com,,"Administration,IT:Learning & Scheduling Management Systems",https://s23.a2zinc.net/clients/lrp/ubtech2020/Public/eBooth.aspx?IndexInList=11&FromPage=Exhibitors.aspx&ParentBoothID=&ListByBooth=true&BoothID=120176
HoverCam,623,,"San Diego,",United States,http://www.thehovercam.com,,,https://s23.a2zinc.net/clients/lrp/ubtech2020/Public/eBooth.aspx?IndexInList=12&FromPage=Exhibitors.aspx&ParentBoothID=&ListByBooth=true&BoothID=120476
Howard Technology Solutions,412,,"Ellisville Drive,",United States,http://www.howard.com,,"Facilities,Security:Furnishings,Equipment,Cabling",https://s23.a2zinc.net/clients/lrp/ubtech2020/Public/eBooth.aspx?IndexInList=13&FromPage=Exhibitors.aspx&ParentBoothID=&ListByBooth=true&BoothID=120220
Intelligent Video Solutions,512,,"Waukesha,",United States,http://ipivs.com,,"Administration,IT:Digital Asset Management & Rights Control",https://s23.a2zinc.net/clients/lrp/ubtech2020/Public/eBooth.aspx?IndexInList=14&FromPage=Exhibitors.aspx&ParentBoothID=&ListByBooth=true&BoothID=120188
Kivuto,726,,"Ottawa,",Canada,http://kivuto.com,,"Administration,IT:Campus Stores,eCommerce,Tuition Payment Digital Asset Management & Rights Control",https://s23.a2zinc.net/clients/lrp/ubtech2020/Public/eBooth.aspx?IndexInList=15&FromPage=Exhibitors.aspx&ParentBoothID=&ListByBooth=true&BoothID=120117
Laserfiche,506,,"Long Beach,",United States,https://www.laserfiche.com/solutions/higher-education/,,Administration:Administrative and Financial Software Systems,https://s23.a2zinc.net/clients/lrp/ubtech2020/Public/eBooth.aspx?IndexInList=16&FromPage=Exhibitors.aspx&ParentBoothID=&ListByBooth=true&BoothID=120190
Marshall Furniture,612,,"Antioch,",United States,http://www.marshallfurniture.com,,"Facilities,Security:Furnishings,Equipment,Cabling",https://s23.a2zinc.net/clients/lrp/ubtech2020/Public/eBooth.aspx?IndexInList=17&FromPage=Exhibitors.aspx&ParentBoothID=&ListByBooth=true&BoothID=120155
"Minitab, Inc",514,,"State College,",United States,http://www.minitab.com,,"Curriculum,Assessment:Professional Development,Training,Incubator Classrooms",https://s23.a2zinc.net/clients/lrp/ubtech2020/Public/eBooth.aspx?IndexInList=18&FromPage=Exhibitors.aspx&ParentBoothID=&ListByBooth=true&BoothID=120187
Mvix,713,,"Sterling,",United States,https://mvixdigitalsignage.com/,,"Facilities,Security:Presentation Products,Projection Systems,AV Equipment Emergency Planning & Management Systems",https://s23.a2zinc.net/clients/lrp/ubtech2020/Public/eBooth.aspx?IndexInList=19&FromPage=Exhibitors.aspx&ParentBoothID=&ListByBooth=true&BoothID=120108
Newline Interactive,508,,"Plano,",United States,http://www.newline-interactive.com,,"Curriculum,Assessment:Assistive Learning Technologies",https://s23.a2zinc.net/clients/lrp/ubtech2020/Public/eBooth.aspx?IndexInList=20&FromPage=Exhibitors.aspx&ParentBoothID=&ListByBooth=true&BoothID=120189
Nureva,513,,"Calgary,",Canada,https://www.nureva.com/,,"Facilities,Security:IP Communications Technologies,Unified Communications Presentation Products,Projection Systems,AV Equipment",https://s23.a2zinc.net/clients/lrp/ubtech2020/Public/eBooth.aspx?IndexInList=21&FromPage=Exhibitors.aspx&ParentBoothID=&ListByBooth=true&BoothID=120489
R&R Resource Booking Software,522,,"Harrow,",United Kingdom,http://www.randrbooking.com,,"Administration:Business Intelligence,Analytics,Data Access & Management",https://s23.a2zinc.net/clients/lrp/ubtech2020/Public/eBooth.aspx?IndexInList=22&FromPage=Exhibitors.aspx&ParentBoothID=&ListByBooth=true&BoothID=120183
RDL,707,,"Prescott,",United States,,,,https://s23.a2zinc.net/clients/lrp/ubtech2020/Public/eBooth.aspx?IndexInList=23&FromPage=Exhibitors.aspx&ParentBoothID=&ListByBooth=true&BoothID=120110
rSmart,429,,"Phoenix,",United States,http://www.rsmart.com,,"IT:Cloud Computing Solutions,Storage Solutions",https://s23.a2zinc.net/clients/lrp/ubtech2020/Public/eBooth.aspx?IndexInList=24&FromPage=Exhibitors.aspx&ParentBoothID=&ListByBooth=true&BoothID=120197
Sennheiser,627,,"Old Lyme,",United States,http://www.sennheiser.com,,"Facilities,Security:Presentation Products,Projection Systems,AV Equipment",https://s23.a2zinc.net/clients/lrp/ubtech2020/Public/eBooth.aspx?IndexInList=25&FromPage=Exhibitors.aspx&ParentBoothID=&ListByBooth=true&BoothID=120491
Software2,413,,"Cambridge,",United States,https://www.software2.com,,"Administration,IT:Web Content,Management Portals",https://s23.a2zinc.net/clients/lrp/ubtech2020/Public/eBooth.aspx?IndexInList=26&FromPage=Exhibitors.aspx&ParentBoothID=&ListByBooth=true&BoothID=120204
"Spectrum Industries, Inc.",619,,"Chippewa Falls,",United States,http://www.spectrumfurniture.com,,"Facilities,Security:Furnishings,Equipment,Cabling",https://s23.a2zinc.net/clients/lrp/ubtech2020/Public/eBooth.aspx?IndexInList=27&FromPage=Exhibitors.aspx&ParentBoothID=&ListByBooth=true&BoothID=120477
Squirrels LLC,407,,"North Canton,",United States,http://www.airsquirrels.com,,"Administration,IT:Student & Auxiliary Services Technology",https://s23.a2zinc.net/clients/lrp/ubtech2020/Public/eBooth.aspx?IndexInList=28&FromPage=Exhibitors.aspx&ParentBoothID=&ListByBooth=true&BoothID=120206
"TEKVOX, Inc",526,,"New Braunfels,",United States,http://www.tekvox.com,,"Facilities,Security:IP Communications Technologies,Unified Communications Presentation Products,Projection Systems,AV Equipment",https://s23.a2zinc.net/clients/lrp/ubtech2020/Public/eBooth.aspx?IndexInList=29&FromPage=Exhibitors.aspx&ParentBoothID=&ListByBooth=true&BoothID=120182
Trinity3 Technology,518,,"Saint Paul,",United States,http://www.trinity3.com,,"Administration,IT:IT Funding,Finance,Planning",https://s23.a2zinc.net/clients/lrp/ubtech2020/Public/eBooth.aspx?IndexInList=30&FromPage=Exhibitors.aspx&ParentBoothID=&ListByBooth=true&BoothID=120481
Vaddio,415,,"Minnetonka,",United States,http://www.vaddio.com,,"Facilities,Security:IP Communications Technologies,Unified Communications Presentation Products,Projection Systems,AV Equipment Furnishings,Equipment,Cabling",https://s23.a2zinc.net/clients/lrp/ubtech2020/Public/eBooth.aspx?IndexInList=31&FromPage=Exhibitors.aspx&ParentBoothID=&ListByBooth=true&BoothID=120203
Verbit,709,,"New York,",United States,https://verbit.ai/,,"Administration,IT:Student & Auxiliary Services Technology",https://s23.a2zinc.net/clients/lrp/ubtech2020/Public/eBooth.aspx?IndexInList=32&FromPage=Exhibitors.aspx&ParentBoothID=&ListByBooth=true&BoothID=120109
"Visix, Inc.",632,,"Norcross,",United States,http://www.visix.com,,,https://s23.a2zinc.net/clients/lrp/ubtech2020/Public/eBooth.aspx?IndexInList=33&FromPage=Exhibitors.aspx&ParentBoothID=&ListByBooth=true&BoothID=120147
Wepa,520,,"Pelham,",United States,http://www.wepanow.com,,"IT:Cloud Computing Solutions,Storage Solutions Printers & Print Management",https://s23.a2zinc.net/clients/lrp/ubtech2020/Public/eBooth.aspx?IndexInList=34&FromPage=Exhibitors.aspx&ParentBoothID=&ListByBooth=true&BoothID=120480
