Name,Booth_no,Address,City,Country,website,Contact_no,product,url
"22nd Century Group, Inc.",3044,,"Williamsville,",United States,http://xxiicentury.com,,Cigarettes Cigars,https://s23.a2zinc.net/clients/tmg/tpe20/Public/eBooth.aspx?IndexInList=0&FromPage=Exhibitors.aspx&ParentBoothID=&ListByBooth=true&BoothID=105159
7 Daze MFG,6112,,"Baldwin Park,",United States,http://www.7dazemfg.com,,E-Cigarettes E-Liquids,https://s23.a2zinc.net/clients/tmg/tpe20/Public/eBooth.aspx?IndexInList=1&FromPage=Exhibitors.aspx&ParentBoothID=&ListByBooth=true&BoothID=104959
8 Mile Smoke / Str8 Brand,9097,,"Oak Park,",United States,www.8milesmoke.com,,,https://s23.a2zinc.net/clients/tmg/tpe20/Public/eBooth.aspx?IndexInList=2&FromPage=Exhibitors.aspx&ParentBoothID=&ListByBooth=true&BoothID=104103
Acrohm,1108,,"Richmond,",United States,acrohm.com,,,https://s23.a2zinc.net/clients/tmg/tpe20/Public/eBooth.aspx?IndexInList=3&FromPage=Exhibitors.aspx&ParentBoothID=&ListByBooth=true&BoothID=103656
"ADNU ELECTRONIC TECHNOLOGY CO.,LTD",9020,,"Dongguan,",China,http://www.dguvapor.com,,CBD Product E-Cigarettes,https://s23.a2zinc.net/clients/tmg/tpe20/Public/eBooth.aspx?IndexInList=4&FromPage=Exhibitors.aspx&ParentBoothID=&ListByBooth=true&BoothID=105234
AER,2162,,"Carlsbad,",United States,http://www.galleryvape.com,,CBD Product,https://s23.a2zinc.net/clients/tmg/tpe20/Public/eBooth.aspx?IndexInList=5&FromPage=Exhibitors.aspx&ParentBoothID=&ListByBooth=true&BoothID=105301
Aganorsa Leaf,4035,,"Doral,",United States,,,,https://s23.a2zinc.net/clients/tmg/tpe20/Public/eBooth.aspx?IndexInList=6&FromPage=Exhibitors.aspx&ParentBoothID=&ListByBooth=true&BoothID=105527
AgeChecker.Net,9078,,"Agoura Hills,",United States,http://Www.bankcardusa.com,,Credit Card Processing Systems,https://s23.a2zinc.net/clients/tmg/tpe20/Public/eBooth.aspx?IndexInList=7&FromPage=Exhibitors.aspx&ParentBoothID=&ListByBooth=true&BoothID=104092
Agrowth Corp.,7146,,"San Leandro,",United States,http://www.agrowthcorp.com,,CBD Product Cigarettes,https://s23.a2zinc.net/clients/tmg/tpe20/Public/eBooth.aspx?IndexInList=8&FromPage=Exhibitors.aspx&ParentBoothID=&ListByBooth=true&BoothID=104827
AIRE VAPE PODS,1122,,"New York,",United States,www.airevapepods.com,,,https://s23.a2zinc.net/clients/tmg/tpe20/Public/eBooth.aspx?IndexInList=9&FromPage=Exhibitors.aspx&ParentBoothID=&ListByBooth=true&BoothID=103664
Airistech,5182,,"shenzhen,",China,http://www.airistech.com,,"Dry Herb, Wax, & Oil Vaporizers E-Cigarettes",https://s23.a2zinc.net/clients/tmg/tpe20/Public/eBooth.aspx?IndexInList=10&FromPage=Exhibitors.aspx&ParentBoothID=&ListByBooth=true&BoothID=105376
Air-Pure Systems,2058,,"Shakopee,",United States,www.cleanairfacility.com,,,https://s23.a2zinc.net/clients/tmg/tpe20/Public/eBooth.aspx?IndexInList=11&FromPage=Exhibitors.aspx&ParentBoothID=&ListByBooth=true&BoothID=105504
AJ Fernandez,4059,,"Doral,",United States,ajfcigars.com,,,https://s23.a2zinc.net/clients/tmg/tpe20/Public/eBooth.aspx?IndexInList=12&FromPage=Exhibitors.aspx&ParentBoothID=&ListByBooth=true&BoothID=105550
Alec Bradley,2044,,"Ft. Lauderdale,",United States,http://alecbradley.com,,Accessories – Tobacco Cigars,https://s23.a2zinc.net/clients/tmg/tpe20/Public/eBooth.aspx?IndexInList=13&FromPage=Exhibitors.aspx&ParentBoothID=&ListByBooth=true&BoothID=105214
Alliance One Specialty Products,2061,,"wilson,",United States,http://aointl.com,,Cigarettes Cigars Pipes/ Pipe Tobacco RYO / MYO,https://s23.a2zinc.net/clients/tmg/tpe20/Public/eBooth.aspx?IndexInList=14&FromPage=Exhibitors.aspx&ParentBoothID=&ListByBooth=true&BoothID=105104
"ALSHISHA CO.,LTD(PLASTIC PROCESSING FACTORY)",9033,,"Ningbo,",China,www.alshisha.en.alibaba.com,,,https://s23.a2zinc.net/clients/tmg/tpe20/Public/eBooth.aspx?IndexInList=15&FromPage=Exhibitors.aspx&ParentBoothID=&ListByBooth=true&BoothID=105239
Altadis U.S.A,2045,,"Fort Lauderdale,",United States,http://altadisusa.com,,Cigars,https://s23.a2zinc.net/clients/tmg/tpe20/Public/eBooth.aspx?IndexInList=16&FromPage=Exhibitors.aspx&ParentBoothID=&ListByBooth=true&BoothID=105157
"American Weigh, Inc/#1 Wholesale",7037,,"Cumming,",Georgia,,,Accessories – Tobacco E-Liquids General Merchandise Hookah Tobacco Hookah Pipes Scales,https://s23.a2zinc.net/clients/tmg/tpe20/Public/eBooth.aspx?IndexInList=17&FromPage=Exhibitors.aspx&ParentBoothID=&ListByBooth=true&BoothID=104514
Aqua Glass Works,6162,,"Rancho Cucamonga,",United States,,,,https://s23.a2zinc.net/clients/tmg/tpe20/Public/eBooth.aspx?IndexInList=18&FromPage=Exhibitors.aspx&ParentBoothID=&ListByBooth=true&BoothID=105408
Aspire Vape,6052,,"NORTH HOLLYWOOD,",United States,,,E-Cigarettes E-Liquids Hookah Pipes Mods Tanks Vapor Accessories,https://s23.a2zinc.net/clients/tmg/tpe20/Public/eBooth.aspx?IndexInList=19&FromPage=Exhibitors.aspx&ParentBoothID=&ListByBooth=true&BoothID=103904
AVANTI CIGAR COMPANY,1038,,"Dunmore,",United States,http://www.avanticigar.com,,Cigars,https://s23.a2zinc.net/clients/tmg/tpe20/Public/eBooth.aspx?IndexInList=20&FromPage=Exhibitors.aspx&ParentBoothID=&ListByBooth=true&BoothID=104318
Avid Hemp,8009,,"Tampa,",United States,http://www.avidhemp.com,,CBD Extraction Service CBD Product E-Liquids,https://s23.a2zinc.net/clients/tmg/tpe20/Public/eBooth.aspx?IndexInList=21&FromPage=Exhibitors.aspx&ParentBoothID=&ListByBooth=true&BoothID=104933
Azalla Botanicals LLC,5181,,"Clearwater ,",United States,azallla.com,,,https://s23.a2zinc.net/clients/tmg/tpe20/Public/eBooth.aspx?IndexInList=22&FromPage=Exhibitors.aspx&ParentBoothID=&ListByBooth=true&BoothID=105389
B2B Seneca,3001,,"Henderson,",United States,http://www.seneca.com,,RYO / MYO RYO Machines & Tubes Cigarettes Cigars Pipes/ Pipe Tobacco,https://s23.a2zinc.net/clients/tmg/tpe20/Public/eBooth.aspx?IndexInList=23&FromPage=Exhibitors.aspx&ParentBoothID=&ListByBooth=true&BoothID=105588
B2B Wholesaler Magazine,9137,,"Boothwyn,",United States,,,Publications/Magazines/Media Vapor Accessories Advertising E-Cigarettes E-Liquids Glass Pipes Grinders Hookah Tobacco Hookah Pipes Mods,https://s23.a2zinc.net/clients/tmg/tpe20/Public/eBooth.aspx?IndexInList=24&FromPage=Exhibitors.aspx&ParentBoothID=&ListByBooth=true&BoothID=104130
BankCard USA,9073,,"Agoura Hills,",United States,http://Www.bankcardusa.com,,Credit Card Processing Systems,https://s23.a2zinc.net/clients/tmg/tpe20/Public/eBooth.aspx?IndexInList=25&FromPage=Exhibitors.aspx&ParentBoothID=&ListByBooth=true&BoothID=104298
Basik Trading Inc,1040,,"Royal Palm Beach,",United States,http://www.basiktradinginc.com,,RYO Machines & Tubes Smokeless Tobacco Accessories – Tobacco Cigars Pipes/ Pipe Tobacco RYO / MYO,https://s23.a2zinc.net/clients/tmg/tpe20/Public/eBooth.aspx?IndexInList=26&FromPage=Exhibitors.aspx&ParentBoothID=&ListByBooth=true&BoothID=104319
"Beijing Dora Technology Co., Ltd",2170,,"Xiamen,",China,http://snowplus.cn,,,https://s23.a2zinc.net/clients/tmg/tpe20/Public/eBooth.aspx?IndexInList=27&FromPage=Exhibitors.aspx&ParentBoothID=&ListByBooth=true&BoothID=105305
BEONI,9179,,"HOLLYWOOD ,",United States,http://www.beoni.com/,,,https://s23.a2zinc.net/clients/tmg/tpe20/Public/eBooth.aspx?IndexInList=28&FromPage=Exhibitors.aspx&ParentBoothID=&ListByBooth=true&BoothID=105494
Best Rate Merchant Service,2130,,"Simi Valley,",United States,www.brmerchantservice.com,,,https://s23.a2zinc.net/clients/tmg/tpe20/Public/eBooth.aspx?IndexInList=29&FromPage=Exhibitors.aspx&ParentBoothID=&ListByBooth=true&BoothID=104152
Beyond Label,4181,,"Dongguan,",China,http://www.beyondlabelprint.com,,CBD Product E-Liquids,https://s23.a2zinc.net/clients/tmg/tpe20/Public/eBooth.aspx?IndexInList=30&FromPage=Exhibitors.aspx&ParentBoothID=&ListByBooth=true&BoothID=105351
BIDI Vapor / Medica Hemp,6187,,"beaverton,",United States,www.bidivapor.com,,,https://s23.a2zinc.net/clients/tmg/tpe20/Public/eBooth.aspx?IndexInList=31&FromPage=Exhibitors.aspx&ParentBoothID=&ListByBooth=true&BoothID=105407
BIG Publications,9057,,"Hollywood,",United States,http://bigindustryshow.com/,,Cleaners,https://s23.a2zinc.net/clients/tmg/tpe20/Public/eBooth.aspx?IndexInList=32&FromPage=Exhibitors.aspx&ParentBoothID=&ListByBooth=true&BoothID=104085
Black Ball Corp.,"2004, 1005",,,,https://www.blackballcorp.com,,Accessories – Tobacco,https://s23.a2zinc.net/clients/tmg/tpe20/Public/eBooth.aspx?IndexInList=33&FromPage=Exhibitors.aspx&ParentBoothID=&ListByBooth=true&BoothID=105086
Black Bear Cigars,1027,,"Steamburg,",United States,www.blackbearcigars.com,,,https://s23.a2zinc.net/clients/tmg/tpe20/Public/eBooth.aspx?IndexInList=34&FromPage=Exhibitors.aspx&ParentBoothID=&ListByBooth=true&BoothID=105039
Blossom E Liquid,8131,,"Mooresville,",United States,blossomeliquid.com,,,https://s23.a2zinc.net/clients/tmg/tpe20/Public/eBooth.aspx?IndexInList=35&FromPage=Exhibitors.aspx&ParentBoothID=&ListByBooth=true&BoothID=104051
Blow Disposable Stix,5189,,"Kenosha,",United States,shopquantum.com,,,https://s23.a2zinc.net/clients/tmg/tpe20/Public/eBooth.aspx?IndexInList=36&FromPage=Exhibitors.aspx&ParentBoothID=&ListByBooth=true&BoothID=105393
blu - Fontem Ventures,9045,,"Charlotte,",United States,http://blu.com,,E-Cigarettes,https://s23.a2zinc.net/clients/tmg/tpe20/Public/eBooth.aspx?IndexInList=37&FromPage=Exhibitors.aspx&ParentBoothID=&ListByBooth=true&BoothID=104580
Blue Moon Hemp,6072,,"Pompano Beach,",United States,http://www.bluemoonhemp.com,,E-Liquids CBD Product,https://s23.a2zinc.net/clients/tmg/tpe20/Public/eBooth.aspx?IndexInList=38&FromPage=Exhibitors.aspx&ParentBoothID=&ListByBooth=true&BoothID=103908
Blue Mountain Cigars,1098,,"Hialeah ,",United States,www.bluemountaincigars.com,,,https://s23.a2zinc.net/clients/tmg/tpe20/Public/eBooth.aspx?IndexInList=39&FromPage=Exhibitors.aspx&ParentBoothID=&ListByBooth=true&BoothID=103648
Bluum Lab,4174,,"Hollandale ,",United States,www.bluumlab.com,,,https://s23.a2zinc.net/clients/tmg/tpe20/Public/eBooth.aspx?IndexInList=40&FromPage=Exhibitors.aspx&ParentBoothID=&ListByBooth=true&BoothID=105360
BLVK Unicorn,6010,,"South El Monte,",United States,http://blvk.com,,E-Cigarettes E-Liquids,https://s23.a2zinc.net/clients/tmg/tpe20/Public/eBooth.aspx?IndexInList=41&FromPage=Exhibitors.aspx&ParentBoothID=&ListByBooth=true&BoothID=104920
Bolt USA,2178,,"South El Monte ,",United States,www.boltcbd.com,,,https://s23.a2zinc.net/clients/tmg/tpe20/Public/eBooth.aspx?IndexInList=42&FromPage=Exhibitors.aspx&ParentBoothID=&ListByBooth=true&BoothID=105308
Boulder International,1134,,"Boonton,",United States,http://www.bouldercigs.com,,"Dry Herb, Wax, & Oil Vaporizers E-Liquids Vapor Accessories",https://s23.a2zinc.net/clients/tmg/tpe20/Public/eBooth.aspx?IndexInList=43&FromPage=Exhibitors.aspx&ParentBoothID=&ListByBooth=true&BoothID=104145
Boveda Inc,3051,,"Minnetonka,",United States,http://www.bovedainc.com,,Accessories – Tobacco General Merchandise Gift Items Humidors / Humidifiers,https://s23.a2zinc.net/clients/tmg/tpe20/Public/eBooth.aspx?IndexInList=44&FromPage=Exhibitors.aspx&ParentBoothID=&ListByBooth=true&BoothID=105128
Brassworld,9009,,"Walled Lake,",United States,http://www.brassworldwholesale.com,,Lighters,https://s23.a2zinc.net/clients/tmg/tpe20/Public/eBooth.aspx?IndexInList=45&FromPage=Exhibitors.aspx&ParentBoothID=&ListByBooth=true&BoothID=104063
Burning Bush Ent,4160,,"Carson,",United States,http://tommychongvape.com,,"Gift Items Grinders Novelty & Seasonal Tanks Vapor Accessories Accessories – Tobacco Dry Herb, Wax, & Oil Vaporizers General Merchandise",https://s23.a2zinc.net/clients/tmg/tpe20/Public/eBooth.aspx?IndexInList=46&FromPage=Exhibitors.aspx&ParentBoothID=&ListByBooth=true&BoothID=105355
Business Control Systems Corp.,2060,,"Iselin,",United States,http://www.businesscontrol.com,,Cash Register Systems Credit Card Processing Systems Inventory Optimization Prepaid Gift Cards Scales Software,https://s23.a2zinc.net/clients/tmg/tpe20/Public/eBooth.aspx?IndexInList=47&FromPage=Exhibitors.aspx&ParentBoothID=&ListByBooth=true&BoothID=105509
C.L.E. Cigars,3046,,"Miami,",United States,http://www.clecigars.com,,Accessories – Tobacco Cigars,https://s23.a2zinc.net/clients/tmg/tpe20/Public/eBooth.aspx?IndexInList=48&FromPage=Exhibitors.aspx&ParentBoothID=&ListByBooth=true&BoothID=105160
Caldwell Cigars,4025,,"Miami,",United States,,,,https://s23.a2zinc.net/clients/tmg/tpe20/Public/eBooth.aspx?IndexInList=49&FromPage=Exhibitors.aspx&ParentBoothID=&ListByBooth=true&BoothID=105513
Cali kulture,6094,,"LOS ANGELES,",United States,www.calikulture.com,,,https://s23.a2zinc.net/clients/tmg/tpe20/Public/eBooth.aspx?IndexInList=50&FromPage=Exhibitors.aspx&ParentBoothID=&ListByBooth=true&BoothID=103920
Cali Pods,7142,,"orlando,",United States,www.calivapepods.com,,,https://s23.a2zinc.net/clients/tmg/tpe20/Public/eBooth.aspx?IndexInList=51&FromPage=Exhibitors.aspx&ParentBoothID=&ListByBooth=true&BoothID=104825
California Grown / Fresh Pressed,3133,,"Irvine,",United States,www.californiagrowneliquids.com,,,https://s23.a2zinc.net/clients/tmg/tpe20/Public/eBooth.aspx?IndexInList=52&FromPage=Exhibitors.aspx&ParentBoothID=&ListByBooth=true&BoothID=105111
Can Of Bliss,3187,,"Visalia,",United States,http://www.gratefulpapers.com,,Accessories – Tobacco CBD Product Distributor General Merchandise Other Cannabinoids Pipes/ Pipe Tobacco Wearables,https://s23.a2zinc.net/clients/tmg/tpe20/Public/eBooth.aspx?IndexInList=53&FromPage=Exhibitors.aspx&ParentBoothID=&ListByBooth=true&BoothID=105340
Canna Comforts,3164,,"West Jordan,",United States,www.cannacomforts.com,,,https://s23.a2zinc.net/clients/tmg/tpe20/Public/eBooth.aspx?IndexInList=54&FromPage=Exhibitors.aspx&ParentBoothID=&ListByBooth=true&BoothID=105316
Cannadips,2141,,"Arcata,",United States,cannadipscbd.com,,,https://s23.a2zinc.net/clients/tmg/tpe20/Public/eBooth.aspx?IndexInList=55&FromPage=Exhibitors.aspx&ParentBoothID=&ListByBooth=true&BoothID=103715
CaraMax Corp.,1137,,"ELK GROVE VILLAGE,",United States,icaramax.com,,,https://s23.a2zinc.net/clients/tmg/tpe20/Public/eBooth.aspx?IndexInList=56&FromPage=Exhibitors.aspx&ParentBoothID=&ListByBooth=true&BoothID=104148
Casa Turrent,4059,,"San Andres Tuxtla,",Mexico,,,,https://s23.a2zinc.net/clients/tmg/tpe20/Public/eBooth.aspx?IndexInList=57&FromPage=Exhibitors.aspx&ParentBoothID=&ListByBooth=true&BoothID=105565
CBD LUXE,9177,,"Golden,",United States,cbdluxe.com,,,https://s23.a2zinc.net/clients/tmg/tpe20/Public/eBooth.aspx?IndexInList=58&FromPage=Exhibitors.aspx&ParentBoothID=&ListByBooth=true&BoothID=105493
CBD.co,8168,,"Las Vegas,",United States,https://cbd.co/,,CBD Product,https://s23.a2zinc.net/clients/tmg/tpe20/Public/eBooth.aspx?IndexInList=59&FromPage=Exhibitors.aspx&ParentBoothID=&ListByBooth=true&BoothID=105461
CBDfx,8061,,"Chatsworth,",United States,http://www.cbdfx.com,,CBD Product,https://s23.a2zinc.net/clients/tmg/tpe20/Public/eBooth.aspx?IndexInList=60&FromPage=Exhibitors.aspx&ParentBoothID=&ListByBooth=true&BoothID=105165
CBDistillery,9133,,"Denver,",United States,https://www.balancedhealthbotanicals.com//,,,https://s23.a2zinc.net/clients/tmg/tpe20/Public/eBooth.aspx?IndexInList=61&FromPage=Exhibitors.aspx&ParentBoothID=&ListByBooth=true&BoothID=104126
"CEB (Chengdu) Technology Co., Ltd.",6132,,"Chengdu,",China,,,,https://s23.a2zinc.net/clients/tmg/tpe20/Public/eBooth.aspx?IndexInList=62&FromPage=Exhibitors.aspx&ParentBoothID=&ListByBooth=true&BoothID=103937
Charlies Chalk Dust,7171,,"Costa Mesa,",United States,http://www.charlieschalkdust.com,,E-Liquids,https://s23.a2zinc.net/clients/tmg/tpe20/Public/eBooth.aspx?IndexInList=63&FromPage=Exhibitors.aspx&ParentBoothID=&ListByBooth=true&BoothID=105435
Cherokee Tobacco Co,1090,,"South Boston,",United States,,,Cigarettes Cigars RYO / MYO,https://s23.a2zinc.net/clients/tmg/tpe20/Public/eBooth.aspx?IndexInList=64&FromPage=Exhibitors.aspx&ParentBoothID=&ListByBooth=true&BoothID=103642
"CHICAGO IMPORT, INC.",1104,,"CHICAGO,",United States,www.chicagoimportinc.net,,,https://s23.a2zinc.net/clients/tmg/tpe20/Public/eBooth.aspx?IndexInList=65&FromPage=Exhibitors.aspx&ParentBoothID=&ListByBooth=true&BoothID=103652
Chronic Candy,8037,,"Walnut,",United States,,,,https://s23.a2zinc.net/clients/tmg/tpe20/Public/eBooth.aspx?IndexInList=66&FromPage=Exhibitors.aspx&ParentBoothID=&ListByBooth=true&BoothID=105250
Cigar Marketplace,1051,,"Medley,",United States,http://www.cigarmarketplace.co,,Accessories – Tobacco Cigars Humidors / Humidifiers Lighters Pipes/ Pipe Tobacco,https://s23.a2zinc.net/clients/tmg/tpe20/Public/eBooth.aspx?IndexInList=67&FromPage=Exhibitors.aspx&ParentBoothID=&ListByBooth=true&BoothID=105120
CLIC,8037,,"WALNUT,",United States,http://squaresmoke.com,,"Accessories – Tobacco CBD Product Dry Herb, Wax, & Oil Vaporizers E-Cigarettes E-Liquids Hookah Tobacco Mods Vapor Accessories",https://s23.a2zinc.net/clients/tmg/tpe20/Public/eBooth.aspx?IndexInList=68&FromPage=Exhibitors.aspx&ParentBoothID=&ListByBooth=true&BoothID=104518
Clip & Carry,4183,,"Brooklyn,",United States,http://www.clipandcarry.nyc,,Accessories – Tobacco Novelty & Seasonal,https://s23.a2zinc.net/clients/tmg/tpe20/Public/eBooth.aspx?IndexInList=69&FromPage=Exhibitors.aspx&ParentBoothID=&ListByBooth=true&BoothID=105352
Cloud Nurdz,3137,,"North Hollywood,",United States,instagram.com/cloudnurdz,,,https://s23.a2zinc.net/clients/tmg/tpe20/Public/eBooth.aspx?IndexInList=70&FromPage=Exhibitors.aspx&ParentBoothID=&ListByBooth=true&BoothID=105209
Coast2Coast Connection,5186,,"Washington DC,",United States,,,,https://s23.a2zinc.net/clients/tmg/tpe20/Public/eBooth.aspx?IndexInList=71&FromPage=Exhibitors.aspx&ParentBoothID=&ListByBooth=true&BoothID=105378
Colibri Group,1076,,"New York,",United States,http://www.colibri.com,,Accessories – Tobacco General Merchandise Gift Items Humidors / Humidifiers Lighters,https://s23.a2zinc.net/clients/tmg/tpe20/Public/eBooth.aspx?IndexInList=72&FromPage=Exhibitors.aspx&ParentBoothID=&ListByBooth=true&BoothID=104214
Convenience Store Decisions,1110,,"Rocky River,",United States,http://www.cstoredecisions.com,,Advertising,https://s23.a2zinc.net/clients/tmg/tpe20/Public/eBooth.aspx?IndexInList=73&FromPage=Exhibitors.aspx&ParentBoothID=&ListByBooth=true&BoothID=103658
Creating Better Days,3167,,,,http://creatingbetterdays.com/,,CBD Product,https://s23.a2zinc.net/clients/tmg/tpe20/Public/eBooth.aspx?IndexInList=74&FromPage=Exhibitors.aspx&ParentBoothID=&ListByBooth=true&BoothID=105331
Crushed Pena,3173,,"Addison ,",United States,crushedpens.com,,,https://s23.a2zinc.net/clients/tmg/tpe20/Public/eBooth.aspx?IndexInList=75&FromPage=Exhibitors.aspx&ParentBoothID=&ListByBooth=true&BoothID=105334
Crux Cigars,4059,,"HIaleah,",United States,,,,https://s23.a2zinc.net/clients/tmg/tpe20/Public/eBooth.aspx?IndexInList=76&FromPage=Exhibitors.aspx&ParentBoothID=&ListByBooth=true&BoothID=105551
Cubariqueno,4025,,"New York,",United States,,,,https://s23.a2zinc.net/clients/tmg/tpe20/Public/eBooth.aspx?IndexInList=77&FromPage=Exhibitors.aspx&ParentBoothID=&ListByBooth=true&BoothID=105518
Cuevas Cigar Group,4035,,"Miami,",United States,www.casacuevascigars.com,,,https://s23.a2zinc.net/clients/tmg/tpe20/Public/eBooth.aspx?IndexInList=78&FromPage=Exhibitors.aspx&ParentBoothID=&ListByBooth=true&BoothID=105530
Dabber Box,8078,,"Bakersfield,",United States,dabberbox.com,,,https://s23.a2zinc.net/clients/tmg/tpe20/Public/eBooth.aspx?IndexInList=79&FromPage=Exhibitors.aspx&ParentBoothID=&ListByBooth=true&BoothID=104024
"Dapper Cigar Company, LLC",4059,,"Fresno,",United States,www.dappercigars.com,,,https://s23.a2zinc.net/clients/tmg/tpe20/Public/eBooth.aspx?IndexInList=80&FromPage=Exhibitors.aspx&ParentBoothID=&ListByBooth=true&BoothID=105564
Daughters & Ryan,3012,,"Smithfield,",United States,www.drtobacco.com,,,https://s23.a2zinc.net/clients/tmg/tpe20/Public/eBooth.aspx?IndexInList=81&FromPage=Exhibitors.aspx&ParentBoothID=&ListByBooth=true&BoothID=104913
Davidoff of Geneva USA,3039,,"Pinellas Park,",United States,,,Cigars,https://s23.a2zinc.net/clients/tmg/tpe20/Public/eBooth.aspx?IndexInList=82&FromPage=Exhibitors.aspx&ParentBoothID=&ListByBooth=true&BoothID=104393
DBZ Enterprises LLC,9072,,"Mesa,",United States,k-chill.com,,,https://s23.a2zinc.net/clients/tmg/tpe20/Public/eBooth.aspx?IndexInList=83&FromPage=Exhibitors.aspx&ParentBoothID=&ListByBooth=true&BoothID=104088
Diamond CBD,8095,,"fort lauderdale ,",United States,diamondcbd.com,,,https://s23.a2zinc.net/clients/tmg/tpe20/Public/eBooth.aspx?IndexInList=84&FromPage=Exhibitors.aspx&ParentBoothID=&ListByBooth=true&BoothID=104030
DIGIWEIGH,7187,,"Chino Hills,",United States,https://www.digiweigh-usa.com/,,,https://s23.a2zinc.net/clients/tmg/tpe20/Public/eBooth.aspx?IndexInList=85&FromPage=Exhibitors.aspx&ParentBoothID=&ListByBooth=true&BoothID=105442
Dinner Lady,7125,,"Blackburn,",United Kingdom,http://www.vapedinnerlady.com/,,,https://s23.a2zinc.net/clients/tmg/tpe20/Public/eBooth.aspx?IndexInList=86&FromPage=Exhibitors.aspx&ParentBoothID=&ListByBooth=true&BoothID=104201
"DONGGUAN YULONG HARDWARE & PLASTIC CO.,LTD",4187,,"Xiamen,",China,https://yulonge-cigarette.en.alibaba.com/,,,https://s23.a2zinc.net/clients/tmg/tpe20/Public/eBooth.aspx?IndexInList=87&FromPage=Exhibitors.aspx&ParentBoothID=&ListByBooth=true&BoothID=105354
Dosal Tobacco Corp,2001,,"Opa Locka,",United States,http://www.dosal.com,,Cigarettes Cigars,https://s23.a2zinc.net/clients/tmg/tpe20/Public/eBooth.aspx?IndexInList=88&FromPage=Exhibitors.aspx&ParentBoothID=&ListByBooth=true&BoothID=105582
"dotmod, Inc.",1180,,"Vista,",United States,http://www.dotmod.com,,Mods Tanks,https://s23.a2zinc.net/clients/tmg/tpe20/Public/eBooth.aspx?IndexInList=89&FromPage=Exhibitors.aspx&ParentBoothID=&ListByBooth=true&BoothID=105603
Dr. Kronik,4179,,"RALEIGH,",United States,https://drkronik.com/,,,https://s23.a2zinc.net/clients/tmg/tpe20/Public/eBooth.aspx?IndexInList=90&FromPage=Exhibitors.aspx&ParentBoothID=&ListByBooth=true&BoothID=105350
Drew Estate,2015,,"Miami,",United States,http://www.drewestate.com,,Cigars,https://s23.a2zinc.net/clients/tmg/tpe20/Public/eBooth.aspx?IndexInList=91&FromPage=Exhibitors.aspx&ParentBoothID=&ListByBooth=true&BoothID=104345
Drip Club,1133,,"Monterey Park,",United States,http://www.dripclub.com,,E-Liquids,https://s23.a2zinc.net/clients/tmg/tpe20/Public/eBooth.aspx?IndexInList=92&FromPage=Exhibitors.aspx&ParentBoothID=&ListByBooth=true&BoothID=104144
Drip More,5175,,,United States,http://dripmore.com,,E-Liquids,https://s23.a2zinc.net/clients/tmg/tpe20/Public/eBooth.aspx?IndexInList=93&FromPage=Exhibitors.aspx&ParentBoothID=&ListByBooth=true&BoothID=105387
Dunbarton Tobacco & Trust,4062,,"Hookset,",United States,,,,https://s23.a2zinc.net/clients/tmg/tpe20/Public/eBooth.aspx?IndexInList=94&FromPage=Exhibitors.aspx&ParentBoothID=&ListByBooth=true&BoothID=105172
DURFORT HOLDINGS,2000,,"Panama,",Panama,http://www.durfortholdings.com,,Cigars Hookah Tobacco RYO / MYO,https://s23.a2zinc.net/clients/tmg/tpe20/Public/eBooth.aspx?IndexInList=95&FromPage=Exhibitors.aspx&ParentBoothID=&ListByBooth=true&BoothID=105087
E.P. Carrillo Cigar Co.,4050,,"Miami,",United States,http://www.epcarrillo.com/,,Accessories – Tobacco,https://s23.a2zinc.net/clients/tmg/tpe20/Public/eBooth.aspx?IndexInList=96&FromPage=Exhibitors.aspx&ParentBoothID=&ListByBooth=true&BoothID=105131
E-Alternative Solutions,6046,,"Jacksonville,",United States,http://EAlternativeSolutions.com,,CBD Product E-Cigarettes,https://s23.a2zinc.net/clients/tmg/tpe20/Public/eBooth.aspx?IndexInList=97&FromPage=Exhibitors.aspx&ParentBoothID=&ListByBooth=true&BoothID=104439
EAST WEST TRADING CORP,8001,,"Chicago,",United States,https://www.fujimausa.com,,"Accessories – Tobacco Candles Cigarette Accessories Dry Herb, Wax, & Oil Vaporizers Hookah Pipes Humidors / Humidifiers Lighters Pipes/ Pipe Tobacco RYO Machines & Tubes Vapor Accessories",https://s23.a2zinc.net/clients/tmg/tpe20/Public/eBooth.aspx?IndexInList=98&FromPage=Exhibitors.aspx&ParentBoothID=&ListByBooth=true&BoothID=104927
EC Supply Inc.,2135,,"Baldwin Park,",United States,ecsupplyinc.com,,,https://s23.a2zinc.net/clients/tmg/tpe20/Public/eBooth.aspx?IndexInList=99&FromPage=Exhibitors.aspx&ParentBoothID=&ListByBooth=true&BoothID=103712
Eco Sciences,2158,,"Newport Beach,",United States,http://www.ecosciences.com,,CBD Product Other Cannabinoids,https://s23.a2zinc.net/clients/tmg/tpe20/Public/eBooth.aspx?IndexInList=100&FromPage=Exhibitors.aspx&ParentBoothID=&ListByBooth=true&BoothID=105299
El Artista Cigars,4035,,"Doral,",United States,http://www.elartistacigars.com,,,https://s23.a2zinc.net/clients/tmg/tpe20/Public/eBooth.aspx?IndexInList=101&FromPage=Exhibitors.aspx&ParentBoothID=&ListByBooth=true&BoothID=105534
Elite Brothers,1183,,,United States,https://elite-brothers.com/,,E-Liquids General Merchandise Wearables,https://s23.a2zinc.net/clients/tmg/tpe20/Public/eBooth.aspx?IndexInList=102&FromPage=Exhibitors.aspx&ParentBoothID=&ListByBooth=true&BoothID=105298
Elite Brothers LLC,2184,,,United States,https://elite-brothers.com/,,E-Liquids General Merchandise Wearables,https://s23.a2zinc.net/clients/tmg/tpe20/Public/eBooth.aspx?IndexInList=103&FromPage=Exhibitors.aspx&ParentBoothID=&ListByBooth=true&BoothID=105311
Emirates Printing Press - Dubai,1044,,"Dubai,",United Arab Emirates,www.eppdubai.com,,,https://s23.a2zinc.net/clients/tmg/tpe20/Public/eBooth.aspx?IndexInList=104&FromPage=Exhibitors.aspx&ParentBoothID=&ListByBooth=true&BoothID=103623
Espinosa Cigars,4025,,"Miramar,",United States,,,,https://s23.a2zinc.net/clients/tmg/tpe20/Public/eBooth.aspx?IndexInList=105&FromPage=Exhibitors.aspx&ParentBoothID=&ListByBooth=true&BoothID=105517
Essentra Filters,8183,,"Singapore,",Singapore,www.essentra.com,,RYO / MYO Cigarette Accessories Cigarettes E-Cigarettes E-Liquids,https://s23.a2zinc.net/clients/tmg/tpe20/Public/eBooth.aspx?IndexInList=106&FromPage=Exhibitors.aspx&ParentBoothID=&ListByBooth=true&BoothID=105454
Exude,9111,,"BRIDGEVIEW,",United States,http://www.exudesmoke.com,,Accessories – Tobacco Cigarette Accessories Cigarettes Distributor Hookah Pipes Hookah Tobacco Lighters,https://s23.a2zinc.net/clients/tmg/tpe20/Public/eBooth.aspx?IndexInList=107&FromPage=Exhibitors.aspx&ParentBoothID=&ListByBooth=true&BoothID=104112
Farmer's Tobacco Company,2050,,"Cynthiana,",United States,http://www.farmerstobacco.com,,Cigarettes Cigars Pipes/ Pipe Tobacco RYO / MYO,https://s23.a2zinc.net/clients/tmg/tpe20/Public/eBooth.aspx?IndexInList=108&FromPage=Exhibitors.aspx&ParentBoothID=&ListByBooth=true&BoothID=105124
FasTrax Solutions,1016,,"Rock Hill,",United States,http://goftx.com,,"Advertising Cash Register Systems Credit Card Processing Systems Fixtures, Displays, Kiosks & Signage Inventory Optimization Loyalty Programs Personnel Services & Payroll Prepaid Gift Cards Software",https://s23.a2zinc.net/clients/tmg/tpe20/Public/eBooth.aspx?IndexInList=109&FromPage=Exhibitors.aspx&ParentBoothID=&ListByBooth=true&BoothID=103613
FDA/Center for Tobacco Products,1061,,"Rockville,",United States,http://www.fda.gov/tobacco,,Publications/Magazines/Media,https://s23.a2zinc.net/clients/tmg/tpe20/Public/eBooth.aspx?IndexInList=110&FromPage=Exhibitors.aspx&ParentBoothID=&ListByBooth=true&BoothID=105507
FIRE LYFE,3083,,"FT. LAUDERDALE,",United States,www.firelyfe.com,,,https://s23.a2zinc.net/clients/tmg/tpe20/Public/eBooth.aspx?IndexInList=111&FromPage=Exhibitors.aspx&ParentBoothID=&ListByBooth=true&BoothID=104239
Flavors United,7137,,"Miamisburg,",United States,https://wholesale.flavorsunited.com,,E-Cigarettes E-Liquids Distributor,https://s23.a2zinc.net/clients/tmg/tpe20/Public/eBooth.aspx?IndexInList=112&FromPage=Exhibitors.aspx&ParentBoothID=&ListByBooth=true&BoothID=105181
Flor de Selva Francia,4059,,"Tegucigalpa, M.D.C.,",Honduras,,,,https://s23.a2zinc.net/clients/tmg/tpe20/Public/eBooth.aspx?IndexInList=113&FromPage=Exhibitors.aspx&ParentBoothID=&ListByBooth=true&BoothID=105597
Flora CBD,5183,,"MIami,",United States,shopfloracbd.com,,,https://s23.a2zinc.net/clients/tmg/tpe20/Public/eBooth.aspx?IndexInList=114&FromPage=Exhibitors.aspx&ParentBoothID=&ListByBooth=true&BoothID=105390
Florida one wholesale inc,9189,,"Orlando ,",United States,www.strong-back.com,,,https://s23.a2zinc.net/clients/tmg/tpe20/Public/eBooth.aspx?IndexInList=115&FromPage=Exhibitors.aspx&ParentBoothID=&ListByBooth=true&BoothID=105498
"Fogware Technology (Shenzhen) Co., Ltd.",4107,,"Shenzhen,",China,http://www.forwaretech.com,,Cigarette Accessories E-Cigarettes Vapor Accessories,https://s23.a2zinc.net/clients/tmg/tpe20/Public/eBooth.aspx?IndexInList=116&FromPage=Exhibitors.aspx&ParentBoothID=&ListByBooth=true&BoothID=104941
Fratello Cigars,4025,,"Springfield,",United States,http://www.fratellocigars.com,,Cigars,https://s23.a2zinc.net/clients/tmg/tpe20/Public/eBooth.aspx?IndexInList=117&FromPage=Exhibitors.aspx&ParentBoothID=&ListByBooth=true&BoothID=105516
FreeMax,5188,,"shenzhen,",China,www.vapebiz.net,,,https://s23.a2zinc.net/clients/tmg/tpe20/Public/eBooth.aspx?IndexInList=118&FromPage=Exhibitors.aspx&ParentBoothID=&ListByBooth=true&BoothID=105379
Fresh Farms E-Liquid,4119,,"Fountain Valley,",United States,,,,https://s23.a2zinc.net/clients/tmg/tpe20/Public/eBooth.aspx?IndexInList=119&FromPage=Exhibitors.aspx&ParentBoothID=&ListByBooth=true&BoothID=104177
Fronto Leaf Master,1006,,"College Point,",United States,www.frontomaster.com,,,https://s23.a2zinc.net/clients/tmg/tpe20/Public/eBooth.aspx?IndexInList=120&FromPage=Exhibitors.aspx&ParentBoothID=&ListByBooth=true&BoothID=103610
"Fully Loaded, LLC",2052,,"Akron,",United States,https://fullyloadedchew.com/?utm_source=tpeapp&utm_medium=app&utm_campaign=tpe2019,,Smokeless Tobacco Alternative,https://s23.a2zinc.net/clients/tmg/tpe20/Public/eBooth.aspx?IndexInList=121&FromPage=Exhibitors.aspx&ParentBoothID=&ListByBooth=true&BoothID=105125
Fuzion Global Corp./Anhui Uni Electronic,9089,,"CONCORD,",Canada,https://www.fuzionglobal.com/,,Accessories – Tobacco Scales,https://s23.a2zinc.net/clients/tmg/tpe20/Public/eBooth.aspx?IndexInList=122&FromPage=Exhibitors.aspx&ParentBoothID=&ListByBooth=true&BoothID=104101
GIMA TT,8072,,"Ozzano Emilia - Bologna,",Italy,http://www.gimatt.it,,CBD Product Cigarette Accessories Cigarettes E-Cigarettes E-Liquids Tanks,https://s23.a2zinc.net/clients/tmg/tpe20/Public/eBooth.aspx?IndexInList=123&FromPage=Exhibitors.aspx&ParentBoothID=&ListByBooth=true&BoothID=104021
Global Tobacco LLC,7131,,"Dallas,",United States,https://www.globaltobaccollc.com/,,,https://s23.a2zinc.net/clients/tmg/tpe20/Public/eBooth.aspx?IndexInList=124&FromPage=Exhibitors.aspx&ParentBoothID=&ListByBooth=true&BoothID=103994
GoGreen Hemp,1100,,"Fort Lauderdale,",United States,http://www.gogreenhemp.com,,CBD Product E-Cigarettes E-Liquids,https://s23.a2zinc.net/clients/tmg/tpe20/Public/eBooth.aspx?IndexInList=125&FromPage=Exhibitors.aspx&ParentBoothID=&ListByBooth=true&BoothID=103649
Golden Star Enterprise Inc,7077,,"walnut,",United States,goldenstarproducts.com,,,https://s23.a2zinc.net/clients/tmg/tpe20/Public/eBooth.aspx?IndexInList=126&FromPage=Exhibitors.aspx&ParentBoothID=&ListByBooth=true&BoothID=104268
GOST Vapor,7119,,"anaheim,",United States,http://www.gostvapor.com,,E-Liquids Wearables,https://s23.a2zinc.net/clients/tmg/tpe20/Public/eBooth.aspx?IndexInList=127&FromPage=Exhibitors.aspx&ParentBoothID=&ListByBooth=true&BoothID=103987
Gourmet Innovations,"1119, 1120",,,,https://www.gicream.com/,,Lighters,https://s23.a2zinc.net/clients/tmg/tpe20/Public/eBooth.aspx?IndexInList=128&FromPage=Exhibitors.aspx&ParentBoothID=&ListByBooth=true&BoothID=103661
GRATEFUL PAPER'S INC.,7083,,"Visalia,",United States,http://www.gratefulpapers.com,,Accessories – Tobacco General Merchandise Pipes/ Pipe Tobacco CBD Product Wearables Distributor Other Cannabinoids,https://s23.a2zinc.net/clients/tmg/tpe20/Public/eBooth.aspx?IndexInList=129&FromPage=Exhibitors.aspx&ParentBoothID=&ListByBooth=true&BoothID=104270
Great Midwest Tube,3090,,"Cincinnati,",United States,http://www.greatmidwesttube.com,,RYO / MYO RYO Machines & Tubes,https://s23.a2zinc.net/clients/tmg/tpe20/Public/eBooth.aspx?IndexInList=130&FromPage=Exhibitors.aspx&ParentBoothID=&ListByBooth=true&BoothID=105257
GREEN NATURE HEMP,8147,,"VICTROVILLE,",United States,www.skybluedistribution.com,,,https://s23.a2zinc.net/clients/tmg/tpe20/Public/eBooth.aspx?IndexInList=131&FromPage=Exhibitors.aspx&ParentBoothID=&ListByBooth=true&BoothID=104844
Green Planet,7025,,"Riverside,",United States,http://www.thegreenplanetproducts.com,,Accessories – Tobacco Candles Detox General Merchandise Lighters Novelty & Seasonal RYO Machines & Tubes Distributor,https://s23.a2zinc.net/clients/tmg/tpe20/Public/eBooth.aspx?IndexInList=132&FromPage=Exhibitors.aspx&ParentBoothID=&ListByBooth=true&BoothID=104504
Green Roads,7188,,"Deerfield Beach,",United States,www.greenroadsworld.com,,,https://s23.a2zinc.net/clients/tmg/tpe20/Public/eBooth.aspx?IndexInList=133&FromPage=Exhibitors.aspx&ParentBoothID=&ListByBooth=true&BoothID=105429
Greensun Tech,9166,,"Shenzhen,",China,http://www.greensuntech.net,,E-Cigarettes,https://s23.a2zinc.net/clients/tmg/tpe20/Public/eBooth.aspx?IndexInList=134&FromPage=Exhibitors.aspx&ParentBoothID=&ListByBooth=true&BoothID=105474
Grey Joose,8115,,"Cypress ,",United States,https://greyjoose.com,,,https://s23.a2zinc.net/clients/tmg/tpe20/Public/eBooth.aspx?IndexInList=135&FromPage=Exhibitors.aspx&ParentBoothID=&ListByBooth=true&BoothID=105060
"Guangdong ACACIA Technology Co.,Ltd.",2137,,"Xiamen,",China,www.acaciavape.com,,,https://s23.a2zinc.net/clients/tmg/tpe20/Public/eBooth.aspx?IndexInList=136&FromPage=Exhibitors.aspx&ParentBoothID=&ListByBooth=true&BoothID=103713
Gurkha Cigars,4044,,"Tamarac,",United States,http://www.gurkhacigars.com,,Accessories – Tobacco Cigars Humidors / Humidifiers,https://s23.a2zinc.net/clients/tmg/tpe20/Public/eBooth.aspx?IndexInList=137&FromPage=Exhibitors.aspx&ParentBoothID=&ListByBooth=true&BoothID=105175
Halsa-CBD,4182,,"Los Angeles,",United States,halsabotanicals.com,,,https://s23.a2zinc.net/clients/tmg/tpe20/Public/eBooth.aspx?IndexInList=138&FromPage=Exhibitors.aspx&ParentBoothID=&ListByBooth=true&BoothID=105362
Hamilton Devices,9164,,"Carmichael,",United States,www.hamiltondevices.com,,,https://s23.a2zinc.net/clients/tmg/tpe20/Public/eBooth.aspx?IndexInList=139&FromPage=Exhibitors.aspx&ParentBoothID=&ListByBooth=true&BoothID=105473
Harold Levinson Associates,2009,,"Farmingdale,",United States,http://www.hladistributors.net/,,Accessories – Tobacco CBD Product Cigarettes Cigars Distributor E-Cigarettes Humidors / Humidifiers Pipes/ Pipe Tobacco Smokeless Tobacco Store Design & Layout,https://s23.a2zinc.net/clients/tmg/tpe20/Public/eBooth.aspx?IndexInList=140&FromPage=Exhibitors.aspx&ParentBoothID=&ListByBooth=true&BoothID=105033
HBI INTERNATIONAL,1139,,"PHOENIX,",United States,http://hbiinternational.com/,,,https://s23.a2zinc.net/clients/tmg/tpe20/Public/eBooth.aspx?IndexInList=141&FromPage=Exhibitors.aspx&ParentBoothID=&ListByBooth=true&BoothID=104151
HBKING LIMITED,9125,,"HONGKONG,",China,http://www.hbkinglass.com,,"CBD Product Dry Herb, Wax, & Oil Vaporizers Glass Pipes Grinders Hookah Pipes Pipes/ Pipe Tobacco Smokeless Tobacco Alternative Vapor Accessories",https://s23.a2zinc.net/clients/tmg/tpe20/Public/eBooth.aspx?IndexInList=142&FromPage=Exhibitors.aspx&ParentBoothID=&ListByBooth=true&BoothID=104120
headdies,1118,,"Kingston,",United States,,,,https://s23.a2zinc.net/clients/tmg/tpe20/Public/eBooth.aspx?IndexInList=143&FromPage=Exhibitors.aspx&ParentBoothID=&ListByBooth=true&BoothID=103660
Headquest,9051,,"Albuquerque ,",United States,headquest.com,,,https://s23.a2zinc.net/clients/tmg/tpe20/Public/eBooth.aspx?IndexInList=144&FromPage=Exhibitors.aspx&ParentBoothID=&ListByBooth=true&BoothID=105501
Healing Sacrament,9187,,"San Diego,",United States,https://remedyrolls.com/,,,https://s23.a2zinc.net/clients/tmg/tpe20/Public/eBooth.aspx?IndexInList=145&FromPage=Exhibitors.aspx&ParentBoothID=&ListByBooth=true&BoothID=105497
"Hebei Jieya Glass Co.,Ltd",7073,,"Hejian,",China,http://www.cleanclearglass420.com,,"Dry Herb, Wax, & Oil Vaporizers Glass Pipes Hookah Pipes Mods Pipes/ Pipe Tobacco",https://s23.a2zinc.net/clients/tmg/tpe20/Public/eBooth.aspx?IndexInList=146&FromPage=Exhibitors.aspx&ParentBoothID=&ListByBooth=true&BoothID=103968
Hemp Oil Distro,9001,,"Muskegon,",United States,hempoildistro.com,,,https://s23.a2zinc.net/clients/tmg/tpe20/Public/eBooth.aspx?IndexInList=147&FromPage=Exhibitors.aspx&ParentBoothID=&ListByBooth=true&BoothID=104060
Hemper Co LLC,7059,,"Henderson,",United States,www.hemper.co,,Accessories – Tobacco CBD Product Distributor Glass Pipes Grinders Vapor Accessories,https://s23.a2zinc.net/clients/tmg/tpe20/Public/eBooth.aspx?IndexInList=148&FromPage=Exhibitors.aspx&ParentBoothID=&ListByBooth=true&BoothID=104533
Hempzilla CBD,8143,,"woodland Park,",United States,http://hempzillacbd.com,,"Dry Herb, Wax, & Oil Vaporizers E-Liquids General Merchandise CBD Product",https://s23.a2zinc.net/clients/tmg/tpe20/Public/eBooth.aspx?IndexInList=149&FromPage=Exhibitors.aspx&ParentBoothID=&ListByBooth=true&BoothID=104842
Herbal Clean Detox / Total Eclipse Detox,9029,,"Tempe,",United States,http://www.bngprodx.com,,Detox,https://s23.a2zinc.net/clients/tmg/tpe20/Public/eBooth.aspx?IndexInList=150&FromPage=Exhibitors.aspx&ParentBoothID=&ListByBooth=true&BoothID=105237
Himalayan Creation Inc,9085,,"El Monte,",United States,www.himalayanpipes.com,,,https://s23.a2zinc.net/clients/tmg/tpe20/Public/eBooth.aspx?IndexInList=151&FromPage=Exhibitors.aspx&ParentBoothID=&ListByBooth=true&BoothID=104097
Himalayan Group INC.,9021,,"ALHAMBRA,",United States,www.himalayanglass.com,,,https://s23.a2zinc.net/clients/tmg/tpe20/Public/eBooth.aspx?IndexInList=152&FromPage=Exhibitors.aspx&ParentBoothID=&ListByBooth=true&BoothID=104071
House of Lucky,1045,,"Hallandale Beach,",United States,http://www.cigarswholesalefl.com/,,Cigars,https://s23.a2zinc.net/clients/tmg/tpe20/Public/eBooth.aspx?IndexInList=153&FromPage=Exhibitors.aspx&ParentBoothID=&ListByBooth=true&BoothID=105212
HS Wholesale,9075,,"addison,",United States,www.hswsupply.com,,,https://s23.a2zinc.net/clients/tmg/tpe20/Public/eBooth.aspx?IndexInList=154&FromPage=Exhibitors.aspx&ParentBoothID=&ListByBooth=true&BoothID=104299
"HTA Packaging Solution Co.,Limited",6181,,"Xiamen,",China,www.htapackaging.com,,,https://s23.a2zinc.net/clients/tmg/tpe20/Public/eBooth.aspx?IndexInList=155&FromPage=Exhibitors.aspx&ParentBoothID=&ListByBooth=true&BoothID=105403
"Huayucheng Communication Co., Ltd.  ",3183,,"Xiamen,",China,www.furuiexpo.com,,,https://s23.a2zinc.net/clients/tmg/tpe20/Public/eBooth.aspx?IndexInList=156&FromPage=Exhibitors.aspx&ParentBoothID=&ListByBooth=true&BoothID=105338
HUGS CBD,2131,,"Marina Del Rey,",United States,,,,https://s23.a2zinc.net/clients/tmg/tpe20/Public/eBooth.aspx?IndexInList=157&FromPage=Exhibitors.aspx&ParentBoothID=&ListByBooth=true&BoothID=103711
Hundreds Premium/Blue Magic Kratom,3159,,"Temecula,",United States,http://hundredspremium.com,,General Merchandise CBD Product,https://s23.a2zinc.net/clients/tmg/tpe20/Public/eBooth.aspx?IndexInList=158&FromPage=Exhibitors.aspx&ParentBoothID=&ListByBooth=true&BoothID=105327
HVC Cigars,4035,,"Pembroke Pines,",United States,,,,https://s23.a2zinc.net/clients/tmg/tpe20/Public/eBooth.aspx?IndexInList=159&FromPage=Exhibitors.aspx&ParentBoothID=&ListByBooth=true&BoothID=105563
I VG E-Liquids,7101,,"Preston,",United Kingdom,www.ivgeliquids.com,,,https://s23.a2zinc.net/clients/tmg/tpe20/Public/eBooth.aspx?IndexInList=160&FromPage=Exhibitors.aspx&ParentBoothID=&ListByBooth=true&BoothID=105073
"IBB ERP, INC",4185,,,,www.ibberp.com,,,https://s23.a2zinc.net/clients/tmg/tpe20/Public/eBooth.aspx?IndexInList=161&FromPage=Exhibitors.aspx&ParentBoothID=&ListByBooth=true&BoothID=105353
IGNITE,8119,,"Garden City,",United States,www.ignitecbd.co,,,https://s23.a2zinc.net/clients/tmg/tpe20/Public/eBooth.aspx?IndexInList=162&FromPage=Exhibitors.aspx&ParentBoothID=&ListByBooth=true&BoothID=104044
Ignitus Coporation,1017,,"South El Monte,",United States,http://www.ignituscorp.com,,Accessories – Tobacco Cigarette Accessories Lighters,https://s23.a2zinc.net/clients/tmg/tpe20/Public/eBooth.aspx?IndexInList=163&FromPage=Exhibitors.aspx&ParentBoothID=&ListByBooth=true&BoothID=103614
illusione Cigars,1031,,"Reno,",United States,http://www.illusionecigars.com,,Cigars,https://s23.a2zinc.net/clients/tmg/tpe20/Public/eBooth.aspx?IndexInList=164&FromPage=Exhibitors.aspx&ParentBoothID=&ListByBooth=true&BoothID=105083
Imperial Smoke,9091,,"San Diego,",United States,imperialcigs.com,,,https://s23.a2zinc.net/clients/tmg/tpe20/Public/eBooth.aspx?IndexInList=165&FromPage=Exhibitors.aspx&ParentBoothID=&ListByBooth=true&BoothID=104300
Indianhead,1085,,"MIAMI,",United States,www.lagaleracigars.com,,,https://s23.a2zinc.net/clients/tmg/tpe20/Public/eBooth.aspx?IndexInList=166&FromPage=Exhibitors.aspx&ParentBoothID=&ListByBooth=true&BoothID=105599
Innevape E-Liquids,7163,,"Building B-2,",United States,www.innevape.com,,,https://s23.a2zinc.net/clients/tmg/tpe20/Public/eBooth.aspx?IndexInList=167&FromPage=Exhibitors.aspx&ParentBoothID=&ListByBooth=true&BoothID=105431
"Innokin Technology Co., Ltd.",8125,,"Xiamen,",China,http://www.innokin.com,,Cigarette Accessories E-Cigarettes Vapor Accessories,https://s23.a2zinc.net/clients/tmg/tpe20/Public/eBooth.aspx?IndexInList=168&FromPage=Exhibitors.aspx&ParentBoothID=&ListByBooth=true&BoothID=104207
Inter-Continental Cigar Corp.,2024,,"Miramar,",United States,http://alcapone-us.com,,Cigars,https://s23.a2zinc.net/clients/tmg/tpe20/Public/eBooth.aspx?IndexInList=169&FromPage=Exhibitors.aspx&ParentBoothID=&ListByBooth=true&BoothID=105040
Inter-Continental Trading USA,2090,,"Mount Prospect,",United States,http://www.ictusainc.com/,,Accessories – Tobacco Pipes/ Pipe Tobacco,https://s23.a2zinc.net/clients/tmg/tpe20/Public/eBooth.aspx?IndexInList=170&FromPage=Exhibitors.aspx&ParentBoothID=&ListByBooth=true&BoothID=105262
Itsuwa,3125,,"Shenzhen,",China,http://www.itsuwacig.com,,"Tanks Vapor Accessories Mods E-Cigarettes CBD Product Dry Herb, Wax, & Oil Vaporizers",https://s23.a2zinc.net/clients/tmg/tpe20/Public/eBooth.aspx?IndexInList=171&FromPage=Exhibitors.aspx&ParentBoothID=&ListByBooth=true&BoothID=105105
J.C. Newman Cigar Co.,1022,,"Tampa,",United States,http://www.jcnewman.com,,Accessories – Tobacco Cigars Humidors / Humidifiers,https://s23.a2zinc.net/clients/tmg/tpe20/Public/eBooth.aspx?IndexInList=172&FromPage=Exhibitors.aspx&ParentBoothID=&ListByBooth=true&BoothID=104314
Jamison Computer Systems Inc,9185,,"Saint Albans Bay,",United States,www.jamisoncomputer.com,,,https://s23.a2zinc.net/clients/tmg/tpe20/Public/eBooth.aspx?IndexInList=173&FromPage=Exhibitors.aspx&ParentBoothID=&ListByBooth=true&BoothID=105496
Jas Sum Kral,1035,,"Hebron,",United States,http://www.jassumkral.com,,Cigars,https://s23.a2zinc.net/clients/tmg/tpe20/Public/eBooth.aspx?IndexInList=174&FromPage=Exhibitors.aspx&ParentBoothID=&ListByBooth=true&BoothID=105085
JetLine by K.K. International,1011,,"Syosset,",United States,http://www.jetlinelighter.com,,Accessories – Tobacco Cigarette Accessories General Merchandise Humidors / Humidifiers Lighters,https://s23.a2zinc.net/clients/tmg/tpe20/Public/eBooth.aspx?IndexInList=175&FromPage=Exhibitors.aspx&ParentBoothID=&ListByBooth=true&BoothID=105057
JM Tobacco,2010,,"Los Angeles,",United States,http://www.jmtobacco.com,,Cigars Gift Items,https://s23.a2zinc.net/clients/tmg/tpe20/Public/eBooth.aspx?IndexInList=176&FromPage=Exhibitors.aspx&ParentBoothID=&ListByBooth=true&BoothID=104910
JRE Tobacco Co.,4025,,"Miami,",United States,,,,https://s23.a2zinc.net/clients/tmg/tpe20/Public/eBooth.aspx?IndexInList=177&FromPage=Exhibitors.aspx&ParentBoothID=&ListByBooth=true&BoothID=105525
JUNGLE FRONTO LEAF LLC,4060,,"Norfolk ,",United States,jungleraps.com,,,https://s23.a2zinc.net/clients/tmg/tpe20/Public/eBooth.aspx?IndexInList=178&FromPage=Exhibitors.aspx&ParentBoothID=&ListByBooth=true&BoothID=105171
JustCBD,6034,,"Pembroke Pines,",United States,justcbdstore.com,,,https://s23.a2zinc.net/clients/tmg/tpe20/Public/eBooth.aspx?IndexInList=179&FromPage=Exhibitors.aspx&ParentBoothID=&ListByBooth=true&BoothID=104475
JUSTFOG,2125,,"Seoul,",Korea (South),http://www.justfog.com/,,E-Liquids E-Cigarettes,https://s23.a2zinc.net/clients/tmg/tpe20/Public/eBooth.aspx?IndexInList=180&FromPage=Exhibitors.aspx&ParentBoothID=&ListByBooth=true&BoothID=105190
"Juul Labs, Inc.",6082,,"San Francisco,",United States,http://www.juul.com,,E-Cigarettes,https://s23.a2zinc.net/clients/tmg/tpe20/Public/eBooth.aspx?IndexInList=181&FromPage=Exhibitors.aspx&ParentBoothID=&ListByBooth=true&BoothID=104265
K. Malone Cigars,4095,,"Cumming,",United States,,,,https://s23.a2zinc.net/clients/tmg/tpe20/Public/eBooth.aspx?IndexInList=182&FromPage=Exhibitors.aspx&ParentBoothID=&ListByBooth=true&BoothID=105545
keep it 100,3145,,"Lakewood Township,",United States,www.liquidlabsnj.com,,,https://s23.a2zinc.net/clients/tmg/tpe20/Public/eBooth.aspx?IndexInList=183&FromPage=Exhibitors.aspx&ParentBoothID=&ListByBooth=true&BoothID=105511
"KENTUCKY'S BEST HEMP, INC.",2102,,"Cynthiana,",United States,http://www.kysbesthemp.com,,CBD Product,https://s23.a2zinc.net/clients/tmg/tpe20/Public/eBooth.aspx?IndexInList=184&FromPage=Exhibitors.aspx&ParentBoothID=&ListByBooth=true&BoothID=103697
"Key Material Co.,Ltd",1135,,"Dongguan,",China,http://www.kymch.com/en/,,,https://s23.a2zinc.net/clients/tmg/tpe20/Public/eBooth.aspx?IndexInList=185&FromPage=Exhibitors.aspx&ParentBoothID=&ListByBooth=true&BoothID=104146
King Palm,9016,,"Oak Park,",United States,www.oozewholesale.com,,,https://s23.a2zinc.net/clients/tmg/tpe20/Public/eBooth.aspx?IndexInList=186&FromPage=Exhibitors.aspx&ParentBoothID=&ListByBooth=true&BoothID=105232
Kingdom Distribution LLC,1052,,"Aurora,",United States,http://www.kingdomdokha.com,,Pipes/ Pipe Tobacco Accessories – Tobacco,https://s23.a2zinc.net/clients/tmg/tpe20/Public/eBooth.aspx?IndexInList=187&FromPage=Exhibitors.aspx&ParentBoothID=&ListByBooth=true&BoothID=103627
Kloud King Distributor,1136,,"Edison,",United States,www.kpvape.com,,,https://s23.a2zinc.net/clients/tmg/tpe20/Public/eBooth.aspx?IndexInList=188&FromPage=Exhibitors.aspx&ParentBoothID=&ListByBooth=true&BoothID=104147
Kretek International,4073,,"Moorpark,",United States,,,Cigarette Accessories Cigarettes Cigars Hookah Pipes Hookah Tobacco Humidors / Humidifiers Lighters Smokeless Tobacco Smokeless Tobacco Alternative Accessories – Tobacco,https://s23.a2zinc.net/clients/tmg/tpe20/Public/eBooth.aspx?IndexInList=189&FromPage=Exhibitors.aspx&ParentBoothID=&ListByBooth=true&BoothID=104247
Kristoff Cigars,3009,,"Warrenville,",United States,http://kristoff.com,,Cigars,https://s23.a2zinc.net/clients/tmg/tpe20/Public/eBooth.aspx?IndexInList=190&FromPage=Exhibitors.aspx&ParentBoothID=&ListByBooth=true&BoothID=105044
KushRX,7191,,"Chicago,",United States,kushrx.co,,,https://s23.a2zinc.net/clients/tmg/tpe20/Public/eBooth.aspx?IndexInList=191&FromPage=Exhibitors.aspx&ParentBoothID=&ListByBooth=true&BoothID=105444
KYLÉ CBD,6022,,"Glendale,",United States,http://www.kylecbd.com,,E-Cigarettes E-Liquids Vapor Accessories CBD Product,https://s23.a2zinc.net/clients/tmg/tpe20/Public/eBooth.aspx?IndexInList=192&FromPage=Exhibitors.aspx&ParentBoothID=&ListByBooth=true&BoothID=104466
La Barba Cigars,4025,,"None,",United States,,,,https://s23.a2zinc.net/clients/tmg/tpe20/Public/eBooth.aspx?IndexInList=193&FromPage=Exhibitors.aspx&ParentBoothID=&ListByBooth=true&BoothID=105515
La Familia Robaina,4025,,"Houston,",United States,,,,https://s23.a2zinc.net/clients/tmg/tpe20/Public/eBooth.aspx?IndexInList=194&FromPage=Exhibitors.aspx&ParentBoothID=&ListByBooth=true&BoothID=105519
La Sirena,4025,,"Roslyn Heights,",United States,http://Www.lasirenacigars.com,,Cigars,https://s23.a2zinc.net/clients/tmg/tpe20/Public/eBooth.aspx?IndexInList=195&FromPage=Exhibitors.aspx&ParentBoothID=&ListByBooth=true&BoothID=105524
la vaporz wholesale,2136,,"Los Angeles,",United States,lavaporz.com,,,https://s23.a2zinc.net/clients/tmg/tpe20/Public/eBooth.aspx?IndexInList=196&FromPage=Exhibitors.aspx&ParentBoothID=&ListByBooth=true&BoothID=104154
legal lean,9063,,"Orlando,",United States,http://legalleanstore.com/,,General Merchandise Novelty & Seasonal Vapor Accessories CBD Product,https://s23.a2zinc.net/clients/tmg/tpe20/Public/eBooth.aspx?IndexInList=197&FromPage=Exhibitors.aspx&ParentBoothID=&ListByBooth=true&BoothID=104587
Lit Culture/ Free River,7107,,"Eagle,",United States,http://www.freervr.com/,,,https://s23.a2zinc.net/clients/tmg/tpe20/Public/eBooth.aspx?IndexInList=198&FromPage=Exhibitors.aspx&ParentBoothID=&ListByBooth=true&BoothID=105072
LIT DISPOSABLES / SEA PODS,9146,,"Tampa ,",United States,http://www.twistdistro.com,,Accessories – Tobacco Batteries E-Cigarettes E-Liquids Vapor Accessories,https://s23.a2zinc.net/clients/tmg/tpe20/Public/eBooth.aspx?IndexInList=199&FromPage=Exhibitors.aspx&ParentBoothID=&ListByBooth=true&BoothID=104861
LIT DISPOSABLES / SEA PODS,9153,,"Tampa ,",United States,http://www.twistdistro.com,,Accessories – Tobacco Batteries E-Cigarettes E-Liquids Vapor Accessories,https://s23.a2zinc.net/clients/tmg/tpe20/Public/eBooth.aspx?IndexInList=200&FromPage=Exhibitors.aspx&ParentBoothID=&ListByBooth=true&BoothID=105253
LIT DISPOSABLES / SEA PODS `,9146,,"Tampa,",United States,http://twistdistro.com,,,https://s23.a2zinc.net/clients/tmg/tpe20/Public/eBooth.aspx?IndexInList=201&FromPage=Exhibitors.aspx&ParentBoothID=&ListByBooth=true&BoothID=105540
LIV SALES LLC,2083,,"PORTSMOUTH,",United States,www.livsales.com,,,https://s23.a2zinc.net/clients/tmg/tpe20/Public/eBooth.aspx?IndexInList=202&FromPage=Exhibitors.aspx&ParentBoothID=&ListByBooth=true&BoothID=104227
LOFE,7031,,"Xiamen,",China,http://www.lofe.com,,,https://s23.a2zinc.net/clients/tmg/tpe20/Public/eBooth.aspx?IndexInList=203&FromPage=Exhibitors.aspx&ParentBoothID=&ListByBooth=true&BoothID=104508
LOON PODS,7182,,"Maplewood ,",United States,https://www.theloonmn.com,,,https://s23.a2zinc.net/clients/tmg/tpe20/Public/eBooth.aspx?IndexInList=204&FromPage=Exhibitors.aspx&ParentBoothID=&ListByBooth=true&BoothID=105426
Los Caidos,1013,,"Bensalem,",United States,http://www.loscaidos.us,,Cigars,https://s23.a2zinc.net/clients/tmg/tpe20/Public/eBooth.aspx?IndexInList=205&FromPage=Exhibitors.aspx&ParentBoothID=&ListByBooth=true&BoothID=104909
Lotus Vaping Technologies,9055,,"Boise,",United States,www.lotusvaping.com,,,https://s23.a2zinc.net/clients/tmg/tpe20/Public/eBooth.aspx?IndexInList=206&FromPage=Exhibitors.aspx&ParentBoothID=&ListByBooth=true&BoothID=105249
Lotus/Vertigo Group,2056,,"Tamarac,",United States,www.lotuslighters.com,,,https://s23.a2zinc.net/clients/tmg/tpe20/Public/eBooth.aspx?IndexInList=207&FromPage=Exhibitors.aspx&ParentBoothID=&ListByBooth=true&BoothID=105506
"Lucky Sales, Inc.",1103,,"Greer,",United States,,,,https://s23.a2zinc.net/clients/tmg/tpe20/Public/eBooth.aspx?IndexInList=208&FromPage=Exhibitors.aspx&ParentBoothID=&ListByBooth=true&BoothID=103651
Lucy,3166,,"Los Angeles,",United States,http://www.lucy.co,,Smokeless Tobacco Alternative,https://s23.a2zinc.net/clients/tmg/tpe20/Public/eBooth.aspx?IndexInList=209&FromPage=Exhibitors.aspx&ParentBoothID=&ListByBooth=true&BoothID=105317
M4 Wholesale,3062,,,,http://www.m4wholesale.com,,Humidors / Humidifiers,https://s23.a2zinc.net/clients/tmg/tpe20/Public/eBooth.aspx?IndexInList=210&FromPage=Exhibitors.aspx&ParentBoothID=&ListByBooth=true&BoothID=105094
Marina Vape,2119,,"Los Angeles,",United States,http://marinavape.com,,CBD Product E-Liquids,https://s23.a2zinc.net/clients/tmg/tpe20/Public/eBooth.aspx?IndexInList=211&FromPage=Exhibitors.aspx&ParentBoothID=&ListByBooth=true&BoothID=104157
MATRIX WHOLESALE,9129,,"Las Vegas,",United States,www.none.com,,,https://s23.a2zinc.net/clients/tmg/tpe20/Public/eBooth.aspx?IndexInList=212&FromPage=Exhibitors.aspx&ParentBoothID=&ListByBooth=true&BoothID=104124
MatrixAir,3061,,"Newport,",United States,https://www.matrixair.com/,,Air Cleaning Systems,https://s23.a2zinc.net/clients/tmg/tpe20/Public/eBooth.aspx?IndexInList=213&FromPage=Exhibitors.aspx&ParentBoothID=&ListByBooth=true&BoothID=105096
Medusa Distribution,9165,,"West Caldwell,",United States,http://www.medusadistribution.com,,,https://s23.a2zinc.net/clients/tmg/tpe20/Public/eBooth.aspx?IndexInList=214&FromPage=Exhibitors.aspx&ParentBoothID=&ListByBooth=true&BoothID=105487
Miami Cigar & Co.,4094,,"MIAMI,",United States,,,,https://s23.a2zinc.net/clients/tmg/tpe20/Public/eBooth.aspx?IndexInList=215&FromPage=Exhibitors.aspx&ParentBoothID=&ListByBooth=true&BoothID=105549
"Micallef Cigars, LLC",4058,,"Weatherford,",United States,www.micallefcigars.com,,,https://s23.a2zinc.net/clients/tmg/tpe20/Public/eBooth.aspx?IndexInList=216&FromPage=Exhibitors.aspx&ParentBoothID=&ListByBooth=true&BoothID=105092
Mile High Cure,9074,,"407,",United States,www.milehighcure.com,,,https://s23.a2zinc.net/clients/tmg/tpe20/Public/eBooth.aspx?IndexInList=217&FromPage=Exhibitors.aspx&ParentBoothID=&ListByBooth=true&BoothID=104089
Mile High Labs,8111,,"Boulder,",United States,www.milehighlabs.com,,,https://s23.a2zinc.net/clients/tmg/tpe20/Public/eBooth.aspx?IndexInList=218&FromPage=Exhibitors.aspx&ParentBoothID=&ListByBooth=true&BoothID=105116
Miracle Nutritional Products,8017,,"Hernando Beach,",United States,www.miraclenutritionalproducts.com,,,https://s23.a2zinc.net/clients/tmg/tpe20/Public/eBooth.aspx?IndexInList=219&FromPage=Exhibitors.aspx&ParentBoothID=&ListByBooth=true&BoothID=105235
Missouri Meerschaum Company,1056,,"Washington,",United States,http://www.corncobpipe.com,,Pipes/ Pipe Tobacco,https://s23.a2zinc.net/clients/tmg/tpe20/Public/eBooth.aspx?IndexInList=220&FromPage=Exhibitors.aspx&ParentBoothID=&ListByBooth=true&BoothID=104326
MMS DISTRIBUTION,9130,,"Garden City,",United States,https://www.mmsdstr.com/,,Accessories – Tobacco E-Cigarettes General Merchandise CBD Product,https://s23.a2zinc.net/clients/tmg/tpe20/Public/eBooth.aspx?IndexInList=221&FromPage=Exhibitors.aspx&ParentBoothID=&ListByBooth=true&BoothID=104125
MNG Wholesale,9168,,"St. Louis,",United States,http://chroniccandy.com/,,,https://s23.a2zinc.net/clients/tmg/tpe20/Public/eBooth.aspx?IndexInList=222&FromPage=Exhibitors.aspx&ParentBoothID=&ListByBooth=true&BoothID=105475
Monster Vape Labs,6142,,"Orlando,",United States,www.jammonsterliquids.com,,,https://s23.a2zinc.net/clients/tmg/tpe20/Public/eBooth.aspx?IndexInList=223&FromPage=Exhibitors.aspx&ParentBoothID=&ListByBooth=true&BoothID=104762
Moti,7163,,"Las Vegas,",United States,,,,https://s23.a2zinc.net/clients/tmg/tpe20/Public/eBooth.aspx?IndexInList=224&FromPage=Exhibitors.aspx&ParentBoothID=&ListByBooth=true&BoothID=105532
Mt Baker Vapor,9083,,"Mesa,",United States,https://www.mtbakervapor.com/,,Advertising Batteries E-Cigarettes E-Liquids Mods Tanks Vapor Accessories,https://s23.a2zinc.net/clients/tmg/tpe20/Public/eBooth.aspx?IndexInList=225&FromPage=Exhibitors.aspx&ParentBoothID=&ListByBooth=true&BoothID=104095
My Father Cigars,3052,,,,http://www.myfathercigars.com,,Cigars,https://s23.a2zinc.net/clients/tmg/tpe20/Public/eBooth.aspx?IndexInList=226&FromPage=Exhibitors.aspx&ParentBoothID=&ListByBooth=true&BoothID=105521
MYST LABS,4137,,"Menlo Park,",United States,www.mystlabs.com,,,https://s23.a2zinc.net/clients/tmg/tpe20/Public/eBooth.aspx?IndexInList=227&FromPage=Exhibitors.aspx&ParentBoothID=&ListByBooth=true&BoothID=105245
Nasty Juice,1125,,"Dallas,",United States,www.nastyejuice.com,,,https://s23.a2zinc.net/clients/tmg/tpe20/Public/eBooth.aspx?IndexInList=228&FromPage=Exhibitors.aspx&ParentBoothID=&ListByBooth=true&BoothID=105192
"Nat Sherman, Inc.",3045,,"Englewood,",United States,http://www.natshermaninternational.com,,Accessories – Tobacco Cigarettes Cigars Pipes/ Pipe Tobacco,https://s23.a2zinc.net/clients/tmg/tpe20/Public/eBooth.aspx?IndexInList=229&FromPage=Exhibitors.aspx&ParentBoothID=&ListByBooth=true&BoothID=105173
NATO,1000,,"Minneapolis,",United States,http://www.natocentral.org,,,https://s23.a2zinc.net/clients/tmg/tpe20/Public/eBooth.aspx?IndexInList=230&FromPage=Exhibitors.aspx&ParentBoothID=&ListByBooth=true&BoothID=103608
Naturally Hemps,7177,,"Austin,",United States,www.naturallyhemps.com,,,https://s23.a2zinc.net/clients/tmg/tpe20/Public/eBooth.aspx?IndexInList=231&FromPage=Exhibitors.aspx&ParentBoothID=&ListByBooth=true&BoothID=105438
New Image Global/Royal Blunts,6058,,"Tustin,",United States,http://www.royalblunts.com,,Accessories – Tobacco Cigars Loyalty Programs RYO / MYO,https://s23.a2zinc.net/clients/tmg/tpe20/Public/eBooth.aspx?IndexInList=232&FromPage=Exhibitors.aspx&ParentBoothID=&ListByBooth=true&BoothID=103906
"NexLevel LLC,AdventureHoldings",3013,,"Miami,",United States,,,,https://s23.a2zinc.net/clients/tmg/tpe20/Public/eBooth.aspx?IndexInList=233&FromPage=Exhibitors.aspx&ParentBoothID=&ListByBooth=true&BoothID=105049
"NHA, Inc./National Honey Almond",3056,,"Bristol,",United States,http://www.NationalHoneyAlmond.com,,Cigars,https://s23.a2zinc.net/clients/tmg/tpe20/Public/eBooth.aspx?IndexInList=234&FromPage=Exhibitors.aspx&ParentBoothID=&ListByBooth=true&BoothID=105089
Nimex Trading,8073,,"NAVI MUMBAI,",India,http://nimex.co.in,,E-Liquids Hookah Tobacco Pipes/ Pipe Tobacco Smokeless Tobacco,https://s23.a2zinc.net/clients/tmg/tpe20/Public/eBooth.aspx?IndexInList=235&FromPage=Exhibitors.aspx&ParentBoothID=&ListByBooth=true&BoothID=104282
"NINGBO AIR-SAFE TOOL CO.,LTD",3162,,"Xiamen,",China,www.furuiexpo.com,,,https://s23.a2zinc.net/clients/tmg/tpe20/Public/eBooth.aspx?IndexInList=236&FromPage=Exhibitors.aspx&ParentBoothID=&ListByBooth=true&BoothID=105315
Niterider Group,9106,,"los angeles ,",United States,prescribedglass.com,,,https://s23.a2zinc.net/clients/tmg/tpe20/Public/eBooth.aspx?IndexInList=237&FromPage=Exhibitors.aspx&ParentBoothID=&ListByBooth=true&BoothID=105061
Nova Cigars,3059,,"Delray Beach,",United States,www.novacigar.com,,,https://s23.a2zinc.net/clients/tmg/tpe20/Public/eBooth.aspx?IndexInList=238&FromPage=Exhibitors.aspx&ParentBoothID=&ListByBooth=true&BoothID=105566
"Nova Distributors, LLC - Tarbar",2008,,"Golden Eagle,",United States,http://www.tarbarfilter.com,,General Merchandise Accessories – Tobacco Cigarette Accessories,https://s23.a2zinc.net/clients/tmg/tpe20/Public/eBooth.aspx?IndexInList=239&FromPage=Exhibitors.aspx&ParentBoothID=&ListByBooth=true&BoothID=104907
Nu Shaving,4012,,"LAS VEGAS,",United States,www.nushaving.com,,,https://s23.a2zinc.net/clients/tmg/tpe20/Public/eBooth.aspx?IndexInList=240&FromPage=Exhibitors.aspx&ParentBoothID=&ListByBooth=true&BoothID=105047
"Ohserase Manufacturing, LLC",4001,,"Akwesasne,",United States,,,Cigarettes Cigars Pipes/ Pipe Tobacco,https://s23.a2zinc.net/clients/tmg/tpe20/Public/eBooth.aspx?IndexInList=241&FromPage=Exhibitors.aspx&ParentBoothID=&ListByBooth=true&BoothID=104612
Oliva Cigar Company,1030,,"Miami Lakes,",United States,http://www.olivacigar.com,,Accessories – Tobacco Humidors / Humidifiers Lighters,https://s23.a2zinc.net/clients/tmg/tpe20/Public/eBooth.aspx?IndexInList=242&FromPage=Exhibitors.aspx&ParentBoothID=&ListByBooth=true&BoothID=103618
One Hit Wonder,6000,,"Las Vegas,",United States,http://onehitwondereliquid.com/,,E-Liquids Vapor Accessories,https://s23.a2zinc.net/clients/tmg/tpe20/Public/eBooth.aspx?IndexInList=243&FromPage=Exhibitors.aspx&ParentBoothID=&ListByBooth=true&BoothID=104476
One Up,7095,,"downey,",United States,www.oneupvapor.com,,,https://s23.a2zinc.net/clients/tmg/tpe20/Public/eBooth.aspx?IndexInList=244&FromPage=Exhibitors.aspx&ParentBoothID=&ListByBooth=true&BoothID=103980
Ooze,9017,,"Oak Park,",United States,http://www.oozewholesale.com,,"Batteries Dry Herb, Wax, & Oil Vaporizers General Merchandise Grinders Lighters Scales Vapor Accessories",https://s23.a2zinc.net/clients/tmg/tpe20/Public/eBooth.aspx?IndexInList=245&FromPage=Exhibitors.aspx&ParentBoothID=&ListByBooth=true&BoothID=105185
Orgnx Eliquids,6184,,"Santa Fe Springs,",United States,www.orgnxeliquids.com,,,https://s23.a2zinc.net/clients/tmg/tpe20/Public/eBooth.aspx?IndexInList=246&FromPage=Exhibitors.aspx&ParentBoothID=&ListByBooth=true&BoothID=105415
Oscar Valladares Tobacco,2051,,"Houston,",United States,http://www.oscartobacco.com,,Cigars,https://s23.a2zinc.net/clients/tmg/tpe20/Public/eBooth.aspx?IndexInList=247&FromPage=Exhibitors.aspx&ParentBoothID=&ListByBooth=true&BoothID=105216
Oveja Negra Brands,1053,,"VIneland,",United States,www.ovejanegracigars.com,,,https://s23.a2zinc.net/clients/tmg/tpe20/Public/eBooth.aspx?IndexInList=248&FromPage=Exhibitors.aspx&ParentBoothID=&ListByBooth=true&BoothID=105121
"P&L Sales Group, Inc",3089,,"Henderson,",United States,http://www.plsalesgroup.com,,Cigars RYO / MYO,https://s23.a2zinc.net/clients/tmg/tpe20/Public/eBooth.aspx?IndexInList=249&FromPage=Exhibitors.aspx&ParentBoothID=&ListByBooth=true&BoothID=103744
Party Nuts Distribution,4131,,,United States,,,,https://s23.a2zinc.net/clients/tmg/tpe20/Public/eBooth.aspx?IndexInList=250&FromPage=Exhibitors.aspx&ParentBoothID=&ListByBooth=true&BoothID=105240
Paykoc Imports,1001,,"Denver,",United States,paykocimports.com,,,https://s23.a2zinc.net/clients/tmg/tpe20/Public/eBooth.aspx?IndexInList=251&FromPage=Exhibitors.aspx&ParentBoothID=&ListByBooth=true&BoothID=105065
PDR Cigars,4059,,"Doral,",United States,,,,https://s23.a2zinc.net/clients/tmg/tpe20/Public/eBooth.aspx?IndexInList=252&FromPage=Exhibitors.aspx&ParentBoothID=&ListByBooth=true&BoothID=105562
Perdomo,1073,,"Miami,",United States,,,,https://s23.a2zinc.net/clients/tmg/tpe20/Public/eBooth.aspx?IndexInList=253&FromPage=Exhibitors.aspx&ParentBoothID=&ListByBooth=true&BoothID=105553
Perfecto Cigar Holder,3060,,"Venice,",United States,http://www.perfectocigarholder.com,,Accessories – Tobacco,https://s23.a2zinc.net/clients/tmg/tpe20/Public/eBooth.aspx?IndexInList=254&FromPage=Exhibitors.aspx&ParentBoothID=&ListByBooth=true&BoothID=105093
Pharaohs Hookahs (Planet Imports),4111,,"Glendora,",United States,http://www.planetimports.net,,Accessories – Tobacco General Merchandise Gift Items Hookah Pipes,https://s23.a2zinc.net/clients/tmg/tpe20/Public/eBooth.aspx?IndexInList=255&FromPage=Exhibitors.aspx&ParentBoothID=&ListByBooth=true&BoothID=104176
"Phillips & King International, Inc.",2073,,"Moorpark,",United States,http://www.phillipsandking.com/,,"Accessories – Tobacco CBD Product Cigarettes Cigars Dry Herb, Wax, & Oil Vaporizers Glass Pipes Hookah Tobacco Pipes/ Pipe Tobacco RYO / MYO",https://s23.a2zinc.net/clients/tmg/tpe20/Public/eBooth.aspx?IndexInList=256&FromPage=Exhibitors.aspx&ParentBoothID=&ListByBooth=true&BoothID=103637
PHIX,3103,,"Brea,",United States,http://www.phixvapor.com,,E-Cigarettes E-Liquids,https://s23.a2zinc.net/clients/tmg/tpe20/Public/eBooth.aspx?IndexInList=257&FromPage=Exhibitors.aspx&ParentBoothID=&ListByBooth=true&BoothID=103752
Pichincha Spirit of Nature Inc,2164,,"Miami,",United States,www.pichinchagifts.com,,,https://s23.a2zinc.net/clients/tmg/tpe20/Public/eBooth.aspx?IndexInList=258&FromPage=Exhibitors.aspx&ParentBoothID=&ListByBooth=true&BoothID=105302
Pixotine Products,2062,,"Jupiter,",United States,http://pixotine.com,,Accessories – Tobacco Cigarette Accessories Cigarettes Smokeless Tobacco Smokeless Tobacco Alternative Vapor Accessories,https://s23.a2zinc.net/clients/tmg/tpe20/Public/eBooth.aspx?IndexInList=259&FromPage=Exhibitors.aspx&ParentBoothID=&ListByBooth=true&BoothID=105510
Plasencia Cigars,3057,,"Miami,",United States,www.plasenciacigars.com,,,https://s23.a2zinc.net/clients/tmg/tpe20/Public/eBooth.aspx?IndexInList=260&FromPage=Exhibitors.aspx&ParentBoothID=&ListByBooth=true&BoothID=105567
Plus Pods,9141,,"San Luis Obispo,",United States,www.pluspods.com,,,https://s23.a2zinc.net/clients/tmg/tpe20/Public/eBooth.aspx?IndexInList=261&FromPage=Exhibitors.aspx&ParentBoothID=&ListByBooth=true&BoothID=105251
Premier Manufacturing,2091,,"Chesterfield,",United States,,,Cigarettes Cigars Pipes/ Pipe Tobacco RYO / MYO RYO Machines & Tubes,https://s23.a2zinc.net/clients/tmg/tpe20/Public/eBooth.aspx?IndexInList=262&FromPage=Exhibitors.aspx&ParentBoothID=&ListByBooth=true&BoothID=105255
Premium Cigar Pavilion I,4025,,"Raleigh,",United States,,,,https://s23.a2zinc.net/clients/tmg/tpe20/Public/eBooth.aspx?IndexInList=263&FromPage=Exhibitors.aspx&ParentBoothID=&ListByBooth=true&BoothID=105050
Premium Cigar Pavilion II,4035,,"Raleigh,",United States,,,,https://s23.a2zinc.net/clients/tmg/tpe20/Public/eBooth.aspx?IndexInList=264&FromPage=Exhibitors.aspx&ParentBoothID=&ListByBooth=true&BoothID=104424
Premium Cigar Pavilion III,4059,,"Raleigh ,",United States,,,,https://s23.a2zinc.net/clients/tmg/tpe20/Public/eBooth.aspx?IndexInList=265&FromPage=Exhibitors.aspx&ParentBoothID=&ListByBooth=true&BoothID=103797
PREMIUM CIGARS BY DON RIGO INC,1003,,"JAMAICA,",United States,http://WWW.DONRIGO.COM,,Accessories – Tobacco Cigars Smokeless Tobacco,https://s23.a2zinc.net/clients/tmg/tpe20/Public/eBooth.aspx?IndexInList=266&FromPage=Exhibitors.aspx&ParentBoothID=&ListByBooth=true&BoothID=105066
PremiumEstore LLC,8164,,"Virginia Beach,",United States,https://intunecbd.com/,,,https://s23.a2zinc.net/clients/tmg/tpe20/Public/eBooth.aspx?IndexInList=267&FromPage=Exhibitors.aspx&ParentBoothID=&ListByBooth=true&BoothID=105459
PRICEMASTER CORP,9005,,"Woodside,",United States,http://PRICEMASTER.COM,,Accessories – Tobacco Batteries Cigarette Accessories E-Cigarettes General Merchandise Grinders Lighters Pipes/ Pipe Tobacco Scales,https://s23.a2zinc.net/clients/tmg/tpe20/Public/eBooth.aspx?IndexInList=268&FromPage=Exhibitors.aspx&ParentBoothID=&ListByBooth=true&BoothID=104062
"Privateer Tobacco Co., Inc.",1057,,"Winterville,",United States,www.rsbtobacco.com,,,https://s23.a2zinc.net/clients/tmg/tpe20/Public/eBooth.aspx?IndexInList=269&FromPage=Exhibitors.aspx&ParentBoothID=&ListByBooth=true&BoothID=105505
Procargo,9110,,"Shenzhen,",China,http://www.procargo.com,,,https://s23.a2zinc.net/clients/tmg/tpe20/Public/eBooth.aspx?IndexInList=270&FromPage=Exhibitors.aspx&ParentBoothID=&ListByBooth=true&BoothID=105113
Pulsar Vaporizers & Pipes,8107,,"Asheville,",United States,http://www.pulsarvaporizers.com/,,"Dry Herb, Wax, & Oil Vaporizers Glass Pipes Grinders Pipes/ Pipe Tobacco RYO / MYO RYO Machines & Tubes Scales Tanks Vapor Accessories",https://s23.a2zinc.net/clients/tmg/tpe20/Public/eBooth.aspx?IndexInList=271&FromPage=Exhibitors.aspx&ParentBoothID=&ListByBooth=true&BoothID=105117
Puur Brand LLC,5161,,"Hollywood,",United States,,,,https://s23.a2zinc.net/clients/tmg/tpe20/Public/eBooth.aspx?IndexInList=272&FromPage=Exhibitors.aspx&ParentBoothID=&ListByBooth=true&BoothID=105380
Pyxus International,1177,,"Morrisville,",United States,https://www.pyxusintl.com/,,CBD Extraction Service CBD Product E-Liquid Flavoring & Production E-Liquids Other Cannabinoids,https://s23.a2zinc.net/clients/tmg/tpe20/Public/eBooth.aspx?IndexInList=273&FromPage=Exhibitors.aspx&ParentBoothID=&ListByBooth=true&BoothID=105533
Randy's SNT,8187,,"Toledo,",United States,,,"Grinders Novelty & Seasonal Vapor Accessories Accessories – Tobacco Dry Herb, Wax, & Oil Vaporizers General Merchandise",https://s23.a2zinc.net/clients/tmg/tpe20/Public/eBooth.aspx?IndexInList=274&FromPage=Exhibitors.aspx&ParentBoothID=&ListByBooth=true&BoothID=105456
RDS Distributors,4188,,"Cranberry Twp,",United States,http://www.rdsdistributors.com,,,https://s23.a2zinc.net/clients/tmg/tpe20/Public/eBooth.aspx?IndexInList=275&FromPage=Exhibitors.aspx&ParentBoothID=&ListByBooth=true&BoothID=105365
Redwood Reserve,1157,,"Molalla,",United States,https://redwoodreserves.com/,,,https://s23.a2zinc.net/clients/tmg/tpe20/Public/eBooth.aspx?IndexInList=276&FromPage=Exhibitors.aspx&ParentBoothID=&ListByBooth=true&BoothID=105285
RE-Fresh Smoke Odor Eliminator,1063,,"Phoenix,",United States,,,General Merchandise Gift Items Novelty & Seasonal,https://s23.a2zinc.net/clients/tmg/tpe20/Public/eBooth.aspx?IndexInList=277&FromPage=Exhibitors.aspx&ParentBoothID=&ListByBooth=true&BoothID=105508
Republic Tobacco,2039,,"Glenview,",United States,,,Accessories – Tobacco Pipes/ Pipe Tobacco RYO / MYO RYO Machines & Tubes,https://s23.a2zinc.net/clients/tmg/tpe20/Public/eBooth.aspx?IndexInList=278&FromPage=Exhibitors.aspx&ParentBoothID=&ListByBooth=true&BoothID=104359
RH STAYFRESH,2057,,"Temecula,",United States,www.herbsandgrinders.com,,,https://s23.a2zinc.net/clients/tmg/tpe20/Public/eBooth.aspx?IndexInList=279&FromPage=Exhibitors.aspx&ParentBoothID=&ListByBooth=true&BoothID=105102
Roastar,8191,,"Wausau,",United States,https://www.roastar.com/,,Advertising,https://s23.a2zinc.net/clients/tmg/tpe20/Public/eBooth.aspx?IndexInList=280&FromPage=Exhibitors.aspx&ParentBoothID=&ListByBooth=true&BoothID=105458
Robust Ventures Ltd,2013,,"London,",United Kingdom,http://www.tarbustfilters.com,,Accessories – Tobacco Cigarette Accessories General Merchandise,https://s23.a2zinc.net/clients/tmg/tpe20/Public/eBooth.aspx?IndexInList=281&FromPage=Exhibitors.aspx&ParentBoothID=&ListByBooth=true&BoothID=105042
Rocky Mountain Ecigs LLC,9061,,"Lenexa,",United States,www.rockymountainecigs.com,,,https://s23.a2zinc.net/clients/tmg/tpe20/Public/eBooth.aspx?IndexInList=282&FromPage=Exhibitors.aspx&ParentBoothID=&ListByBooth=true&BoothID=104586
Rocky Patel Premium Cigar Company,1039,,"Bonita Springs,",United States,,,,https://s23.a2zinc.net/clients/tmg/tpe20/Public/eBooth.aspx?IndexInList=283&FromPage=Exhibitors.aspx&ParentBoothID=&ListByBooth=true&BoothID=104594
RonRol International Ltd,7189,,"Netanya,",Israel,www.top-patents.com,,,https://s23.a2zinc.net/clients/tmg/tpe20/Public/eBooth.aspx?IndexInList=284&FromPage=Exhibitors.aspx&ParentBoothID=&ListByBooth=true&BoothID=105443
Room 101 Cigars,4025,,"Los Angeles,",United States,,,,https://s23.a2zinc.net/clients/tmg/tpe20/Public/eBooth.aspx?IndexInList=285&FromPage=Exhibitors.aspx&ParentBoothID=&ListByBooth=true&BoothID=105514
"Rouseco, Inc.",4017,,,,http://www.rousecoinc.com,,Pipes/ Pipe Tobacco,https://s23.a2zinc.net/clients/tmg/tpe20/Public/eBooth.aspx?IndexInList=286&FromPage=Exhibitors.aspx&ParentBoothID=&ListByBooth=true&BoothID=104417
Royal Agio Cigars USA,4011,,"Bradenton,",United States,http://www.agiocigars.com,,Cigars,https://s23.a2zinc.net/clients/tmg/tpe20/Public/eBooth.aspx?IndexInList=287&FromPage=Exhibitors.aspx&ParentBoothID=&ListByBooth=true&BoothID=104415
Royal Relax,9053,,"Elizabethtown ,",United States,www.royal-relax.com,,,https://s23.a2zinc.net/clients/tmg/tpe20/Public/eBooth.aspx?IndexInList=288&FromPage=Exhibitors.aspx&ParentBoothID=&ListByBooth=true&BoothID=105502
Royal Tobacco,2103,,"Shenzhen,",China,https://www.elio-intl.com/,,Accessories – Tobacco Cleaners E-Cigarettes,https://s23.a2zinc.net/clients/tmg/tpe20/Public/eBooth.aspx?IndexInList=289&FromPage=Exhibitors.aspx&ParentBoothID=&ListByBooth=true&BoothID=103698
Royal Wholesale,3158,,"Carlsbad ,",United States,www.royalkratom.com,,,https://s23.a2zinc.net/clients/tmg/tpe20/Public/eBooth.aspx?IndexInList=290&FromPage=Exhibitors.aspx&ParentBoothID=&ListByBooth=true&BoothID=105313
SAHARA ORIGIN,9155,,"COMMERCE,",United States,https://www.saharaorigin.com/,,,https://s23.a2zinc.net/clients/tmg/tpe20/Public/eBooth.aspx?IndexInList=291&FromPage=Exhibitors.aspx&ParentBoothID=&ListByBooth=true&BoothID=105254
"Santa Clara, Inc.",2026,,"Burlington,",United States,http://www.santaclaracigars.com,,Accessories – Tobacco Cigars Humidors / Humidifiers Pipes/ Pipe Tobacco,https://s23.a2zinc.net/clients/tmg/tpe20/Public/eBooth.aspx?IndexInList=292&FromPage=Exhibitors.aspx&ParentBoothID=&ListByBooth=true&BoothID=105041
"Santa Cruz Tobacco, LLC DBA Gran Habano Cigars",4025,,"Doral,",United States,,,,https://s23.a2zinc.net/clients/tmg/tpe20/Public/eBooth.aspx?IndexInList=293&FromPage=Exhibitors.aspx&ParentBoothID=&ListByBooth=true&BoothID=105526
Savage Enterprises // Savage CBD,6106,,"Irvine,",United States,http://savageenterprises.com,,E-Liquids CBD Product,https://s23.a2zinc.net/clients/tmg/tpe20/Public/eBooth.aspx?IndexInList=294&FromPage=Exhibitors.aspx&ParentBoothID=&ListByBooth=true&BoothID=105201
SAVEURVAPE,7113,,"Torrance,",United States,www.saveurvape.com,,,https://s23.a2zinc.net/clients/tmg/tpe20/Public/eBooth.aspx?IndexInList=295&FromPage=Exhibitors.aspx&ParentBoothID=&ListByBooth=true&BoothID=105081
SERBETLI PREMIUM HOOKAH TOBACCO,9173,,"Beskduzu / Trabzon,",Turkey,www.serbetliusa.com,,,https://s23.a2zinc.net/clients/tmg/tpe20/Public/eBooth.aspx?IndexInList=296&FromPage=Exhibitors.aspx&ParentBoothID=&ListByBooth=true&BoothID=105491
"Shenzhen FirstUnion Technology Co.,Ltd.",8190,,"SHENZHEN,",China,http://www.chinafirstunion.com/,,,https://s23.a2zinc.net/clients/tmg/tpe20/Public/eBooth.aspx?IndexInList=297&FromPage=Exhibitors.aspx&ParentBoothID=&ListByBooth=true&BoothID=105471
"Shenzhen Geekvape Technology Co., Limited",9008,,"Shenzhen,",China,www.geekvape.com,,,https://s23.a2zinc.net/clients/tmg/tpe20/Public/eBooth.aspx?IndexInList=298&FromPage=Exhibitors.aspx&ParentBoothID=&ListByBooth=true&BoothID=104936
"Shenzhen Horizon Techology Co., Ltd.",9015,,"Xiamen,",China,,,Cigarette Accessories E-Cigarettes Vapor Accessories,https://s23.a2zinc.net/clients/tmg/tpe20/Public/eBooth.aspx?IndexInList=299&FromPage=Exhibitors.aspx&ParentBoothID=&ListByBooth=true&BoothID=105184
Shenzhen Ivps Technology,8101,,"shenzhen,",China,www.smoktech.com,,,https://s23.a2zinc.net/clients/tmg/tpe20/Public/eBooth.aspx?IndexInList=300&FromPage=Exhibitors.aspx&ParentBoothID=&ListByBooth=true&BoothID=104033
"Shenzhen Jiku Technology Co., Ltd.",4142,,"Xiamen,",China,www.expoeye.net,,,https://s23.a2zinc.net/clients/tmg/tpe20/Public/eBooth.aspx?IndexInList=301&FromPage=Exhibitors.aspx&ParentBoothID=&ListByBooth=true&BoothID=104697
"Shenzhen JinJia New Smartpackaging Co.,Ltd",6176,,"Xiamen,",China,www.jinjia.com,,,https://s23.a2zinc.net/clients/tmg/tpe20/Public/eBooth.aspx?IndexInList=302&FromPage=Exhibitors.aspx&ParentBoothID=&ListByBooth=true&BoothID=105413
"Shenzhen Kingfish Electronics Technology Co.,Ltd",2140,,"Xiamen,",China,www.furuiexpo.com,,,https://s23.a2zinc.net/clients/tmg/tpe20/Public/eBooth.aspx?IndexInList=303&FromPage=Exhibitors.aspx&ParentBoothID=&ListByBooth=true&BoothID=104156
"Shenzhen Mason Vap Technology Co., Ltd.",8077,,"Xiamen,",China,http://www.masonvap.com,,CBD Product Batteries Cigarette Accessories E-Cigarettes Vapor Accessories,https://s23.a2zinc.net/clients/tmg/tpe20/Public/eBooth.aspx?IndexInList=304&FromPage=Exhibitors.aspx&ParentBoothID=&ListByBooth=true&BoothID=104284
Shenzhen Ocean Rise Technology Ltd.,1115,,"Xiamen,",China,www.vzonecigs.com,,,https://s23.a2zinc.net/clients/tmg/tpe20/Public/eBooth.aspx?IndexInList=305&FromPage=Exhibitors.aspx&ParentBoothID=&ListByBooth=true&BoothID=104138
"Shenzhen Onevape Technology Co., Ltd.",8076,,"Xiamen,",China,www.onevape.cn,,,https://s23.a2zinc.net/clients/tmg/tpe20/Public/eBooth.aspx?IndexInList=306&FromPage=Exhibitors.aspx&ParentBoothID=&ListByBooth=true&BoothID=104023
"Shenzhen SCD logistics Co.,Ltd",3179,,"shenzhen,",China,www.scdex.com,,,https://s23.a2zinc.net/clients/tmg/tpe20/Public/eBooth.aspx?IndexInList=307&FromPage=Exhibitors.aspx&ParentBoothID=&ListByBooth=true&BoothID=105336
"Shenzhen Sotrowin Technology Co.,Ltd.",9172,,"Xiamen,",China,http://www.sotrowin.com,,,https://s23.a2zinc.net/clients/tmg/tpe20/Public/eBooth.aspx?IndexInList=308&FromPage=Exhibitors.aspx&ParentBoothID=&ListByBooth=true&BoothID=105477
"Shenzhen Tking Technology Co., Ltd.",1111,,"Xiamen,",China,www.ztcsmoke.com,,,https://s23.a2zinc.net/clients/tmg/tpe20/Public/eBooth.aspx?IndexInList=309&FromPage=Exhibitors.aspx&ParentBoothID=&ListByBooth=true&BoothID=104608
"Shenzhen Trioo Technology Co.,Ltd.",9002,,"Xiamen,",China,http://www.triootech.com,,Accessories – Tobacco Cigarette Accessories E-Cigarettes,https://s23.a2zinc.net/clients/tmg/tpe20/Public/eBooth.aspx?IndexInList=310&FromPage=Exhibitors.aspx&ParentBoothID=&ListByBooth=true&BoothID=104931
"Shenzhen Wleding Electric Co., Ltd.",2114,,,China,www.win-wins.com,,,https://s23.a2zinc.net/clients/tmg/tpe20/Public/eBooth.aspx?IndexInList=311&FromPage=Exhibitors.aspx&ParentBoothID=&ListByBooth=true&BoothID=104140
"Shenzhen YDF Electronic CO., Ltd.",2134,,"ShenZhen,",China,http://www.krorkvape.com,,,https://s23.a2zinc.net/clients/tmg/tpe20/Public/eBooth.aspx?IndexInList=312&FromPage=Exhibitors.aspx&ParentBoothID=&ListByBooth=true&BoothID=104153
"Shenzhen YHS Plastic Technology Co.,Ltd",9035,,"Shenzhen,",China,http://www.yhs-silicone.com,,Accessories – Tobacco Gift Items Glass Pipes Grinders Hookah Pipes Pipes/ Pipe Tobacco,https://s23.a2zinc.net/clients/tmg/tpe20/Public/eBooth.aspx?IndexInList=313&FromPage=Exhibitors.aspx&ParentBoothID=&ListByBooth=true&BoothID=104576
"Shenzhen Yuxismart Technology Co.,Ltd",2104,,"Xiamen,",China,www.yunxismart.com,,,https://s23.a2zinc.net/clients/tmg/tpe20/Public/eBooth.aspx?IndexInList=314&FromPage=Exhibitors.aspx&ParentBoothID=&ListByBooth=true&BoothID=103699
"SHENZHEN ZUN YI PIN TECHNOLOGY CO., LTD",7075,,"Shenzhen,",China,www.teslacigs.com,,,https://s23.a2zinc.net/clients/tmg/tpe20/Public/eBooth.aspx?IndexInList=315&FromPage=Exhibitors.aspx&ParentBoothID=&ListByBooth=true&BoothID=103970
Shijin Vapor,2111,,"San Jose,",United States,www.shijinvapor.com,,,https://s23.a2zinc.net/clients/tmg/tpe20/Public/eBooth.aspx?IndexInList=316&FromPage=Exhibitors.aspx&ParentBoothID=&ListByBooth=true&BoothID=105202
Shine Papers/Pure Leaf/Blaze by Shine,3149,,"Mount Pleasant,",United States,http://shinepapers.com,,Accessories – Tobacco,https://s23.a2zinc.net/clients/tmg/tpe20/Public/eBooth.aspx?IndexInList=317&FromPage=Exhibitors.aspx&ParentBoothID=&ListByBooth=true&BoothID=105523
Shisha Tech,7089,,"Glendale,",United States,http://www.shisatech.com,,Gift Items Glass Pipes Grinders Hookah Tobacco Hookah Pipes Accessories – Tobacco General Merchandise,https://s23.a2zinc.net/clients/tmg/tpe20/Public/eBooth.aspx?IndexInList=318&FromPage=Exhibitors.aspx&ParentBoothID=&ListByBooth=true&BoothID=103978
"Show Cigars, Inc.",2095,,"Pompano Beach,",United States,www.ShowCigars.com,,,https://s23.a2zinc.net/clients/tmg/tpe20/Public/eBooth.aspx?IndexInList=319&FromPage=Exhibitors.aspx&ParentBoothID=&ListByBooth=true&BoothID=103696
ShowcaseSource,1124,,"Columbus,",United States,http://www.showcasesource.com,,"Fixtures, Displays, Kiosks & Signage Store Design & Layout",https://s23.a2zinc.net/clients/tmg/tpe20/Public/eBooth.aspx?IndexInList=320&FromPage=Exhibitors.aspx&ParentBoothID=&ListByBooth=true&BoothID=104141
SidSam Formilan Machines Pvt Ltd,8079,,"Faridabad,",India,http://www.sidsamgroup.com,,Accessories – Tobacco Hookah Tobacco Smokeless Tobacco Smokeless Tobacco Alternative,https://s23.a2zinc.net/clients/tmg/tpe20/Public/eBooth.aspx?IndexInList=321&FromPage=Exhibitors.aspx&ParentBoothID=&ListByBooth=true&BoothID=104285
Sky Drip LLC,4186,,"Pico Rivera,",United States,http://skydripllc.com,,E-Liquids,https://s23.a2zinc.net/clients/tmg/tpe20/Public/eBooth.aspx?IndexInList=322&FromPage=Exhibitors.aspx&ParentBoothID=&ListByBooth=true&BoothID=105364
Smart Life LLC,9193,,"Troy,",United States,www.smartlifecbd.com,,,https://s23.a2zinc.net/clients/tmg/tpe20/Public/eBooth.aspx?IndexInList=323&FromPage=Exhibitors.aspx&ParentBoothID=&ListByBooth=true&BoothID=105500
"Smiss Technology Co.,Ltd",8137,,"Shenzhen,",China,www.smisstech.com,,,https://s23.a2zinc.net/clients/tmg/tpe20/Public/eBooth.aspx?IndexInList=324&FromPage=Exhibitors.aspx&ParentBoothID=&ListByBooth=true&BoothID=105221
Smoker Friendly International,3095,,"Boulder,",United States,http://www.smokerfriendly.com,,Accessories – Tobacco Cigarette Accessories Cigarettes Cigars General Merchandise Lighters Pipes/ Pipe Tobacco RYO Machines & Tubes Smokeless Tobacco,https://s23.a2zinc.net/clients/tmg/tpe20/Public/eBooth.aspx?IndexInList=325&FromPage=Exhibitors.aspx&ParentBoothID=&ListByBooth=true&BoothID=105547
Smokes Pros/Concept Crafts,9000,,"Downey,",United States,http://www.smokespros.com,,Accessories – Tobacco E-Cigarettes E-Liquids General Merchandise Glass Pipes Pipes/ Pipe Tobacco,https://s23.a2zinc.net/clients/tmg/tpe20/Public/eBooth.aspx?IndexInList=326&FromPage=Exhibitors.aspx&ParentBoothID=&ListByBooth=true&BoothID=104930
SmokeShop Magazine,1096,,"Long Island City,",United States,http://www.smokeshopmag.com,,Advertising Publications/Magazines/Media,https://s23.a2zinc.net/clients/tmg/tpe20/Public/eBooth.aspx?IndexInList=327&FromPage=Exhibitors.aspx&ParentBoothID=&ListByBooth=true&BoothID=103647
"Smokey Mountain Chew, Inc.",3063,,"South Jordan,",United States,http://www.smokeysnuff.com,,Cigarette Accessories,https://s23.a2zinc.net/clients/tmg/tpe20/Public/eBooth.aspx?IndexInList=328&FromPage=Exhibitors.aspx&ParentBoothID=&ListByBooth=true&BoothID=105097
SMOKEZILLA,6188,,"Greenfield,",United States,http://www.noveltyinc.com,,Accessories – Tobacco Candles Cigarette Accessories General Merchandise Grinders Lighters Novelty & Seasonal RYO Machines & Tubes Vapor Accessories,https://s23.a2zinc.net/clients/tmg/tpe20/Public/eBooth.aspx?IndexInList=329&FromPage=Exhibitors.aspx&ParentBoothID=&ListByBooth=true&BoothID=105417
Smoking / Pure Hemp Rolling Papers,3130,,"Mississauga,",Canada,http://www.purehemp.com,,Accessories – Tobacco Cigarette Accessories Cigarettes RYO / MYO,https://s23.a2zinc.net/clients/tmg/tpe20/Public/eBooth.aspx?IndexInList=330&FromPage=Exhibitors.aspx&ParentBoothID=&ListByBooth=true&BoothID=103768
Social CBD,7186,,"Portland,",United States,http://www.thesocialcbd.com,,CBD Product,https://s23.a2zinc.net/clients/tmg/tpe20/Public/eBooth.aspx?IndexInList=331&FromPage=Exhibitors.aspx&ParentBoothID=&ListByBooth=true&BoothID=105428
Solace Salts,6016,,"Simi Valley ,",United States,https://www.solacevapor.com,,E-Cigarettes E-Liquids Mods Smokeless Tobacco Tanks Vapor Accessories,https://s23.a2zinc.net/clients/tmg/tpe20/Public/eBooth.aspx?IndexInList=332&FromPage=Exhibitors.aspx&ParentBoothID=&ListByBooth=true&BoothID=104922
sonics imports,1176,,"los angeles,",United States,usglobalimports.com,,,https://s23.a2zinc.net/clients/tmg/tpe20/Public/eBooth.aspx?IndexInList=333&FromPage=Exhibitors.aspx&ParentBoothID=&ListByBooth=true&BoothID=105601
Southern Draw Cigars,4059,,"Austin,",United States,,,,https://s23.a2zinc.net/clients/tmg/tpe20/Public/eBooth.aspx?IndexInList=334&FromPage=Exhibitors.aspx&ParentBoothID=&ListByBooth=true&BoothID=105600
Stinger Detox/HempMedica,2110,,"Phoenix,",United States,http://www.stingerdetox.com,,Accessories – Tobacco Detox General Merchandise Novelty & Seasonal,https://s23.a2zinc.net/clients/tmg/tpe20/Public/eBooth.aspx?IndexInList=335&FromPage=Exhibitors.aspx&ParentBoothID=&ListByBooth=true&BoothID=104609
Superb Liquids,4125,,"Buena Park,",United States,http://superbliquids.com,,E-Liquids,https://s23.a2zinc.net/clients/tmg/tpe20/Public/eBooth.aspx?IndexInList=336&FromPage=Exhibitors.aspx&ParentBoothID=&ListByBooth=true&BoothID=103817
Sutliff Tobacco & Mac Baren Company,1060,,"Richmond,",United States,,,Pipes/ Pipe Tobacco,https://s23.a2zinc.net/clients/tmg/tpe20/Public/eBooth.aspx?IndexInList=337&FromPage=Exhibitors.aspx&ParentBoothID=&ListByBooth=true&BoothID=103630
TAKE OFF,7145,,"dayton,",United States,www.takeoffeliquid.com,,,https://s23.a2zinc.net/clients/tmg/tpe20/Public/eBooth.aspx?IndexInList=338&FromPage=Exhibitors.aspx&ParentBoothID=&ListByBooth=true&BoothID=104809
Tatuaje Cigars,3050,,,,http://www.tatuajecigars.com,,Cigars,https://s23.a2zinc.net/clients/tmg/tpe20/Public/eBooth.aspx?IndexInList=339&FromPage=Exhibitors.aspx&ParentBoothID=&ListByBooth=true&BoothID=105520
TeaZa Tobacco-Free Pouches,8172,,"Clearwater,",United States,http://teazaenergy.com,,Smokeless Tobacco Smokeless Tobacco Alternative,https://s23.a2zinc.net/clients/tmg/tpe20/Public/eBooth.aspx?IndexInList=340&FromPage=Exhibitors.aspx&ParentBoothID=&ListByBooth=true&BoothID=105463
Test Company - BSA,9191,,,,http://www.test.com,,Accessories – Tobacco,https://s23.a2zinc.net/clients/tmg/tpe20/Public/eBooth.aspx?IndexInList=341&FromPage=Exhibitors.aspx&ParentBoothID=&ListByBooth=true&BoothID=105499
Texas  Wholesale & TW DIstributors,4089,,"Dallas,",United States,http://www.texas-wholesale.com,,Accessories – Tobacco Cigarettes Cigars E-Cigarettes General Merchandise Lighters RYO Machines & Tubes Smokeless Tobacco Smokeless Tobacco Alternative Distributor,https://s23.a2zinc.net/clients/tmg/tpe20/Public/eBooth.aspx?IndexInList=342&FromPage=Exhibitors.aspx&ParentBoothID=&ListByBooth=true&BoothID=105152
The Blinc Group,4144,,"New York,",United States,https://www.puffmen.theblincgroup.com,,"Batteries Dry Herb, Wax, & Oil Vaporizers E-Cigarettes E-Liquids Gift Items Mods Tanks Vapor Accessories CBD Product",https://s23.a2zinc.net/clients/tmg/tpe20/Public/eBooth.aspx?IndexInList=343&FromPage=Exhibitors.aspx&ParentBoothID=&ListByBooth=true&BoothID=104699
"The Cigar Lab, Corp.",1095,,"Miami,",United States,www.cigarscanner.com,,,https://s23.a2zinc.net/clients/tmg/tpe20/Public/eBooth.aspx?IndexInList=344&FromPage=Exhibitors.aspx&ParentBoothID=&ListByBooth=true&BoothID=103646
The Finest E-liquid,8025,,"Chatsworth,",United States,https://www.thefinesteliquid.com/,,E-Liquids,https://s23.a2zinc.net/clients/tmg/tpe20/Public/eBooth.aspx?IndexInList=345&FromPage=Exhibitors.aspx&ParentBoothID=&ListByBooth=true&BoothID=104555
The Odyssey Group,7017,,"Troy,",United States,https://togwholesale.com/,,"Glass Pipes Grinders Vapor Accessories Accessories – Tobacco Dry Herb, Wax, & Oil Vaporizers E-Cigarettes E-Liquids",https://s23.a2zinc.net/clients/tmg/tpe20/Public/eBooth.aspx?IndexInList=346&FromPage=Exhibitors.aspx&ParentBoothID=&ListByBooth=true&BoothID=104502
TOBACCO ASIA Magazine,9127,,"Bangkok,",Thailand,http://www.tobaccoasia.com,,Publications/Magazines/Media,https://s23.a2zinc.net/clients/tmg/tpe20/Public/eBooth.aspx?IndexInList=347&FromPage=Exhibitors.aspx&ParentBoothID=&ListByBooth=true&BoothID=104122
Tobacco Outlet Products,4056,,"Charlotte,",United States,http://WWW.SMOKEODORSOLUTION.COM,,Accessories – Tobacco Candles General Merchandise Gift Items Novelty & Seasonal,https://s23.a2zinc.net/clients/tmg/tpe20/Public/eBooth.aspx?IndexInList=348&FromPage=Exhibitors.aspx&ParentBoothID=&ListByBooth=true&BoothID=105100
Top Patents,2093,,"Netanya,",Israel,www.top-patents.com,,,https://s23.a2zinc.net/clients/tmg/tpe20/Public/eBooth.aspx?IndexInList=349&FromPage=Exhibitors.aspx&ParentBoothID=&ListByBooth=true&BoothID=105256
"Topper Cigar Company, Inc.",2002,,"Meriden,",United States,toppercigars.com,,,https://s23.a2zinc.net/clients/tmg/tpe20/Public/eBooth.aspx?IndexInList=350&FromPage=Exhibitors.aspx&ParentBoothID=&ListByBooth=true&BoothID=105088
Truweigh,9018,,"Oak Park,",United States,www.truweigh.com,,,https://s23.a2zinc.net/clients/tmg/tpe20/Public/eBooth.aspx?IndexInList=351&FromPage=Exhibitors.aspx&ParentBoothID=&ListByBooth=true&BoothID=105233
Turning Point Brands,3008,,"Louisville,",United States,http://turningpointbrands.com,,"Accessories – Tobacco Cigars Dry Herb, Wax, & Oil Vaporizers E-Cigarettes E-Liquids Pipes/ Pipe Tobacco RYO / MYO RYO Machines & Tubes Smokeless Tobacco Vapor Accessories",https://s23.a2zinc.net/clients/tmg/tpe20/Public/eBooth.aspx?IndexInList=352&FromPage=Exhibitors.aspx&ParentBoothID=&ListByBooth=true&BoothID=104916
Twist E-Liquids / Daddy's Vapor Distribution,6124,,"Sylmar,",United States,www.daddysvapordistro.com,,,https://s23.a2zinc.net/clients/tmg/tpe20/Public/eBooth.aspx?IndexInList=353&FromPage=Exhibitors.aspx&ParentBoothID=&ListByBooth=true&BoothID=103933
Twist E-Liquids / Daddy's Vapor Distribution,"9121, 9119",,"Sylmar,",United States,www.daddysvapordistro.com,,,https://s23.a2zinc.net/clients/tmg/tpe20/Public/eBooth.aspx?IndexInList=354&FromPage=Exhibitors.aspx&ParentBoothID=&ListByBooth=true&BoothID=104210
ULTIMATE BRANDS,9112,,,United States,www.ultimatebrandsllc.com,,,https://s23.a2zinc.net/clients/tmg/tpe20/Public/eBooth.aspx?IndexInList=355&FromPage=Exhibitors.aspx&ParentBoothID=&ListByBooth=true&BoothID=105114
United Cigar Group,4035,,"TBD,",United States,,,,https://s23.a2zinc.net/clients/tmg/tpe20/Public/eBooth.aspx?IndexInList=356&FromPage=Exhibitors.aspx&ParentBoothID=&ListByBooth=true&BoothID=105528
US Vape Wholesale,7143,,"Los Angeles,",United States,www.usvapewholesale.com,,,https://s23.a2zinc.net/clients/tmg/tpe20/Public/eBooth.aspx?IndexInList=357&FromPage=Exhibitors.aspx&ParentBoothID=&ListByBooth=true&BoothID=104808
Vape Crusaders,3134,,"Roseburg,",United States,www.vapecrusaderspremiumeliquid.com,,,https://s23.a2zinc.net/clients/tmg/tpe20/Public/eBooth.aspx?IndexInList=358&FromPage=Exhibitors.aspx&ParentBoothID=&ListByBooth=true&BoothID=103770
"Vape Of A Kind, Inc / Barista Brew Co",9039,,"san jose,",United States,www.vapeofakind.com,,,https://s23.a2zinc.net/clients/tmg/tpe20/Public/eBooth.aspx?IndexInList=359&FromPage=Exhibitors.aspx&ParentBoothID=&ListByBooth=true&BoothID=104579
Vape Universe,8031,,"LOS ANGELES,",United States,http://www.vapeuniverseusa.com/,,,https://s23.a2zinc.net/clients/tmg/tpe20/Public/eBooth.aspx?IndexInList=360&FromPage=Exhibitors.aspx&ParentBoothID=&ListByBooth=true&BoothID=104559
VAPETALK ELECTRONIC TECHNOLOGY (SHENZHEN) COMPANY LIMITED,1107,,"Xiamen,",China,http://www.cigaresso.com,,E-Cigarettes,https://s23.a2zinc.net/clients/tmg/tpe20/Public/eBooth.aspx?IndexInList=361&FromPage=Exhibitors.aspx&ParentBoothID=&ListByBooth=true&BoothID=103655
Vapetasia,1163,,"las vegas,",United States,http://vapetasia.com,,CBD Product E-Liquids,https://s23.a2zinc.net/clients/tmg/tpe20/Public/eBooth.aspx?IndexInList=362&FromPage=Exhibitors.aspx&ParentBoothID=&ListByBooth=true&BoothID=105288
VAPMOR,3119,,"Xiamen,",China,http://www.vapmor.com,,Cigarette Accessories E-Cigarettes Vapor Accessories,https://s23.a2zinc.net/clients/tmg/tpe20/Public/eBooth.aspx?IndexInList=363&FromPage=Exhibitors.aspx&ParentBoothID=&ListByBooth=true&BoothID=103760
Vaporesso,8089,,"Shenzhen,",China,http://www.vaporesso.com,,E-Cigarettes Mods Tanks Vapor Accessories,https://s23.a2zinc.net/clients/tmg/tpe20/Public/eBooth.aspx?IndexInList=364&FromPage=Exhibitors.aspx&ParentBoothID=&ListByBooth=true&BoothID=104028
VaporTech VAPO,4145,,"Phoenix,",United States,www.vaportechusa.com,,,https://s23.a2zinc.net/clients/tmg/tpe20/Public/eBooth.aspx?IndexInList=365&FromPage=Exhibitors.aspx&ParentBoothID=&ListByBooth=true&BoothID=104714
"Vaptio, Inc.",7001,,"SHENZHEN,",China,http://www.vaptio.com,,Cigarette Accessories E-Cigarettes Vapor Accessories,https://s23.a2zinc.net/clients/tmg/tpe20/Public/eBooth.aspx?IndexInList=366&FromPage=Exhibitors.aspx&ParentBoothID=&ListByBooth=true&BoothID=104496
VECTOR KGM INDUSTRIES CO,1025,,"Los Angeles,",United States,www.vectorkgm.com,,,https://s23.a2zinc.net/clients/tmg/tpe20/Public/eBooth.aspx?IndexInList=367&FromPage=Exhibitors.aspx&ParentBoothID=&ListByBooth=true&BoothID=105038
VEIIK,9142,,"Shenzhen,",China,www.veiik.com,,,https://s23.a2zinc.net/clients/tmg/tpe20/Public/eBooth.aspx?IndexInList=368&FromPage=Exhibitors.aspx&ParentBoothID=&ListByBooth=true&BoothID=104859
Velxtech,9013,,"Shenzhen,",China,http://velxtech.com,,,https://s23.a2zinc.net/clients/tmg/tpe20/Public/eBooth.aspx?IndexInList=369&FromPage=Exhibitors.aspx&ParentBoothID=&ListByBooth=true&BoothID=104065
Ventura Cigar,4083,,"Moorpark,",United States,http://venturacigar.com,,Accessories – Tobacco Cigars Pipes/ Pipe Tobacco,https://s23.a2zinc.net/clients/tmg/tpe20/Public/eBooth.aspx?IndexInList=370&FromPage=Exhibitors.aspx&ParentBoothID=&ListByBooth=true&BoothID=105150
Veratad,4184,,"teaneck,",United States,http://Veratad.com,,Software,https://s23.a2zinc.net/clients/tmg/tpe20/Public/eBooth.aspx?IndexInList=371&FromPage=Exhibitors.aspx&ParentBoothID=&ListByBooth=true&BoothID=105363
VERITAS FARMS,1169,,"Miramar,",United States,www.theveritasfarms.com,,,https://s23.a2zinc.net/clients/tmg/tpe20/Public/eBooth.aspx?IndexInList=372&FromPage=Exhibitors.aspx&ParentBoothID=&ListByBooth=true&BoothID=105291
VICARIAS CIGARS,4035,,"Fairfield,",United States,www.trejcigars.com,,,https://s23.a2zinc.net/clients/tmg/tpe20/Public/eBooth.aspx?IndexInList=373&FromPage=Exhibitors.aspx&ParentBoothID=&ListByBooth=true&BoothID=105531
VILLIGER NORTH AMERICA,4047,,"MIAMI,",United States,http://villigercigars.com/,,,https://s23.a2zinc.net/clients/tmg/tpe20/Public/eBooth.aspx?IndexInList=374&FromPage=Exhibitors.aspx&ParentBoothID=&ListByBooth=true&BoothID=104430
Visol Private Label Cigar Accessories,1009,,"Plano,",United States,http://www.VisolProducts.com,,Accessories – Tobacco Cigarette Accessories Cigars Gift Items Humidors / Humidifiers Lighters,https://s23.a2zinc.net/clients/tmg/tpe20/Public/eBooth.aspx?IndexInList=375&FromPage=Exhibitors.aspx&ParentBoothID=&ListByBooth=true&BoothID=105056
Voedsel Tobacco International,1091,,"Harare,",Zimbabwe,www.voedseltobacco.com,,,https://s23.a2zinc.net/clients/tmg/tpe20/Public/eBooth.aspx?IndexInList=376&FromPage=Exhibitors.aspx&ParentBoothID=&ListByBooth=true&BoothID=105259
VOOPOO,7009,,"Xiamen,",China,www.voopootech.com,,,https://s23.a2zinc.net/clients/tmg/tpe20/Public/eBooth.aspx?IndexInList=377&FromPage=Exhibitors.aspx&ParentBoothID=&ListByBooth=true&BoothID=103946
VPR Collection / The Mamasan,8083,,"City of Industry,",United States,www.skwezed.com,,,https://s23.a2zinc.net/clients/tmg/tpe20/Public/eBooth.aspx?IndexInList=378&FromPage=Exhibitors.aspx&ParentBoothID=&ListByBooth=true&BoothID=104286
Waxmaid,1112,,"Dongguan,",China,www.waxmaidstore.com,,,https://s23.a2zinc.net/clients/tmg/tpe20/Public/eBooth.aspx?IndexInList=379&FromPage=Exhibitors.aspx&ParentBoothID=&ListByBooth=true&BoothID=103659
Weighmax Group,6185,,"City Of Industry,",United States,http://www.weighmax.com/,,,https://s23.a2zinc.net/clients/tmg/tpe20/Public/eBooth.aspx?IndexInList=380&FromPage=Exhibitors.aspx&ParentBoothID=&ListByBooth=true&BoothID=105405
Wellgenix,5180,,"Tempe,",United States,http://www.wellgenixhealth.com,,CBD Product Detox,https://s23.a2zinc.net/clients/tmg/tpe20/Public/eBooth.aspx?IndexInList=381&FromPage=Exhibitors.aspx&ParentBoothID=&ListByBooth=true&BoothID=105375
Whip-It!,8184,,"South San Francisco,",United States,www.whipitbrand.com,,,https://s23.a2zinc.net/clients/tmg/tpe20/Public/eBooth.aspx?IndexInList=382&FromPage=Exhibitors.aspx&ParentBoothID=&ListByBooth=true&BoothID=105468
White Lab LLC,5185,,"Hollywood,",United States,,,,https://s23.a2zinc.net/clients/tmg/tpe20/Public/eBooth.aspx?IndexInList=383&FromPage=Exhibitors.aspx&ParentBoothID=&ListByBooth=true&BoothID=105391
white rabbit,1132,,"west pittston,",United States,whiterabbitleaf.com,,,https://s23.a2zinc.net/clients/tmg/tpe20/Public/eBooth.aspx?IndexInList=384&FromPage=Exhibitors.aspx&ParentBoothID=&ListByBooth=true&BoothID=104143
White Rhino,8011,,"Draper ,",United States,www.whiterhinoproducts.com,,,https://s23.a2zinc.net/clients/tmg/tpe20/Public/eBooth.aspx?IndexInList=385&FromPage=Exhibitors.aspx&ParentBoothID=&ListByBooth=true&BoothID=104934
William R Seide Agency LLC,3058,,"Pompton Plains,",United States,http://www.wrsagency.com,,Accessories – Tobacco Cigarettes Cigars E-Cigarettes E-Liquids Hookah Tobacco Hookah Pipes Insurance Vapor Accessories,https://s23.a2zinc.net/clients/tmg/tpe20/Public/eBooth.aspx?IndexInList=386&FromPage=Exhibitors.aspx&ParentBoothID=&ListByBooth=true&BoothID=105090
Wind River Sales & Distribution,2030,,"Glen Allen,",United States,http://www.windrivertobacco.com,,Cigarettes Cigars Pipes/ Pipe Tobacco RYO Machines & Tubes,https://s23.a2zinc.net/clients/tmg/tpe20/Public/eBooth.aspx?IndexInList=387&FromPage=Exhibitors.aspx&ParentBoothID=&ListByBooth=true&BoothID=105031
WINTEL,9107,,"Dongguan,",China,www.wintel.com.cn,,,https://s23.a2zinc.net/clients/tmg/tpe20/Public/eBooth.aspx?IndexInList=388&FromPage=Exhibitors.aspx&ParentBoothID=&ListByBooth=true&BoothID=105200
"Wolfgang Enterprise, Inc",9135,,"Ontario,",United States,http://fhpkg.com,,E-Liquids,https://s23.a2zinc.net/clients/tmg/tpe20/Public/eBooth.aspx?IndexInList=389&FromPage=Exhibitors.aspx&ParentBoothID=&ListByBooth=true&BoothID=104128
Xcaliber International,4051,,"Pryor,",United States,,,Cigarettes Cigars Pipes/ Pipe Tobacco,https://s23.a2zinc.net/clients/tmg/tpe20/Public/eBooth.aspx?IndexInList=390&FromPage=Exhibitors.aspx&ParentBoothID=&ListByBooth=true&BoothID=103790
Xpress Gear LLC,7183,,"Norcross,",United States,www.xpressgear.com,,,https://s23.a2zinc.net/clients/tmg/tpe20/Public/eBooth.aspx?IndexInList=391&FromPage=Exhibitors.aspx&ParentBoothID=&ListByBooth=true&BoothID=105440
Xvape,9103,,"Pamona,",United States,http://www.xvapeusa.com,,"Batteries Dry Herb, Wax, & Oil Vaporizers Vapor Accessories",https://s23.a2zinc.net/clients/tmg/tpe20/Public/eBooth.aspx?IndexInList=392&FromPage=Exhibitors.aspx&ParentBoothID=&ListByBooth=true&BoothID=105198
"Zhenjiang Mok Electronic Cigarette Technology Co., Ltd.",9079,,"Xiamen,",China,www.mok-eciga.com,,,https://s23.a2zinc.net/clients/tmg/tpe20/Public/eBooth.aspx?IndexInList=393&FromPage=Exhibitors.aspx&ParentBoothID=&ListByBooth=true&BoothID=104093
"Zhongshan Famous Exhibition Acrylic Products Co., Ltd.",9037,,"Xiamen,",China,www.furuiexpo.com,,,https://s23.a2zinc.net/clients/tmg/tpe20/Public/eBooth.aspx?IndexInList=394&FromPage=Exhibitors.aspx&ParentBoothID=&ListByBooth=true&BoothID=104577
Zico USA Inc,1068,,"Brea,",United States,http://www.powermaticinjector.com            www.zicolighter.com,,Lighters RYO / MYO RYO Machines & Tubes,https://s23.a2zinc.net/clients/tmg/tpe20/Public/eBooth.aspx?IndexInList=395&FromPage=Exhibitors.aspx&ParentBoothID=&ListByBooth=true&BoothID=103633
ZiipLab,1140,,"Plainview,",United States,www.ziiplab.com,,,https://s23.a2zinc.net/clients/tmg/tpe20/Public/eBooth.aspx?IndexInList=396&FromPage=Exhibitors.aspx&ParentBoothID=&ListByBooth=true&BoothID=104150
Zippo Manufacturing Company,3092,,"Bradford,",United States,http://www.zippo.com,,Cigarette Accessories General Merchandise Lighters Novelty & Seasonal Accessories – Tobacco,https://s23.a2zinc.net/clients/tmg/tpe20/Public/eBooth.aspx?IndexInList=397&FromPage=Exhibitors.aspx&ParentBoothID=&ListByBooth=true&BoothID=105546
