Name,Booth_no,Address,City,Country,website,Contact_no,product,url
3M Renewable Solutions,1101,,"Austin,",United States,http://3m.com/wind,,"Component Processing/ManufacturingManufacturing Service (Heat Treatment, Stress Relieving, Inspection Services, Coatings, Grinding)",https://s23.a2zinc.net/clients/awea/wp20/Public/eBooth.aspx?IndexInList=0&FromPage=Exhibitors.aspx&ParentBoothID=&ListByBooth=true&BoothID=113938
3S Americas,537,,"Beijing,",China,,,"Component Processing/ManufacturingManufacturing Service (Heat Treatment, Stress Relieving, Inspection Services, Coatings, Grinding)",https://s23.a2zinc.net/clients/awea/wp20/Public/eBooth.aspx?IndexInList=1&FromPage=Exhibitors.aspx&ParentBoothID=&ListByBooth=true&BoothID=117174
Aeris Services LLC,1267,,"The Woodlands,",United States,,,,https://s23.a2zinc.net/clients/awea/wp20/Public/eBooth.aspx?IndexInList=2&FromPage=Exhibitors.aspx&ParentBoothID=&ListByBooth=true&BoothID=114046
"Aggreko, LLC",2022,,"Houston,",United States,http://www.aggreko.com,,Components/SupplierElectrical Components Electrical Components - Generators,https://s23.a2zinc.net/clients/awea/wp20/Public/eBooth.aspx?IndexInList=3&FromPage=Exhibitors.aspx&ParentBoothID=&ListByBooth=true&BoothID=117278
AmePower -Solutions in Power Electronics,"841, 940",,"Miami,",United States,https://www.AmePower.com/wind-power,,Distributed WindPower Electronics Integrators/Installers Inverters,https://s23.a2zinc.net/clients/awea/wp20/Public/eBooth.aspx?IndexInList=4&FromPage=Exhibitors.aspx&ParentBoothID=&ListByBooth=true&BoothID=117816
American Allnumeric,975,,"Irvine,",United States,,,,https://s23.a2zinc.net/clients/awea/wp20/Public/eBooth.aspx?IndexInList=5&FromPage=Exhibitors.aspx&ParentBoothID=&ListByBooth=true&BoothID=113844
American Wind Energy Association - AWEA,1201,,"Washington,",United States,http://www.awea.org,,Associations/InstitutionsAssociations and Institutions,https://s23.a2zinc.net/clients/awea/wp20/Public/eBooth.aspx?IndexInList=6&FromPage=Exhibitors.aspx&ParentBoothID=&ListByBooth=true&BoothID=114016
American Wind Energy Association - AWEA,1213,,"Washington,",United States,http://www.awea.org,,Associations/InstitutionsAssociations and Institutions,https://s23.a2zinc.net/clients/awea/wp20/Public/eBooth.aspx?IndexInList=7&FromPage=Exhibitors.aspx&ParentBoothID=&ListByBooth=true&BoothID=116527
AMERICAN WIRE GROUP,1046,,"MIAMI,",United States,http://www.buyawg.com,,Components/SupplierElectrical Components - Cables/Lines/Cabling,https://s23.a2zinc.net/clients/awea/wp20/Public/eBooth.aspx?IndexInList=8&FromPage=Exhibitors.aspx&ParentBoothID=&ListByBooth=true&BoothID=117132
AMSOIL INC,931,,"Superior,",United States,http://www.amsoilwind.com/,,Operations & MaintenanceLubricants,https://s23.a2zinc.net/clients/awea/wp20/Public/eBooth.aspx?IndexInList=9&FromPage=Exhibitors.aspx&ParentBoothID=&ListByBooth=true&BoothID=113808
AP Sensing,1581,,"Houston,",United States,http://www.apsensing.com,,Components/SupplierElectrical Components - Condition Monitoring Systems,https://s23.a2zinc.net/clients/awea/wp20/Public/eBooth.aspx?IndexInList=10&FromPage=Exhibitors.aspx&ParentBoothID=&ListByBooth=true&BoothID=117054
Applied Industrial Technologies,1231,,"Cleveland,",United States,http://www.applied.com,,Components/SupplierElectrical Components Electrical Components - Generators Electrical Components - Slip Rings Hydraulic Components Hydraulic Components - Filters Hydraulic Components - Pumps Hydraulic Components - Seals Hydraulic Components - Valves Mechanical Components Mechanical Components - Bearings Mechanical Components - Bolts and Fasteners Mechanical Components - Braking Systems Mechanical Components - Couplings Mechanical Components - Gearboxes Mechanical Components - Hubs Mechanical Components - Main Shafts Mechanical Components - Pitch Systems Mechanical Components - Rotor Blades Mechanical Components - Yaw Systems,https://s23.a2zinc.net/clients/awea/wp20/Public/eBooth.aspx?IndexInList=11&FromPage=Exhibitors.aspx&ParentBoothID=&ListByBooth=true&BoothID=114032
ArcVera Renewables,959,,"Golden,",United States,,,,https://s23.a2zinc.net/clients/awea/wp20/Public/eBooth.aspx?IndexInList=12&FromPage=Exhibitors.aspx&ParentBoothID=&ListByBooth=true&BoothID=113832
Atlas Copco Tools & Assembly Systems,2001,,"Auburn Hills,",United States,https://www.atlascopco.com/en-us/itba/industry-solutions/Energy/Windenergy,,"Component Processing/ManufacturingMachining/Cutting/Tooling Manufacturing Service (Heat Treatment, Stress Relieving, Inspection Services, Coatings, Grinding)",https://s23.a2zinc.net/clients/awea/wp20/Public/eBooth.aspx?IndexInList=13&FromPage=Exhibitors.aspx&ParentBoothID=&ListByBooth=true&BoothID=117109
ATS Projects,1711,,"Saint Cloud,",United States,http://www.atsinc.com,,"TransportationWarehousing/Storage/Laydown Ports and Port Technology - Port Logistics Shipping (Transoceanic, Barge) Trucking",https://s23.a2zinc.net/clients/awea/wp20/Public/eBooth.aspx?IndexInList=14&FromPage=Exhibitors.aspx&ParentBoothID=&ListByBooth=true&BoothID=114376
"Avid Controls, Inc.",1609,,"Waller,",United States,http://www.avidcontrolsinc.com,,Components/SupplierElectrical Components,https://s23.a2zinc.net/clients/awea/wp20/Public/eBooth.aspx?IndexInList=15&FromPage=Exhibitors.aspx&ParentBoothID=&ListByBooth=true&BoothID=114300
AWS Truepower LLC,603,,"Albany,",United States,http://www.ul.com/Renewables,,,https://s23.a2zinc.net/clients/awea/wp20/Public/eBooth.aspx?IndexInList=16&FromPage=Exhibitors.aspx&ParentBoothID=&ListByBooth=true&BoothID=113543
Aztec Bolting Services Inc.,667,,"League City,",United States,http://www.aztecbolting.com,,,https://s23.a2zinc.net/clients/awea/wp20/Public/eBooth.aspx?IndexInList=17&FromPage=Exhibitors.aspx&ParentBoothID=&ListByBooth=true&BoothID=113603
Bachmann electronic GmbH,729,,"Feldkirch,",Austria,http://www.bachmann.info,,Components/SupplierElectrical Components Electrical Components - Condition Monitoring Systems Electrical Components - Software,https://s23.a2zinc.net/clients/awea/wp20/Public/eBooth.aspx?IndexInList=18&FromPage=Exhibitors.aspx&ParentBoothID=&ListByBooth=true&BoothID=117221
Barnhart Renewables,1955,,"Knoxville,",United States,http://www.barnhartrenewables.com,,,https://s23.a2zinc.net/clients/awea/wp20/Public/eBooth.aspx?IndexInList=19&FromPage=Exhibitors.aspx&ParentBoothID=&ListByBooth=true&BoothID=114571
Barr Engineering Co.,1910,,"Minneapolis,",United States,http://www.barr.com,,Project Development & PlanningConsulting - Geotechnical Consulting Engineering - Foundation Engineering Siting and Environmental Compliance - Environmental Compliance,https://s23.a2zinc.net/clients/awea/wp20/Public/eBooth.aspx?IndexInList=20&FromPage=Exhibitors.aspx&ParentBoothID=&ListByBooth=true&BoothID=116675
"Barr Fabrication Field Services, LLC",811,,"Brownwood,",United States,http://www.barrfab.com/,,"Component Processing/ManufacturingFabricating Machining/Cutting/Tooling Manufacturing Service (Heat Treatment, Stress Relieving, Inspection Services, Coatings, Grinding) Welding",https://s23.a2zinc.net/clients/awea/wp20/Public/eBooth.aspx?IndexInList=21&FromPage=Exhibitors.aspx&ParentBoothID=&ListByBooth=true&BoothID=113710
"BayWa r.e. Wind, LLC",1801,,"San Diego,",United States,http://www.baywa-re.us,,Operations & MaintenanceTechnical Operation Management - Maintenance,https://s23.a2zinc.net/clients/awea/wp20/Public/eBooth.aspx?IndexInList=22&FromPage=Exhibitors.aspx&ParentBoothID=&ListByBooth=true&BoothID=114446
BazeField AS,911,,"San Diego,",United States,http://www.bazefield.com,,Operations & MaintenanceO&M Tools Technical Operation Management Technical Operation Management - Maintenance Technical Operation Management - Monitoring,https://s23.a2zinc.net/clients/awea/wp20/Public/eBooth.aspx?IndexInList=23&FromPage=Exhibitors.aspx&ParentBoothID=&ListByBooth=true&BoothID=113790
BGB Technology Inc,2145,,"Richmond,",United States,http://www.bgbtechnology.com,,Components/SupplierElectrical Components - Slip Rings Hydraulic Components,https://s23.a2zinc.net/clients/awea/wp20/Public/eBooth.aspx?IndexInList=24&FromPage=Exhibitors.aspx&ParentBoothID=&ListByBooth=true&BoothID=117014
Bigge Crane and Rigging Co.,2007,,"San Leandro,",United States,http://www.bigge.com,,Utility/Grid OperationStorage,https://s23.a2zinc.net/clients/awea/wp20/Public/eBooth.aspx?IndexInList=25&FromPage=Exhibitors.aspx&ParentBoothID=&ListByBooth=true&BoothID=117112
"Bishop Lifting Products, Inc.",419,,"Houston,",United States,http://www.lifting.com,,Components/SupplierTowers - Lifts,https://s23.a2zinc.net/clients/awea/wp20/Public/eBooth.aspx?IndexInList=26&FromPage=Exhibitors.aspx&ParentBoothID=&ListByBooth=true&BoothID=113400
BladeEdge,1780,,"Grand Forks,",United States,http://edgedata.net,,,https://s23.a2zinc.net/clients/awea/wp20/Public/eBooth.aspx?IndexInList=27&FromPage=Exhibitors.aspx&ParentBoothID=&ListByBooth=true&BoothID=117064
Bladefence Canada Ltd.,1877,,"Toronto,",Canada,http://www.bladefence.com,,Components/SupplierBlades Mechanical Components - Rotor Blades,https://s23.a2zinc.net/clients/awea/wp20/Public/eBooth.aspx?IndexInList=28&FromPage=Exhibitors.aspx&ParentBoothID=&ListByBooth=true&BoothID=114513
Bruel & Kjaer Vibro A/S,459,,"Naerum,",Denmark,https://www.bkvibro.com/en/condition-monitoring/wind-turbines.html,,Components/SupplierElectrical Components - Condition Monitoring Systems,https://s23.a2zinc.net/clients/awea/wp20/Public/eBooth.aspx?IndexInList=29&FromPage=Exhibitors.aspx&ParentBoothID=&ListByBooth=true&BoothID=116746
C Speed,553,,"Liverpool,",United States,http://www.lightwaveradar.com/,,"Project Development & PlanningSiting and Environmental Compliance - Siting Equipment (Radar, Detection Devices, Deterrent Devices)",https://s23.a2zinc.net/clients/awea/wp20/Public/eBooth.aspx?IndexInList=30&FromPage=Exhibitors.aspx&ParentBoothID=&ListByBooth=true&BoothID=117269
"Campbell Scientific, Inc.",1901,,"Logan,",United States,http://www.campbellsci.com,,Components/SupplierElectrical Components - Condition Monitoring Systems,https://s23.a2zinc.net/clients/awea/wp20/Public/eBooth.aspx?IndexInList=31&FromPage=Exhibitors.aspx&ParentBoothID=&ListByBooth=true&BoothID=114525
CanACRE,2074,,"Williamsville,",United States,http://www.canacre.com,,Project Development & PlanningConsulting,https://s23.a2zinc.net/clients/awea/wp20/Public/eBooth.aspx?IndexInList=32&FromPage=Exhibitors.aspx&ParentBoothID=&ListByBooth=true&BoothID=114664
Capps Van & Truck Rental,1937,,"Dallas,",United States,http://www.gocapps.com,,TransportationTrucking,https://s23.a2zinc.net/clients/awea/wp20/Public/eBooth.aspx?IndexInList=33&FromPage=Exhibitors.aspx&ParentBoothID=&ListByBooth=true&BoothID=114557
Castrol Industrial,1447,,"Wayne,",United States,http://www.castrol.com/windenergy,,Operations & MaintenanceLubricants,https://s23.a2zinc.net/clients/awea/wp20/Public/eBooth.aspx?IndexInList=34&FromPage=Exhibitors.aspx&ParentBoothID=&ListByBooth=true&BoothID=114174
Clark Bros. Inc.,1683,,"Fresno,",United States,http://www.clarkbrosinc.com,,ConstructionCivil & Site Work Contractor Foundation Contractor General Contractor,https://s23.a2zinc.net/clients/awea/wp20/Public/eBooth.aspx?IndexInList=35&FromPage=Exhibitors.aspx&ParentBoothID=&ListByBooth=true&BoothID=117506
Clir Renewables,781,,"Vancouver,",Canada,http://www.clir.eco,,Operations & MaintenanceTechnical Operation Management - Repowering O&M Tools Technical Operation Management - Repairs Technical Operation Management Technical Operation Management - Maintenance Technical Operation Management - Monitoring,https://s23.a2zinc.net/clients/awea/wp20/Public/eBooth.aspx?IndexInList=36&FromPage=Exhibitors.aspx&ParentBoothID=&ListByBooth=true&BoothID=117302
Composites One,526,,"Arlington Heights,",United States,http://www.compositesone.com,,Operations & MaintenanceSafety - Personal Protection Equipment,https://s23.a2zinc.net/clients/awea/wp20/Public/eBooth.aspx?IndexInList=37&FromPage=Exhibitors.aspx&ParentBoothID=&ListByBooth=true&BoothID=117181
Consertek,1431,,"Plattsburgh,",United States,http://www.consertek.ca,,Component Processing/ManufacturingFabricating,https://s23.a2zinc.net/clients/awea/wp20/Public/eBooth.aspx?IndexInList=38&FromPage=Exhibitors.aspx&ParentBoothID=&ListByBooth=true&BoothID=117254
Contract Land Staff,564,,"Sugar Land,",United States,http://www.contractlandstaff.com,,* Special Categories* Demos Available,https://s23.a2zinc.net/clients/awea/wp20/Public/eBooth.aspx?IndexInList=39&FromPage=Exhibitors.aspx&ParentBoothID=&ListByBooth=true&BoothID=113518
"Cooper and Turner Industries, Inc.",1007,,"Denver,",United States,http://www.cooperandturner-usa.com,,Components/SupplierMechanical Components - Bolts and Fasteners,https://s23.a2zinc.net/clients/awea/wp20/Public/eBooth.aspx?IndexInList=40&FromPage=Exhibitors.aspx&ParentBoothID=&ListByBooth=true&BoothID=113864
Cortland Company,875,,"Houston,",United States,http://www.cortlandcompany.com,,Components/SupplierTowers - Lifts,https://s23.a2zinc.net/clients/awea/wp20/Public/eBooth.aspx?IndexInList=41&FromPage=Exhibitors.aspx&ParentBoothID=&ListByBooth=true&BoothID=113764
Dakota Riggers & Tool,1100,,"Sioux Falls,",United States,http://www.dakotariggers.com,,,https://s23.a2zinc.net/clients/awea/wp20/Public/eBooth.aspx?IndexInList=42&FromPage=Exhibitors.aspx&ParentBoothID=&ListByBooth=true&BoothID=113935
Danish Wind Export Association,"1637, 1627, 1727, 1737, 1827, 1839",,"Silkeborg,",Denmark,http://www.dwea.dk,,Associations/InstitutionsAssociations and Institutions,https://s23.a2zinc.net/clients/awea/wp20/Public/eBooth.aspx?IndexInList=43&FromPage=Exhibitors.aspx&ParentBoothID=&ListByBooth=true&BoothID=114319
Dellner Bubenzer,939,,"Spring,",United States,http://www.dellner-brakes.com/wind/,,Components/SupplierMechanical Components - Braking Systems Mechanical Components - Couplings Mechanical Components - Yaw Systems,https://s23.a2zinc.net/clients/awea/wp20/Public/eBooth.aspx?IndexInList=44&FromPage=Exhibitors.aspx&ParentBoothID=&ListByBooth=true&BoothID=113814
Department of Energy (DOE) Wind Program,901,,"Washington,",United States,http://wind.energy.gov,,GovernmentFederal Agencies,https://s23.a2zinc.net/clients/awea/wp20/Public/eBooth.aspx?IndexInList=45&FromPage=Exhibitors.aspx&ParentBoothID=&ListByBooth=true&BoothID=113780
Dewesoft LLC,469,,"Whitehouse,",United States,http://www.dewesoft.com,,Operations & MaintenanceTechnical Operation Management - Maintenance Technical Operation Management - Monitoring,https://s23.a2zinc.net/clients/awea/wp20/Public/eBooth.aspx?IndexInList=46&FromPage=Exhibitors.aspx&ParentBoothID=&ListByBooth=true&BoothID=113444
DEX,1775,,"Camarillo,",United States,http://www.dex.com,,Components/SupplierElectrical Components,https://s23.a2zinc.net/clients/awea/wp20/Public/eBooth.aspx?IndexInList=47&FromPage=Exhibitors.aspx&ParentBoothID=&ListByBooth=true&BoothID=114430
DNV GL,1501,,"Seattle,",United States,https://www.dnvgl.com/energy,,Operations & MaintenanceO&M Tools,https://s23.a2zinc.net/clients/awea/wp20/Public/eBooth.aspx?IndexInList=48&FromPage=Exhibitors.aspx&ParentBoothID=&ListByBooth=true&BoothID=114210
Double-k Towers,1557,,"Chicago,",United States,http://www.double-k-usa.com,,Resource Assessment/Wind ForecastingForecasting Services Resource Assessment Equipment Resource Assessment Services,https://s23.a2zinc.net/clients/awea/wp20/Public/eBooth.aspx?IndexInList=49&FromPage=Exhibitors.aspx&ParentBoothID=&ListByBooth=true&BoothID=117105
EDF Renewables,1817,,"San Diego,",United States,http://www.edf-re.com,,Operations & MaintenanceTechnical Operation Management - Repowering Technical Operation Management - Maintenance Technical Operation Management - Repairs Technical Operation Management - Monitoring Technical Operation Management,https://s23.a2zinc.net/clients/awea/wp20/Public/eBooth.aspx?IndexInList=50&FromPage=Exhibitors.aspx&ParentBoothID=&ListByBooth=true&BoothID=114542
"Electrical Consultants, Inc.",1974,,"Billings,",United States,http://www.electricalconsultantsinc.com,,Project Development & PlanningConsulting Engineering - Electrical Engineering,https://s23.a2zinc.net/clients/awea/wp20/Public/eBooth.aspx?IndexInList=51&FromPage=Exhibitors.aspx&ParentBoothID=&ListByBooth=true&BoothID=114584
EMA Electromechanics LLC,1131,,"Sweetwater,",United States,http://www.emaelectromechanics.com,,,https://s23.a2zinc.net/clients/awea/wp20/Public/eBooth.aspx?IndexInList=52&FromPage=Exhibitors.aspx&ParentBoothID=&ListByBooth=true&BoothID=113964
ENDIPREV,1037,,"Texas,",United States,http://www.endiprev.com,,* Special Categories* Exhibitor Green Team,https://s23.a2zinc.net/clients/awea/wp20/Public/eBooth.aspx?IndexInList=53&FromPage=Exhibitors.aspx&ParentBoothID=&ListByBooth=true&BoothID=113888
Energy Acuity,1268,,"Denver,",United States,http://www.energyacuity.com,,Project Development & PlanningConsulting,https://s23.a2zinc.net/clients/awea/wp20/Public/eBooth.aspx?IndexInList=54&FromPage=Exhibitors.aspx&ParentBoothID=&ListByBooth=true&BoothID=114045
ENGIE North America,701,,"Houston,",United States,http://www.engie-na.com,,Operations & MaintenanceTechnical Operation Management,https://s23.a2zinc.net/clients/awea/wp20/Public/eBooth.aspx?IndexInList=55&FromPage=Exhibitors.aspx&ParentBoothID=&ListByBooth=true&BoothID=113624
Ensemble Energy,1454,,"Palo Alto,",United States,http://ensembleenergy.ai,,Operations & MaintenanceO&M Tools Technical Operation Management Technical Operation Management - Maintenance Technical Operation Management - Repairs Technical Operation Management - Monitoring,https://s23.a2zinc.net/clients/awea/wp20/Public/eBooth.aspx?IndexInList=56&FromPage=Exhibitors.aspx&ParentBoothID=&ListByBooth=true&BoothID=116651
"Epsilon Associates, Inc.",1874,,"Maynard,",United States,http://www.epsilonassociates.com,,Project Development & PlanningConsulting Siting and Environmental Compliance,https://s23.a2zinc.net/clients/awea/wp20/Public/eBooth.aspx?IndexInList=57&FromPage=Exhibitors.aspx&ParentBoothID=&ListByBooth=true&BoothID=114508
Ernst Schad GmbH,972,,"Dortmund,",Germany,http://www.ernst-schad.de,,"Component Processing/ManufacturingGear Manufacturing Machining/Cutting/Tooling Manufacturing Service (Heat Treatment, Stress Relieving, Inspection Services, Coatings, Grinding)",https://s23.a2zinc.net/clients/awea/wp20/Public/eBooth.aspx?IndexInList=58&FromPage=Exhibitors.aspx&ParentBoothID=&ListByBooth=true&BoothID=117213
Express 4x4 Truck Rental,1701,,"Hatboro,",United States,http://www.express4x4truckrental.com,,,https://s23.a2zinc.net/clients/awea/wp20/Public/eBooth.aspx?IndexInList=59&FromPage=Exhibitors.aspx&ParentBoothID=&ListByBooth=true&BoothID=114366
"Fagen, Inc.",1325,,"Granite Falls,",United States,http://www.fageninc.com,,ConstructionCivil & Site Work Contractor Foundation Contractor General Contractor Heavy Lift and Assembly Electrical Contractor,https://s23.a2zinc.net/clients/awea/wp20/Public/eBooth.aspx?IndexInList=60&FromPage=Exhibitors.aspx&ParentBoothID=&ListByBooth=true&BoothID=113958
"Fischer Block, Inc.",1347,,"West Chester,",United States,,,,https://s23.a2zinc.net/clients/awea/wp20/Public/eBooth.aspx?IndexInList=61&FromPage=Exhibitors.aspx&ParentBoothID=&ListByBooth=true&BoothID=117516
Flash Technology,1579,,"Franklin,",United States,https://www.flashtechnology.com,,Components/SupplierElectrical Components - Lighting,https://s23.a2zinc.net/clients/awea/wp20/Public/eBooth.aspx?IndexInList=62&FromPage=Exhibitors.aspx&ParentBoothID=&ListByBooth=true&BoothID=114279
Fluid Life,1039,,"Bloomington,",United States,,,Operations & MaintenanceLubricants Technical Operation Management - Monitoring,https://s23.a2zinc.net/clients/awea/wp20/Public/eBooth.aspx?IndexInList=63&FromPage=Exhibitors.aspx&ParentBoothID=&ListByBooth=true&BoothID=113890
"FUCHS LUBRITECH, a division of Fuchs Lubricants Co.",509,,"Harvey,",United States,http://www.fuchs.com,,Operations & MaintenanceLubricants,https://s23.a2zinc.net/clients/awea/wp20/Public/eBooth.aspx?IndexInList=64&FromPage=Exhibitors.aspx&ParentBoothID=&ListByBooth=true&BoothID=113473
Fusion Inc,964,,"Houston,",United States,http://www.fusionhouston.com,,"Component Processing/ManufacturingMachining/Cutting/Tooling Manufacturing Service (Heat Treatment, Stress Relieving, Inspection Services, Coatings, Grinding)",https://s23.a2zinc.net/clients/awea/wp20/Public/eBooth.aspx?IndexInList=65&FromPage=Exhibitors.aspx&ParentBoothID=&ListByBooth=true&BoothID=113835
GERMAN PAVILION,"1437, 1539",,"Rockport,",United States,http://www.mcnabbmarketing.com,,,https://s23.a2zinc.net/clients/awea/wp20/Public/eBooth.aspx?IndexInList=66&FromPage=Exhibitors.aspx&ParentBoothID=&ListByBooth=true&BoothID=114166
GEXPRO SERVICES,1276,,"Irving,",United States,http://gexproservices.com,,Component Processing/ManufacturingFabricating Forging Machining/Cutting/Tooling,https://s23.a2zinc.net/clients/awea/wp20/Public/eBooth.aspx?IndexInList=67&FromPage=Exhibitors.aspx&ParentBoothID=&ListByBooth=true&BoothID=114052
"GlobalTech Motor & Controls, Inc.",1076,,"Houston,",United States,http://www.globaltechmotors.com,,Components/SupplierElectrical Components - Cooling/Ventilation Electrical Components - Generators,https://s23.a2zinc.net/clients/awea/wp20/Public/eBooth.aspx?IndexInList=68&FromPage=Exhibitors.aspx&ParentBoothID=&ListByBooth=true&BoothID=113923
GME Supply Co.,1481,,"Columbia,",United States,,,Components/SupplierElectrical Components - Generators Electrical Components - Lighting Towers - Climb Assists,https://s23.a2zinc.net/clients/awea/wp20/Public/eBooth.aspx?IndexInList=69&FromPage=Exhibitors.aspx&ParentBoothID=&ListByBooth=true&BoothID=117049
Greenbyte,765,,"Gothenburg,",Sweden,https://www.greenbyte.com/,,Operations & MaintenanceO&M Tools Technical Operation Management - Monitoring,https://s23.a2zinc.net/clients/awea/wp20/Public/eBooth.aspx?IndexInList=70&FromPage=Exhibitors.aspx&ParentBoothID=&ListByBooth=true&BoothID=113681
GreenPower Monitoring,1601,,"Medford,",United States,,,,https://s23.a2zinc.net/clients/awea/wp20/Public/eBooth.aspx?IndexInList=71&FromPage=Exhibitors.aspx&ParentBoothID=&ListByBooth=true&BoothID=114291
Gruen-Wald Engineered Laminates,979,,"Tea,",United States,,,,https://s23.a2zinc.net/clients/awea/wp20/Public/eBooth.aspx?IndexInList=72&FromPage=Exhibitors.aspx&ParentBoothID=&ListByBooth=true&BoothID=113848
Gulf Interstate Engineering,1583,,"Houston,",United States,http://www.gie.com,,Project Development & PlanningEngineering - Civil Engineering Engineering - Electrical Engineering Engineering - Foundation Engineering Siting and Environmental Compliance Siting and Environmental Compliance - Environmental Compliance Project Development Consulting - Inspection/Verification Consulting - Project Development Consulting - Environmental Assessment Consulting - Geotechnical Consulting Consulting - Economic Analyses Consulting - Site Feasibility Assessment Engineering Consulting Consulting - Construction Consulting,https://s23.a2zinc.net/clients/awea/wp20/Public/eBooth.aspx?IndexInList=73&FromPage=Exhibitors.aspx&ParentBoothID=&ListByBooth=true&BoothID=117055
Hanson Professional Services Inc.,1173,,"Springfield,",United States,http://www.hanson-inc.com,,"Project Development & PlanningConsulting - Geotechnical Consulting Consulting - Inspection/Verification Consulting - Real Estate Consulting Consulting - Site Feasibility Assessment Engineering Engineering - Civil Engineering Engineering - Electrical Engineering Engineering - Foundation Engineering Siting and Environmental Compliance Siting and Environmental Compliance - Environmental Compliance Siting and Environmental Compliance - Project Siting Siting and Environmental Compliance - Siting Equipment (Radar, Detection Devices, Deterrent Devices) Consulting - Environmental Assessment Consulting",https://s23.a2zinc.net/clients/awea/wp20/Public/eBooth.aspx?IndexInList=74&FromPage=Exhibitors.aspx&ParentBoothID=&ListByBooth=true&BoothID=117224
"Harvest Energy Services, Inc.",1104,,"Boulder,",United States,http://www.harvestenergyservices.com/,,Operations & MaintenanceTechnical Operation Management Technical Operation Management - Maintenance Technical Operation Management - Repairs Technical Operation Management - Repowering,https://s23.a2zinc.net/clients/awea/wp20/Public/eBooth.aspx?IndexInList=75&FromPage=Exhibitors.aspx&ParentBoothID=&ListByBooth=true&BoothID=113937
"Helwig Carbon Products, Inc.",1274,,"Milwaukee,",United States,http://www.helwigcarbon.com,,Components/SupplierElectrical Components Electrical Components - Generators Electrical Components - Slip Rings,https://s23.a2zinc.net/clients/awea/wp20/Public/eBooth.aspx?IndexInList=76&FromPage=Exhibitors.aspx&ParentBoothID=&ListByBooth=true&BoothID=114048
Hine Hydraulics Corp.,1667,,"Quakertown,",United States,http://www.hinegroup.com,,Components/SupplierElectrical Components - Cooling/Ventilation Hydraulic Components Hydraulic Components - Filters Hydraulic Components - Pumps Hydraulic Components - Seals Hydraulic Components - Valves Mechanical Components - Braking Systems Mechanical Components - Gearboxes Mechanical Components - Pitch Systems Mechanical Components - Yaw Systems,https://s23.a2zinc.net/clients/awea/wp20/Public/eBooth.aspx?IndexInList=77&FromPage=Exhibitors.aspx&ParentBoothID=&ListByBooth=true&BoothID=114347
HYTORC,1460,,"Mahwah,",United States,http://www.hytorc.com,,Components/SupplierMechanical Components - Bolts and Fasteners,https://s23.a2zinc.net/clients/awea/wp20/Public/eBooth.aspx?IndexInList=78&FromPage=Exhibitors.aspx&ParentBoothID=&ListByBooth=true&BoothID=114185
"IdentiFlight International, LLC",1277,,"Louisville,",United States,http://www.IdentiFlight.com,,"Project Development & PlanningSiting and Environmental Compliance Siting and Environmental Compliance - Environmental Compliance Siting and Environmental Compliance - Project Siting Siting and Environmental Compliance - Siting Equipment (Radar, Detection Devices, Deterrent Devices)",https://s23.a2zinc.net/clients/awea/wp20/Public/eBooth.aspx?IndexInList=79&FromPage=Exhibitors.aspx&ParentBoothID=&ListByBooth=true&BoothID=114053
"Infrastructure and Energy Alternatives, Inc.",1524,,"Indianapolis,",United States,http://www.iea.net,,Project Development & PlanningConsulting - Project Development Safety Consulting Consulting - Site Feasibility Assessment Engineering Engineering - Civil Engineering Engineering - Electrical Engineering Engineering - Foundation Engineering Siting and Environmental Compliance - Environmental Compliance Siting and Environmental Compliance - Project Siting Consulting Consulting - Construction Consulting Consulting - Economic Analyses Consulting - Environmental Assessment Consulting - Geotechnical Consulting Consulting - Inspection/Verification Consulting - Market Consulting,https://s23.a2zinc.net/clients/awea/wp20/Public/eBooth.aspx?IndexInList=80&FromPage=Exhibitors.aspx&ParentBoothID=&ListByBooth=true&BoothID=114233
Ingeteam Inc.,1911,,"Milwaukee,",United States,http://www.ingeteam.com,,Components/SupplierElectrical Components - Condition Monitoring Systems Electrical Components - Generators Electrical Components - Power Converters Electrical Components - Software,https://s23.a2zinc.net/clients/awea/wp20/Public/eBooth.aspx?IndexInList=81&FromPage=Exhibitors.aspx&ParentBoothID=&ListByBooth=true&BoothID=114534
Integrated Power Services,1867,,"Greenville,",United States,http://www.ips.us/industries/wind-power/,,Components/SupplierElectrical Components - Generators Electrical Components - Slip Rings Mechanical Components - Bearings Mechanical Components - Couplings Mechanical Components - Main Shafts Mechanical Components - Pitch Systems Mechanical Components - Yaw Systems,https://s23.a2zinc.net/clients/awea/wp20/Public/eBooth.aspx?IndexInList=82&FromPage=Exhibitors.aspx&ParentBoothID=&ListByBooth=true&BoothID=114505
"INTERNATIONAL TOWER LIGHTING, LLC (ITL, LLC)",530,,"La Vergne,",United States,http://www.itl-llc.com,,Components/SupplierTowers,https://s23.a2zinc.net/clients/awea/wp20/Public/eBooth.aspx?IndexInList=83&FromPage=Exhibitors.aspx&ParentBoothID=&ListByBooth=true&BoothID=117184
"ITH Engineering, Inc.",867,,"McHenry,",United States,http://www.ith.com,,Operations & MaintenanceO&M Tools,https://s23.a2zinc.net/clients/awea/wp20/Public/eBooth.aspx?IndexInList=84&FromPage=Exhibitors.aspx&ParentBoothID=&ListByBooth=true&BoothID=113760
ITW Plexus,2024,,"Danvers,",United States,http://www.itwplexus.com,,Raw Material Supply & ProcessingPolymers,https://s23.a2zinc.net/clients/awea/wp20/Public/eBooth.aspx?IndexInList=85&FromPage=Exhibitors.aspx&ParentBoothID=&ListByBooth=true&BoothID=117273
Kansas Department Of Commerce,421,,"Topeka,",United States,http://www.kansascommerce.gov,,GovernmentState & Regional Organizations,https://s23.a2zinc.net/clients/awea/wp20/Public/eBooth.aspx?IndexInList=86&FromPage=Exhibitors.aspx&ParentBoothID=&ListByBooth=true&BoothID=113402
Kardie Equipment (TGM Wind),527,,"Austin,",United States,http://kardieequipment.com,,ConstructionHeavy Equipment Supplier,https://s23.a2zinc.net/clients/awea/wp20/Public/eBooth.aspx?IndexInList=87&FromPage=Exhibitors.aspx&ParentBoothID=&ListByBooth=true&BoothID=113491
Kaufer Blade Access Systems,1239,,"Muhlenberg,",Germany,,,,https://s23.a2zinc.net/clients/awea/wp20/Public/eBooth.aspx?IndexInList=88&FromPage=Exhibitors.aspx&ParentBoothID=&ListByBooth=true&BoothID=117218
Kluber Lubrication NA LP,1553,,"Londonderry,",United States,http://www.klueber.com,,Operations & MaintenanceLubricants,https://s23.a2zinc.net/clients/awea/wp20/Public/eBooth.aspx?IndexInList=89&FromPage=Exhibitors.aspx&ParentBoothID=&ListByBooth=true&BoothID=117262
KRACHT CORP.,664,,"Maumee,",United States,http://www.krachtcorp.com,,Components/SupplierHydraulic Components,https://s23.a2zinc.net/clients/awea/wp20/Public/eBooth.aspx?IndexInList=90&FromPage=Exhibitors.aspx&ParentBoothID=&ListByBooth=true&BoothID=113598
"L&H Industrial, Inc.",621,,"Gillette,",United States,http://www.lnh.net,,"Component Processing/ManufacturingFabricating Gear Manufacturing Machining/Cutting/Tooling Manufacturing Service (Heat Treatment, Stress Relieving, Inspection Services, Coatings, Grinding) Welding",https://s23.a2zinc.net/clients/awea/wp20/Public/eBooth.aspx?IndexInList=91&FromPage=Exhibitors.aspx&ParentBoothID=&ListByBooth=true&BoothID=117519
"Landworks, Inc.",1266,,"Houston,",United States,http://www.landworks.com,,Project Development & PlanningConsulting,https://s23.a2zinc.net/clients/awea/wp20/Public/eBooth.aspx?IndexInList=92&FromPage=Exhibitors.aspx&ParentBoothID=&ListByBooth=true&BoothID=114043
Leavitt Cranes,779,,"Calgary,",Canada,https://www.leavittcranes.com/,,Operations & MaintenanceSafety Safety - Training Technical Operation Management,https://s23.a2zinc.net/clients/awea/wp20/Public/eBooth.aspx?IndexInList=93&FromPage=Exhibitors.aspx&ParentBoothID=&ListByBooth=true&BoothID=113688
Liftwerx,1375,,"Cambridge,",Canada,http://www.liftwerx.com,,,https://s23.a2zinc.net/clients/awea/wp20/Public/eBooth.aspx?IndexInList=94&FromPage=Exhibitors.aspx&ParentBoothID=&ListByBooth=true&BoothID=114116
Lighthouse Global Energy,1857,,"Abilene,",United States,http://www.lgnrg.com,,Components/SupplierHydraulic Components - Seals Hydraulic Components - Valves Mechanical Components Mechanical Components - Braking Systems Mechanical Components - Couplings Mechanical Components - Pitch Systems Mechanical Components - Yaw Systems Electrical Components - Anemometers & Sensors Electrical Components - Cables/Lines/Cabling Electrical Components - Cooling/Ventilation Electrical Components - Slip Rings Hydraulic Components Hydraulic Components - Filters Hydraulic Components - Pumps,https://s23.a2zinc.net/clients/awea/wp20/Public/eBooth.aspx?IndexInList=95&FromPage=Exhibitors.aspx&ParentBoothID=&ListByBooth=true&BoothID=114495
LM Wind Power,1453,,"Kolding,",Denmark,http://www.lmwindpower.com,,Components/SupplierBlades,https://s23.a2zinc.net/clients/awea/wp20/Public/eBooth.aspx?IndexInList=96&FromPage=Exhibitors.aspx&ParentBoothID=&ListByBooth=true&BoothID=114182
"Lone Star Transportation Company, Inc.",1446,,"Fort Worth,",United States,http://www.LoneStar-LLC.com,,TransportationThird Party Logistics Trucking,https://s23.a2zinc.net/clients/awea/wp20/Public/eBooth.aspx?IndexInList=97&FromPage=Exhibitors.aspx&ParentBoothID=&ListByBooth=true&BoothID=114171
LUDLUM Wind,1075,,"Sweetwater,",United States,http://www.ludlumwind.com,,Component Processing/ManufacturingMachining/Cutting/Tooling Welding,https://s23.a2zinc.net/clients/awea/wp20/Public/eBooth.aspx?IndexInList=98&FromPage=Exhibitors.aspx&ParentBoothID=&ListByBooth=true&BoothID=113920
"M.J. Electric, LLC",346,,"Iron Mountain,",United States,,,,https://s23.a2zinc.net/clients/awea/wp20/Public/eBooth.aspx?IndexInList=99&FromPage=Exhibitors.aspx&ParentBoothID=&ListByBooth=true&BoothID=116997
Mankiewicz Coatings,1567,,"Charleston,",United States,http://www.mankiewicz.com/english/products-markets/wind-power/,,"Component Processing/ManufacturingManufacturing Service (Heat Treatment, Stress Relieving, Inspection Services, Coatings, Grinding)",https://s23.a2zinc.net/clients/awea/wp20/Public/eBooth.aspx?IndexInList=100&FromPage=Exhibitors.aspx&ParentBoothID=&ListByBooth=true&BoothID=114271
"Measure, The Drone as a Service Company",1174,,"Washington, D.C.,",United States,http://www.measure.com/,,Operations & MaintenanceTechnical Operation Management Technical Operation Management - Maintenance Technical Operation Management - Monitoring,https://s23.a2zinc.net/clients/awea/wp20/Public/eBooth.aspx?IndexInList=101&FromPage=Exhibitors.aspx&ParentBoothID=&ListByBooth=true&BoothID=113989
Medeco Security Locks,981,,"Salem,",United States,http://www.medeco.com,,Components/SupplierMechanical Components,https://s23.a2zinc.net/clients/awea/wp20/Public/eBooth.aspx?IndexInList=102&FromPage=Exhibitors.aspx&ParentBoothID=&ListByBooth=true&BoothID=117310
Mersen USA Bn Corp,637,,"Boonton,",United States,http://www.mersen.com,,Components/SupplierElectrical Components Electrical Components - Generators Electrical Components - Slip Rings,https://s23.a2zinc.net/clients/awea/wp20/Public/eBooth.aspx?IndexInList=103&FromPage=Exhibitors.aspx&ParentBoothID=&ListByBooth=true&BoothID=113577
METEODYN,1906,,"St Herblain,",France,https://meteodyn.com/en/,,Operations & MaintenanceO&M Tools,https://s23.a2zinc.net/clients/awea/wp20/Public/eBooth.aspx?IndexInList=104&FromPage=Exhibitors.aspx&ParentBoothID=&ListByBooth=true&BoothID=114530
Metro Consulting Associates,600,,"Plymouth,",United States,http://www.metroca.net,,ConstructionCivil & Site Work Contractor,https://s23.a2zinc.net/clients/awea/wp20/Public/eBooth.aspx?IndexInList=105&FromPage=Exhibitors.aspx&ParentBoothID=&ListByBooth=true&BoothID=113542
Midpoint Bearing,925,,"Ontario,",United States,http://www.midpointbearing.com,,Components/SupplierMechanical Components - Bearings Mechanical Components - Main Shafts,https://s23.a2zinc.net/clients/awea/wp20/Public/eBooth.aspx?IndexInList=106&FromPage=Exhibitors.aspx&ParentBoothID=&ListByBooth=true&BoothID=113802
MISTRAS,1136,,"Princeton Junction,",United States,http://www.mistrasgroup.com,,,https://s23.a2zinc.net/clients/awea/wp20/Public/eBooth.aspx?IndexInList=107&FromPage=Exhibitors.aspx&ParentBoothID=&ListByBooth=true&BoothID=113967
Morgan Advanced Materials,966,,"Greenville,",United States,http://www.morganelectricalmaterials.com,,Components/SupplierElectrical Components - Slip Rings Electrical Components Electrical Components - Generators,https://s23.a2zinc.net/clients/awea/wp20/Public/eBooth.aspx?IndexInList=108&FromPage=Exhibitors.aspx&ParentBoothID=&ListByBooth=true&BoothID=113839
Morton designBUILD,1474,,"Morton,",United States,http://www.mortonbuildings.com,,ConstructionGeneral Contractor,https://s23.a2zinc.net/clients/awea/wp20/Public/eBooth.aspx?IndexInList=109&FromPage=Exhibitors.aspx&ParentBoothID=&ListByBooth=true&BoothID=114195
Muehlhan Wind Service,1847,,"Middelfart,",Denmark,https://www.muehlhan.com/,,,https://s23.a2zinc.net/clients/awea/wp20/Public/eBooth.aspx?IndexInList=110&FromPage=Exhibitors.aspx&ParentBoothID=&ListByBooth=true&BoothID=114566
NAES Corporation,936,,"Issaquah,",United States,http://www.naes.com,,Operations & MaintenanceSafety - Training Technical Operation Management Technical Operation Management - Maintenance Technical Operation Management - Monitoring Technical Operation Management - Repairs Technical Operation Management - Repowering,https://s23.a2zinc.net/clients/awea/wp20/Public/eBooth.aspx?IndexInList=111&FromPage=Exhibitors.aspx&ParentBoothID=&ListByBooth=true&BoothID=113809
Natural Power Consultants,1025,,"Saratoga Springs,",United States,http://www.naturalpower.com,,Operations & MaintenanceTechnical Operation Management Technical Operation Management - Maintenance Technical Operation Management - Monitoring,https://s23.a2zinc.net/clients/awea/wp20/Public/eBooth.aspx?IndexInList=112&FromPage=Exhibitors.aspx&ParentBoothID=&ListByBooth=true&BoothID=113881
Nearthlab,2032,,"Seoul,",Korea (South),http://nearthlab.com,,Operations & MaintenanceO&M Tools Technical Operation Management - Maintenance Technical Operation Management - Monitoring,https://s23.a2zinc.net/clients/awea/wp20/Public/eBooth.aspx?IndexInList=113&FromPage=Exhibitors.aspx&ParentBoothID=&ListByBooth=true&BoothID=117277
"nei Electric Power Engineering, Inc.",1240,,"Wheat Ridge,",United States,,,,https://s23.a2zinc.net/clients/awea/wp20/Public/eBooth.aspx?IndexInList=114&FromPage=Exhibitors.aspx&ParentBoothID=&ListByBooth=true&BoothID=114039
Nordex SE,747,,"Chicago,",United States,http://www.nordex-online.com,,Turbine ManufacturerTurbines 2+ MW,https://s23.a2zinc.net/clients/awea/wp20/Public/eBooth.aspx?IndexInList=115&FromPage=Exhibitors.aspx&ParentBoothID=&ListByBooth=true&BoothID=113662
Nord-Lock Inc,505,,"Carnegie,",United States,http://www.nord-lock.com,,Components/SupplierHydraulic Components Mechanical Components,https://s23.a2zinc.net/clients/awea/wp20/Public/eBooth.aspx?IndexInList=116&FromPage=Exhibitors.aspx&ParentBoothID=&ListByBooth=true&BoothID=113465
North American Clean Energy Magazine,1476,,,United States,,,,https://s23.a2zinc.net/clients/awea/wp20/Public/eBooth.aspx?IndexInList=117&FromPage=Exhibitors.aspx&ParentBoothID=&ListByBooth=true&BoothID=114197
"Northwest Crane Service, L.L.C.",2047,,"Oklahoma City,",United States,,,,https://s23.a2zinc.net/clients/awea/wp20/Public/eBooth.aspx?IndexInList=118&FromPage=Exhibitors.aspx&ParentBoothID=&ListByBooth=true&BoothID=117517
NRG Systems,1767,,"Hinesburg,",United States,http://www.nrgsystems.com,,Components/SupplierElectrical Components Electrical Components - Anemometers & Sensors Electrical Components - Software,https://s23.a2zinc.net/clients/awea/wp20/Public/eBooth.aspx?IndexInList=119&FromPage=Exhibitors.aspx&ParentBoothID=&ListByBooth=true&BoothID=114426
One Wind Services Inc.,1001,,"Dartmouth,",Canada,http://www.onewindinc.com,,Operations & MaintenanceSafety - Training Technical Operation Management Technical Operation Management - Maintenance Technical Operation Management - Repairs Technical Operation Management - Monitoring,https://s23.a2zinc.net/clients/awea/wp20/Public/eBooth.aspx?IndexInList=120&FromPage=Exhibitors.aspx&ParentBoothID=&ListByBooth=true&BoothID=113860
ONYX InSight,1461,,"Boulder,",United States,http://www.onyxinsight.com,,Project Development & PlanningConsulting Consulting - Inspection/Verification Consulting - Project Development Engineering Project Development,https://s23.a2zinc.net/clients/awea/wp20/Public/eBooth.aspx?IndexInList=121&FromPage=Exhibitors.aspx&ParentBoothID=&ListByBooth=true&BoothID=114186
Orsted Wind Power North America LLC,1109,,"Boston,",United States,,,,https://s23.a2zinc.net/clients/awea/wp20/Public/eBooth.aspx?IndexInList=122&FromPage=Exhibitors.aspx&ParentBoothID=&ListByBooth=true&BoothID=113946
Parker Hannifin Corporation,2039,,"Cleveland,",United States,http://www.parker.com/energy,,,https://s23.a2zinc.net/clients/awea/wp20/Public/eBooth.aspx?IndexInList=123&FromPage=Exhibitors.aspx&ParentBoothID=&ListByBooth=true&BoothID=116669
Permian Energy Services,433,,"Tuscola,",United States,http://www.permian-es.com,,ConstructionElectrical Contractor,https://s23.a2zinc.net/clients/awea/wp20/Public/eBooth.aspx?IndexInList=124&FromPage=Exhibitors.aspx&ParentBoothID=&ListByBooth=true&BoothID=117180
Phoenix Contact Inc. - USA,2011,,"Middletown,",United States,http://www.phoenixcontact.com/wind,,Components/SupplierElectrical Components Electrical Components - Cables/Lines/Cabling Electrical Components - Condition Monitoring Systems Electrical Components - Lighting,https://s23.a2zinc.net/clients/awea/wp20/Public/eBooth.aspx?IndexInList=125&FromPage=Exhibitors.aspx&ParentBoothID=&ListByBooth=true&BoothID=117115
Port of Stockton,1878,,"Stockton,",United States,http://www.portofstockton.com,,TransportationPorts & Port Technology Ports and Port Technology - Cargo Handling and Transport Systems Ports and Port Technology - Port Logistics Material Handling Rail Warehousing/Storage/Laydown,https://s23.a2zinc.net/clients/awea/wp20/Public/eBooth.aspx?IndexInList=126&FromPage=Exhibitors.aspx&ParentBoothID=&ListByBooth=true&BoothID=117209
"POWER Engineers, Inc.",1707,,"Hailey,",United States,https://www.powereng.com/our-services/power-generation/wind-2/,,Project Development & PlanningConsulting Consulting - Environmental Assessment Consulting - Site Feasibility Assessment Engineering Engineering - Civil Engineering Engineering - Electrical Engineering Engineering - Foundation Engineering Siting and Environmental Compliance Siting and Environmental Compliance - Environmental Compliance Siting and Environmental Compliance - Offtakers Siting and Environmental Compliance - Project Siting,https://s23.a2zinc.net/clients/awea/wp20/Public/eBooth.aspx?IndexInList=127&FromPage=Exhibitors.aspx&ParentBoothID=&ListByBooth=true&BoothID=114370
PowerFactors,1467,,"Larkspur,",United States,http://www.pfdrive.com,,,https://s23.a2zinc.net/clients/awea/wp20/Public/eBooth.aspx?IndexInList=128&FromPage=Exhibitors.aspx&ParentBoothID=&ListByBooth=true&BoothID=114190
Powering America (NECA and IBEW),776,,"Bethesda,",United States,,,ConstructionElectrical Contractor,https://s23.a2zinc.net/clients/awea/wp20/Public/eBooth.aspx?IndexInList=129&FromPage=Exhibitors.aspx&ParentBoothID=&ListByBooth=true&BoothID=113687
PSG/Ty-Flot,2017,,"PASADENA,",United States,http://www.puresafetygroup.com,,Operations & MaintenanceSafety Safety - Personal Protection Equipment Safety - Safety Devices Safety - Training,https://s23.a2zinc.net/clients/awea/wp20/Public/eBooth.aspx?IndexInList=130&FromPage=Exhibitors.aspx&ParentBoothID=&ListByBooth=true&BoothID=117280
"PSI Repair Services, Inc.",1005,,"Livonia,",United States,http://www.psi-repair.com,,Components/SupplierElectrical Components Electrical Components - Power Converters,https://s23.a2zinc.net/clients/awea/wp20/Public/eBooth.aspx?IndexInList=131&FromPage=Exhibitors.aspx&ParentBoothID=&ListByBooth=true&BoothID=113862
RAD Torque Systems,1077,,"ABBOTSFORD,",Canada,,,Component Processing/ManufacturingMachining/Cutting/Tooling,https://s23.a2zinc.net/clients/awea/wp20/Public/eBooth.aspx?IndexInList=132&FromPage=Exhibitors.aspx&ParentBoothID=&ListByBooth=true&BoothID=113922
Randack Fasteners Americas/AS Tech Americas,1574,,"Lake Zurich,",United States,,,,https://s23.a2zinc.net/clients/awea/wp20/Public/eBooth.aspx?IndexInList=133&FromPage=Exhibitors.aspx&ParentBoothID=&ListByBooth=true&BoothID=114274
Relay Application Innovation Inc.,507,,"Pullman,",United States,http://www.relayapplication.com,,Project Development & PlanningEngineering Engineering - Electrical Engineering,https://s23.a2zinc.net/clients/awea/wp20/Public/eBooth.aspx?IndexInList=134&FromPage=Exhibitors.aspx&ParentBoothID=&ListByBooth=true&BoothID=113467
Remtech Inc,1010,,"The Villages,",United States,http://www.remtechinc.com,,Resource Assessment/Wind ForecastingResource Assessment Equipment,https://s23.a2zinc.net/clients/awea/wp20/Public/eBooth.aspx?IndexInList=135&FromPage=Exhibitors.aspx&ParentBoothID=&ListByBooth=true&BoothID=117264
Resodyn,982,,"Butte,",United States,http://www.resodyncoatings.com,,Operations & MaintenanceTechnical Operation Management - Repairs Technical Operation Management - Maintenance,https://s23.a2zinc.net/clients/awea/wp20/Public/eBooth.aspx?IndexInList=136&FromPage=Exhibitors.aspx&ParentBoothID=&ListByBooth=true&BoothID=117525
RM Wilson,1479,,"Wheeling,",United States,http://www.rmwilson.com,,"Component Processing/ManufacturingCasting/Foundries Fabricating Forging Gear Manufacturing Machining/Cutting/Tooling Manufacturing Service (Heat Treatment, Stress Relieving, Inspection Services, Coatings, Grinding)",https://s23.a2zinc.net/clients/awea/wp20/Public/eBooth.aspx?IndexInList=137&FromPage=Exhibitors.aspx&ParentBoothID=&ListByBooth=true&BoothID=114200
Rope Partner,917,,"Santa Cruz,",United States,https://www.ropepartner.com,,,https://s23.a2zinc.net/clients/awea/wp20/Public/eBooth.aspx?IndexInList=138&FromPage=Exhibitors.aspx&ParentBoothID=&ListByBooth=true&BoothID=117149
Run Energy LP,1166,,"Abilene,",United States,http://www.runenergy.com,,ConstructionGeneral Contractor,https://s23.a2zinc.net/clients/awea/wp20/Public/eBooth.aspx?IndexInList=139&FromPage=Exhibitors.aspx&ParentBoothID=&ListByBooth=true&BoothID=113983
Sargent & Lundy,611,,"Chicago,",United States,http://www.sargentlundy.com,,"Project Development & PlanningConsulting Consulting - Construction Consulting Consulting - Economic Analyses Consulting - Environmental Assessment Consulting - Geotechnical Consulting Consulting - Inspection/Verification Consulting - Market Consulting Consulting - NDE/NDT Consulting - Project Development Consulting - Real Estate Consulting Safety Consulting Consulting - Site Feasibility Assessment Engineering Engineering - Civil Engineering Engineering - Electrical Engineering Engineering - Foundation Engineering Siting and Environmental Compliance Siting and Environmental Compliance - Environmental Compliance Siting and Environmental Compliance - Offtakers Siting and Environmental Compliance - Project Siting Siting and Environmental Compliance - Siting Equipment (Radar, Detection Devices, Deterrent Devices)",https://s23.a2zinc.net/clients/awea/wp20/Public/eBooth.aspx?IndexInList=140&FromPage=Exhibitors.aspx&ParentBoothID=&ListByBooth=true&BoothID=113553
SCADA International Inc.,1509,,"Portland,",United States,http://www.scada-international.com,,Components/SupplierElectrical Components - Software,https://s23.a2zinc.net/clients/awea/wp20/Public/eBooth.aspx?IndexInList=141&FromPage=Exhibitors.aspx&ParentBoothID=&ListByBooth=true&BoothID=114222
"Sentry Electrical Group, Inc.",520,,"Lawrenceville,",United States,http://www.sentryelec.com,,ConstructionElectrical Contractor,https://s23.a2zinc.net/clients/awea/wp20/Public/eBooth.aspx?IndexInList=142&FromPage=Exhibitors.aspx&ParentBoothID=&ListByBooth=true&BoothID=113478
Shell Lubricants,759,,"Houston,",United States,http://www.shell.us/lubricants,,,https://s23.a2zinc.net/clients/awea/wp20/Public/eBooth.aspx?IndexInList=143&FromPage=Exhibitors.aspx&ParentBoothID=&ListByBooth=true&BoothID=113673
Shermco Industries,659,,"Irving,",United States,http://www.shermco.com,,Operations & MaintenanceSafety Safety - Training Technical Operation Management - Maintenance Technical Operation Management - Repairs,https://s23.a2zinc.net/clients/awea/wp20/Public/eBooth.aspx?IndexInList=144&FromPage=Exhibitors.aspx&ParentBoothID=&ListByBooth=true&BoothID=113595
Sherwin-Williams,1236,,,United States,,,,https://s23.a2zinc.net/clients/awea/wp20/Public/eBooth.aspx?IndexInList=145&FromPage=Exhibitors.aspx&ParentBoothID=&ListByBooth=true&BoothID=114035
Siemens Gamesa Renewable Energy,717,,"Orlando,",United States,http://www.siemensgamesa.com,,Turbine ManufacturerTurbines 2+ MW,https://s23.a2zinc.net/clients/awea/wp20/Public/eBooth.aspx?IndexInList=146&FromPage=Exhibitors.aspx&ParentBoothID=&ListByBooth=true&BoothID=113640
SKYLOTEC North America LP,921,,"Denver,",United States,http://www.skylotec.com,,Operations & MaintenanceSafety Safety - Ascent Systems Safety - Fire Protection Safety - Personal Protection Equipment Safety - Safety Devices Safety - Training,https://s23.a2zinc.net/clients/awea/wp20/Public/eBooth.aspx?IndexInList=147&FromPage=Exhibitors.aspx&ParentBoothID=&ListByBooth=true&BoothID=117538
Stahlwille Tools LLC,967,,"Sturtevant,",United States,http://www.stahlwille-americas.com,,Component Processing/ManufacturingMachining/Cutting/Tooling,https://s23.a2zinc.net/clients/awea/wp20/Public/eBooth.aspx?IndexInList=148&FromPage=Exhibitors.aspx&ParentBoothID=&ListByBooth=true&BoothID=113840
Stantec Consulting,1450,,"Topsham,",United States,http://www.stantec.com,,Project Development & PlanningConsulting Engineering,https://s23.a2zinc.net/clients/awea/wp20/Public/eBooth.aspx?IndexInList=149&FromPage=Exhibitors.aspx&ParentBoothID=&ListByBooth=true&BoothID=116767
Sterling,567,,"Phoenix,",United States,,,,https://s23.a2zinc.net/clients/awea/wp20/Public/eBooth.aspx?IndexInList=150&FromPage=Exhibitors.aspx&ParentBoothID=&ListByBooth=true&BoothID=113523
Sulzer,837,,"Colton,",United States,http://www.sulzer.com,,Components/SupplierElectrical Components - Generators,https://s23.a2zinc.net/clients/awea/wp20/Public/eBooth.aspx?IndexInList=151&FromPage=Exhibitors.aspx&ParentBoothID=&ListByBooth=true&BoothID=113730
Supra,1779,,"Salem,",United States,http://www.suprasystems.com/Products/Pages/TRACcessSystems.aspx,,Operations & MaintenanceTechnical Operation Management Technical Operation Management - Maintenance Technical Operation Management - Repairs Technical Operation Management - Monitoring,https://s23.a2zinc.net/clients/awea/wp20/Public/eBooth.aspx?IndexInList=152&FromPage=Exhibitors.aspx&ParentBoothID=&ListByBooth=true&BoothID=117175
"Surveying And Mapping, LLC",604,,"Austin,",United States,http://www.sam.biz,,Project Development & PlanningConsulting,https://s23.a2zinc.net/clients/awea/wp20/Public/eBooth.aspx?IndexInList=153&FromPage=Exhibitors.aspx&ParentBoothID=&ListByBooth=true&BoothID=113546
System One,1781,,"Houston,",United States,http://www.systemone.com,,,https://s23.a2zinc.net/clients/awea/wp20/Public/eBooth.aspx?IndexInList=154&FromPage=Exhibitors.aspx&ParentBoothID=&ListByBooth=true&BoothID=117208
TE Connectivity,1047,,"Fuquay Varina,",United States,http://www.te.com/wind,,Components/SupplierElectrical Components Nacelle,https://s23.a2zinc.net/clients/awea/wp20/Public/eBooth.aspx?IndexInList=155&FromPage=Exhibitors.aspx&ParentBoothID=&ListByBooth=true&BoothID=117133
TEAMSESCO,1975,,"Greensboro,",United States,http://www.teamsesco.com,,Components/SupplierElectrical Components,https://s23.a2zinc.net/clients/awea/wp20/Public/eBooth.aspx?IndexInList=156&FromPage=Exhibitors.aspx&ParentBoothID=&ListByBooth=true&BoothID=114585
"Tech Safety Lines, Inc.",1006,,"Carrollton,",United States,http://www.techsafetylines.com,,Operations & MaintenanceSafety Safety - Personal Protection Equipment Safety - Safety Devices Safety - Training,https://s23.a2zinc.net/clients/awea/wp20/Public/eBooth.aspx?IndexInList=157&FromPage=Exhibitors.aspx&ParentBoothID=&ListByBooth=true&BoothID=113867
Tech Wind Services,1331,,"Amarillo,",United States,http://www.techwindservices.com,,Operations & MaintenanceTechnical Operation Management - Maintenance Technical Operation Management - Repairs,https://s23.a2zinc.net/clients/awea/wp20/Public/eBooth.aspx?IndexInList=158&FromPage=Exhibitors.aspx&ParentBoothID=&ListByBooth=true&BoothID=114092
Technostrobe,874,,"Coteau-du-Lac,",Canada,http://www.technostrobe.com,,Components/SupplierElectrical Components - Lighting,https://s23.a2zinc.net/clients/awea/wp20/Public/eBooth.aspx?IndexInList=159&FromPage=Exhibitors.aspx&ParentBoothID=&ListByBooth=true&BoothID=113763
Terma North America,807,,"Arlington,",United States,http://www.terma.com,,"Project Development & PlanningSiting and Environmental Compliance - Siting Equipment (Radar, Detection Devices, Deterrent Devices)",https://s23.a2zinc.net/clients/awea/wp20/Public/eBooth.aspx?IndexInList=160&FromPage=Exhibitors.aspx&ParentBoothID=&ListByBooth=true&BoothID=117212
"Terracon Consutants, Inc/TSVC",1961,,"Olathe,",United States,http://www.terracon.com,,Project Development & PlanningConsulting - Environmental Assessment Consulting - Geotechnical Consulting Consulting - NDE/NDT Engineering - Civil Engineering Engineering - Foundation Engineering Siting and Environmental Compliance - Environmental Compliance,https://s23.a2zinc.net/clients/awea/wp20/Public/eBooth.aspx?IndexInList=161&FromPage=Exhibitors.aspx&ParentBoothID=&ListByBooth=true&BoothID=114575
Tetra Tech / Gemini Energy Services,1031,,"Pasadena,",United States,http://www.tetratech.com/en/wind,,Operations & MaintenanceCleaning Lubricants O&M Tools Safety Technical Operation Management Technical Operation Management - Maintenance Technical Operation Management - Repairs Technical Operation Management - Monitoring Technical Operation Management - Repowering,https://s23.a2zinc.net/clients/awea/wp20/Public/eBooth.aspx?IndexInList=162&FromPage=Exhibitors.aspx&ParentBoothID=&ListByBooth=true&BoothID=113887
The Ohmega Group,566,,"Gaspé,",Canada,http://www.groupeohmega.com/en.html,,Operations & MaintenanceTechnical Operation Management - Maintenance Technical Operation Management - Monitoring,https://s23.a2zinc.net/clients/awea/wp20/Public/eBooth.aspx?IndexInList=163&FromPage=Exhibitors.aspx&ParentBoothID=&ListByBooth=true&BoothID=113522
"Torkworx, LP",1067,,"Spring,",United States,http://www.torkworx.com,,Component Processing/ManufacturingMachining/Cutting/Tooling,https://s23.a2zinc.net/clients/awea/wp20/Public/eBooth.aspx?IndexInList=164&FromPage=Exhibitors.aspx&ParentBoothID=&ListByBooth=true&BoothID=113917
"TPI Composites, Inc.",1017,,"Scottsdale,",United States,http://www.tpicomposites.com,,Components/SupplierBlades,https://s23.a2zinc.net/clients/awea/wp20/Public/eBooth.aspx?IndexInList=165&FromPage=Exhibitors.aspx&ParentBoothID=&ListByBooth=true&BoothID=113871
"Trachte, LLC",2139,,"Oregon,",United States,,,,https://s23.a2zinc.net/clients/awea/wp20/Public/eBooth.aspx?IndexInList=166&FromPage=Exhibitors.aspx&ParentBoothID=&ListByBooth=true&BoothID=116664
"Transhield, Inc.",518,,"Elkhart,",United States,http://www.transhield-usa.com,,TransportationTransport Equipment/Shipping Fixtures & Covers,https://s23.a2zinc.net/clients/awea/wp20/Public/eBooth.aspx?IndexInList=167&FromPage=Exhibitors.aspx&ParentBoothID=&ListByBooth=true&BoothID=113476
Trench Grader,2172,,"Fair Oaks,",United States,http://www.trenchgrader.com,,Utility/Grid OperationUtility,https://s23.a2zinc.net/clients/awea/wp20/Public/eBooth.aspx?IndexInList=168&FromPage=Exhibitors.aspx&ParentBoothID=&ListByBooth=true&BoothID=117256
"TWR Lighting, Inc.",1807,,"Houston,",United States,http://www.twrlighting.com,,Components/SupplierElectrical Components - Lighting,https://s23.a2zinc.net/clients/awea/wp20/Public/eBooth.aspx?IndexInList=169&FromPage=Exhibitors.aspx&ParentBoothID=&ListByBooth=true&BoothID=114454
Ulteig Engineers,1616,,"Fargo,",United States,http://www.ulteig.com,,Operations & MaintenanceTechnical Operation Management Technical Operation Management - Maintenance Technical Operation Management - Repairs Technical Operation Management - Monitoring Technical Operation Management - Repowering,https://s23.a2zinc.net/clients/awea/wp20/Public/eBooth.aspx?IndexInList=170&FromPage=Exhibitors.aspx&ParentBoothID=&ListByBooth=true&BoothID=117145
Unisorb Installation Technologies,864,,"Jackson,",United States,http://www.unisorb.com,,,https://s23.a2zinc.net/clients/awea/wp20/Public/eBooth.aspx?IndexInList=171&FromPage=Exhibitors.aspx&ParentBoothID=&ListByBooth=true&BoothID=117259
"United Equipment Accessories, Inc.",907,,"Waverly,",United States,http://www.uea-inc.com,,Components/SupplierElectrical Components - Slip Rings,https://s23.a2zinc.net/clients/awea/wp20/Public/eBooth.aspx?IndexInList=172&FromPage=Exhibitors.aspx&ParentBoothID=&ListByBooth=true&BoothID=113784
Vaisala,1861,,"Louisville,",United States,http://www.vaisala.com/energy,,Resource Assessment/Wind ForecastingForecasting Services Resource Assessment Equipment Resource Assessment Services,https://s23.a2zinc.net/clients/awea/wp20/Public/eBooth.aspx?IndexInList=173&FromPage=Exhibitors.aspx&ParentBoothID=&ListByBooth=true&BoothID=114499
Vestas Americas,1647,,"Portland,",United States,http://www.vestas.com,,,https://s23.a2zinc.net/clients/awea/wp20/Public/eBooth.aspx?IndexInList=174&FromPage=Exhibitors.aspx&ParentBoothID=&ListByBooth=true&BoothID=114329
Vortex Inc.,909,,"Miami ,",United States,https://www.vortexfdc.com,,,https://s23.a2zinc.net/clients/awea/wp20/Public/eBooth.aspx?IndexInList=175&FromPage=Exhibitors.aspx&ParentBoothID=&ListByBooth=true&BoothID=113786
Williams Form Engineering Corp.,1456,,"Belmont,",United States,http://www.williamsform.com,,Components/SupplierMechanical Components - Bolts and Fasteners,https://s23.a2zinc.net/clients/awea/wp20/Public/eBooth.aspx?IndexInList=176&FromPage=Exhibitors.aspx&ParentBoothID=&ListByBooth=true&BoothID=114181
Wind Access Engineering,1239,,"Theresa,",United States,http://www.windaccessengineering.com,,Components/SupplierBlades Towers - Climb Assists,https://s23.a2zinc.net/clients/awea/wp20/Public/eBooth.aspx?IndexInList=177&FromPage=Exhibitors.aspx&ParentBoothID=&ListByBooth=true&BoothID=117518
Wind Secure,775,,"Lake Orion,",United States,http://www.windsecure.com,,Operations & MaintenanceTechnical Operation Management - Maintenance Technical Operation Management - Repairs,https://s23.a2zinc.net/clients/awea/wp20/Public/eBooth.aspx?IndexInList=178&FromPage=Exhibitors.aspx&ParentBoothID=&ListByBooth=true&BoothID=113684
WindCom,829,,"Houston,",United States,http://www.windcomservices.com,,Components/SupplierBlades,https://s23.a2zinc.net/clients/awea/wp20/Public/eBooth.aspx?IndexInList=179&FromPage=Exhibitors.aspx&ParentBoothID=&ListByBooth=true&BoothID=113724
Winergy,1317,,"Elgin,",United States,http://www.winergy-group.com,,Components/SupplierMechanical Components - Bearings Mechanical Components - Couplings Mechanical Components - Gearboxes Mechanical Components - Main Shafts,https://s23.a2zinc.net/clients/awea/wp20/Public/eBooth.aspx?IndexInList=180&FromPage=Exhibitors.aspx&ParentBoothID=&ListByBooth=true&BoothID=117284
World Wind and Solar,1011,,"Tehachapi,",United States,http://www.worldwindsolar.com,,Operations & MaintenanceTechnical Operation Management Technical Operation Management - Maintenance Technical Operation Management - Repairs Technical Operation Management - Monitoring Technical Operation Management - Repowering,https://s23.a2zinc.net/clients/awea/wp20/Public/eBooth.aspx?IndexInList=181&FromPage=Exhibitors.aspx&ParentBoothID=&ListByBooth=true&BoothID=113869
wpd wind projects Inc.,1337,,"Portland,",United States,http://www.wpd-usa.com,,Finance & InsuranceFinancing,https://s23.a2zinc.net/clients/awea/wp20/Public/eBooth.aspx?IndexInList=182&FromPage=Exhibitors.aspx&ParentBoothID=&ListByBooth=true&BoothID=114097
WSP,1561,,"Boulder,",United States,https://www.wsp.com/en-US,,"Project Development & PlanningConsulting Consulting - Construction Consulting Consulting - Economic Analyses Consulting - Environmental Assessment Consulting - Geotechnical Consulting Consulting - Inspection/Verification Consulting - Market Consulting Consulting - Project Development Consulting - Site Feasibility Assessment Engineering Engineering - Civil Engineering Engineering - Electrical Engineering Engineering - Foundation Engineering Siting and Environmental Compliance Siting and Environmental Compliance - Environmental Compliance Siting and Environmental Compliance - Offtakers Siting and Environmental Compliance - Project Siting Siting and Environmental Compliance - Siting Equipment (Radar, Detection Devices, Deterrent Devices)",https://s23.a2zinc.net/clients/awea/wp20/Public/eBooth.aspx?IndexInList=183&FromPage=Exhibitors.aspx&ParentBoothID=&ListByBooth=true&BoothID=114265
Zephyr Wind Services,2081,,"Watkins,",United States,,,,https://s23.a2zinc.net/clients/awea/wp20/Public/eBooth.aspx?IndexInList=184&FromPage=Exhibitors.aspx&ParentBoothID=&ListByBooth=true&BoothID=117085
