Name,Booth_no,Address,City,Country,website,Contact_no,url
3dB Labs,217,,"West Chester,",United States,http://www.3db-labs.com,,https://s23.a2zinc.net/clients/aoc/aoc19/Public/eBooth.aspx?IndexInList=0&FromPage=Exhibitors.aspx&ParentBoothID=&ListByBooth=true&BoothID=100590
412TW Benefield Anechoic Facility (BAF),311,,"Edwards AFB,",United States,http://www.edwards.af.mil/Units/772nd-test-squadron/,,https://s23.a2zinc.net/clients/aoc/aoc19/Public/eBooth.aspx?IndexInList=1&FromPage=Exhibitors.aspx&ParentBoothID=&ListByBooth=true&BoothID=100608
Advanced Test Equipment Rentals,221,,"San Diego,",United States,http://www.atecorp.com,,https://s23.a2zinc.net/clients/aoc/aoc19/Public/eBooth.aspx?IndexInList=2&FromPage=Exhibitors.aspx&ParentBoothID=&ListByBooth=true&BoothID=100499
Aethercomm,737,,"Carlsbad,",United States,http://www.aethercomm.com,,https://s23.a2zinc.net/clients/aoc/aoc19/Public/eBooth.aspx?IndexInList=3&FromPage=Exhibitors.aspx&ParentBoothID=&ListByBooth=true&BoothID=100425
Alaris Antennas (Pty) Ltd,202,,"Gauteng,",South Africa,,,https://s23.a2zinc.net/clients/aoc/aoc19/Public/eBooth.aspx?IndexInList=4&FromPage=Exhibitors.aspx&ParentBoothID=&ListByBooth=true&BoothID=100443
American Microwave Corporation,838,,"Frederick,",United States,,,https://s23.a2zinc.net/clients/aoc/aoc19/Public/eBooth.aspx?IndexInList=5&FromPage=Exhibitors.aspx&ParentBoothID=&ListByBooth=true&BoothID=100459
American Standard Circuits,240,,"West Chicago,",United States,https://www.asc-i.com,,https://s23.a2zinc.net/clients/aoc/aoc19/Public/eBooth.aspx?IndexInList=6&FromPage=Exhibitors.aspx&ParentBoothID=&ListByBooth=true&BoothID=100466
Ametek CTS,414,,"Ronkonkoma,",United States,,,https://s23.a2zinc.net/clients/aoc/aoc19/Public/eBooth.aspx?IndexInList=7&FromPage=Exhibitors.aspx&ParentBoothID=&ListByBooth=true&BoothID=100613
Ampex Data Systems,316,,"Hayward,",United States,http://www.ampex.com,,https://s23.a2zinc.net/clients/aoc/aoc19/Public/eBooth.aspx?IndexInList=8&FromPage=Exhibitors.aspx&ParentBoothID=&ListByBooth=true&BoothID=100591
Analog Devices,731,,"Norwood,",United States,,,https://s23.a2zinc.net/clients/aoc/aoc19/Public/eBooth.aspx?IndexInList=9&FromPage=Exhibitors.aspx&ParentBoothID=&ListByBooth=true&BoothID=100527
"Annapolis Micro Systems, Inc.",911,,"Annapolis,",United States,https://www.annapmicro.com/,,https://s23.a2zinc.net/clients/aoc/aoc19/Public/eBooth.aspx?IndexInList=10&FromPage=Exhibitors.aspx&ParentBoothID=&ListByBooth=true&BoothID=100437
"Antenna Research Associates, Inc.",338,,"Beltsville,",United States,http://ara-inc.com,,https://s23.a2zinc.net/clients/aoc/aoc19/Public/eBooth.aspx?IndexInList=11&FromPage=Exhibitors.aspx&ParentBoothID=&ListByBooth=true&BoothID=100594
AOC EW Europe,210,,"London,",United Kingdom,https://www.eweurope.com,,https://s23.a2zinc.net/clients/aoc/aoc19/Public/eBooth.aspx?IndexInList=12&FromPage=Exhibitors.aspx&ParentBoothID=&ListByBooth=true&BoothID=100446
API Technologies Corporation,207,,"Marlborough,",United States,,,https://s23.a2zinc.net/clients/aoc/aoc19/Public/eBooth.aspx?IndexInList=13&FromPage=Exhibitors.aspx&ParentBoothID=&ListByBooth=true&BoothID=100535
ApisSys,502,,"F-74160 Archamps,",France,http://www.apissys.com,,https://s23.a2zinc.net/clients/aoc/aoc19/Public/eBooth.aspx?IndexInList=14&FromPage=Exhibitors.aspx&ParentBoothID=&ListByBooth=true&BoothID=100562
Applied Thin-Film Products,212,,"Freemont,",United States,,,https://s23.a2zinc.net/clients/aoc/aoc19/Public/eBooth.aspx?IndexInList=15&FromPage=Exhibitors.aspx&ParentBoothID=&ListByBooth=true&BoothID=100470
ASELSAN A.S,334,,"Ankara,",Turkey,http://www.aselsan.com.tr,,https://s23.a2zinc.net/clients/aoc/aoc19/Public/eBooth.aspx?IndexInList=16&FromPage=Exhibitors.aspx&ParentBoothID=&ListByBooth=true&BoothID=100454
"Atlanta Micro, Inc.",437,,"Norcross,",United States,https://www.atlantamicro.com,,https://s23.a2zinc.net/clients/aoc/aoc19/Public/eBooth.aspx?IndexInList=17&FromPage=Exhibitors.aspx&ParentBoothID=&ListByBooth=true&BoothID=100584
Azure Summit Technology,410,,"Fairfax,",United States,http://www.azuresummit.com,,https://s23.a2zinc.net/clients/aoc/aoc19/Public/eBooth.aspx?IndexInList=18&FromPage=Exhibitors.aspx&ParentBoothID=&ListByBooth=true&BoothID=100611
BAE Systems,515,,"Merrimack,",United States,http://www.baesystems.com,,https://s23.a2zinc.net/clients/aoc/aoc19/Public/eBooth.aspx?IndexInList=19&FromPage=Exhibitors.aspx&ParentBoothID=&ListByBooth=true&BoothID=100546
Battlespace Simulations,914,,"Lakewood Ranch,",United States,http://www.bssim.com,,https://s23.a2zinc.net/clients/aoc/aoc19/Public/eBooth.aspx?IndexInList=20&FromPage=Exhibitors.aspx&ParentBoothID=&ListByBooth=true&BoothID=100581
Chemring Sensors and Electronic Systems,313,,"Romsey,",United Kingdom,http://www.chemringts.com,,https://s23.a2zinc.net/clients/aoc/aoc19/Public/eBooth.aspx?IndexInList=21&FromPage=Exhibitors.aspx&ParentBoothID=&ListByBooth=true&BoothID=100609
Cobham,605,,"Arlington,",United States,http://www.cobham.com/ew,,https://s23.a2zinc.net/clients/aoc/aoc19/Public/eBooth.aspx?IndexInList=22&FromPage=Exhibitors.aspx&ParentBoothID=&ListByBooth=true&BoothID=100486
Communication Power Corporation,922,,"Hauppauge,",United States,http://www.cpcamps.com,,https://s23.a2zinc.net/clients/aoc/aoc19/Public/eBooth.aspx?IndexInList=23&FromPage=Exhibitors.aspx&ParentBoothID=&ListByBooth=true&BoothID=100515
Communications & Power Industries LLC,302,,"Palo Alto,",United States,http://www.cpii.com,,https://s23.a2zinc.net/clients/aoc/aoc19/Public/eBooth.aspx?IndexInList=24&FromPage=Exhibitors.aspx&ParentBoothID=&ListByBooth=true&BoothID=100542
ComSec,320,,"Virginia Beach,",United States,https://comsecllc.com,,https://s23.a2zinc.net/clients/aoc/aoc19/Public/eBooth.aspx?IndexInList=25&FromPage=Exhibitors.aspx&ParentBoothID=&ListByBooth=true&BoothID=100500
Comtech PST,327,,"Melville,",United States,http://www.comtechpst.com,,https://s23.a2zinc.net/clients/aoc/aoc19/Public/eBooth.aspx?IndexInList=26&FromPage=Exhibitors.aspx&ParentBoothID=&ListByBooth=true&BoothID=100502
Conduant Corporation,239,,"Longmont,",United States,http://www.conduant.com,,https://s23.a2zinc.net/clients/aoc/aoc19/Public/eBooth.aspx?IndexInList=27&FromPage=Exhibitors.aspx&ParentBoothID=&ListByBooth=true&BoothID=100592
Crane Aerospace & Electronics,739,,"Lynnwood,",United States,,,https://s23.a2zinc.net/clients/aoc/aoc19/Public/eBooth.aspx?IndexInList=28&FromPage=Exhibitors.aspx&ParentBoothID=&ListByBooth=true&BoothID=100521
CRFS,211,,"Chantilly,",United States,http://www.crfs.com,,https://s23.a2zinc.net/clients/aoc/aoc19/Public/eBooth.aspx?IndexInList=29&FromPage=Exhibitors.aspx&ParentBoothID=&ListByBooth=true&BoothID=100392
CSIR,203,,"Brummeria,",South Africa,,,https://s23.a2zinc.net/clients/aoc/aoc19/Public/eBooth.aspx?IndexInList=30&FromPage=Exhibitors.aspx&ParentBoothID=&ListByBooth=true&BoothID=100531
Cubic Nuvotronics,439,,"Durham,",United States,http://www.nuvotronics.com,,https://s23.a2zinc.net/clients/aoc/aoc19/Public/eBooth.aspx?IndexInList=31&FromPage=Exhibitors.aspx&ParentBoothID=&ListByBooth=true&BoothID=100585
dB Control,500,,"Fremont,",United States,http://www.dbcontrol.com,,https://s23.a2zinc.net/clients/aoc/aoc19/Public/eBooth.aspx?IndexInList=32&FromPage=Exhibitors.aspx&ParentBoothID=&ListByBooth=true&BoothID=100561
Deepwave Digital,232,,"Philadelphia,",United States,http://deepwavedigital.com,,https://s23.a2zinc.net/clients/aoc/aoc19/Public/eBooth.aspx?IndexInList=33&FromPage=Exhibitors.aspx&ParentBoothID=&ListByBooth=true&BoothID=100450
Digital Receiver Technology (DRT),330,,"Germantown,",United States,http://www.drti.com,,https://s23.a2zinc.net/clients/aoc/aoc19/Public/eBooth.aspx?IndexInList=34&FromPage=Exhibitors.aspx&ParentBoothID=&ListByBooth=true&BoothID=100452
Directed Energy Professional Society (DEPS),340,,"Albuquerque,",United States,http://www.deps.org,,https://s23.a2zinc.net/clients/aoc/aoc19/Public/eBooth.aspx?IndexInList=35&FromPage=Exhibitors.aspx&ParentBoothID=&ListByBooth=true&BoothID=100595
Dixie Crow Chapter AOC,406,,"Warner Robins,",United States,http://crows.org/chapters/dixie-crow-home-page.html,,https://s23.a2zinc.net/clients/aoc/aoc19/Public/eBooth.aspx?IndexInList=36&FromPage=Exhibitors.aspx&ParentBoothID=&ListByBooth=true&BoothID=100402
D-TA Systems,633,,"Ottawa,",Canada,http://www.d-ta.com,,https://s23.a2zinc.net/clients/aoc/aoc19/Public/eBooth.aspx?IndexInList=37&FromPage=Exhibitors.aspx&ParentBoothID=&ListByBooth=true&BoothID=100574
Elbit Systems EW and SIGINT – Elisra,817,,"Holon,",Israel,,,https://s23.a2zinc.net/clients/aoc/aoc19/Public/eBooth.aspx?IndexInList=38&FromPage=Exhibitors.aspx&ParentBoothID=&ListByBooth=true&BoothID=100580
Elite RF,241,,"Hoffman Estates,",United States,,,https://s23.a2zinc.net/clients/aoc/aoc19/Public/eBooth.aspx?IndexInList=39&FromPage=Exhibitors.aspx&ParentBoothID=&ListByBooth=true&BoothID=100593
Empower RF Systems,807,,"Inglewood,",United States,https://www.empowerrf.com,,https://s23.a2zinc.net/clients/aoc/aoc19/Public/eBooth.aspx?IndexInList=40&FromPage=Exhibitors.aspx&ParentBoothID=&ListByBooth=true&BoothID=100479
Epiq Solutions,318,,"Schaumburg,",United States,http://www.epiqsolutions.com,,https://s23.a2zinc.net/clients/aoc/aoc19/Public/eBooth.aspx?IndexInList=41&FromPage=Exhibitors.aspx&ParentBoothID=&ListByBooth=true&BoothID=100498
ESROE Limited,224,,"Fareham,",United Kingdom,http://www.esroe.com,,https://s23.a2zinc.net/clients/aoc/aoc19/Public/eBooth.aspx?IndexInList=42&FromPage=Exhibitors.aspx&ParentBoothID=&ListByBooth=true&BoothID=100447
FEI-Elcom Tech,816,,"Northvale,",United States,http://www.fei-elcomtech.com,,https://s23.a2zinc.net/clients/aoc/aoc19/Public/eBooth.aspx?IndexInList=43&FromPage=Exhibitors.aspx&ParentBoothID=&ListByBooth=true&BoothID=100516
Ferrite Microwave Technologies,918,,"Nashua,",United States,,,https://s23.a2zinc.net/clients/aoc/aoc19/Public/eBooth.aspx?IndexInList=44&FromPage=Exhibitors.aspx&ParentBoothID=&ListByBooth=true&BoothID=100583
General Dynamics Mission Systems,728,,"Fairfax,",United States,http://www.gdmissionsystems.com,,https://s23.a2zinc.net/clients/aoc/aoc19/Public/eBooth.aspx?IndexInList=45&FromPage=Exhibitors.aspx&ParentBoothID=&ListByBooth=true&BoothID=100576
Georgia Tech Research Institute,404,,"Atlanta,",United States,,,https://s23.a2zinc.net/clients/aoc/aoc19/Public/eBooth.aspx?IndexInList=46&FromPage=Exhibitors.aspx&ParentBoothID=&ListByBooth=true&BoothID=100541
Giga-tronics,323,,"Dublin,",United States,http://www.gigatronics.com,,https://s23.a2zinc.net/clients/aoc/aoc19/Public/eBooth.aspx?IndexInList=47&FromPage=Exhibitors.aspx&ParentBoothID=&ListByBooth=true&BoothID=100400
Gowanda Components Group,820,,"Gowanda,",United States,http://gowandacomponentsgroup.com,,https://s23.a2zinc.net/clients/aoc/aoc19/Public/eBooth.aspx?IndexInList=48&FromPage=Exhibitors.aspx&ParentBoothID=&ListByBooth=true&BoothID=100520
HawkEye 360,927,,"Herndon,",United States,,,https://s23.a2zinc.net/clients/aoc/aoc19/Public/eBooth.aspx?IndexInList=49&FromPage=Exhibitors.aspx&ParentBoothID=&ListByBooth=true&BoothID=100439
"Herrick Technology Laboratories, Inc",231,,"Germantown,",United States,http://www.herricktechlabs.com,,https://s23.a2zinc.net/clients/aoc/aoc19/Public/eBooth.aspx?IndexInList=50&FromPage=Exhibitors.aspx&ParentBoothID=&ListByBooth=true&BoothID=100395
Intel Corporation,208,,"San Jose,",United States,,,https://s23.a2zinc.net/clients/aoc/aoc19/Public/eBooth.aspx?IndexInList=51&FromPage=Exhibitors.aspx&ParentBoothID=&ListByBooth=true&BoothID=100445
Intelligent Automation,916,,"Rockville,",United States,,,https://s23.a2zinc.net/clients/aoc/aoc19/Public/eBooth.aspx?IndexInList=52&FromPage=Exhibitors.aspx&ParentBoothID=&ListByBooth=true&BoothID=100582
Interface Concept,815,,"Quimper,",France,http://www.interfaceconcept.com,,https://s23.a2zinc.net/clients/aoc/aoc19/Public/eBooth.aspx?IndexInList=53&FromPage=Exhibitors.aspx&ParentBoothID=&ListByBooth=true&BoothID=100578
iRF-Intelligent RF Solutions,732,,"Sparks,",United States,http://www.irf-solutions.com,,https://s23.a2zinc.net/clients/aoc/aoc19/Public/eBooth.aspx?IndexInList=54&FromPage=Exhibitors.aspx&ParentBoothID=&ListByBooth=true&BoothID=100577
Keysight,602,,"Santa Rosa,",United States,http://www.keysight.com,,https://s23.a2zinc.net/clients/aoc/aoc19/Public/eBooth.aspx?IndexInList=55&FromPage=Exhibitors.aspx&ParentBoothID=&ListByBooth=true&BoothID=100571
Kratos General Microwave,505,,"Syosset,",United States,http://www.kratosmed.com,,https://s23.a2zinc.net/clients/aoc/aoc19/Public/eBooth.aspx?IndexInList=56&FromPage=Exhibitors.aspx&ParentBoothID=&ListByBooth=true&BoothID=100601
Kumu Networks,226,,"Sunnyvale,",United States,http://www.kumunetworks.com,,https://s23.a2zinc.net/clients/aoc/aoc19/Public/eBooth.aspx?IndexInList=57&FromPage=Exhibitors.aspx&ParentBoothID=&ListByBooth=true&BoothID=100448
L3Harris,409,,"Melbourne,",United States,https://www.l3harris.com/,,https://s23.a2zinc.net/clients/aoc/aoc19/Public/eBooth.aspx?IndexInList=58&FromPage=Exhibitors.aspx&ParentBoothID=&ListByBooth=true&BoothID=100493
Leonardo DRS,908,,"Germantown,",United States,http://leonardodrs.com,,https://s23.a2zinc.net/clients/aoc/aoc19/Public/eBooth.aspx?IndexInList=59&FromPage=Exhibitors.aspx&ParentBoothID=&ListByBooth=true&BoothID=100431
"Lexatys, LLC",238,,"Laurel,",United States,http://www.Lexatys.com,,https://s23.a2zinc.net/clients/aoc/aoc19/Public/eBooth.aspx?IndexInList=60&FromPage=Exhibitors.aspx&ParentBoothID=&ListByBooth=true&BoothID=100465
Lockheed Martin,705,,"Manassas,",United States,https://www.lockheedmartin.com,,https://s23.a2zinc.net/clients/aoc/aoc19/Public/eBooth.aspx?IndexInList=61&FromPage=Exhibitors.aspx&ParentBoothID=&ListByBooth=true&BoothID=100477
MC Countermeasures Inc.,332,,"Kanata,",Canada,http://www.cm-cm.com,,https://s23.a2zinc.net/clients/aoc/aoc19/Public/eBooth.aspx?IndexInList=62&FromPage=Exhibitors.aspx&ParentBoothID=&ListByBooth=true&BoothID=100453
Meggitt,504,,"Baltimore,",United States,http://www.meggitt.com,,https://s23.a2zinc.net/clients/aoc/aoc19/Public/eBooth.aspx?IndexInList=63&FromPage=Exhibitors.aspx&ParentBoothID=&ListByBooth=true&BoothID=100563
MEMtronics Corporation,640,,"Richardson,",United States,http://www.memtronics.com,,https://s23.a2zinc.net/clients/aoc/aoc19/Public/eBooth.aspx?IndexInList=64&FromPage=Exhibitors.aspx&ParentBoothID=&ListByBooth=true&BoothID=100569
Mercury Systems,623,,"Andover,",United States,http://mrcy.com,,https://s23.a2zinc.net/clients/aoc/aoc19/Public/eBooth.aspx?IndexInList=65&FromPage=Exhibitors.aspx&ParentBoothID=&ListByBooth=true&BoothID=100513
Metamagnetics,412,,"Westborough,",United States,http://www.mtmgx.com,,https://s23.a2zinc.net/clients/aoc/aoc19/Public/eBooth.aspx?IndexInList=66&FromPage=Exhibitors.aspx&ParentBoothID=&ListByBooth=true&BoothID=100612
Microwave Products Group,405,,"Salisbury,",United States,http://www.dovermpg.com,,https://s23.a2zinc.net/clients/aoc/aoc19/Public/eBooth.aspx?IndexInList=67&FromPage=Exhibitors.aspx&ParentBoothID=&ListByBooth=true&BoothID=100560
"Motorola Solutions, Inc.",818,,"Schaumburg,",United States,http://motorolasolutions.com,,https://s23.a2zinc.net/clients/aoc/aoc19/Public/eBooth.aspx?IndexInList=68&FromPage=Exhibitors.aspx&ParentBoothID=&ListByBooth=true&BoothID=100518
National Instruments,304,,"Austin,",United States,http://ni.com,,https://s23.a2zinc.net/clients/aoc/aoc19/Public/eBooth.aspx?IndexInList=69&FromPage=Exhibitors.aspx&ParentBoothID=&ListByBooth=true&BoothID=100534
NEL Frequency Controls,538,,"Burlington,",United States,,,https://s23.a2zinc.net/clients/aoc/aoc19/Public/eBooth.aspx?IndexInList=70&FromPage=Exhibitors.aspx&ParentBoothID=&ListByBooth=true&BoothID=100602
Northrop Grumman,509,,"Falls Church,",United States,http://www.northropgrumman.com,,https://s23.a2zinc.net/clients/aoc/aoc19/Public/eBooth.aspx?IndexInList=71&FromPage=Exhibitors.aspx&ParentBoothID=&ListByBooth=true&BoothID=100553
NuWaves Engineering,923,,"Middletown,",United States,http://www.NuWaves.com,,https://s23.a2zinc.net/clients/aoc/aoc19/Public/eBooth.aspx?IndexInList=72&FromPage=Exhibitors.aspx&ParentBoothID=&ListByBooth=true&BoothID=100557
Ophir RF,723,,"Los Angeles,",United States,http://www.ophirrf.com,,https://s23.a2zinc.net/clients/aoc/aoc19/Public/eBooth.aspx?IndexInList=73&FromPage=Exhibitors.aspx&ParentBoothID=&ListByBooth=true&BoothID=100519
Pasternack,204,,"Irvine,",United States,,,https://s23.a2zinc.net/clients/aoc/aoc19/Public/eBooth.aspx?IndexInList=74&FromPage=Exhibitors.aspx&ParentBoothID=&ListByBooth=true&BoothID=100444
Patria,631,,"Tampere,",Finland,https://www.patria.fi/en/products-and-services/passive-rf-sensor-family,,https://s23.a2zinc.net/clients/aoc/aoc19/Public/eBooth.aspx?IndexInList=75&FromPage=Exhibitors.aspx&ParentBoothID=&ListByBooth=true&BoothID=100607
Pentek,422,,"Upper Saddle River,",United States,http://www.pentek.com,,https://s23.a2zinc.net/clients/aoc/aoc19/Public/eBooth.aspx?IndexInList=76&FromPage=Exhibitors.aspx&ParentBoothID=&ListByBooth=true&BoothID=100539
Photonis Defense Incorporated,426,,"Lancaster,",United States,http://www.photonisdefense.com,,https://s23.a2zinc.net/clients/aoc/aoc19/Public/eBooth.aspx?IndexInList=77&FromPage=Exhibitors.aspx&ParentBoothID=&ListByBooth=true&BoothID=100503
Physical Optics Corporation,424,,"Torrance,",United States,http://www.poc.com,,https://s23.a2zinc.net/clients/aoc/aoc19/Public/eBooth.aspx?IndexInList=78&FromPage=Exhibitors.aspx&ParentBoothID=&ListByBooth=true&BoothID=100501
"Planar Monolithics Industries, Inc",907,,"Frederick,",United States,,,https://s23.a2zinc.net/clients/aoc/aoc19/Public/eBooth.aspx?IndexInList=79&FromPage=Exhibitors.aspx&ParentBoothID=&ListByBooth=true&BoothID=100434
PLATH GmbH,225,,"Hamburg,",Germany,http://www.plathgroup.com,,https://s23.a2zinc.net/clients/aoc/aoc19/Public/eBooth.aspx?IndexInList=80&FromPage=Exhibitors.aspx&ParentBoothID=&ListByBooth=true&BoothID=100597
Plexsa Manufacturing,827,,"Stellenbosch,",South Africa,http://www.plexsa.com,,https://s23.a2zinc.net/clients/aoc/aoc19/Public/eBooth.aspx?IndexInList=81&FromPage=Exhibitors.aspx&ParentBoothID=&ListByBooth=true&BoothID=100428
Procitec GmbH,501,,"Pforzheim,",Germany,http://www.procitec.de,,https://s23.a2zinc.net/clients/aoc/aoc19/Public/eBooth.aspx?IndexInList=82&FromPage=Exhibitors.aspx&ParentBoothID=&ListByBooth=true&BoothID=100409
PSI Cases,235,,"Baltimore,",United States,http://www.psicases.com,,https://s23.a2zinc.net/clients/aoc/aoc19/Public/eBooth.aspx?IndexInList=83&FromPage=Exhibitors.aspx&ParentBoothID=&ListByBooth=true&BoothID=100396
"Q Microwave, Inc.",401,,"El Cajon,",United States,http://www.qmicrowave.com,,https://s23.a2zinc.net/clients/aoc/aoc19/Public/eBooth.aspx?IndexInList=84&FromPage=Exhibitors.aspx&ParentBoothID=&ListByBooth=true&BoothID=100558
Rantec Microwave Systems,719,,"Escondido,",United States,http://www.microwavespecialty.com,,https://s23.a2zinc.net/clients/aoc/aoc19/Public/eBooth.aspx?IndexInList=85&FromPage=Exhibitors.aspx&ParentBoothID=&ListByBooth=true&BoothID=100423
Raytheon Company,417,,"El Segundo,",United States,https://www.raytheon.com/capabilities/ew,,https://s23.a2zinc.net/clients/aoc/aoc19/Public/eBooth.aspx?IndexInList=86&FromPage=Exhibitors.aspx&ParentBoothID=&ListByBooth=true&BoothID=100405
Research Electronics International,324,,"Cookeville,",United States,,,https://s23.a2zinc.net/clients/aoc/aoc19/Public/eBooth.aspx?IndexInList=87&FromPage=Exhibitors.aspx&ParentBoothID=&ListByBooth=true&BoothID=100598
"Rohde & Schwarz USA, Inc.",611,,"Columbia,",United States,https://www.rohde-schwarz.com,,https://s23.a2zinc.net/clients/aoc/aoc19/Public/eBooth.aspx?IndexInList=88&FromPage=Exhibitors.aspx&ParentBoothID=&ListByBooth=true&BoothID=100525
Rotating Precision Mechanisms Inc,219,,"Northridge,",United States,http://www.rpm-psi.com,,https://s23.a2zinc.net/clients/aoc/aoc19/Public/eBooth.aspx?IndexInList=89&FromPage=Exhibitors.aspx&ParentBoothID=&ListByBooth=true&BoothID=100497
S2 Corporation,926,,"Bozeman,",United States,,,https://s23.a2zinc.net/clients/aoc/aoc19/Public/eBooth.aspx?IndexInList=90&FromPage=Exhibitors.aspx&ParentBoothID=&ListByBooth=true&BoothID=100433
Saab Defense and Security,537,,"Washington,",United States,http://www.saab.com,,https://s23.a2zinc.net/clients/aoc/aoc19/Public/eBooth.aspx?IndexInList=91&FromPage=Exhibitors.aspx&ParentBoothID=&ListByBooth=true&BoothID=100565
Schaefer Electronics Inc,216,,"Hopkinton,",United States,http://www.schaeferpower.com,,https://s23.a2zinc.net/clients/aoc/aoc19/Public/eBooth.aspx?IndexInList=92&FromPage=Exhibitors.aspx&ParentBoothID=&ListByBooth=true&BoothID=100467
Select Fabricators,909,,"Canandaigua,",United States,,,https://s23.a2zinc.net/clients/aoc/aoc19/Public/eBooth.aspx?IndexInList=93&FromPage=Exhibitors.aspx&ParentBoothID=&ListByBooth=true&BoothID=100435
SEQTOR,503,,"Grenaa,",Denmark,http://www.seqtor.com,,https://s23.a2zinc.net/clients/aoc/aoc19/Public/eBooth.aspx?IndexInList=94&FromPage=Exhibitors.aspx&ParentBoothID=&ListByBooth=true&BoothID=100600
Sierra Nevada Corporation,811,,"Sparks,",United States,http://www.sncorp.com,,https://s23.a2zinc.net/clients/aoc/aoc19/Public/eBooth.aspx?IndexInList=95&FromPage=Exhibitors.aspx&ParentBoothID=&ListByBooth=true&BoothID=100480
Signal Hound,722,,"La Center,",United States,http://signalhound.com,,https://s23.a2zinc.net/clients/aoc/aoc19/Public/eBooth.aspx?IndexInList=96&FromPage=Exhibitors.aspx&ParentBoothID=&ListByBooth=true&BoothID=100512
Silver Palm Technologies,326,,"Ijamsville,",United States,http://silverpalmtech.com,,https://s23.a2zinc.net/clients/aoc/aoc19/Public/eBooth.aspx?IndexInList=97&FromPage=Exhibitors.aspx&ParentBoothID=&ListByBooth=true&BoothID=100599
Spectranetix,600,,"Sunnyvale,",United States,http://www.spectranetix.com,,https://s23.a2zinc.net/clients/aoc/aoc19/Public/eBooth.aspx?IndexInList=98&FromPage=Exhibitors.aspx&ParentBoothID=&ListByBooth=true&BoothID=100415
"SRC, Inc.",305,,"North Syracuse,",United States,http://www.srcinc.com,,https://s23.a2zinc.net/clients/aoc/aoc19/Public/eBooth.aspx?IndexInList=99&FromPage=Exhibitors.aspx&ParentBoothID=&ListByBooth=true&BoothID=100397
Steatite,205,,"Redditch,",United Kingdom,http://www.steatite.co.uk,,https://s23.a2zinc.net/clients/aoc/aoc19/Public/eBooth.aspx?IndexInList=100&FromPage=Exhibitors.aspx&ParentBoothID=&ListByBooth=true&BoothID=100533
Syncopated Engineering Inc,230,,"Baltimore,",United States,https://www.syncopatedengr.com,,https://s23.a2zinc.net/clients/aoc/aoc19/Public/eBooth.aspx?IndexInList=101&FromPage=Exhibitors.aspx&ParentBoothID=&ListByBooth=true&BoothID=100449
Tabor Electronics/Astronics Test Systems,924,,"Irvine,",United States,,,https://s23.a2zinc.net/clients/aoc/aoc19/Public/eBooth.aspx?IndexInList=102&FromPage=Exhibitors.aspx&ParentBoothID=&ListByBooth=true&BoothID=100432
TCI,725,,"Fremont,",United States,http://www.tcibr.com,,https://s23.a2zinc.net/clients/aoc/aoc19/Public/eBooth.aspx?IndexInList=103&FromPage=Exhibitors.aspx&ParentBoothID=&ListByBooth=true&BoothID=100511
TE Connectivity,638,,"Middletown,",United States,http://www.te.com/C4ISR,,https://s23.a2zinc.net/clients/aoc/aoc19/Public/eBooth.aspx?IndexInList=104&FromPage=Exhibitors.aspx&ParentBoothID=&ListByBooth=true&BoothID=100568
"Tektronix, Inc.",830,,"Beaverton,",United States,http://www.tek.com,,https://s23.a2zinc.net/clients/aoc/aoc19/Public/eBooth.aspx?IndexInList=105&FromPage=Exhibitors.aspx&ParentBoothID=&ListByBooth=true&BoothID=100457
Teledyne Defense Electronics,711,,"Mountain View,",United States,http://www.teledynedefenseelectronics.com,,https://s23.a2zinc.net/clients/aoc/aoc19/Public/eBooth.aspx?IndexInList=106&FromPage=Exhibitors.aspx&ParentBoothID=&ListByBooth=true&BoothID=100484
Terma North America,823,,"Atlanta,",United States,http://www.terma.com,,https://s23.a2zinc.net/clients/aoc/aoc19/Public/eBooth.aspx?IndexInList=107&FromPage=Exhibitors.aspx&ParentBoothID=&ListByBooth=true&BoothID=100427
TEVET,636,,"Greeneville,",United States,http://www.tevetllc.com,,https://s23.a2zinc.net/clients/aoc/aoc19/Public/eBooth.aspx?IndexInList=108&FromPage=Exhibitors.aspx&ParentBoothID=&ListByBooth=true&BoothID=100567
Texas Instruments,836,,"Dallas,",United States,http://www.ti.com,,https://s23.a2zinc.net/clients/aoc/aoc19/Public/eBooth.aspx?IndexInList=109&FromPage=Exhibitors.aspx&ParentBoothID=&ListByBooth=true&BoothID=100458
Textron,331,,"Hunt Valley,",United States,http://textronsystems.com,,https://s23.a2zinc.net/clients/aoc/aoc19/Public/eBooth.aspx?IndexInList=110&FromPage=Exhibitors.aspx&ParentBoothID=&ListByBooth=true&BoothID=100506
"TMD Technologies, LLC",721,,"Baltimore,",United States,http://www.tmdus.com,,https://s23.a2zinc.net/clients/aoc/aoc19/Public/eBooth.aspx?IndexInList=111&FromPage=Exhibitors.aspx&ParentBoothID=&ListByBooth=true&BoothID=100517
TrustComm,220,,"Stafford,",United States,,,https://s23.a2zinc.net/clients/aoc/aoc19/Public/eBooth.aspx?IndexInList=112&FromPage=Exhibitors.aspx&ParentBoothID=&ListByBooth=true&BoothID=100469
TUALCOM,315,,"ANKARA,",Turkey,http://www.tualcom.com.tr,,https://s23.a2zinc.net/clients/aoc/aoc19/Public/eBooth.aspx?IndexInList=113&FromPage=Exhibitors.aspx&ParentBoothID=&ListByBooth=true&BoothID=100610
ULTRA ELECTRONICS - EWST,906,,"Farnborough,",United Kingdom,http://www.ewst.co.uk,,https://s23.a2zinc.net/clients/aoc/aoc19/Public/eBooth.aspx?IndexInList=114&FromPage=Exhibitors.aspx&ParentBoothID=&ListByBooth=true&BoothID=100429
US Naval Research Lab,925,,"Washington,",United States,http://www.nrl.navy.mil,,https://s23.a2zinc.net/clients/aoc/aoc19/Public/eBooth.aspx?IndexInList=115&FromPage=Exhibitors.aspx&ParentBoothID=&ListByBooth=true&BoothID=100438
Vadum Incorporated,234,,"Raleigh,",United States,http://www.vaduminc.com,,https://s23.a2zinc.net/clients/aoc/aoc19/Public/eBooth.aspx?IndexInList=116&FromPage=Exhibitors.aspx&ParentBoothID=&ListByBooth=true&BoothID=100451
VectorNav,629,,"Dallas,",United States,http://www.vectornav.com,,https://s23.a2zinc.net/clients/aoc/aoc19/Public/eBooth.aspx?IndexInList=117&FromPage=Exhibitors.aspx&ParentBoothID=&ListByBooth=true&BoothID=100606
"VIAVI Solutions, formerly Aeroflex",536,,"Wichita,",United States,http://www.viavisolutions.com,,https://s23.a2zinc.net/clients/aoc/aoc19/Public/eBooth.aspx?IndexInList=118&FromPage=Exhibitors.aspx&ParentBoothID=&ListByBooth=true&BoothID=100587
Wideband Systems,403,,"Mission Viego,",United States,http://wideband-sys.com,,https://s23.a2zinc.net/clients/aoc/aoc19/Public/eBooth.aspx?IndexInList=119&FromPage=Exhibitors.aspx&ParentBoothID=&ListByBooth=true&BoothID=100559
