Name,Booth_no,Address,City,Country,website,Contact_no,product,url,,,,
4imprint,619,,"Oshkosh,",United States,http://www.4imprint.com,920-236-7272,"Banners, Murals, Etc. Chef Clothing Apparel Employment Recruiting Marketing Materials,Services Printing Souvenirs",https://s23.a2zinc.net/clients/wra/mfr2020/Public/eBooth.aspx?IndexInList=0&FromPage=Exhibitors.aspx&ParentBoothID=&ListByBooth=true&BoothID=100580,,,,
7SHIFTS,319,,"Saskatoon,",Canada,,,,https://s23.a2zinc.net/clients/wra/mfr2020/Public/eBooth.aspx?IndexInList=1&FromPage=Exhibitors.aspx&ParentBoothID=&ListByBooth=true&BoothID=100423,,,,
Alsum Farms & Produce,SSfW01,,"Friesland,",United States,http://www.alsum.com,920-348-6774,Potato Products,https://s23.a2zinc.net/clients/wra/mfr2020/Public/eBooth.aspx?IndexInList=2&FromPage=Exhibitors.aspx&ParentBoothID=&ListByBooth=true&BoothID=100791,,,,
American Welding & Gas,324,,"Wausau,",United States,http://www.amwelding.com,715-409-3376,,https://s23.a2zinc.net/clients/wra/mfr2020/Public/eBooth.aspx?IndexInList=3&FromPage=Exhibitors.aspx&ParentBoothID=&ListByBooth=true&BoothID=100400,,,,
Anderson Foodservice Solutions,301,,"Waukesha,",United States,http://www.afsreps.com,262-436-0102,"Shelving,Shelving Products Supplies",, Display & Refrigerated Catering Supplies & Equipment Refrigeration Equipment Baking Equipment Banquet Equipment & Supplies Bar Equipment & Supplies Blast Chillers Blenders Braising Pans,https://s23.a2zinc.net/clients/wra/mfr2020/Public/eBooth.aspx?IndexInList=4&FromPage=Exhibitors.aspx&ParentBoothID=&ListByBooth=true&BoothID=100418,,
Baker's Quality Pizza Crusts,802,,"Waukesha,",United States,http://www.bakersquality.com,262-513-9237,,https://s23.a2zinc.net/clients/wra/mfr2020/Public/eBooth.aspx?IndexInList=5&FromPage=Exhibitors.aspx&ParentBoothID=&ListByBooth=true&BoothID=100649,,,,
Batzner Pest Control,420,,"New Berlin,",United States,http://www.batzner.com,262-797-4160,Exterminators Pest Control Services,https://s23.a2zinc.net/clients/wra/mfr2020/Public/eBooth.aspx?IndexInList=6&FromPage=Exhibitors.aspx&ParentBoothID=&ListByBooth=true&BoothID=100450,,,,
Belgioioso Cheese,801,,"Lombard,",United States,http://www.hansonfaso.com,414-519-8921,Food Brokers,https://s23.a2zinc.net/clients/wra/mfr2020/Public/eBooth.aspx?IndexInList=7&FromPage=Exhibitors.aspx&ParentBoothID=&ListByBooth=true&BoothID=100765,,,,
Boelter,439,,"Waukesha,",United States,https://www.boelterfoodservice.com,800-263-5837,"Baking Equipment Baking Supplies Banquet Equipment,Supplies Bar Equipment,Supplies Cafeteria Equipment,Supplies Consultants",, Foodservice Utensils, Cooking,https://s23.a2zinc.net/clients/wra/mfr2020/Public/eBooth.aspx?IndexInList=8&FromPage=Exhibitors.aspx&ParentBoothID=&ListByBooth=true&BoothID=100513,
Brakebush Chicken,520,,"Westfield,",United States,http://www.brakebush.com,608-296-2121,Appetizers Food Manufacturers Poultry Products,https://s23.a2zinc.net/clients/wra/mfr2020/Public/eBooth.aspx?IndexInList=9&FromPage=Exhibitors.aspx&ParentBoothID=&ListByBooth=true&BoothID=100502,,,,
Breakthru Beverage,LL03,,"Hartland,",United States,,262-617-0504,"Beer,Ale Beverages",,https://s23.a2zinc.net/clients/wra/mfr2020/Public/eBooth.aspx?IndexInList=10&FromPage=Exhibitors.aspx&ParentBoothID=&ListByBooth=true&BoothID=100821,,,
Brew Pub Lotzza Motzza Pizza,615,,"Green Bay,",United States,http://www.brewpubpizza.com,920-883-7851,Food Manufacturers Frozen Foods Pizza Products,https://s23.a2zinc.net/clients/wra/mfr2020/Public/eBooth.aspx?IndexInList=11&FromPage=Exhibitors.aspx&ParentBoothID=&ListByBooth=true&BoothID=100577,,,,
Budz Butter Co. LLC,423,,"Suamico,",United States,http://www.budzbutter.com,920-680-0176,Baking Ingredients Health-Related Products/Services Oils,,https://s23.a2zinc.net/clients/wra/mfr2020/Public/eBooth.aspx?IndexInList=12&FromPage=Exhibitors.aspx&ParentBoothID=&ListByBooth=true&BoothID=100477,,,
Cappucine Inc.,404,,"Corona,",United States,,(800) 511-3127,,https://s23.a2zinc.net/clients/wra/mfr2020/Public/eBooth.aspx?IndexInList=13&FromPage=Exhibitors.aspx&ParentBoothID=&ListByBooth=true&BoothID=100442,,,,
Cassidy's Proline,518,,"Lombard,",United States,http://www.cassidysproline.com,847-757-4768,Equipment Furniture/Furniture Accessories Manufacturers' Representative,https://s23.a2zinc.net/clients/wra/mfr2020/Public/eBooth.aspx?IndexInList=14&FromPage=Exhibitors.aspx&ParentBoothID=&ListByBooth=true&BoothID=100501,,,,
Celsius Holdings,421,,"Boca Raton,",United States,,774-334-0331,,https://s23.a2zinc.net/clients/wra/mfr2020/Public/eBooth.aspx?IndexInList=15&FromPage=Exhibitors.aspx&ParentBoothID=&ListByBooth=true&BoothID=100476,,,,
Chocolate Shoppe Ice Cream Co.,522,,"Madison,",United States,http://www.chocolateshoppeicecream.com,608-221-8640,Dessert Products Food Manufacturers Frozen Foods Ice Cream,https://s23.a2zinc.net/clients/wra/mfr2020/Public/eBooth.aspx?IndexInList=16&FromPage=Exhibitors.aspx&ParentBoothID=&ListByBooth=true&BoothID=100503,,,,
"Cornerstone Processing Solutions, Inc.",627,,"Oshkosh,",United States,http://www.cornerstoneps.net,920-651-8888,ATM Machines Credit Cards and/or Processing Point of Sale Systems,https://s23.a2zinc.net/clients/wra/mfr2020/Public/eBooth.aspx?IndexInList=17&FromPage=Exhibitors.aspx&ParentBoothID=&ListByBooth=true&BoothID=100583,,,,
Costa Nova,608,,"Brewster,",United States,http://www.costa-nova.com,845-277-5700,Tableware,https://s23.a2zinc.net/clients/wra/mfr2020/Public/eBooth.aspx?IndexInList=18&FromPage=Exhibitors.aspx&ParentBoothID=&ListByBooth=true&BoothID=100548,,,,
"CTL Foods, Inc.",SSfW04,,"Colfax,",United States,http://www.ctlcolfax.com,715-962-3121,Soda Fountain,,https://s23.a2zinc.net/clients/wra/mfr2020/Public/eBooth.aspx?IndexInList=19&FromPage=Exhibitors.aspx&ParentBoothID=&ListByBooth=true&BoothID=100801,,,
Culinary Gallery,CG,,,,https://www.wirestaurant.org/expo,,,https://s23.a2zinc.net/clients/wra/mfr2020/Public/eBooth.aspx?IndexInList=20&FromPage=Exhibitors.aspx&ParentBoothID=&ListByBooth=true&BoothID=100719,,,,
"Dexter Russell, Inc.",315,,"Southbridge,",United States,http://www.dexter1818.com,508-765-0201,"Cutlery Turners,Spreaders",https://s23.a2zinc.net/clients/wra/mfr2020/Public/eBooth.aspx?IndexInList=21&FromPage=Exhibitors.aspx&ParentBoothID=&ListByBooth=true&BoothID=100421,,,,
Door Peninsula Winery,SSfW03,,"Sturgeon Bay,",United States,http://www.dcwine.com,920-743-7431,Beverages,,https://s23.a2zinc.net/clients/wra/mfr2020/Public/eBooth.aspx?IndexInList=22&FromPage=Exhibitors.aspx&ParentBoothID=&ListByBooth=true&BoothID=100800,,,
Earth's Natural Alternative,408,,"Buffalo Grove,",United States,http://www.enaecogoods.com,847-600-6590,"Paper,Paper Products Biodegradable Products",https://s23.a2zinc.net/clients/wra/mfr2020/Public/eBooth.aspx?IndexInList=23&FromPage=Exhibitors.aspx&ParentBoothID=&ListByBooth=true&BoothID=100444,,,,
Ecolab,400,,"St. Paul,",United States,http://www.ecolab.com,651-250-2514,Cleaning Products Dishwashers Equipment,,https://s23.a2zinc.net/clients/wra/mfr2020/Public/eBooth.aspx?IndexInList=24&FromPage=Exhibitors.aspx&ParentBoothID=&ListByBooth=true&BoothID=100440,,,
Edward Don & Company,701,,"Woodridge,",United States,http://www.don.com,708-883-8000,"Tableware Disposable Supplies Equipment Kitchen Accessories,Supplies Bar Equipment,Supplies Cleaning Products",https://s23.a2zinc.net/clients/wra/mfr2020/Public/eBooth.aspx?IndexInList=25&FromPage=Exhibitors.aspx&ParentBoothID=&ListByBooth=true&BoothID=100623,,,,
Elegant Foods,524,,"Madison,",United States,http://www.elegantfoods.com,608-249-7711,Appetizers Baked Goods,,https://s23.a2zinc.net/clients/wra/mfr2020/Public/eBooth.aspx?IndexInList=26&FromPage=Exhibitors.aspx&ParentBoothID=&ListByBooth=true&BoothID=100505,,,
Elite Hood Cleaning / Fleming's Fire 1,715,,"Oconomowoc,",United States,http://www.elitehoodcleaningwisconsin.com,414-939-4393,Exhaust System Cleaning Filters,,https://s23.a2zinc.net/clients/wra/mfr2020/Public/eBooth.aspx?IndexInList=27&FromPage=Exhibitors.aspx&ParentBoothID=&ListByBooth=true&BoothID=100756,,,
Ellsworth Cooperative Creamery,419,,"Ellsworth,",United States,http://www.ellsworthcheese.com,715-273-4311,Cheese Dairy Products Food Manufacturers,https://s23.a2zinc.net/clients/wra/mfr2020/Public/eBooth.aspx?IndexInList=28&FromPage=Exhibitors.aspx&ParentBoothID=&ListByBooth=true&BoothID=100475,,,,
"Enviromatic Corporation of America, Inc.",514,,"Minneapolis,",United States,http://www.enviromatic.com,612-861-3330,Exhaust System Cleaning Filters,,https://s23.a2zinc.net/clients/wra/mfr2020/Public/eBooth.aspx?IndexInList=29&FromPage=Exhibitors.aspx&ParentBoothID=&ListByBooth=true&BoothID=100499,,,
Fifth Season Cooperative,SSfW07,,"Viroqua,",United States,http://www.fifthseasoncoop.com,608-638-2667,"Dairy Products Food Brokers Frozen Foods Fruits,Vegetables",, Frozen Produce,https://s23.a2zinc.net/clients/wra/mfr2020/Public/eBooth.aspx?IndexInList=30&FromPage=Exhibitors.aspx&ParentBoothID=&ListByBooth=true&BoothID=100817,,
Flavor Temptations,CG01,,"Madison,",United States,http://www.flavortemptations.com,608-621-0879,,https://s23.a2zinc.net/clients/wra/mfr2020/Public/eBooth.aspx?IndexInList=31&FromPage=Exhibitors.aspx&ParentBoothID=&ListByBooth=true&BoothID=100818,,,,
f'real foods,826,,"Lees Summit,",United States,https://www.freal.com/business/,800-483-3218,,https://s23.a2zinc.net/clients/wra/mfr2020/Public/eBooth.aspx?IndexInList=32&FromPage=Exhibitors.aspx&ParentBoothID=&ListByBooth=true&BoothID=100661,,,,
G2 Insurance Services Inc.,338,,"Brookfield,",United States,http://www.g2insuranceservices.com,262-784-0644,"Insurance Insurance; Health, Life, Dental or Vision Insurance; Property/Casualty, Worker's Compensation",https://s23.a2zinc.net/clients/wra/mfr2020/Public/eBooth.aspx?IndexInList=33&FromPage=Exhibitors.aspx&ParentBoothID=&ListByBooth=true&BoothID=100407,,,,
"GFF, Inc.",314,,"City of Industry,",United States,http://www.girardsdressings.com,323-846-2700,Condiments Foodservice Ideas Sauces,https://s23.a2zinc.net/clients/wra/mfr2020/Public/eBooth.aspx?IndexInList=34&FromPage=Exhibitors.aspx&ParentBoothID=&ListByBooth=true&BoothID=100395,,,,
Gordon Food Service,325,,"Kenosha,",United States,http://www.gfs.com,262-552-1500,"Cash,Carry Restaurant Supplies Coffee Coffee Urns,Makers Disposable Supplies Distributors",, Fresh & Frozen Food Distributors Foodservice Ideas Meat Products, Fresh & Frozen Nutritional Information On-Line Order Entry Supplies, Foodservice,https://s23.a2zinc.net/clients/wra/mfr2020/Public/eBooth.aspx?IndexInList=35&FromPage=Exhibitors.aspx&ParentBoothID=&ListByBooth=true&BoothID=100453
Great Lakes Distillery,SSfW02,,"Milwaukee,",United States,http://www.greatlakesdistillery.com,414-431-8683,Beverages,,https://s23.a2zinc.net/clients/wra/mfr2020/Public/eBooth.aspx?IndexInList=36&FromPage=Exhibitors.aspx&ParentBoothID=&ListByBooth=true&BoothID=100796,,,
Green Country Decor,743,,"Mt Zion,",United States,,,,https://s23.a2zinc.net/clients/wra/mfr2020/Public/eBooth.aspx?IndexInList=37&FromPage=Exhibitors.aspx&ParentBoothID=&ListByBooth=true&BoothID=100813,,,,
Hanson Faso,803,,"Lombard,",United States,http://www.hansonfaso.com,414-519-8921,Food Brokers,https://s23.a2zinc.net/clients/wra/mfr2020/Public/eBooth.aspx?IndexInList=38&FromPage=Exhibitors.aspx&ParentBoothID=&ListByBooth=true&BoothID=100766,,,,
Heartland,200,,"Edmond,",United States,http://heartland.us,405-531-3234,Credit Cards and/or Processing Payroll Services,https://s23.a2zinc.net/clients/wra/mfr2020/Public/eBooth.aspx?IndexInList=39&FromPage=Exhibitors.aspx&ParentBoothID=&ListByBooth=true&BoothID=100337,,,,
Hoffmaster Group,620,,"Oshkosh,",United States,http://www.hoffmaster.com,800-558-9300,Baking Supplies Napkins Supplies,,https://s23.a2zinc.net/clients/wra/mfr2020/Public/eBooth.aspx?IndexInList=40&FromPage=Exhibitors.aspx&ParentBoothID=&ListByBooth=true&BoothID=100554,,,
Hook's Cheese Company,SSfW05,,"Mineral Point,",United States,http://www.hookscheese.com,608-987-3259,Cheese,https://s23.a2zinc.net/clients/wra/mfr2020/Public/eBooth.aspx?IndexInList=41&FromPage=Exhibitors.aspx&ParentBoothID=&ListByBooth=true&BoothID=100802,,,,
"Hot Water Products, Inc.",708,,"Milwaukee,",United States,http://www.hotwaterproducts.com,414-434-1371,Equipment,,https://s23.a2zinc.net/clients/wra/mfr2020/Public/eBooth.aspx?IndexInList=42&FromPage=Exhibitors.aspx&ParentBoothID=&ListByBooth=true&BoothID=100600,,,
Jones Dairy Farm,150,,"Fort Atkinson,",United States,http://www.jonesdairyfarm.com,920-563-2431,Frozen Foods Meat Products,,https://s23.a2zinc.net/clients/wra/mfr2020/Public/eBooth.aspx?IndexInList=43&FromPage=Exhibitors.aspx&ParentBoothID=&ListByBooth=true&BoothID=100309,,,
Juiced! Cold-Pressed Juicery,617,,"Milwaukee,",United States,,,,https://s23.a2zinc.net/clients/wra/mfr2020/Public/eBooth.aspx?IndexInList=44&FromPage=Exhibitors.aspx&ParentBoothID=&ListByBooth=true&BoothID=100578,,,,
Kavanaugh Restaurant Supply,415,,"Madison,",United States,http://www.krsrestequip.com,608-271-8514,Equipment Furniture/Furniture Accessories Janitorial Supplies,https://s23.a2zinc.net/clients/wra/mfr2020/Public/eBooth.aspx?IndexInList=45&FromPage=Exhibitors.aspx&ParentBoothID=&ListByBooth=true&BoothID=100474,,,,
Kessenich's Ltd.,816,,"Madison,",United States,http://www.kessenichs.com,608-249-5391,Architecture,,https://s23.a2zinc.net/clients/wra/mfr2020/Public/eBooth.aspx?IndexInList=46&FromPage=Exhibitors.aspx&ParentBoothID=&ListByBooth=true&BoothID=100657,,,
Leahy IFP,LL01,,"Glenview,",United States,,847-904-5250,Beverages,,https://s23.a2zinc.net/clients/wra/mfr2020/Public/eBooth.aspx?IndexInList=47&FromPage=Exhibitors.aspx&ParentBoothID=&ListByBooth=true&BoothID=100794,,,
Ledgerock Distillery,LL02,,"Fond du Lac,",United States,http://www.ledgerockdistillery.com,920-375-0297,Beverages,,https://s23.a2zinc.net/clients/wra/mfr2020/Public/eBooth.aspx?IndexInList=48&FromPage=Exhibitors.aspx&ParentBoothID=&ListByBooth=true&BoothID=100820,,,
Liquid Lounge,"LL, LL",,,,http://www.wirestaurant.org/expo/show/liquid-lounge,,,https://s23.a2zinc.net/clients/wra/mfr2020/Public/eBooth.aspx?IndexInList=49&FromPage=Exhibitors.aspx&ParentBoothID=&ListByBooth=true&BoothID=100793,,,,
Natalie's Orchid Island Juice Co.,217,,"Ft. Pierce,",United States,http://www.oijc.com,772-465-1122,Juice,, Non-Alcoholic,https://s23.a2zinc.net/clients/wra/mfr2020/Public/eBooth.aspx?IndexInList=50&FromPage=Exhibitors.aspx&ParentBoothID=&ListByBooth=true&BoothID=100370,,
New Glarus Brewing Co.,SSfW09,,"New Glarus,",United States,http://www.newglarusbrewing.com,608-445-2899,Beverages,,https://s23.a2zinc.net/clients/wra/mfr2020/Public/eBooth.aspx?IndexInList=51&FromPage=Exhibitors.aspx&ParentBoothID=&ListByBooth=true&BoothID=100819,,,
North Country Business Products,706,,"Madison,",United States,http://www.ncbpinc.com,608-223-9811,"Cash Registers,Supplies Computerized Restaurant Management Software Point of Sale Systems",https://s23.a2zinc.net/clients/wra/mfr2020/Public/eBooth.aspx?IndexInList=52&FromPage=Exhibitors.aspx&ParentBoothID=&ListByBooth=true&BoothID=100599,,,,
Nueske's Applewood Smoked Meats,227,,"Wittenberg,",United States,http://www.nueskemeats.com,800-382-2266,Breakfast Items Meat Products,,https://s23.a2zinc.net/clients/wra/mfr2020/Public/eBooth.aspx?IndexInList=53&FromPage=Exhibitors.aspx&ParentBoothID=&ListByBooth=true&BoothID=100401,,,
Pepsico Foodservice,340,,"Oshkosh,",United States,www.pepsico.com,920-236-4454,Beverages,, Products & Equipment Tea Water,https://s23.a2zinc.net/clients/wra/mfr2020/Public/eBooth.aspx?IndexInList=54&FromPage=Exhibitors.aspx&ParentBoothID=&ListByBooth=true&BoothID=100408,,
Petainer,720,,"London,",United Kingdom,,+44 (0) 207-387-4294,,https://s23.a2zinc.net/clients/wra/mfr2020/Public/eBooth.aspx?IndexInList=55&FromPage=Exhibitors.aspx&ParentBoothID=&ListByBooth=true&BoothID=100606,,,,
Protect-All Flooring,719,,"Oscoda,",United States,,989-739-6900,Construction/Remodeling/Repairs Floor Products Floor Safety,https://s23.a2zinc.net/clients/wra/mfr2020/Public/eBooth.aspx?IndexInList=56&FromPage=Exhibitors.aspx&ParentBoothID=&ListByBooth=true&BoothID=100631,,,,
Restaurant Activity Report,250,,"Willow Springs,",United States,http://www.restaurantactivityreport.com,919-803-9775,Foodservice Ideas Internet Services Publications Specialty Services,https://s23.a2zinc.net/clients/wra/mfr2020/Public/eBooth.aspx?IndexInList=57&FromPage=Exhibitors.aspx&ParentBoothID=&ListByBooth=true&BoothID=100768,,,,
Restaurant Guard Insurance,516,,"Dallas,",United States,,214-647-5003,,https://s23.a2zinc.net/clients/wra/mfr2020/Public/eBooth.aspx?IndexInList=58&FromPage=Exhibitors.aspx&ParentBoothID=&ListByBooth=true&BoothID=100500,,,,
Restaurant Technologies,607,,"Mendota Heights,",United States,http://www.rti-inc.com,651-796-1696,Equipment, Leasing/Rental Fats & Oils, Cooking Grease Removal Services,https://s23.a2zinc.net/clients/wra/mfr2020/Public/eBooth.aspx?IndexInList=59&FromPage=Exhibitors.aspx&ParentBoothID=&ListByBooth=true&BoothID=100573,,
Retail Control Solutions,427,,"Bensenville,",United States,http://www.rcs-usa.com,630-521-9900,"Cash Registers,Supplies Computerized Restaurant Management Software Point of Sale Systems",https://s23.a2zinc.net/clients/wra/mfr2020/Public/eBooth.aspx?IndexInList=60&FromPage=Exhibitors.aspx&ParentBoothID=&ListByBooth=true&BoothID=100479,,,,
Retail Data Systems Cloud POS Systems,521,,"Waukesha,",United States,http://www.rdspos.com,262-896-2600,"Cash Registers,Supplies Credit Cards and/or Processing Point of Sale Systems",https://s23.a2zinc.net/clients/wra/mfr2020/Public/eBooth.aspx?IndexInList=61&FromPage=Exhibitors.aspx&ParentBoothID=&ListByBooth=true&BoothID=100528,,,,
Rose Pest Solutions,239,,"Racine,",United States,http://www.rosepestcontrol.com,815-871-2733,Exterminators Pest Control Services,https://s23.a2zinc.net/clients/wra/mfr2020/Public/eBooth.aspx?IndexInList=62&FromPage=Exhibitors.aspx&ParentBoothID=&ListByBooth=true&BoothID=100381,,,,
RX Music,215,,"Hoffman Estates,",United States,http://www.rxmusic.com,630-495-8863,"Music,Entertainment Music Systems,Equipment Security", Services & Systems,https://s23.a2zinc.net/clients/wra/mfr2020/Public/eBooth.aspx?IndexInList=63&FromPage=Exhibitors.aspx&ParentBoothID=&ListByBooth=true&BoothID=100369,,,
Sanimax,236,,"DeForest,",United States,http://www.sanimax.com,608-846-5466,"Fats,Oils", Cooking Grease Removal Services Grease Trap Maintenance Products/Services Recycling Equipment & Services,https://s23.a2zinc.net/clients/wra/mfr2020/Public/eBooth.aspx?IndexInList=64&FromPage=Exhibitors.aspx&ParentBoothID=&ListByBooth=true&BoothID=100354,,,
Society Insurance,235,,"Fond du Lac,",United States,http://www.societyinsurance.com,888-576-2438,"Insurance Insurance; Property/Casualty, Worker's Compensation",https://s23.a2zinc.net/clients/wra/mfr2020/Public/eBooth.aspx?IndexInList=65&FromPage=Exhibitors.aspx&ParentBoothID=&ListByBooth=true&BoothID=100405,,,,
Something Special from Wisconsin,SSfW03,,"Madison,",United States,http://www.somethingspecialwi.com,608-224-5124,Educational Materials,https://s23.a2zinc.net/clients/wra/mfr2020/Public/eBooth.aspx?IndexInList=66&FromPage=Exhibitors.aspx&ParentBoothID=&ListByBooth=true&BoothID=100780,,,,
Stalk Market Compostable Products,723,,"Portland,",United States,http://www.stalkmarketproducts.com,,Biodegradable Products Cups, Disposable Disposable Supplies,https://s23.a2zinc.net/clients/wra/mfr2020/Public/eBooth.aspx?IndexInList=67&FromPage=Exhibitors.aspx&ParentBoothID=&ListByBooth=true&BoothID=100633,,,
SunRich Foods,321,,"Anaheim,",United States,http://www.sunrichfoods.com,714-632-7577,Breakfast Items Potato Products Specialty Foods,https://s23.a2zinc.net/clients/wra/mfr2020/Public/eBooth.aspx?IndexInList=68&FromPage=Exhibitors.aspx&ParentBoothID=&ListByBooth=true&BoothID=100424,,,,
Superior Fresh,643,,"Hixton,",United States,http://www.superiorfresh.com,715-984-2598,,https://s23.a2zinc.net/clients/wra/mfr2020/Public/eBooth.aspx?IndexInList=69&FromPage=Exhibitors.aspx&ParentBoothID=&ListByBooth=true&BoothID=100798,,,,
Sweet Mesquite Bakery,609,,"Houston,",United States,http://www.sbakery.com,281-598-7614,Baked Goods, Fresh and/or Frozen Breads & Rolls Food Manufacturers Frozen Foods Gourmet Foods Specialty Foods Vegetarian Food Options,https://s23.a2zinc.net/clients/wra/mfr2020/Public/eBooth.aspx?IndexInList=70&FromPage=Exhibitors.aspx&ParentBoothID=&ListByBooth=true&BoothID=100574,,,
Tabletop Essentials by Fein Brothers,414,,"Milwaukee,",United States,http://www.feinbrothers.com,414-562-0220,Chinaware Cutlery Glassware,https://s23.a2zinc.net/clients/wra/mfr2020/Public/eBooth.aspx?IndexInList=71&FromPage=Exhibitors.aspx&ParentBoothID=&ListByBooth=true&BoothID=100449,,,,
"Taylor Enterprises of WI, Inc.",527,,"Ixonia,",United States,http://www.taylorwi.net,262-567-7286,"Slush Machines Cooking Equipment Fryers Griddles,Grills Ovens Pressure Fryers Ice Cream Freezers",https://s23.a2zinc.net/clients/wra/mfr2020/Public/eBooth.aspx?IndexInList=72&FromPage=Exhibitors.aspx&ParentBoothID=&ListByBooth=true&BoothID=100557,,,,
The Cider Farm,SSfW10,,"Mineral Point,",United States,http://www.theciderfarm.com,608-217-6217,Syrups Beverages, Alcoholic,https://s23.a2zinc.net/clients/wra/mfr2020/Public/eBooth.aspx?IndexInList=73&FromPage=Exhibitors.aspx&ParentBoothID=&ListByBooth=true&BoothID=100823,,,
"The Neal Group, LLC",406,,"Greenfield,",United States,http://www.nealgroup.net,414-325-2040,Accountants Consultants, Accounting & Financial Consultants, Foodservice Management Services/Consulting,https://s23.a2zinc.net/clients/wra/mfr2020/Public/eBooth.aspx?IndexInList=74&FromPage=Exhibitors.aspx&ParentBoothID=&ListByBooth=true&BoothID=100443,,
The Waite Group,345,,"New Berlin,",United States,http://www.thewaiternow.com,262-796-0046,Manufacturers' Representative,https://s23.a2zinc.net/clients/wra/mfr2020/Public/eBooth.aspx?IndexInList=75&FromPage=Exhibitors.aspx&ParentBoothID=&ListByBooth=true&BoothID=100462,,,,
Toast,317,,"Boston,",United States,http://www.toasttab.com,844-862-7843,Computerized Restaurant Management Software Point of Sale Systems Wireless/Handheld Devices,https://s23.a2zinc.net/clients/wra/mfr2020/Public/eBooth.aspx?IndexInList=76&FromPage=Exhibitors.aspx&ParentBoothID=&ListByBooth=true&BoothID=100422,,,,
Tribe 9 Foods LLC,SSfW11,,"Madison,",United States,http://www.rpspasta.com,608-257-7216,Pasta Products,https://s23.a2zinc.net/clients/wra/mfr2020/Public/eBooth.aspx?IndexInList=77&FromPage=Exhibitors.aspx&ParentBoothID=&ListByBooth=true&BoothID=100824,,,,
TriMark Marlinn,123,,"Bedford Park,",United States,http://www.trimarkusa.com,708-496-1700,"Banquet Equipment,Supplies Bar Equipment,Supplies Chinaware Cutlery Disposable Supplies Equipment Glassware Tableware",https://s23.a2zinc.net/clients/wra/mfr2020/Public/eBooth.aspx?IndexInList=78&FromPage=Exhibitors.aspx&ParentBoothID=&ListByBooth=true&BoothID=100349,,,,
Turano Baking Company,726,,"Berwyn,",United States,http://www.turano.com,708-788-9220,Baked Goods, Fresh and/or Frozen Breads & Rolls Breadsticks,https://s23.a2zinc.net/clients/wra/mfr2020/Public/eBooth.aspx?IndexInList=79&FromPage=Exhibitors.aspx&ParentBoothID=&ListByBooth=true&BoothID=100609,,,
UP Coffee Roasters,401,,"Minneapolis,",United States,http://www.upcoffeeroasters.com,612-728-7208,Coffee Disposable Supplies Espresso/Cappuccino Products Organic Foods Specialty Equipment Supplies, Foodservice,https://s23.a2zinc.net/clients/wra/mfr2020/Public/eBooth.aspx?IndexInList=80&FromPage=Exhibitors.aspx&ParentBoothID=&ListByBooth=true&BoothID=100492,,,
Urbal Tea,SSfW08,,"Milwaukee,",United States,http://www.urbalhealth.com,414-916-5088,Tea,https://s23.a2zinc.net/clients/wra/mfr2020/Public/eBooth.aspx?IndexInList=81&FromPage=Exhibitors.aspx&ParentBoothID=&ListByBooth=true&BoothID=100822,,,,
V. Marchese Produce,403,,"Milwaukee,",United States,http://www.vmarchese.com,414-935-4463,Dairy Products Produce Produce, Pre-Cut,https://s23.a2zinc.net/clients/wra/mfr2020/Public/eBooth.aspx?IndexInList=82&FromPage=Exhibitors.aspx&ParentBoothID=&ListByBooth=true&BoothID=100493,,,
"Vern's Cheese, Inc.",233,,"Chilton,",United States,,920-849-7717,Appetizers Beverages, Non-Alcoholic Cheese Dairy Products Food Distributors Meat Products, Fresh & Frozen,https://s23.a2zinc.net/clients/wra/mfr2020/Public/eBooth.aspx?IndexInList=83&FromPage=Exhibitors.aspx&ParentBoothID=&ListByBooth=true&BoothID=100404,,
Vienna Beef,604,,"Chicago,",United States,http://www.viennabeef.com,773-278-7800,"Deli Meats, Cheeses,Supplies Meat Products; Fresh,Frozen",https://s23.a2zinc.net/clients/wra/mfr2020/Public/eBooth.aspx?IndexInList=84&FromPage=Exhibitors.aspx&ParentBoothID=&ListByBooth=true&BoothID=100830,,,,
Wisconsin Bakers Association,844,,"Muskego,",United States,http://www.wibakers.com,414-258-5552,Association, Trade Baked Goods, Fresh and/or Frozen Educational Materials,https://s23.a2zinc.net/clients/wra/mfr2020/Public/eBooth.aspx?IndexInList=85&FromPage=Exhibitors.aspx&ParentBoothID=&ListByBooth=true&BoothID=100816,,
Wisconsin Grass-fed Beef Cooperative,SSfW06,,"Coon Valley,",United States,http://www.wisconsingrassfed.coop,608-452-2861,Meat Products, Fresh & Frozen Pork Products,https://s23.a2zinc.net/clients/wra/mfr2020/Public/eBooth.aspx?IndexInList=86&FromPage=Exhibitors.aspx&ParentBoothID=&ListByBooth=true&BoothID=100803,,,
Wisconsin Restaurant Association,333,,"Madison,",United States,http://www.wirestaurant.org,608-270-9950,Association, Trade Educational Materials Food Safety Publications Training, Employee,https://s23.a2zinc.net/clients/wra/mfr2020/Public/eBooth.aspx?IndexInList=87&FromPage=Exhibitors.aspx&ParentBoothID=&ListByBooth=true&BoothID=100460,,
Zeco Oil Management Solutions,322,,"Sussex,",United States,,8888202270,,https://s23.a2zinc.net/clients/wra/mfr2020/Public/eBooth.aspx?IndexInList=88&FromPage=Exhibitors.aspx&ParentBoothID=&ListByBooth=true&BoothID=100399,,,,
Zink Foodservice,800,,"Lisle,",United States,http://www.zinkfsg.com,989-450-2660,Blenders Chinaware Dishwashers Manufacturers' Representative Ovens Walk-In Coolers,https://s23.a2zinc.net/clients/wra/mfr2020/Public/eBooth.aspx?IndexInList=89&FromPage=Exhibitors.aspx&ParentBoothID=&ListByBooth=true&BoothID=100648,,,,
