Name,Booth_no,Address,City,Country,website,Contact_no,product,url
Acme Merchandise           ,321,,"Glouceser,",United States,http://www.acmeapparel.com,,,https://s23.a2zinc.net/clients/leexpos/CWCBExpoBos2019/Public/eBooth.aspx?IndexInList=0&FromPage=Exhibitors.aspx&ParentBoothID=&ListByBooth=true&BoothID=104081
American Alarm and Communications Inc.,403,,"Arlington ,",United States,http://www.americanalarm.com,,,https://s23.a2zinc.net/clients/leexpos/CWCBExpoBos2019/Public/eBooth.aspx?IndexInList=1&FromPage=Exhibitors.aspx&ParentBoothID=&ListByBooth=true&BoothID=104239
AmeriVacs,304,,"San Diego,",United States,http://www.amerivacs.com,,,https://s23.a2zinc.net/clients/leexpos/CWCBExpoBos2019/Public/eBooth.aspx?IndexInList=2&FromPage=Exhibitors.aspx&ParentBoothID=&ListByBooth=true&BoothID=104072
Aspire Science and Technology LTD,111,,"Bao'an District,",China,http://www.imototech.com,,,https://s23.a2zinc.net/clients/leexpos/CWCBExpoBos2019/Public/eBooth.aspx?IndexInList=3&FromPage=Exhibitors.aspx&ParentBoothID=&ListByBooth=true&BoothID=104202
B2B Revolution,315,,"Livingston,",United States,http://b2brevolutions.com/,,,https://s23.a2zinc.net/clients/leexpos/CWCBExpoBos2019/Public/eBooth.aspx?IndexInList=4&FromPage=Exhibitors.aspx&ParentBoothID=&ListByBooth=true&BoothID=104197
BDS Analytics,226,,"Boulder,",United States,https://bdsanalytics.com/,,,https://s23.a2zinc.net/clients/leexpos/CWCBExpoBos2019/Public/eBooth.aspx?IndexInList=5&FromPage=Exhibitors.aspx&ParentBoothID=&ListByBooth=true&BoothID=104063
Biolabs26 LLC,211,,"Fairlawn,",United States,http://www.bio-labs26.com,,,https://s23.a2zinc.net/clients/leexpos/CWCBExpoBos2019/Public/eBooth.aspx?IndexInList=6&FromPage=Exhibitors.aspx&ParentBoothID=&ListByBooth=true&BoothID=104054
Boston Conveyor & Automation,225,,"Newburyport,",United States,http://www.bcasystems.com,,,https://s23.a2zinc.net/clients/leexpos/CWCBExpoBos2019/Public/eBooth.aspx?IndexInList=7&FromPage=Exhibitors.aspx&ParentBoothID=&ListByBooth=true&BoothID=104064
Cannabis & Tech Today,125,,"Baltimore,",United States,http://www.cannabisscienceconference.com,,,https://s23.a2zinc.net/clients/leexpos/CWCBExpoBos2019/Public/eBooth.aspx?IndexInList=8&FromPage=Exhibitors.aspx&ParentBoothID=&ListByBooth=true&BoothID=104048
Cannabis Brands,215,,"Boston,",United States,http://www.cannabisbrands.agency,,,https://s23.a2zinc.net/clients/leexpos/CWCBExpoBos2019/Public/eBooth.aspx?IndexInList=9&FromPage=Exhibitors.aspx&ParentBoothID=&ListByBooth=true&BoothID=104056
Cannabis Law Digest,602,,"New York,",United States,http://www.cannabislawdigest.com,,,https://s23.a2zinc.net/clients/leexpos/CWCBExpoBos2019/Public/eBooth.aspx?IndexInList=10&FromPage=Exhibitors.aspx&ParentBoothID=&ListByBooth=true&BoothID=104259
Cannabiz Media,423,,"Guilford,",United States,http://www.cannabiz.media,,,https://s23.a2zinc.net/clients/leexpos/CWCBExpoBos2019/Public/eBooth.aspx?IndexInList=11&FromPage=Exhibitors.aspx&ParentBoothID=&ListByBooth=true&BoothID=104102
Canna-Powder Inc.,311,,"Tel Aviv,",Israel,https://canna-powder.com/,,,https://s23.a2zinc.net/clients/leexpos/CWCBExpoBos2019/Public/eBooth.aspx?IndexInList=12&FromPage=Exhibitors.aspx&ParentBoothID=&ListByBooth=true&BoothID=104077
CannaRegs,220,,"Denver,",United States,http://www.cannaregs.com,,,https://s23.a2zinc.net/clients/leexpos/CWCBExpoBos2019/Public/eBooth.aspx?IndexInList=13&FromPage=Exhibitors.aspx&ParentBoothID=&ListByBooth=true&BoothID=104059
CannAssist Consulting,608,,"Boston,",United States,http://www.cannassistconsulting.com,,,https://s23.a2zinc.net/clients/leexpos/CWCBExpoBos2019/Public/eBooth.aspx?IndexInList=14&FromPage=Exhibitors.aspx&ParentBoothID=&ListByBooth=true&BoothID=104203
"Cherry, LLC",408,,"Lindenhurst,",United States,http://www.getcherrynow.com,,,https://s23.a2zinc.net/clients/leexpos/CWCBExpoBos2019/Public/eBooth.aspx?IndexInList=15&FromPage=Exhibitors.aspx&ParentBoothID=&ListByBooth=true&BoothID=104093
Choice ATMs & SmartSafes LLC,204,,"Hooksett,",United States,http://www.choiceatmss.com,,,https://s23.a2zinc.net/clients/leexpos/CWCBExpoBos2019/Public/eBooth.aspx?IndexInList=16&FromPage=Exhibitors.aspx&ParentBoothID=&ListByBooth=true&BoothID=104052
Coastal Vape Co.,426,,"Waltham,",United States,http://www.coastalvapeco.com,,,https://s23.a2zinc.net/clients/leexpos/CWCBExpoBos2019/Public/eBooth.aspx?IndexInList=17&FromPage=Exhibitors.aspx&ParentBoothID=&ListByBooth=true&BoothID=104103
Contempo Specialty Packaging,400,,"Providence,",United States,https://contempocard.com/specialty,,,https://s23.a2zinc.net/clients/leexpos/CWCBExpoBos2019/Public/eBooth.aspx?IndexInList=18&FromPage=Exhibitors.aspx&ParentBoothID=&ListByBooth=true&BoothID=104090
Convectium,409,,"Rancho Santa Margarita,",United States,http://www.convectium.com,,,https://s23.a2zinc.net/clients/leexpos/CWCBExpoBos2019/Public/eBooth.aspx?IndexInList=19&FromPage=Exhibitors.aspx&ParentBoothID=&ListByBooth=true&BoothID=104094
Dama Financial,104,,"South San Francisco,",United States,https://www.damafinancial.com/,,,https://s23.a2zinc.net/clients/leexpos/CWCBExpoBos2019/Public/eBooth.aspx?IndexInList=20&FromPage=Exhibitors.aspx&ParentBoothID=&ListByBooth=true&BoothID=104034
Duane Morris LLP,421,,"Philadelphia,",United States,http://www.duanemorris.com,,,https://s23.a2zinc.net/clients/leexpos/CWCBExpoBos2019/Public/eBooth.aspx?IndexInList=21&FromPage=Exhibitors.aspx&ParentBoothID=&ListByBooth=true&BoothID=104100
Emerald Media Group,428,,"Brooklyn,",United States,http://www.theemeraldmagazine.com,,,https://s23.a2zinc.net/clients/leexpos/CWCBExpoBos2019/Public/eBooth.aspx?IndexInList=22&FromPage=Exhibitors.aspx&ParentBoothID=&ListByBooth=true&BoothID=104105
Enlighten,102,,"Bowling Green,",United States,https://getenlightened.io/,,,https://s23.a2zinc.net/clients/leexpos/CWCBExpoBos2019/Public/eBooth.aspx?IndexInList=23&FromPage=Exhibitors.aspx&ParentBoothID=&ListByBooth=true&BoothID=104255
ESET,121,,"San Diego,",United States,https://www.eset.com/us/,,,https://s23.a2zinc.net/clients/leexpos/CWCBExpoBos2019/Public/eBooth.aspx?IndexInList=24&FromPage=Exhibitors.aspx&ParentBoothID=&ListByBooth=true&BoothID=104043
eXPO Financial Services,404,,,United States,http://www.getexponow.com,,,https://s23.a2zinc.net/clients/leexpos/CWCBExpoBos2019/Public/eBooth.aspx?IndexInList=25&FromPage=Exhibitors.aspx&ParentBoothID=&ListByBooth=true&BoothID=104092
Freed Technology,115,,"Irvine,",United States,https://www.freed.co/,,,https://s23.a2zinc.net/clients/leexpos/CWCBExpoBos2019/Public/eBooth.aspx?IndexInList=26&FromPage=Exhibitors.aspx&ParentBoothID=&ListByBooth=true&BoothID=104038
Fronto King LLC            ,205,,"Dorchester,",United States,https://www.frontoking.com/,,,https://s23.a2zinc.net/clients/leexpos/CWCBExpoBos2019/Public/eBooth.aspx?IndexInList=27&FromPage=Exhibitors.aspx&ParentBoothID=&ListByBooth=true&BoothID=104196
Grass Roots America Magazine ,126,,"Fort Myers,",United States,https://getgramnow.com/,,,https://s23.a2zinc.net/clients/leexpos/CWCBExpoBos2019/Public/eBooth.aspx?IndexInList=28&FromPage=Exhibitors.aspx&ParentBoothID=&ListByBooth=true&BoothID=104252
GraVoc,109,,"Peabody,",United States,https://www.gravoc.com/,,,https://s23.a2zinc.net/clients/leexpos/CWCBExpoBos2019/Public/eBooth.aspx?IndexInList=29&FromPage=Exhibitors.aspx&ParentBoothID=&ListByBooth=true&BoothID=104201
Great Valley Publishing Company/CRx Magazine,526,,"Spring City,",United States,http://www.crxmag.com,,,https://s23.a2zinc.net/clients/leexpos/CWCBExpoBos2019/Public/eBooth.aspx?IndexInList=30&FromPage=Exhibitors.aspx&ParentBoothID=&ListByBooth=true&BoothID=104114
Green Entrepreneur     ,520,,"New York City,",United States,http://www.greenentrepreneur.com,,,https://s23.a2zinc.net/clients/leexpos/CWCBExpoBos2019/Public/eBooth.aspx?IndexInList=31&FromPage=Exhibitors.aspx&ParentBoothID=&ListByBooth=true&BoothID=104257
Green Ivy Capital,410,,"Wilmington,",United States,http://www.greenivycapital.com,,,https://s23.a2zinc.net/clients/leexpos/CWCBExpoBos2019/Public/eBooth.aspx?IndexInList=32&FromPage=Exhibitors.aspx&ParentBoothID=&ListByBooth=true&BoothID=104095
Greenpath Measured CBD,310,,"South El Monte,",United States,https://greenpathscience.com/,,,https://s23.a2zinc.net/clients/leexpos/CWCBExpoBos2019/Public/eBooth.aspx?IndexInList=33&FromPage=Exhibitors.aspx&ParentBoothID=&ListByBooth=true&BoothID=104076
GROWEX,325,,"Montreal,",Canada,http://growex.storexca.com,,,https://s23.a2zinc.net/clients/leexpos/CWCBExpoBos2019/Public/eBooth.aspx?IndexInList=34&FromPage=Exhibitors.aspx&ParentBoothID=&ListByBooth=true&BoothID=104085
Growing Labs,105,,"Buford,",United States,http://www.growinglabs.com,,,https://s23.a2zinc.net/clients/leexpos/CWCBExpoBos2019/Public/eBooth.aspx?IndexInList=35&FromPage=Exhibitors.aspx&ParentBoothID=&ListByBooth=true&BoothID=104035
Hamilton Devices,510,,"Carmichael,",United States,https://hamiltondevices.com/,,,https://s23.a2zinc.net/clients/leexpos/CWCBExpoBos2019/Public/eBooth.aspx?IndexInList=36&FromPage=Exhibitors.aspx&ParentBoothID=&ListByBooth=true&BoothID=104111
Honeysuckle Magazine,120,,"New York,",United States,http://www.honeysucklemag.com,,,https://s23.a2zinc.net/clients/leexpos/CWCBExpoBos2019/Public/eBooth.aspx?IndexInList=37&FromPage=Exhibitors.aspx&ParentBoothID=&ListByBooth=true&BoothID=104250
HTS New England – Cultivation Solutions Group,417,,"Peabody,",United States,http://www.hts.com,,,https://s23.a2zinc.net/clients/leexpos/CWCBExpoBos2019/Public/eBooth.aspx?IndexInList=38&FromPage=Exhibitors.aspx&ParentBoothID=&ListByBooth=true&BoothID=104098
Huber USA,103,,"Cary,",United States,http://www.huber-usa.com,,,https://s23.a2zinc.net/clients/leexpos/CWCBExpoBos2019/Public/eBooth.aspx?IndexInList=39&FromPage=Exhibitors.aspx&ParentBoothID=&ListByBooth=true&BoothID=104033
Infinity Massage Chairs,509,,"Seabrook,",United States,http://www.infinitymassagechairs.com,,,https://s23.a2zinc.net/clients/leexpos/CWCBExpoBos2019/Public/eBooth.aspx?IndexInList=40&FromPage=Exhibitors.aspx&ParentBoothID=&ListByBooth=true&BoothID=104133
Interchim Inc.,308,,"San Pedro,",United States,http://www.interchiminc.com,,,https://s23.a2zinc.net/clients/leexpos/CWCBExpoBos2019/Public/eBooth.aspx?IndexInList=41&FromPage=Exhibitors.aspx&ParentBoothID=&ListByBooth=true&BoothID=104074
Janover LLC             ,504,,"New York,",United States,http://www.janoverllc.com,,,https://s23.a2zinc.net/clients/leexpos/CWCBExpoBos2019/Public/eBooth.aspx?IndexInList=42&FromPage=Exhibitors.aspx&ParentBoothID=&ListByBooth=true&BoothID=104109
Jerhel Packaging,614,,"Bayonne,",United States,https://www.jerhel.com/,,,https://s23.a2zinc.net/clients/leexpos/CWCBExpoBos2019/Public/eBooth.aspx?IndexInList=43&FromPage=Exhibitors.aspx&ParentBoothID=&ListByBooth=true&BoothID=104121
Kassoy,221,,"Plainview,",United States,http://www.kassoy.com,,,https://s23.a2zinc.net/clients/leexpos/CWCBExpoBos2019/Public/eBooth.aspx?IndexInList=44&FromPage=Exhibitors.aspx&ParentBoothID=&ListByBooth=true&BoothID=104060
Kaya Packaging,200,,"Lindon,",United States,https://kayapackaging.com/,,,https://s23.a2zinc.net/clients/leexpos/CWCBExpoBos2019/Public/eBooth.aspx?IndexInList=45&FromPage=Exhibitors.aspx&ParentBoothID=&ListByBooth=true&BoothID=104126
KLERSUN,503,,"Portland,",United States,http://www.klersun.com,,,https://s23.a2zinc.net/clients/leexpos/CWCBExpoBos2019/Public/eBooth.aspx?IndexInList=46&FromPage=Exhibitors.aspx&ParentBoothID=&ListByBooth=true&BoothID=104130
Lifestyles Distribution,302,,"Waltham,",United States,https://lsdistro.com/,,,https://s23.a2zinc.net/clients/leexpos/CWCBExpoBos2019/Public/eBooth.aspx?IndexInList=47&FromPage=Exhibitors.aspx&ParentBoothID=&ListByBooth=true&BoothID=104070
Lighthouse Insurance Agency     ,427,,"South Boston,",United States,https://lighthouseins.net/,,,https://s23.a2zinc.net/clients/leexpos/CWCBExpoBos2019/Public/eBooth.aspx?IndexInList=48&FromPage=Exhibitors.aspx&ParentBoothID=&ListByBooth=true&BoothID=104106
LOCALiQ,320,,"Plano,",United States,https://localiq.com/,,,https://s23.a2zinc.net/clients/leexpos/CWCBExpoBos2019/Public/eBooth.aspx?IndexInList=49&FromPage=Exhibitors.aspx&ParentBoothID=&ListByBooth=true&BoothID=104080
Mabre Corporation,514,,"Newark,",United States,http://www.cannabisairsolutions.com,,,https://s23.a2zinc.net/clients/leexpos/CWCBExpoBos2019/Public/eBooth.aspx?IndexInList=50&FromPage=Exhibitors.aspx&ParentBoothID=&ListByBooth=true&BoothID=104136
Massachusetts Cannabis Business Association,122,,"Concord,",United States,http://www.masscba.com,,,https://s23.a2zinc.net/clients/leexpos/CWCBExpoBos2019/Public/eBooth.aspx?IndexInList=51&FromPage=Exhibitors.aspx&ParentBoothID=&ListByBooth=true&BoothID=104251
Mediaplanet,127,,"New York City,",United States,https://www.mediaplanet.com/us/,,,https://s23.a2zinc.net/clients/leexpos/CWCBExpoBos2019/Public/eBooth.aspx?IndexInList=52&FromPage=Exhibitors.aspx&ParentBoothID=&ListByBooth=true&BoothID=104049
Medical Mary LLC        ,414,,"Lake Orion,",United States,www.medicalmary.com,,,https://s23.a2zinc.net/clients/leexpos/CWCBExpoBos2019/Public/eBooth.aspx?IndexInList=53&FromPage=Exhibitors.aspx&ParentBoothID=&ListByBooth=true&BoothID=104199
MedTech International Group,517,,"Houston,",United States,https://www.medtechinternationalgroup.com/,,,https://s23.a2zinc.net/clients/leexpos/CWCBExpoBos2019/Public/eBooth.aspx?IndexInList=54&FromPage=Exhibitors.aspx&ParentBoothID=&ListByBooth=true&BoothID=104113
Mile High Labs,521,,"Boulder,",United States,https://milehighlabs.com/,,,https://s23.a2zinc.net/clients/leexpos/CWCBExpoBos2019/Public/eBooth.aspx?IndexInList=55&FromPage=Exhibitors.aspx&ParentBoothID=&ListByBooth=true&BoothID=104137
Minorities for Medical Marijuana,128,,"Orlando ,",United States,http://www.minorities4medicalmarijuana.org,,,https://s23.a2zinc.net/clients/leexpos/CWCBExpoBos2019/Public/eBooth.aspx?IndexInList=56&FromPage=Exhibitors.aspx&ParentBoothID=&ListByBooth=true&BoothID=104253
"MP Biomedicals, LLC          ",604,,"Solon,",United States,http://www.mpbio.com,,,https://s23.a2zinc.net/clients/leexpos/CWCBExpoBos2019/Public/eBooth.aspx?IndexInList=57&FromPage=Exhibitors.aspx&ParentBoothID=&ListByBooth=true&BoothID=104120
"New England Treatment Access, LLC",420,,"Franklin,",United States,http://www.netacare.org,,,https://s23.a2zinc.net/clients/leexpos/CWCBExpoBos2019/Public/eBooth.aspx?IndexInList=58&FromPage=Exhibitors.aspx&ParentBoothID=&ListByBooth=true&BoothID=104099
Newsweed,323,,"Belmar,",United States,http://www.newsweed.com,,,https://s23.a2zinc.net/clients/leexpos/CWCBExpoBos2019/Public/eBooth.aspx?IndexInList=59&FromPage=Exhibitors.aspx&ParentBoothID=&ListByBooth=true&BoothID=104083
Northeast Alternatives,303,,"Fall River,",United States,https://nealternatives.com/,,,https://s23.a2zinc.net/clients/leexpos/CWCBExpoBos2019/Public/eBooth.aspx?IndexInList=60&FromPage=Exhibitors.aspx&ParentBoothID=&ListByBooth=true&BoothID=104071
NY Hemp Campus,208,,"Pearl River,",United States,http://www.nyhempcampus.com,,,https://s23.a2zinc.net/clients/leexpos/CWCBExpoBos2019/Public/eBooth.aspx?IndexInList=61&FromPage=Exhibitors.aspx&ParentBoothID=&ListByBooth=true&BoothID=104141
Perfect Grow,528,,"Corona,",United States,http://www.perfectgrowca.com,,,https://s23.a2zinc.net/clients/leexpos/CWCBExpoBos2019/Public/eBooth.aspx?IndexInList=62&FromPage=Exhibitors.aspx&ParentBoothID=&ListByBooth=true&BoothID=104116
Pharmacures Inc.,217,,"Catasauqua,",United States,http://www.pharmacures.com,,,https://s23.a2zinc.net/clients/leexpos/CWCBExpoBos2019/Public/eBooth.aspx?IndexInList=63&FromPage=Exhibitors.aspx&ParentBoothID=&ListByBooth=true&BoothID=104058
PIC Solution Inc,222,,"San Diego,",United States,http://www.pic-sfc.com,,,https://s23.a2zinc.net/clients/leexpos/CWCBExpoBos2019/Public/eBooth.aspx?IndexInList=64&FromPage=Exhibitors.aspx&ParentBoothID=&ListByBooth=true&BoothID=104061
PKF,610,,"Harrison,",United States,https://www.pkfod.com/,,,https://s23.a2zinc.net/clients/leexpos/CWCBExpoBos2019/Public/eBooth.aspx?IndexInList=65&FromPage=Exhibitors.aspx&ParentBoothID=&ListByBooth=true&BoothID=104204
PotGuide,309,,"Denver,",United States,https://potguide.com,,,https://s23.a2zinc.net/clients/leexpos/CWCBExpoBos2019/Public/eBooth.aspx?IndexInList=66&FromPage=Exhibitors.aspx&ParentBoothID=&ListByBooth=true&BoothID=104075
"Pressure BioSciences, Inc.",123,,"South Easton,",United States,http://www.pressurebiosciences.com,,,https://s23.a2zinc.net/clients/leexpos/CWCBExpoBos2019/Public/eBooth.aspx?IndexInList=67&FromPage=Exhibitors.aspx&ParentBoothID=&ListByBooth=true&BoothID=104045
REA JET,209,,"Walton Hills,",United States,http://www.reajetus.com,,,https://s23.a2zinc.net/clients/leexpos/CWCBExpoBos2019/Public/eBooth.aspx?IndexInList=68&FromPage=Exhibitors.aspx&ParentBoothID=&ListByBooth=true&BoothID=104053
Revital Royal,515,,"Glendale,",United States,,,,https://s23.a2zinc.net/clients/leexpos/CWCBExpoBos2019/Public/eBooth.aspx?IndexInList=69&FromPage=Exhibitors.aspx&ParentBoothID=&ListByBooth=true&BoothID=104112
Revolutionary Clinics,402,,"Somerville,",United States,https://www.revolutionaryclinics.org/,,,https://s23.a2zinc.net/clients/leexpos/CWCBExpoBos2019/Public/eBooth.aspx?IndexInList=70&FromPage=Exhibitors.aspx&ParentBoothID=&ListByBooth=true&BoothID=104091
Sarasota Green Group,203,,"Sarasota,",United States,http://www.growersally.com,,,https://s23.a2zinc.net/clients/leexpos/CWCBExpoBos2019/Public/eBooth.aspx?IndexInList=71&FromPage=Exhibitors.aspx&ParentBoothID=&ListByBooth=true&BoothID=104195
Sensi Magazine Boston,124,,"Boulder,",United States,http://www.sensimag.com,,,https://s23.a2zinc.net/clients/leexpos/CWCBExpoBos2019/Public/eBooth.aspx?IndexInList=72&FromPage=Exhibitors.aspx&ParentBoothID=&ListByBooth=true&BoothID=104248
Setronics Corp.,100,,"Billerica,",United States,http://www.setronics.com/,,,https://s23.a2zinc.net/clients/leexpos/CWCBExpoBos2019/Public/eBooth.aspx?IndexInList=73&FromPage=Exhibitors.aspx&ParentBoothID=&ListByBooth=true&BoothID=104254
"Shenzhen DeepUnion Technology Co., Ltd.",326,,"Walnut,",China,http://www.deepunion.com,,,https://s23.a2zinc.net/clients/leexpos/CWCBExpoBos2019/Public/eBooth.aspx?IndexInList=74&FromPage=Exhibitors.aspx&ParentBoothID=&ListByBooth=true&BoothID=104084
"Shenzhen Itsuwa Technology Co., Ltd.  ",210,,"Hugan tian Bao'an,",China,http://www.itsuwacig.com,,,https://s23.a2zinc.net/clients/leexpos/CWCBExpoBos2019/Public/eBooth.aspx?IndexInList=75&FromPage=Exhibitors.aspx&ParentBoothID=&ListByBooth=true&BoothID=104142
Shenzhen Leaftec Limited,411,,"Nanshan,",China,http://www.leaftec.com.cn/,,,https://s23.a2zinc.net/clients/leexpos/CWCBExpoBos2019/Public/eBooth.aspx?IndexInList=76&FromPage=Exhibitors.aspx&ParentBoothID=&ListByBooth=true&BoothID=104096
"Shenzhen Megmeet Electrical Co., Ltd.",425,,"Shenzhen City,",China,http://en.megmeet.com/,,,https://s23.a2zinc.net/clients/leexpos/CWCBExpoBos2019/Public/eBooth.aspx?IndexInList=77&FromPage=Exhibitors.aspx&ParentBoothID=&ListByBooth=true&BoothID=104104
Shenzhen SKE Technology,422,,"Shenzhen,",China,http://www.sikarycbd.com/,,,https://s23.a2zinc.net/clients/leexpos/CWCBExpoBos2019/Public/eBooth.aspx?IndexInList=78&FromPage=Exhibitors.aspx&ParentBoothID=&ListByBooth=true&BoothID=104101
SMART,118,,"Providence,",United States,https://studentmmj.com/,,,https://s23.a2zinc.net/clients/leexpos/CWCBExpoBos2019/Public/eBooth.aspx?IndexInList=79&FromPage=Exhibitors.aspx&ParentBoothID=&ListByBooth=true&BoothID=104041
Solvent Direct,316,,"Manhattan Beach,",United States,http://www.solventdirect.com,,,https://s23.a2zinc.net/clients/leexpos/CWCBExpoBos2019/Public/eBooth.aspx?IndexInList=80&FromPage=Exhibitors.aspx&ParentBoothID=&ListByBooth=true&BoothID=104079
Spring Creek Labs,314,,"Lindon,",United States,http://www.springcreeklabs.com,,,https://s23.a2zinc.net/clients/leexpos/CWCBExpoBos2019/Public/eBooth.aspx?IndexInList=81&FromPage=Exhibitors.aspx&ParentBoothID=&ListByBooth=true&BoothID=104078
Sutton Funding,317,,"New York City,",United States,http://www.suttonfunding.com,,,https://s23.a2zinc.net/clients/leexpos/CWCBExpoBos2019/Public/eBooth.aspx?IndexInList=82&FromPage=Exhibitors.aspx&ParentBoothID=&ListByBooth=true&BoothID=104198
The Cannabis Today Podcast,522,,"Longmont,",United States,http://canna-today.com/,,,https://s23.a2zinc.net/clients/leexpos/CWCBExpoBos2019/Public/eBooth.aspx?IndexInList=83&FromPage=Exhibitors.aspx&ParentBoothID=&ListByBooth=true&BoothID=104256
The CBD Factories,305,,"Charleston,",United States,https://thecbdfactories.com/,,,https://s23.a2zinc.net/clients/leexpos/CWCBExpoBos2019/Public/eBooth.aspx?IndexInList=84&FromPage=Exhibitors.aspx&ParentBoothID=&ListByBooth=true&BoothID=104073
The Plan Writers,405,,"Los Angeles,",United States,https://www.planwriters.net/,,,https://s23.a2zinc.net/clients/leexpos/CWCBExpoBos2019/Public/eBooth.aspx?IndexInList=85&FromPage=Exhibitors.aspx&ParentBoothID=&ListByBooth=true&BoothID=104240
Thomas & Muller Systems,415,,"Red Hill,",United States,http://www.thomasandmuller.com/,,,https://s23.a2zinc.net/clients/leexpos/CWCBExpoBos2019/Public/eBooth.aspx?IndexInList=86&FromPage=Exhibitors.aspx&ParentBoothID=&ListByBooth=true&BoothID=104097
Toxikon Corporation,508,,"Bedford,",United States,http://www.toxikon.com,,,https://s23.a2zinc.net/clients/leexpos/CWCBExpoBos2019/Public/eBooth.aspx?IndexInList=87&FromPage=Exhibitors.aspx&ParentBoothID=&ListByBooth=true&BoothID=104110
TribeTokes,616,,"New York City,",United States,http://www.tribetokes.com,,,https://s23.a2zinc.net/clients/leexpos/CWCBExpoBos2019/Public/eBooth.aspx?IndexInList=88&FromPage=Exhibitors.aspx&ParentBoothID=&ListByBooth=true&BoothID=104122
TriGrow Systems Inc,223,,"Sammamish,",United States,http://www.trigrow.com,,,https://s23.a2zinc.net/clients/leexpos/CWCBExpoBos2019/Public/eBooth.aspx?IndexInList=89&FromPage=Exhibitors.aspx&ParentBoothID=&ListByBooth=true&BoothID=104062
Vangst,600,,"Denver,",United States,http://www.vangst.com,,,https://s23.a2zinc.net/clients/leexpos/CWCBExpoBos2019/Public/eBooth.aspx?IndexInList=90&FromPage=Exhibitors.aspx&ParentBoothID=&ListByBooth=true&BoothID=104258
"Vantage Builders, Inc.",300,,"Waltham,",United States,http://www.vb-inc.com,,,https://s23.a2zinc.net/clients/leexpos/CWCBExpoBos2019/Public/eBooth.aspx?IndexInList=91&FromPage=Exhibitors.aspx&ParentBoothID=&ListByBooth=true&BoothID=104069
Verda,500,,"Kitchener,",Canada,https://verda.ca/,,,https://s23.a2zinc.net/clients/leexpos/CWCBExpoBos2019/Public/eBooth.aspx?IndexInList=92&FromPage=Exhibitors.aspx&ParentBoothID=&ListByBooth=true&BoothID=104129
VMI Security,322,,"Miami,",United States,http://www.vmisecurity.com,,,https://s23.a2zinc.net/clients/leexpos/CWCBExpoBos2019/Public/eBooth.aspx?IndexInList=93&FromPage=Exhibitors.aspx&ParentBoothID=&ListByBooth=true&BoothID=104082
WebiMax,228,,"Camden,",United States,http://www.webimax.com,,,https://s23.a2zinc.net/clients/leexpos/CWCBExpoBos2019/Public/eBooth.aspx?IndexInList=94&FromPage=Exhibitors.aspx&ParentBoothID=&ListByBooth=true&BoothID=104065
Women Grow,327,,"Whitehouse Station,",United States,http://www.womengrow.com,,,https://s23.a2zinc.net/clients/leexpos/CWCBExpoBos2019/Public/eBooth.aspx?IndexInList=95&FromPage=Exhibitors.aspx&ParentBoothID=&ListByBooth=true&BoothID=104087
