Name,Booth_no,Address,City,Country,website,Contact_no,product,url
12 Lead Trainer LTD,1063,174 Meadowlark Lane,"Columbus,Â",United States,,614-917-9267,"Cardiac Computer Software,Hardware Education & Training",https://s23.a2zinc.net/clients/HMPCommunications/EMS2019/Public/eBooth.aspx?IndexInList=0&FromPage=Exhibitors.aspx&ParentBoothID=&ListByBooth=true&BoothID=104613
3B Scientific,826,"2189 Flintstone Drive, Suite O","Tucker,Â",United States,http://www.a3bs.com,,"Airway & Respiratory Products Education & Training Health, Fitness, Self Care Medical Equipment & Supplies Rescue & Extrication",https://s23.a2zinc.net/clients/HMPCommunications/EMS2019/Public/eBooth.aspx?IndexInList=1&FromPage=Exhibitors.aspx&ParentBoothID=&ListByBooth=true&BoothID=104857
5.11,1261,3201 North Airport Way,"Manteca,Â",United States,http://www.511tactical.com,,"Apparel,Uniforms Rescue & Extrication",https://s23.a2zinc.net/clients/HMPCommunications/EMS2019/Public/eBooth.aspx?IndexInList=2&FromPage=Exhibitors.aspx&ParentBoothID=&ListByBooth=true&BoothID=104872
911 Billing Services & Consultant Inc.,1163,1320 Island Ford Road,"Madisonville,Â",United States,http://www.911billing.com,,,https://s23.a2zinc.net/clients/HMPCommunications/EMS2019/Public/eBooth.aspx?IndexInList=3&FromPage=Exhibitors.aspx&ParentBoothID=&ListByBooth=true&BoothID=104874
Acadian Ambulance / Acadian Total Security,"751, 447",2916 North University,"Lafayette,Â",United States,http://www.acadian.com,337-291-3362,"Administrative,Business Services Employment & Recruitment Facility Equipment & Management Medical Equipment & Supplies",https://s23.a2zinc.net/clients/HMPCommunications/EMS2019/Public/eBooth.aspx?IndexInList=4&FromPage=Exhibitors.aspx&ParentBoothID=&ListByBooth=true&BoothID=104848
AccessMyLAN from AT&T,137,3455 Peachtree Road,"Atlanta,Â",United States,,,,https://s23.a2zinc.net/clients/HMPCommunications/EMS2019/Public/eBooth.aspx?IndexInList=5&FromPage=Exhibitors.aspx&ParentBoothID=&ListByBooth=true&BoothID=104662
Acetech,433,"IDA Business & Technology Park, Srah Road","Offaly,Â",Ireland,www.acetechsolutions.ie,353579329407,,https://s23.a2zinc.net/clients/HMPCommunications/EMS2019/Public/eBooth.aspx?IndexInList=6&FromPage=Exhibitors.aspx&ParentBoothID=&ListByBooth=true&BoothID=104826
Adroit Surgical LLC,1364,13904 Quailbrook Drive,"Oklahoma City,Â",United States,http://www.adroitsurgical.com,,Airway & Respiratory Products,https://s23.a2zinc.net/clients/HMPCommunications/EMS2019/Public/eBooth.aspx?IndexInList=7&FromPage=Exhibitors.aspx&ParentBoothID=&ListByBooth=true&BoothID=104729
AeroClave,845,650 S. Capen Ave,"Winter Park,Â",United States,http://www.aeroclave.com,,,https://s23.a2zinc.net/clients/HMPCommunications/EMS2019/Public/eBooth.aspx?IndexInList=8&FromPage=Exhibitors.aspx&ParentBoothID=&ListByBooth=true&BoothID=105133
Air & Surface Transport Nurses Association,772,13918 E Mississippi Ave,"Aurora,Â",United States,,,,https://s23.a2zinc.net/clients/HMPCommunications/EMS2019/Public/eBooth.aspx?IndexInList=9&FromPage=Exhibitors.aspx&ParentBoothID=&ListByBooth=true&BoothID=104698
AirBoss Defense,1759,3341 75th Avenue,"Landover,Â",United States,http://www.airbossdefense.com,,,https://s23.a2zinc.net/clients/HMPCommunications/EMS2019/Public/eBooth.aspx?IndexInList=10&FromPage=Exhibitors.aspx&ParentBoothID=&ListByBooth=true&BoothID=105139
Airon Corporation,1629,751 North Drive,"Melbourne,Â",United States,http://www.aironusa.com,,Medical Equipment & Supplies,https://s23.a2zinc.net/clients/HMPCommunications/EMS2019/Public/eBooth.aspx?IndexInList=11&FromPage=Exhibitors.aspx&ParentBoothID=&ListByBooth=true&BoothID=104751
Airspace Monitoring Systems Inc.,836,10520 N Baehr Rd,"Mequon,Â",United States,http://www.airspaceinc.com,888-654-5126,Diagnostic Medical Equipment Medical Equipment & Supplies,https://s23.a2zinc.net/clients/HMPCommunications/EMS2019/Public/eBooth.aspx?IndexInList=12&FromPage=Exhibitors.aspx&ParentBoothID=&ListByBooth=true&BoothID=104717
"Aladtec, Inc.",1053,387 Arrow Court,"River Falls,Â",United States,http://www.aladtec.com,888-749-5550,"Computer Software,Hardware",https://s23.a2zinc.net/clients/HMPCommunications/EMS2019/Public/eBooth.aspx?IndexInList=13&FromPage=Exhibitors.aspx&ParentBoothID=&ListByBooth=true&BoothID=105109
Albuquerque Ambulance,764,4500 Montbel Pl NE,"Albuquerque,Â",United States,,,,https://s23.a2zinc.net/clients/HMPCommunications/EMS2019/Public/eBooth.aspx?IndexInList=14&FromPage=Exhibitors.aspx&ParentBoothID=&ListByBooth=true&BoothID=105208
"AllCare, Inc.",256,2580 Foxfield Rd Ste 101,"St. Charles,Â",United States,http://www.allcaredirect.com,,Medical Equipment & Supplies,https://s23.a2zinc.net/clients/HMPCommunications/EMS2019/Public/eBooth.aspx?IndexInList=15&FromPage=Exhibitors.aspx&ParentBoothID=&ListByBooth=true&BoothID=104922
"Ambu, Inc.",1511,6230 old dobbin lane,"Columbia,Â",United States,http://www.ambuusa.com,,,https://s23.a2zinc.net/clients/HMPCommunications/EMS2019/Public/eBooth.aspx?IndexInList=16&FromPage=Exhibitors.aspx&ParentBoothID=&ListByBooth=true&BoothID=104769
Ambulance Medical Billing,620,100 Fulton Ct.,"Paducah,Â",United States,http://www.ambulancerevenue.com,,,https://s23.a2zinc.net/clients/HMPCommunications/EMS2019/Public/eBooth.aspx?IndexInList=17&FromPage=Exhibitors.aspx&ParentBoothID=&ListByBooth=true&BoothID=105075
American College of Emergency Physicians,870,P.O. Box 619911,"Dallas,Â",United States,http://www.acep.org,,,https://s23.a2zinc.net/clients/HMPCommunications/EMS2019/Public/eBooth.aspx?IndexInList=18&FromPage=Exhibitors.aspx&ParentBoothID=&ListByBooth=true&BoothID=104655
American Diagnostic Corporation,622,55 Commerce Drive,"Hauppauge,Â",United States,http://www.adctoday.com,631-273-9600,,https://s23.a2zinc.net/clients/HMPCommunications/EMS2019/Public/eBooth.aspx?IndexInList=19&FromPage=Exhibitors.aspx&ParentBoothID=&ListByBooth=true&BoothID=105076
American Heart Association / American Stroke Association,1052,7272 Greenville Ave.,"Dallas,Â",United States,http://www.americanheart.org/cpr,,,https://s23.a2zinc.net/clients/HMPCommunications/EMS2019/Public/eBooth.aspx?IndexInList=20&FromPage=Exhibitors.aspx&ParentBoothID=&ListByBooth=true&BoothID=104721
American Red Cross,568,American Red Cross,"American Red Cross,Â",United States,,,,https://s23.a2zinc.net/clients/HMPCommunications/EMS2019/Public/eBooth.aspx?IndexInList=21&FromPage=Exhibitors.aspx&ParentBoothID=&ListByBooth=true&BoothID=105173
Amerimed Medical Solutions,457,"5012 Bristol Industrial Hwy, Suite 110","Buford,Â",United States,http://www.enhancedems.com,,"Administrative,Business Services Associations & Non-profits Education & Training Employment & Recruitment Patient Handling",https://s23.a2zinc.net/clients/HMPCommunications/EMS2019/Public/eBooth.aspx?IndexInList=22&FromPage=Exhibitors.aspx&ParentBoothID=&ListByBooth=true&BoothID=105116
Amphibious Medics,667,4010 Watson Plaza Drive,"Lakewood,Â",United States,http://www.amphibiousmedics.com,,,https://s23.a2zinc.net/clients/HMPCommunications/EMS2019/Public/eBooth.aspx?IndexInList=23&FromPage=Exhibitors.aspx&ParentBoothID=&ListByBooth=true&BoothID=104595
AMR,479,6200 South Syracuse Way #200,"Greenwood Village,Â",United States,http://www.amr.net,,,https://s23.a2zinc.net/clients/HMPCommunications/EMS2019/Public/eBooth.aspx?IndexInList=24&FromPage=Exhibitors.aspx&ParentBoothID=&ListByBooth=true&BoothID=104835
Ansell,838,"540 Lake Cook Rd., Ste. 150","Deerfield,Â",United States,http://www.microflex.com,800-876-6866,Medical Equipment & Supplies,https://s23.a2zinc.net/clients/HMPCommunications/EMS2019/Public/eBooth.aspx?IndexInList=25&FromPage=Exhibitors.aspx&ParentBoothID=&ListByBooth=true&BoothID=104855
Argentum Medical,956,2571 Kaneville Ct,"Geneva,Â",United States,http://www.silverlon.com,,Medical Equipment & Supplies,https://s23.a2zinc.net/clients/HMPCommunications/EMS2019/Public/eBooth.aspx?IndexInList=26&FromPage=Exhibitors.aspx&ParentBoothID=&ListByBooth=true&BoothID=104714
Armor Express,1152,PO Box 516,"Central Lake,Â",United States,,231-544-4363,,https://s23.a2zinc.net/clients/HMPCommunications/EMS2019/Public/eBooth.aspx?IndexInList=27&FromPage=Exhibitors.aspx&ParentBoothID=&ListByBooth=true&BoothID=104833
Atlantic Health System,145,475 South Street,"Morristown,Â",United States,http://www.atlantichealth.or,973-660-3126,,https://s23.a2zinc.net/clients/HMPCommunications/EMS2019/Public/eBooth.aspx?IndexInList=28&FromPage=Exhibitors.aspx&ParentBoothID=&ListByBooth=true&BoothID=104889
AXIOSTAT HEMOSTATIC DRESSING – Advamedica Inc.,1438,"Harvard Sq, 1 mifflin place, Suite 400","Cambridge,",United States,www.advamedica.com,973-718-7575,,https://s23.a2zinc.net/clients/HMPCommunications/EMS2019/Public/eBooth.aspx?IndexInList=29&FromPage=Exhibitors.aspx&ParentBoothID=&ListByBooth=true&BoothID=105210
Axon,627,17800 N 85th Street,"Scottsdale,Â",United States,http://www.axon.com,800-978-2737,,https://s23.a2zinc.net/clients/HMPCommunications/EMS2019/Public/eBooth.aspx?IndexInList=30&FromPage=Exhibitors.aspx&ParentBoothID=&ListByBooth=true&BoothID=104822
Belmont Medical Technologies,1741,780 Boston Rd,"Billerica,Â",United States,http://www.belmontinstrument.com,,"Cardiac MCI,Disaster Response Medical Equipment & Supplies Rescue & Extrication",https://s23.a2zinc.net/clients/HMPCommunications/EMS2019/Public/eBooth.aspx?IndexInList=31&FromPage=Exhibitors.aspx&ParentBoothID=&ListByBooth=true&BoothID=105216
Best Technology,1568,899 Presidential Dr #100,"Richardson,Â",United States,http://www.btinc.co.kr,,,https://s23.a2zinc.net/clients/HMPCommunications/EMS2019/Public/eBooth.aspx?IndexInList=32&FromPage=Exhibitors.aspx&ParentBoothID=&ListByBooth=true&BoothID=104744
"Binder Lift, LLC",545,23 Beacon Dr.,"Cody,Â",United States,http://www.binderlift.com,,Patient Handling,https://s23.a2zinc.net/clients/HMPCommunications/EMS2019/Public/eBooth.aspx?IndexInList=33&FromPage=Exhibitors.aspx&ParentBoothID=&ListByBooth=true&BoothID=104862
BioMedix - WAI Medical,537,4201 Norex Drive,"Chaska,Â",United States,http://www.biomedix-inc.com,,,https://s23.a2zinc.net/clients/HMPCommunications/EMS2019/Public/eBooth.aspx?IndexInList=34&FromPage=Exhibitors.aspx&ParentBoothID=&ListByBooth=true&BoothID=104758
"Bioquell, Inc.",549,"702 Electronic Drive, Suite 200","Horsham,Â",United States,http://www.bioquell.com,,,https://s23.a2zinc.net/clients/HMPCommunications/EMS2019/Public/eBooth.aspx?IndexInList=35&FromPage=Exhibitors.aspx&ParentBoothID=&ListByBooth=true&BoothID=104877
"Bound Tree Medical, LLC",1201,5000 Tuttle Crossing Blvd.,"Dublin,Â",United States,http://www.boundtree.com,,,https://s23.a2zinc.net/clients/HMPCommunications/EMS2019/Public/eBooth.aspx?IndexInList=36&FromPage=Exhibitors.aspx&ParentBoothID=&ListByBooth=true&BoothID=104952
"Braun Industries, Inc.",1018,1170 Production Drive,"Van Wert,Â",United States,http://www.braunambulances.com,,,https://s23.a2zinc.net/clients/HMPCommunications/EMS2019/Public/eBooth.aspx?IndexInList=37&FromPage=Exhibitors.aspx&ParentBoothID=&ListByBooth=true&BoothID=104770
BreakThrough Innovations,1361,"3155 Elbee Rd, Ste 6100","Moraine,Â",United States,http://www.ssmedpro.com,,,https://s23.a2zinc.net/clients/HMPCommunications/EMS2019/Public/eBooth.aspx?IndexInList=38&FromPage=Exhibitors.aspx&ParentBoothID=&ListByBooth=true&BoothID=104627
Bridgestone Americas,953,535 Marriott Drive,"Nashville,Â",United States,http://www.bagovtires.com,,,https://s23.a2zinc.net/clients/HMPCommunications/EMS2019/Public/eBooth.aspx?IndexInList=39&FromPage=Exhibitors.aspx&ParentBoothID=&ListByBooth=true&BoothID=104718
Brigade Electronics Inc.,1645,215 E Pearl St,"Portland,Â",United States,http://www.brigade-inc.com,260-766-4343,Ambulance & Vehicle Components,https://s23.a2zinc.net/clients/HMPCommunications/EMS2019/Public/eBooth.aspx?IndexInList=40&FromPage=Exhibitors.aspx&ParentBoothID=&ListByBooth=true&BoothID=104840
Butterfly IQ,244,203 Whitfield St,"Guilford,Â",United States,,415 385 4455,,https://s23.a2zinc.net/clients/HMPCommunications/EMS2019/Public/eBooth.aspx?IndexInList=41&FromPage=Exhibitors.aspx&ParentBoothID=&ListByBooth=true&BoothID=104891
CAE Healthcare,1720,6300 Edgelake Drive,"Sarasota,Â",United States,http://www.caehealthcare.com,,Education & Training Medical Equipment & Supplies,https://s23.a2zinc.net/clients/HMPCommunications/EMS2019/Public/eBooth.aspx?IndexInList=42&FromPage=Exhibitors.aspx&ParentBoothID=&ListByBooth=true&BoothID=104748
Calspan,760,0,".,Â",United States,,,,https://s23.a2zinc.net/clients/HMPCommunications/EMS2019/Public/eBooth.aspx?IndexInList=43&FromPage=Exhibitors.aspx&ParentBoothID=&ListByBooth=true&BoothID=105008
Cambridge Sensors USA,952,23866 W Industrial Dr N,"Plainfield,Â",United States,http://www.microdotcs.com,877-374-4062,Medical Equipment & Supplies Airway & Respiratory Products Diagnostic Medical Equipment,https://s23.a2zinc.net/clients/HMPCommunications/EMS2019/Public/eBooth.aspx?IndexInList=44&FromPage=Exhibitors.aspx&ParentBoothID=&ListByBooth=true&BoothID=104712
Canada Rope and Twine Ltd.,469,155 Bluewater Road,"Bedford,Â",Canada,http://www.canadarope.com,902-835-2253,,https://s23.a2zinc.net/clients/HMPCommunications/EMS2019/Public/eBooth.aspx?IndexInList=45&FromPage=Exhibitors.aspx&ParentBoothID=&ListByBooth=true&BoothID=104685
CAPCE - Commission on Accreditation for Pre-Hospital Continuing Education,634,"12300 Ford Rd, Suite 350","Dallas,Â",United States,http://www.capce.org,,,https://s23.a2zinc.net/clients/HMPCommunications/EMS2019/Public/eBooth.aspx?IndexInList=46&FromPage=Exhibitors.aspx&ParentBoothID=&ListByBooth=true&BoothID=105056
"Cardionics, Inc.",1260,910 Bay Star Blvd,"Webster,Â",United States,http://www.cardionics.com,,Education & Training,https://s23.a2zinc.net/clients/HMPCommunications/EMS2019/Public/eBooth.aspx?IndexInList=47&FromPage=Exhibitors.aspx&ParentBoothID=&ListByBooth=true&BoothID=104621
CareCredit,729,2995 Red Hill Avenue,"Costa Mesa,Â",United States,http://www.carecredit.com,714-434-4236,"Administrative,Business Services",https://s23.a2zinc.net/clients/HMPCommunications/EMS2019/Public/eBooth.aspx?IndexInList=48&FromPage=Exhibitors.aspx&ParentBoothID=&ListByBooth=true&BoothID=104780
CareerCert (formerly Medic-CE),635,2901 N Ashton Blvd,"Lehi,Â",United States,http://www.medic-ce.com,,,https://s23.a2zinc.net/clients/HMPCommunications/EMS2019/Public/eBooth.aspx?IndexInList=49&FromPage=Exhibitors.aspx&ParentBoothID=&ListByBooth=true&BoothID=104591
Center for Domestic Preparedness,361,40 Twill Lane,"Anniston,Â",United States,http://www.cdp.dhs.gov,,,https://s23.a2zinc.net/clients/HMPCommunications/EMS2019/Public/eBooth.aspx?IndexInList=50&FromPage=Exhibitors.aspx&ParentBoothID=&ListByBooth=true&BoothID=105202
Center for Patient Safety,1734,2410A Hyde Park Rd,"Jefferson City,Â",United States,http://www.centerforpatientsafety.org,314-808-7599,Associations & Non-profits,https://s23.a2zinc.net/clients/HMPCommunications/EMS2019/Public/eBooth.aspx?IndexInList=51&FromPage=Exhibitors.aspx&ParentBoothID=&ListByBooth=true&BoothID=105028
Certa Dose Inc.,1653,7351 E. Lowry Blvd.,"Denver,Â",United States,http://www.certadose.com,,Medical Equipment & Supplies Pharmaceuticals,https://s23.a2zinc.net/clients/HMPCommunications/EMS2019/Public/eBooth.aspx?IndexInList=52&FromPage=Exhibitors.aspx&ParentBoothID=&ListByBooth=true&BoothID=104631
Change Healthcare,957,5995 Windward Parkway,"Alpharetta,Â",United States,http://changehealthcare.com/solutions/fire-andemergency-,,"Administrative,Business Services",https://s23.a2zinc.net/clients/HMPCommunications/EMS2019/Public/eBooth.aspx?IndexInList=53&FromPage=Exhibitors.aspx&ParentBoothID=&ListByBooth=true&BoothID=105122
Check-4-It,668,PO Box 222,"Waterville,Â",United States,,610-469-3119,Ambulance & Vehicles Education & Training Facility Equipment & Management Inventory Control Medical Equipment & Supplies,https://s23.a2zinc.net/clients/HMPCommunications/EMS2019/Public/eBooth.aspx?IndexInList=54&FromPage=Exhibitors.aspx&ParentBoothID=&ListByBooth=true&BoothID=105160
"Chinook Medical Gear, Inc.",1651,"54 Girard St., Ste A","Durango,Â",United States,http://www.chinookmed.com,,Medical Equipment & Supplies,https://s23.a2zinc.net/clients/HMPCommunications/EMS2019/Public/eBooth.aspx?IndexInList=55&FromPage=Exhibitors.aspx&ParentBoothID=&ListByBooth=true&BoothID=104752
Clarius Mobile Health,439,350-3605 Gilmore Way,"Burnaby,Â",Canada,http://www.clarius.com,,Diagnostic Medical Equipment,https://s23.a2zinc.net/clients/HMPCommunications/EMS2019/Public/eBooth.aspx?IndexInList=56&FromPage=Exhibitors.aspx&ParentBoothID=&ListByBooth=true&BoothID=104827
Class 1 Electronics / Weldon,1623,607 NW 27th Avenue,"Ocala,Â",United States,http://www.weldoninc.com,,"Ambulance & Vehicle Components Computer Software,Hardware",https://s23.a2zinc.net/clients/HMPCommunications/EMS2019/Public/eBooth.aspx?IndexInList=57&FromPage=Exhibitors.aspx&ParentBoothID=&ListByBooth=true&BoothID=104845
ClorDiSys Solutions Inc.,866,PO Box 549,"Lebanon,Â",United States,http://www.clordisys.com,,Ambulance & Vehicle Components Facility Equipment & Management Medical Equipment & Supplies,https://s23.a2zinc.net/clients/HMPCommunications/EMS2019/Public/eBooth.aspx?IndexInList=58&FromPage=Exhibitors.aspx&ParentBoothID=&ListByBooth=true&BoothID=104609
Columbia Southern University,818,21982 University Lane,"Orange Beach,Â",United States,http://www.columbiasouthern.edu,,,https://s23.a2zinc.net/clients/HMPCommunications/EMS2019/Public/eBooth.aspx?IndexInList=59&FromPage=Exhibitors.aspx&ParentBoothID=&ListByBooth=true&BoothID=104778
Combat Medical Systems,339,5555 Harrisburg Industrial Parkway Dr.,"Harrisburg,Â",United States,http://www.combatmedicalsystems.com,,,https://s23.a2zinc.net/clients/HMPCommunications/EMS2019/Public/eBooth.aspx?IndexInList=60&FromPage=Exhibitors.aspx&ParentBoothID=&ListByBooth=true&BoothID=104853
CompX Security Products,529,715 Center Street,"Grayslake,Â",United States,http://www.compxelock.com,,,https://s23.a2zinc.net/clients/HMPCommunications/EMS2019/Public/eBooth.aspx?IndexInList=61&FromPage=Exhibitors.aspx&ParentBoothID=&ListByBooth=true&BoothID=104788
CONMED,338,525 French Road,"Utica,Â",United States,http://www.conmed.com,315-624-3131,Airway & Respiratory Products Cardiac Diagnostic Medical Equipment Medical Equipment & Supplies,https://s23.a2zinc.net/clients/HMPCommunications/EMS2019/Public/eBooth.aspx?IndexInList=62&FromPage=Exhibitors.aspx&ParentBoothID=&ListByBooth=true&BoothID=104578
Control Devices,547,1555 Larkin Williams Road,"Fenton,Â",United States,http://www.cdivavle.com,636-660-7100,,https://s23.a2zinc.net/clients/HMPCommunications/EMS2019/Public/eBooth.aspx?IndexInList=63&FromPage=Exhibitors.aspx&ParentBoothID=&ListByBooth=true&BoothID=104585
Coro Medical,336,277 Mallory Station Rd,"Franklin,Â",United States,www.coromed.us,,,https://s23.a2zinc.net/clients/HMPCommunications/EMS2019/Public/eBooth.aspx?IndexInList=64&FromPage=Exhibitors.aspx&ParentBoothID=&ListByBooth=true&BoothID=104577
Covert Armor International,657,1001 Clare Avenue,"West Palm Beach ,Â",United States,,,,https://s23.a2zinc.net/clients/HMPCommunications/EMS2019/Public/eBooth.aspx?IndexInList=65&FromPage=Exhibitors.aspx&ParentBoothID=&ListByBooth=true&BoothID=104594
Cradlepoint,421,1111 W. Jefferson Street,"Boise,Â",United States,http://www.cradlepoint.com,208-424-5054,,https://s23.a2zinc.net/clients/HMPCommunications/EMS2019/Public/eBooth.aspx?IndexInList=66&FromPage=Exhibitors.aspx&ParentBoothID=&ListByBooth=true&BoothID=105131
Crestline Coach Ltd.,1129,126 Wheeler Street,"Saskatoon,Â",Canada,http://www.crestlinecoach.com,,Ambulance & Vehicles Medical Equipment & Supplies,https://s23.a2zinc.net/clients/HMPCommunications/EMS2019/Public/eBooth.aspx?IndexInList=67&FromPage=Exhibitors.aspx&ParentBoothID=&ListByBooth=true&BoothID=104807
Cribs for Kids,1569,5450 Second Avenue,"Pittsburgh,Â",United States,http://www.cribsforkids.org,412-322-5680,Associations & Non-profits,https://s23.a2zinc.net/clients/HMPCommunications/EMS2019/Public/eBooth.aspx?IndexInList=68&FromPage=Exhibitors.aspx&ParentBoothID=&ListByBooth=true&BoothID=105171
Defense Logistics Agency,661,8725 John J Kingman Rd,"Fort Belvoir,Â",United States,http://www.dla.mil,,,https://s23.a2zinc.net/clients/HMPCommunications/EMS2019/Public/eBooth.aspx?IndexInList=69&FromPage=Exhibitors.aspx&ParentBoothID=&ListByBooth=true&BoothID=105006
Defibtech,1517,"741 Boston Post Road, Suite 201","Guilford,Â",United States,http://www.defibtech.com,,Cardiac Distributors Medical Equipment & Supplies,https://s23.a2zinc.net/clients/HMPCommunications/EMS2019/Public/eBooth.aspx?IndexInList=70&FromPage=Exhibitors.aspx&ParentBoothID=&ListByBooth=true&BoothID=105000
Demers Ambulances,1119,1170 Production Drive,"Van Wert,Â",United States,http://www.demers-ambulances.com,,,https://s23.a2zinc.net/clients/HMPCommunications/EMS2019/Public/eBooth.aspx?IndexInList=71&FromPage=Exhibitors.aspx&ParentBoothID=&ListByBooth=true&BoothID=104936
"Digital Ally, Inc.",571,9705 Loiret Blvd.,"Lenexa,Â",United States,http://www.digitalallyinc.com,,,https://s23.a2zinc.net/clients/HMPCommunications/EMS2019/Public/eBooth.aspx?IndexInList=72&FromPage=Exhibitors.aspx&ParentBoothID=&ListByBooth=true&BoothID=105158
Digitech,638,480 Bedford Road,"Chappaqua,Â",United States,http://www.digitechcomputer.com,914-741-1919,"Computer Software,Hardware Administrative,Business Services",https://s23.a2zinc.net/clients/HMPCommunications/EMS2019/Public/eBooth.aspx?IndexInList=73&FromPage=Exhibitors.aspx&ParentBoothID=&ListByBooth=true&BoothID=104588
Dilon Technologies,347,12050 Jefferson Avenue,"Newport News,Â",United States,http://www.dilon.com,757-527-4403,,https://s23.a2zinc.net/clients/HMPCommunications/EMS2019/Public/eBooth.aspx?IndexInList=74&FromPage=Exhibitors.aspx&ParentBoothID=&ListByBooth=true&BoothID=104681
Disaster Management Systems,247,10271-A Trademark Street,"Rancho Cucamonga,Â",United States,http://www.triagetags.com,909-484-2900,"Education & Training MCI,Disaster Response",https://s23.a2zinc.net/clients/HMPCommunications/EMS2019/Public/eBooth.aspx?IndexInList=75&FromPage=Exhibitors.aspx&ParentBoothID=&ListByBooth=true&BoothID=104894
Distance CME powered by Relias,855,20225 Watertower Blvd.,"Brookfield,Â",United States,http://www.distancecme.com,,Education & Training,https://s23.a2zinc.net/clients/HMPCommunications/EMS2019/Public/eBooth.aspx?IndexInList=76&FromPage=Exhibitors.aspx&ParentBoothID=&ListByBooth=true&BoothID=104708
Dynarex Corporation,824,10 Glenshaw Street,"Orangeburg,Â",United States,http://www.dynarex.com,,,https://s23.a2zinc.net/clients/HMPCommunications/EMS2019/Public/eBooth.aspx?IndexInList=77&FromPage=Exhibitors.aspx&ParentBoothID=&ListByBooth=true&BoothID=104647
EA Medical LLC,1634,10541 State Highway 81,"Canton,Â",United States,http://www.eamed.com,800-339-9393,"Ambulance & Vehicle Components Facility Equipment & Management Health, Fitness, Self Care MCI,Disaster Response Medical Equipment & Supplies",https://s23.a2zinc.net/clients/HMPCommunications/EMS2019/Public/eBooth.aspx?IndexInList=78&FromPage=Exhibitors.aspx&ParentBoothID=&ListByBooth=true&BoothID=105019
East Baton Rouge Parish EMS,453,PO Box 1471,"Baton Rouge,Â",United States,http://www.brla.gov,225-389-5155,,https://s23.a2zinc.net/clients/HMPCommunications/EMS2019/Public/eBooth.aspx?IndexInList=79&FromPage=Exhibitors.aspx&ParentBoothID=&ListByBooth=true&BoothID=105114
Eberspaecher Climate Control Systems,1729,6099A Vipond Drive,"Mississauga,Â",Canada,http://www.eberspaecher-na.com,9056700960,,https://s23.a2zinc.net/clients/HMPCommunications/EMS2019/Public/eBooth.aspx?IndexInList=80&FromPage=Exhibitors.aspx&ParentBoothID=&ListByBooth=true&BoothID=105153
Education Management Solutions,1811,436 Creamery Way,"Exton,Â",United States,http://www.simulationiq.com,610-701-7002,,https://s23.a2zinc.net/clients/HMPCommunications/EMS2019/Public/eBooth.aspx?IndexInList=81&FromPage=Exhibitors.aspx&ParentBoothID=&ListByBooth=true&BoothID=104900
Elecotek Inc,1637,1640 W. Hubbard Street,"Chicago,Â",United States,http://www.elecotek.com,312-631-3692,,https://s23.a2zinc.net/clients/HMPCommunications/EMS2019/Public/eBooth.aspx?IndexInList=82&FromPage=Exhibitors.aspx&ParentBoothID=&ListByBooth=true&BoothID=105022
"EM Innovations, Inc.",639,PO Box 262,"Balloway,Â",United States,http://www.eminnovations.com,614-853-1504,,https://s23.a2zinc.net/clients/HMPCommunications/EMS2019/Public/eBooth.aspx?IndexInList=83&FromPage=Exhibitors.aspx&ParentBoothID=&ListByBooth=true&BoothID=105135
"eMD Telehealth Solutions, LLC",1622,504 Texas Street,"Shreveport,Â",United States,,,,https://s23.a2zinc.net/clients/HMPCommunications/EMS2019/Public/eBooth.aspx?IndexInList=84&FromPage=Exhibitors.aspx&ParentBoothID=&ListByBooth=true&BoothID=105213
Emergency Reporting,444,2200 Rimland Dr Suite 305,"Bellingham,Â",United States,http://www.emergencyreporting.com,,"Administrative,Business Services Computer Software,Hardware Education & Training Facility Equipment & Management",https://s23.a2zinc.net/clients/HMPCommunications/EMS2019/Public/eBooth.aspx?IndexInList=85&FromPage=Exhibitors.aspx&ParentBoothID=&ListByBooth=true&BoothID=104999
Emit Corporation,1369,1120 Nasa Parkway,"Houston,Â",United States,http://www.emitcorp.com,281-984-7355,Medical Equipment & Supplies,https://s23.a2zinc.net/clients/HMPCommunications/EMS2019/Public/eBooth.aspx?IndexInList=86&FromPage=Exhibitors.aspx&ParentBoothID=&ListByBooth=true&BoothID=104734
EMS Healthcare Solutions,1456,2065 Walton Road,"St. Louis,Â",United States,http://www.narrativepro.com,731-499-3074,"Administrative,Business Services Computer Software,Hardware Education & Training Patient Handling Pharmaceuticals",https://s23.a2zinc.net/clients/HMPCommunications/EMS2019/Public/eBooth.aspx?IndexInList=87&FromPage=Exhibitors.aspx&ParentBoothID=&ListByBooth=true&BoothID=105011
EMS Management & Consultants,255,2540 Empire Drive,"Winston Salem,Â",United States,,,,https://s23.a2zinc.net/clients/HMPCommunications/EMS2019/Public/eBooth.aspx?IndexInList=88&FromPage=Exhibitors.aspx&ParentBoothID=&ListByBooth=true&BoothID=104921
EMS Today/JEMS,434,1421 S. Sheridan Road,"Tulsa,Â",United States,http://www.emstoday.com,918-831-9801,,https://s23.a2zinc.net/clients/HMPCommunications/EMS2019/Public/eBooth.aspx?IndexInList=89&FromPage=Exhibitors.aspx&ParentBoothID=&ListByBooth=true&BoothID=104854
EMS World,837,70 E. Swedesford Rd,"Malvern,Â",United States,http://www.emsworld.com/,800-237-7285,Education & Training,https://s23.a2zinc.net/clients/HMPCommunications/EMS2019/Public/eBooth.aspx?IndexInList=90&FromPage=Exhibitors.aspx&ParentBoothID=&ListByBooth=true&BoothID=104784
EMS1.com,1636,200 Green St #200,"San Francisco,Â",United States,http://www.ems1.com,,"Administrative,Business Services Education & Training",https://s23.a2zinc.net/clients/HMPCommunications/EMS2019/Public/eBooth.aspx?IndexInList=91&FromPage=Exhibitors.aspx&ParentBoothID=&ListByBooth=true&BoothID=105021
EMSPOCUS,665,1801 J St #103,"Lincoln,Â",United States,http://www.emspocus.com,,,https://s23.a2zinc.net/clients/HMPCommunications/EMS2019/Public/eBooth.aspx?IndexInList=92&FromPage=Exhibitors.aspx&ParentBoothID=&ListByBooth=true&BoothID=105004
ESO Solutions,710,11500 Alterra Parkway,"Austin,Â",United States,http://www.esosolutions.com,,"Computer Software,Hardware",https://s23.a2zinc.net/clients/HMPCommunications/EMS2019/Public/eBooth.aspx?IndexInList=93&FromPage=Exhibitors.aspx&ParentBoothID=&ListByBooth=true&BoothID=104957
Ever Dixie EMS Supply Co.,878,300 Liberty Ave,"Brooklyn,Â",United States,http://www.dixieems.com,,,https://s23.a2zinc.net/clients/HMPCommunications/EMS2019/Public/eBooth.aspx?IndexInList=94&FromPage=Exhibitors.aspx&ParentBoothID=&ListByBooth=true&BoothID=105221
"EVS, Ltd",1028,3702 West Sample Street,"South Bend,Â",United States,http://www.evsltd.com,,Ambulance & Vehicle Components,https://s23.a2zinc.net/clients/HMPCommunications/EMS2019/Public/eBooth.aspx?IndexInList=95&FromPage=Exhibitors.aspx&ParentBoothID=&ListByBooth=true&BoothID=105128
"Excellance, Inc.",553,453 Lanier Road,"Madison,Â",United States,http://www.excellance.com,,Ambulance & Vehicles,https://s23.a2zinc.net/clients/HMPCommunications/EMS2019/Public/eBooth.aspx?IndexInList=96&FromPage=Exhibitors.aspx&ParentBoothID=&ListByBooth=true&BoothID=104804
F & D Sales Challenge Coins,1670,3503 Westbank Expressway,"Harvey,Â",United States,http://www.fdchallengecoins.com,504-347-1600,,https://s23.a2zinc.net/clients/HMPCommunications/EMS2019/Public/eBooth.aspx?IndexInList=97&FromPage=Exhibitors.aspx&ParentBoothID=&ListByBooth=true&BoothID=105170
Federal Signal,1534,2645 Federal Signal Drive,"University Park,Â",United States,http://www.fedsig.com,,Ambulance & Vehicle Components,https://s23.a2zinc.net/clients/HMPCommunications/EMS2019/Public/eBooth.aspx?IndexInList=98&FromPage=Exhibitors.aspx&ParentBoothID=&ListByBooth=true&BoothID=104988
Ferno,561,70 Weil Way,"Wilmington,Â",United States,http://www.ferno.com,,Ambulance & Vehicles Education & Training Medical Equipment & Supplies Patient Handling Rescue & Extrication,https://s23.a2zinc.net/clients/HMPCommunications/EMS2019/Public/eBooth.aspx?IndexInList=99&FromPage=Exhibitors.aspx&ParentBoothID=&ListByBooth=true&BoothID=104796
FieldMed,554,660 Adams Drive,"Crestview,Â",United States,http://www.graphiumhealth.com,972-372-4111,,https://s23.a2zinc.net/clients/HMPCommunications/EMS2019/Public/eBooth.aspx?IndexInList=100&FromPage=Exhibitors.aspx&ParentBoothID=&ListByBooth=true&BoothID=105189
Fire Armor LLC,1639,4521 PGA Blvd Suite 475,"Palm Beach Gardens,Â",United States,,,,https://s23.a2zinc.net/clients/HMPCommunications/EMS2019/Public/eBooth.aspx?IndexInList=101&FromPage=Exhibitors.aspx&ParentBoothID=&ListByBooth=true&BoothID=105024
Fire Recovery,681,3223 N. Wilke Road,"Arlington Heights,Â",United States,http://www.firerecoveryusa.com,800-244-2345,,https://s23.a2zinc.net/clients/HMPCommunications/EMS2019/Public/eBooth.aspx?IndexInList=102&FromPage=Exhibitors.aspx&ParentBoothID=&ListByBooth=true&BoothID=104702
First Line Technology,546,3656 Centerview Drive Suite 4,"Chantilly,Â",United States,http://www.firstlinetech.com,,,https://s23.a2zinc.net/clients/HMPCommunications/EMS2019/Public/eBooth.aspx?IndexInList=103&FromPage=Exhibitors.aspx&ParentBoothID=&ListByBooth=true&BoothID=104582
First Responder Center for Excellence,239,2130 Priest Bridge Drive,"Crofton,Â",United States,www.firstrespondercenter.org,443-302-2917,,https://s23.a2zinc.net/clients/HMPCommunications/EMS2019/Public/eBooth.aspx?IndexInList=104&FromPage=Exhibitors.aspx&ParentBoothID=&ListByBooth=true&BoothID=104575
First Responder Network Authority (FirstNet),527,12201 Sunrise Valley Drive,"Reston,Â",United States,http://www.firstnet.gov,,,https://s23.a2zinc.net/clients/HMPCommunications/EMS2019/Public/eBooth.aspx?IndexInList=105&FromPage=Exhibitors.aspx&ParentBoothID=&ListByBooth=true&BoothID=104584
First Responder Solutions Inc.,257,25365 Hatton Road,"Carmel,Â",United States,www.firstrespondersolutions.com,,,https://s23.a2zinc.net/clients/HMPCommunications/EMS2019/Public/eBooth.aspx?IndexInList=106&FromPage=Exhibitors.aspx&ParentBoothID=&ListByBooth=true&BoothID=104923
FirstNet Built with AT&T,427,208 Akard Street,"Dallas,Â",United States,,678-230-7100,"Communications,Dispatch",https://s23.a2zinc.net/clients/HMPCommunications/EMS2019/Public/eBooth.aspx?IndexInList=107&FromPage=Exhibitors.aspx&ParentBoothID=&ListByBooth=true&BoothID=104825
Flight Medical Innovations,1539,183 Mitchell Lane,"Manchester,Â",United States,http://www.flight-medical.com,031-434-5607,,https://s23.a2zinc.net/clients/HMPCommunications/EMS2019/Public/eBooth.aspx?IndexInList=108&FromPage=Exhibitors.aspx&ParentBoothID=&ListByBooth=true&BoothID=105015
"FlightBridgeED, LLC",653,520 Old River Rd,"Scottsville,Â",United States,http://www.flightbridgeed.com,270-783-1103,Education & Training,https://s23.a2zinc.net/clients/HMPCommunications/EMS2019/Public/eBooth.aspx?IndexInList=109&FromPage=Exhibitors.aspx&ParentBoothID=&ListByBooth=true&BoothID=104592
Focus Health Group,1739,5802 Kingston Pike,"Knoxville,Â",United States,,,,https://s23.a2zinc.net/clients/HMPCommunications/EMS2019/Public/eBooth.aspx?IndexInList=110&FromPage=Exhibitors.aspx&ParentBoothID=&ListByBooth=true&BoothID=105215
FoxFury Lighting Solutions,1471,3528 Seagate Way,"Oceanside,Â",United States,,760-945-4231,,https://s23.a2zinc.net/clients/HMPCommunications/EMS2019/Public/eBooth.aspx?IndexInList=111&FromPage=Exhibitors.aspx&ParentBoothID=&ListByBooth=true&BoothID=104743
"FR Conversions, Inc.",861,1231 Tech Ct,"Westminster,Â",United States,http://www.frconversions.com,,,https://s23.a2zinc.net/clients/HMPCommunications/EMS2019/Public/eBooth.aspx?IndexInList=112&FromPage=Exhibitors.aspx&ParentBoothID=&ListByBooth=true&BoothID=105082
"Frazer, Ltd.",901,7219 Rampart St,"Houston,Â",United States,http://www.frazerbilt.com,,,https://s23.a2zinc.net/clients/HMPCommunications/EMS2019/Public/eBooth.aspx?IndexInList=113&FromPage=Exhibitors.aspx&ParentBoothID=&ListByBooth=true&BoothID=104948
"Gaumard Scientific Co., Inc.",825,14700 SW 136th Street,"Miami,Â",United States,http://www.gaumard.com,,Education & Training,https://s23.a2zinc.net/clients/HMPCommunications/EMS2019/Public/eBooth.aspx?IndexInList=114&FromPage=Exhibitors.aspx&ParentBoothID=&ListByBooth=true&BoothID=104883
GD,552,1000 River St,"Ridgefield,Â",United States,http://www.general-devices.com,,"Computer Software,Hardware Education & Training Patient Handling Ambulance & Vehicles Communications,Dispatch",https://s23.a2zinc.net/clients/HMPCommunications/EMS2019/Public/eBooth.aspx?IndexInList=115&FromPage=Exhibitors.aspx&ParentBoothID=&ListByBooth=true&BoothID=105188
GE Healthcare,238,9900 W. Innovation Drive,"Wauwatosa,Â",United States,,414-573-3085,,https://s23.a2zinc.net/clients/HMPCommunications/EMS2019/Public/eBooth.aspx?IndexInList=116&FromPage=Exhibitors.aspx&ParentBoothID=&ListByBooth=true&BoothID=104666
General Motors First Responder Discount,353,100 Renaissance Center,"Detroit,Â",United States,,,,https://s23.a2zinc.net/clients/HMPCommunications/EMS2019/Public/eBooth.aspx?IndexInList=117&FromPage=Exhibitors.aspx&ParentBoothID=&ListByBooth=true&BoothID=104802
Genlantis,1460,6044 Cornerstone Ct. West,"San Diego,Â",United States,http://www.genlantis.com,,Ambulance & Vehicle Components Ambulance & Vehicles Medical Equipment & Supplies,https://s23.a2zinc.net/clients/HMPCommunications/EMS2019/Public/eBooth.aspx?IndexInList=118&FromPage=Exhibitors.aspx&ParentBoothID=&ListByBooth=true&BoothID=104870
Gen-T Ambulance,1345,123 ABC Street,"Need to Update,Â",United States,,,,https://s23.a2zinc.net/clients/HMPCommunications/EMS2019/Public/eBooth.aspx?IndexInList=119&FromPage=Exhibitors.aspx&ParentBoothID=&ListByBooth=true&BoothID=105106
Gerber Outerwear,541,"13388 SR 23, Suite 100","Granger,Â",United States,http://www.gerberouterwear.com,,,https://s23.a2zinc.net/clients/HMPCommunications/EMS2019/Public/eBooth.aspx?IndexInList=120&FromPage=Exhibitors.aspx&ParentBoothID=&ListByBooth=true&BoothID=104991
Get Ahead of Stroke,637,2121 K Street NW,"Washington,Â",United States,www.getaheadofstroke.org,202-248-5460,,https://s23.a2zinc.net/clients/HMPCommunications/EMS2019/Public/eBooth.aspx?IndexInList=121&FromPage=Exhibitors.aspx&ParentBoothID=&ListByBooth=true&BoothID=104691
Graham Medical,628,2273 Larsen Road,"Green Bay,Â",United States,http://www.grahammedical.com,,,https://s23.a2zinc.net/clients/HMPCommunications/EMS2019/Public/eBooth.aspx?IndexInList=122&FromPage=Exhibitors.aspx&ParentBoothID=&ListByBooth=true&BoothID=105072
Guangzhou Landswick Medical Technologies Ltd.,245,"Unit 1302/13F, Block C2, No. 182 Science Ave.","Guangzhou,Â",China,http://www.landswick.com,+86-20-28065380,Medical Equipment & Supplies Rescue & Extrication,https://s23.a2zinc.net/clients/HMPCommunications/EMS2019/Public/eBooth.aspx?IndexInList=123&FromPage=Exhibitors.aspx&ParentBoothID=&ListByBooth=true&BoothID=104892
Guardian Air Transport,1371,6639 South Piper Lane,"Flagstaff ,Â",United States,,,,https://s23.a2zinc.net/clients/HMPCommunications/EMS2019/Public/eBooth.aspx?IndexInList=124&FromPage=Exhibitors.aspx&ParentBoothID=&ListByBooth=true&BoothID=104735
Guardian EMS Products,766,8248 West Doe Ave.,"Visalia,Â",United States,http://www.guardianemsproducts.com,,,https://s23.a2zinc.net/clients/HMPCommunications/EMS2019/Public/eBooth.aspx?IndexInList=125&FromPage=Exhibitors.aspx&ParentBoothID=&ListByBooth=true&BoothID=105209
Gulf Coast Ultrasound Institute,1469,111 2nd Ave NE #800,"St. Petersburg,Â",United States,http://www.gcus.com,727-363-4500,Education & Training,https://s23.a2zinc.net/clients/HMPCommunications/EMS2019/Public/eBooth.aspx?IndexInList=126&FromPage=Exhibitors.aspx&ParentBoothID=&ListByBooth=true&BoothID=104742
H&H Medical Corporation,1062,328 McLaws Circle,"Williamsburg,Â",United States,http://www.gohandh.com,,,https://s23.a2zinc.net/clients/HMPCommunications/EMS2019/Public/eBooth.aspx?IndexInList=127&FromPage=Exhibitors.aspx&ParentBoothID=&ListByBooth=true&BoothID=104867
"Haix North America, Inc.",1340,"2320 Fortune Drive, Suite 120","Lexington,Â",United States,http://www.haix.com,,"Apparel,Uniforms",https://s23.a2zinc.net/clients/HMPCommunications/EMS2019/Public/eBooth.aspx?IndexInList=128&FromPage=Exhibitors.aspx&ParentBoothID=&ListByBooth=true&BoothID=104727
Halyard Health,548,8601 Rumson Dr.,"Santee,Â",United States,http://www.halyardhealth.com,,,https://s23.a2zinc.net/clients/HMPCommunications/EMS2019/Public/eBooth.aspx?IndexInList=129&FromPage=Exhibitors.aspx&ParentBoothID=&ListByBooth=true&BoothID=104876
Handheld,1057,33870 SE Eastgate Circle,"Corvallis,Â",United States,,541-752-0313,"Computer Software,Hardware Inventory Control",https://s23.a2zinc.net/clients/HMPCommunications/EMS2019/Public/eBooth.aspx?IndexInList=130&FromPage=Exhibitors.aspx&ParentBoothID=&ListByBooth=true&BoothID=105111
"Hartwell Medical, LLC",1335,"6354 Corte del Abeto, Suite F","Carlsbad,Â",United States,http://www.hartwellmedical.com,,,https://s23.a2zinc.net/clients/HMPCommunications/EMS2019/Public/eBooth.aspx?IndexInList=131&FromPage=Exhibitors.aspx&ParentBoothID=&ListByBooth=true&BoothID=105124
Health o meter Professional Scales,1620,9500 West 55th Street,"McCook,Â",United States,,,,https://s23.a2zinc.net/clients/HMPCommunications/EMS2019/Public/eBooth.aspx?IndexInList=132&FromPage=Exhibitors.aspx&ParentBoothID=&ListByBooth=true&BoothID=105212
Health Scholars,157,8471 Turnpike Drive,"Westminster,Â",United States,http://www.healthscholars.com,303-815-1654,,https://s23.a2zinc.net/clients/HMPCommunications/EMS2019/Public/eBooth.aspx?IndexInList=133&FromPage=Exhibitors.aspx&ParentBoothID=&ListByBooth=true&BoothID=104917
Henry Schein Inc.,327,PO Box 3227,"Irmo,Â",United States,http://www.henryschein.com,,,https://s23.a2zinc.net/clients/HMPCommunications/EMS2019/Public/eBooth.aspx?IndexInList=134&FromPage=Exhibitors.aspx&ParentBoothID=&ListByBooth=true&BoothID=104824
Hi-Tec Intervention Inc.,449,840 Rue Du Houppier,"St-Nicolas,Â",Canada,http://www.hi-tec.qc.ca,,"Apparel,Uniforms",https://s23.a2zinc.net/clients/HMPCommunications/EMS2019/Public/eBooth.aspx?IndexInList=135&FromPage=Exhibitors.aspx&ParentBoothID=&ListByBooth=true&BoothID=104875
HiViz LED Lighting,1453,149 Twin Springs Road,"Hendersonville,Â",United States,,,,https://s23.a2zinc.net/clients/HMPCommunications/EMS2019/Public/eBooth.aspx?IndexInList=136&FromPage=Exhibitors.aspx&ParentBoothID=&ListByBooth=true&BoothID=105190
Horizon Medical Products,1429,"400 Etter Drive, Suite 3","Nicholasville,Â",United States,http://www.horizonmedicalproducts.com,,,https://s23.a2zinc.net/clients/HMPCommunications/EMS2019/Public/eBooth.aspx?IndexInList=137&FromPage=Exhibitors.aspx&ParentBoothID=&ListByBooth=true&BoothID=105040
"Hoseline, Inc.",1262,1619 Park Commerce Court,"St. Cloud,Â",United States,,407-892-2599,,https://s23.a2zinc.net/clients/HMPCommunications/EMS2019/Public/eBooth.aspx?IndexInList=138&FromPage=Exhibitors.aspx&ParentBoothID=&ListByBooth=true&BoothID=104622
Hospital Corporation of America,518,"903 E 104th St., Suite 500","Kansas City,Â",United States,https://hcahealthcare.com/,,"Administrative,Business Services",https://s23.a2zinc.net/clients/HMPCommunications/EMS2019/Public/eBooth.aspx?IndexInList=139&FromPage=Exhibitors.aspx&ParentBoothID=&ListByBooth=true&BoothID=104820
"I.M.LAB, Inc.",641,7F Haesung Bldg. 165,"Seoul,Â",Korea (South),http://www.imlabworld.com,+82-70-5056-3900,Cardiac Education & Training Medical Equipment & Supplies,https://s23.a2zinc.net/clients/HMPCommunications/EMS2019/Public/eBooth.aspx?IndexInList=140&FromPage=Exhibitors.aspx&ParentBoothID=&ListByBooth=true&BoothID=105136
IAFCCP,773,4835 Riveredge Cove,"Snellville,Â",United States,http://www.iafccp.org,,,https://s23.a2zinc.net/clients/HMPCommunications/EMS2019/Public/eBooth.aspx?IndexInList=141&FromPage=Exhibitors.aspx&ParentBoothID=&ListByBooth=true&BoothID=104605
IFSTA / Fire Protection Publications,834,930 N. Willis,"Stillwater,Â",United States,http://www.ifsta.org,,Education & Training Rescue & Extrication,https://s23.a2zinc.net/clients/HMPCommunications/EMS2019/Public/eBooth.aspx?IndexInList=142&FromPage=Exhibitors.aspx&ParentBoothID=&ListByBooth=true&BoothID=104882
"ImageTrend, Inc.",831,20855 Kensington Blvd,"Lakeville,Â",United States,http://www.imagetrend.com,952-469-1589,"Computer Software,Hardware MCI,Disaster Response",https://s23.a2zinc.net/clients/HMPCommunications/EMS2019/Public/eBooth.aspx?IndexInList=143&FromPage=Exhibitors.aspx&ParentBoothID=&ListByBooth=true&BoothID=104856
IMMI Emergency Vehicles,1436,18881 US 31 North,"Westfield,Â",United States,,,,https://s23.a2zinc.net/clients/HMPCommunications/EMS2019/Public/eBooth.aspx?IndexInList=144&FromPage=Exhibitors.aspx&ParentBoothID=&ListByBooth=true&BoothID=104733
InHealth Technologies,1740,1110 Mark Avenue,"Carpinteria,Â",United States,http://www.inhealth.com,800-477-5969,,https://s23.a2zinc.net/clients/HMPCommunications/EMS2019/Public/eBooth.aspx?IndexInList=145&FromPage=Exhibitors.aspx&ParentBoothID=&ListByBooth=true&BoothID=105031
Innovative Tactical Training Solutions,356,13605 Rutland Rd,"Goshen,Â",United States,http://www.tommanikin.com,,,https://s23.a2zinc.net/clients/HMPCommunications/EMS2019/Public/eBooth.aspx?IndexInList=146&FromPage=Exhibitors.aspx&ParentBoothID=&ListByBooth=true&BoothID=104926
Insight Mobile Data,438,"23330 Cottonwood Parkway, Suite 333","California,Â",United States,,,,https://s23.a2zinc.net/clients/HMPCommunications/EMS2019/Public/eBooth.aspx?IndexInList=147&FromPage=Exhibitors.aspx&ParentBoothID=&ListByBooth=true&BoothID=104679
IntegraConnect,700,501 South Flagler Drive Suite 600,"West Palm Beach,Â",United States,,(904) 362-2245,,https://s23.a2zinc.net/clients/HMPCommunications/EMS2019/Public/eBooth.aspx?IndexInList=148&FromPage=Exhibitors.aspx&ParentBoothID=&ListByBooth=true&BoothID=104992
Integrated Rental Services,1537,1800 Williamson Court,"Louisville,Â",United States,http://www.integratedrentals.com,,,https://s23.a2zinc.net/clients/HMPCommunications/EMS2019/Public/eBooth.aspx?IndexInList=149&FromPage=Exhibitors.aspx&ParentBoothID=&ListByBooth=true&BoothID=105014
Intermotive Vehicle Controls,736,12840 Earhart Ave.,"Auburn ,Â",United States,,,,https://s23.a2zinc.net/clients/HMPCommunications/EMS2019/Public/eBooth.aspx?IndexInList=150&FromPage=Exhibitors.aspx&ParentBoothID=&ListByBooth=true&BoothID=104997
International Board of Specialty Certification (IBSC),1738,4835 Riveredge Cove,"Snellville,Â",United States,https://www.ibscertifications.org/index,770-978-4400,Associations & Non-profits,https://s23.a2zinc.net/clients/HMPCommunications/EMS2019/Public/eBooth.aspx?IndexInList=151&FromPage=Exhibitors.aspx&ParentBoothID=&ListByBooth=true&BoothID=105030
Intersurgical,734,6757 Kinne St.,"E. Syracuse,Â",United States,http://www.intersurgical.com,,,https://s23.a2zinc.net/clients/HMPCommunications/EMS2019/Public/eBooth.aspx?IndexInList=152&FromPage=Exhibitors.aspx&ParentBoothID=&ListByBooth=true&BoothID=104996
Intertek Industrial Corp,240,3023 Powers Ave,"Jacksonville,Â",United States,http://www.intertekindustrial.com,,Distributors Ambulance & Vehicle Components,https://s23.a2zinc.net/clients/HMPCommunications/EMS2019/Public/eBooth.aspx?IndexInList=153&FromPage=Exhibitors.aspx&ParentBoothID=&ListByBooth=true&BoothID=104667
iPCR,954,5137 Golden Foothill Parkway #110,"El Dorado Hills,Â",United States,http://www.ipcrems.com,,"Computer Software,Hardware",https://s23.a2zinc.net/clients/HMPCommunications/EMS2019/Public/eBooth.aspx?IndexInList=154&FromPage=Exhibitors.aspx&ParentBoothID=&ListByBooth=true&BoothID=104713
IPMBA - International Police Mountain Bike Association,1339,"583 Frederick Rd., Suite 5B","Baltimore,Â",United States,http://www.ipmba.org,,Associations & Non-profits Education & Training,https://s23.a2zinc.net/clients/HMPCommunications/EMS2019/Public/eBooth.aspx?IndexInList=155&FromPage=Exhibitors.aspx&ParentBoothID=&ListByBooth=true&BoothID=105123
iSimulate,909,43 New Scotland Ave (MC #25),"Albany,Â",United States,http://www.isimulate.com,,,https://s23.a2zinc.net/clients/HMPCommunications/EMS2019/Public/eBooth.aspx?IndexInList=156&FromPage=Exhibitors.aspx&ParentBoothID=&ListByBooth=true&BoothID=104947
"iTEC Manufacturing, LLC",851,400 Allstar Dr,"Winnsboro,Â",United States,http://www.itecems.com,,,https://s23.a2zinc.net/clients/HMPCommunications/EMS2019/Public/eBooth.aspx?IndexInList=157&FromPage=Exhibitors.aspx&ParentBoothID=&ListByBooth=true&BoothID=104706
Jones & Bartlett Learning Public Safety Group,521,5 Wall Street,"Burlington,Â",United States,http://www.psglearning.com,,Education & Training,https://s23.a2zinc.net/clients/HMPCommunications/EMS2019/Public/eBooth.aspx?IndexInList=158&FromPage=Exhibitors.aspx&ParentBoothID=&ListByBooth=true&BoothID=104786
Julota,704,102 S. Teion Street,"Colorado Springs,Â",United States,http://www.julota.com,719-445-1695,"Administrative,Business Services Communications,Dispatch Computer Software,Hardware",https://s23.a2zinc.net/clients/HMPCommunications/EMS2019/Public/eBooth.aspx?IndexInList=159&FromPage=Exhibitors.aspx&ParentBoothID=&ListByBooth=true&BoothID=104994
K9 Medic,236,"1313 N. Grand Ave #108,","Walnut,Â",United States,http://www.k9medic.com/,1-855-4K9-MEDIC,,https://s23.a2zinc.net/clients/HMPCommunications/EMS2019/Public/eBooth.aspx?IndexInList=160&FromPage=Exhibitors.aspx&ParentBoothID=&ListByBooth=true&BoothID=104665
Kaleo,670,111 Virginia Street,"Richmond,Â",United States,http://www.kaleo.,,,https://s23.a2zinc.net/clients/HMPCommunications/EMS2019/Public/eBooth.aspx?IndexInList=161&FromPage=Exhibitors.aspx&ParentBoothID=&ListByBooth=true&BoothID=105161
"KARL STORZ Endoscopy-America, Inc.",740,2151 E Grand Ave.,"El Segundo,Â",United States,http://www.karlstorz.com,,,https://s23.a2zinc.net/clients/HMPCommunications/EMS2019/Public/eBooth.aspx?IndexInList=162&FromPage=Exhibitors.aspx&ParentBoothID=&ListByBooth=true&BoothID=104693
Katmai Health Services,535,34 Kelley Way,"Brilliant,Â",United States,,,,https://s23.a2zinc.net/clients/HMPCommunications/EMS2019/Public/eBooth.aspx?IndexInList=163&FromPage=Exhibitors.aspx&ParentBoothID=&ListByBooth=true&BoothID=104690
Kemp USA,1611,1900 Bancroft St,"Charlotte,Â",United States,http://www.kempusa.com,,,https://s23.a2zinc.net/clients/HMPCommunications/EMS2019/Public/eBooth.aspx?IndexInList=164&FromPage=Exhibitors.aspx&ParentBoothID=&ListByBooth=true&BoothID=104938
Koronis Revenue Solutions LLC,624,"9306 Max Conrad Dr., Suite A","Spring,Â",United States,http://www.koronisllc.com,,,https://s23.a2zinc.net/clients/HMPCommunications/EMS2019/Public/eBooth.aspx?IndexInList=165&FromPage=Exhibitors.aspx&ParentBoothID=&ListByBooth=true&BoothID=104586
Kussmaul Electronics,1640,170 Cherry Avenue,"West Sayville,Â",United States,http://www.kussmaul.com,631-567-0314,Ambulance & Vehicle Components,https://s23.a2zinc.net/clients/HMPCommunications/EMS2019/Public/eBooth.aspx?IndexInList=166&FromPage=Exhibitors.aspx&ParentBoothID=&ListByBooth=true&BoothID=105025
Laerdal Medical Corporation,1329,167 Myers Corners Road,"Wappingers Falls,Â",United States,http://www.laerdal.com,,Education & Training,https://s23.a2zinc.net/clients/HMPCommunications/EMS2019/Public/eBooth.aspx?IndexInList=167&FromPage=Exhibitors.aspx&ParentBoothID=&ListByBooth=true&BoothID=104809
Lenco Armored Vehicles,1169,10 Betnr Industrial Drive,"Pittsfield,Â",United States,http://www.lencoarmor.com,413-443-7359,"Ambulance & Vehicles MCI,Disaster Response Rescue & Extrication",https://s23.a2zinc.net/clients/HMPCommunications/EMS2019/Public/eBooth.aspx?IndexInList=168&FromPage=Exhibitors.aspx&ParentBoothID=&ListByBooth=true&BoothID=104618
"Leonhard Lang USA, Inc.",1461,PO Box 1951,"Inverness,Â",United States,http://www.leonhardlangusa.com,,,https://s23.a2zinc.net/clients/HMPCommunications/EMS2019/Public/eBooth.aspx?IndexInList=169&FromPage=Exhibitors.aspx&ParentBoothID=&ListByBooth=true&BoothID=104869
Life Giving Warmth,761,1375 East Grand Avenue,"Arroyo Grande,Â",United States,http://www.thecozee.com,805-222-3257,Ambulance & Vehicle Components Patient Handling Rescue & Extrication,https://s23.a2zinc.net/clients/HMPCommunications/EMS2019/Public/eBooth.aspx?IndexInList=170&FromPage=Exhibitors.aspx&ParentBoothID=&ListByBooth=true&BoothID=104794
Life Line Emergency Vehicles,1545,1 Life Line Drive,"Sumner,Â",United States,https://www.lifelineambulance.com/,563-578-3317,Ambulance & Vehicle Components Ambulance & Vehicles,https://s23.a2zinc.net/clients/HMPCommunications/EMS2019/Public/eBooth.aspx?IndexInList=171&FromPage=Exhibitors.aspx&ParentBoothID=&ListByBooth=true&BoothID=104813
"Life-Assist, Inc.",735,11277 Sunrise Park Drive,"Rancho Cordova,Â",United States,http://www.life-assist.com,,"Airway & Respiratory Products MCI,Disaster Response Inventory Control Medical Equipment & Supplies Pharmaceuticals",https://s23.a2zinc.net/clients/HMPCommunications/EMS2019/Public/eBooth.aspx?IndexInList=172&FromPage=Exhibitors.aspx&ParentBoothID=&ListByBooth=true&BoothID=104879
LiquidSpring LLC,1535,4899 E 400 S,"Lafayette,Â",United States,http://www.liquidspring.com,,Ambulance & Vehicle Components,https://s23.a2zinc.net/clients/HMPCommunications/EMS2019/Public/eBooth.aspx?IndexInList=173&FromPage=Exhibitors.aspx&ParentBoothID=&ListByBooth=true&BoothID=105013
LogRx,446,5331 Longview Lane,"Greenwood,Â",United States,,619-738-0524,,https://s23.a2zinc.net/clients/HMPCommunications/EMS2019/Public/eBooth.aspx?IndexInList=174&FromPage=Exhibitors.aspx&ParentBoothID=&ListByBooth=true&BoothID=104683
m2 Inc,1641,P.O. Box 386,"Winooski,Â",United States,,,,https://s23.a2zinc.net/clients/HMPCommunications/EMS2019/Public/eBooth.aspx?IndexInList=175&FromPage=Exhibitors.aspx&ParentBoothID=&ListByBooth=true&BoothID=105026
Malley Industries Inc.,1701,1100 Aviation Ave.,"Dieppe,Â",Canada,http://www.malleyindustries.com,,,https://s23.a2zinc.net/clients/HMPCommunications/EMS2019/Public/eBooth.aspx?IndexInList=176&FromPage=Exhibitors.aspx&ParentBoothID=&ListByBooth=true&BoothID=104768
Masimo,1529,52 Discovery,"Irvine,Â",United States,http://www.masimo.com,,Airway & Respiratory Products Medical Equipment & Supplies,https://s23.a2zinc.net/clients/HMPCommunications/EMS2019/Public/eBooth.aspx?IndexInList=177&FromPage=Exhibitors.aspx&ParentBoothID=&ListByBooth=true&BoothID=104746
"Master Medical Equipment, LLC",1323,56 N Conalco Drive,"Jackson,Â",United States,http://www.mmemed.com,731-554-1223,Airway & Respiratory Products Cardiac Diagnostic Medical Equipment Distributors,https://s23.a2zinc.net/clients/HMPCommunications/EMS2019/Public/eBooth.aspx?IndexInList=178&FromPage=Exhibitors.aspx&ParentBoothID=&ListByBooth=true&BoothID=104811
McKesson,1423,PO Box 4066,"Farmington,Â",United States,http://www.mooremedical.com/ems,,,https://s23.a2zinc.net/clients/HMPCommunications/EMS2019/Public/eBooth.aspx?IndexInList=179&FromPage=Exhibitors.aspx&ParentBoothID=&ListByBooth=true&BoothID=104812
McNeil & Co.,1156,67 Main Street,"Cortland,Â",United States,http://www.mcneilandcompany.com,607-428-1559,,https://s23.a2zinc.net/clients/HMPCommunications/EMS2019/Public/eBooth.aspx?IndexInList=180&FromPage=Exhibitors.aspx&ParentBoothID=&ListByBooth=true&BoothID=104615
"MD1, Inc",1441,2030 Powers Ferry Road,"Atlanta,Â",United States,,800-677-5985,,https://s23.a2zinc.net/clients/HMPCommunications/EMS2019/Public/eBooth.aspx?IndexInList=181&FromPage=Exhibitors.aspx&ParentBoothID=&ListByBooth=true&BoothID=104986
"MDAssociates, Inc.",738,PO Box 2080,"Kilmarnock,Â",United States,http://www.mdassociatesinc.com,,"Administrative,Business Services Education & Training",https://s23.a2zinc.net/clients/HMPCommunications/EMS2019/Public/eBooth.aspx?IndexInList=182&FromPage=Exhibitors.aspx&ParentBoothID=&ListByBooth=true&BoothID=104692
Medical Faculty Associates,648,"2120 L Street NW, Suite 450","Washington,Â",United States,,,,https://s23.a2zinc.net/clients/HMPCommunications/EMS2019/Public/eBooth.aspx?IndexInList=183&FromPage=Exhibitors.aspx&ParentBoothID=&ListByBooth=true&BoothID=104878
MedicTests LLC,1760,2502B E 12th St,"Chattanooga,Â",United States,http://www.medictests.com,,,https://s23.a2zinc.net/clients/HMPCommunications/EMS2019/Public/eBooth.aspx?IndexInList=184&FromPage=Exhibitors.aspx&ParentBoothID=&ListByBooth=true&BoothID=105142
"Medix Specialty Vehicles, Inc.",1013,3008 Mobile Dr,"Elkhart,Â",United States,http://www.medixambulance.com,,,https://s23.a2zinc.net/clients/HMPCommunications/EMS2019/Public/eBooth.aspx?IndexInList=185&FromPage=Exhibitors.aspx&ParentBoothID=&ListByBooth=true&BoothID=104949
MedixSafe,1363,1619 Bartlett Rd,"Memphis,Â",United States,http://www.medixsafe.com,,,https://s23.a2zinc.net/clients/HMPCommunications/EMS2019/Public/eBooth.aspx?IndexInList=186&FromPage=Exhibitors.aspx&ParentBoothID=&ListByBooth=true&BoothID=104628
"Medline Industries, Inc.",819,3 Lakes Drive,"Northfield,Â",United States,http://EMS.medline.com,,Airway & Respiratory Products Diagnostic Medical Equipment Distributors Medical Equipment & Supplies Patient Handling,https://s23.a2zinc.net/clients/HMPCommunications/EMS2019/Public/eBooth.aspx?IndexInList=187&FromPage=Exhibitors.aspx&ParentBoothID=&ListByBooth=true&BoothID=104777
Med-Trans Corp.,1616,209 State Hwy 121 Bypass #21,"Lewisville,Â",United States,http://www.med-trans.net,940-591-5822,Employment & Recruitment Patient Handling,https://s23.a2zinc.net/clients/HMPCommunications/EMS2019/Public/eBooth.aspx?IndexInList=188&FromPage=Exhibitors.aspx&ParentBoothID=&ListByBooth=true&BoothID=105001
Medtronic,719,710 Medtronic Parkway,"Minneapolis,Â",United States,http://www.medtronic.com,,Airway & Respiratory Products Medical Equipment & Supplies,https://s23.a2zinc.net/clients/HMPCommunications/EMS2019/Public/eBooth.aspx?IndexInList=189&FromPage=Exhibitors.aspx&ParentBoothID=&ListByBooth=true&BoothID=104704
Mercury Medical,1435,11300 49th St North,"Clearwater,Â",United States,http://www.mercurymed.com,,,https://s23.a2zinc.net/clients/HMPCommunications/EMS2019/Public/eBooth.aspx?IndexInList=190&FromPage=Exhibitors.aspx&ParentBoothID=&ListByBooth=true&BoothID=104738
MERET Products,159,1641 East St. Andrews Place,"Santa Ana,Â",United States,http://www.meretusa.com,,,https://s23.a2zinc.net/clients/HMPCommunications/EMS2019/Public/eBooth.aspx?IndexInList=191&FromPage=Exhibitors.aspx&ParentBoothID=&ListByBooth=true&BoothID=104674
Miller Coach Co. Inc.,1810,1744 W College St,"Springfield,Â",United States,http://www.millercoach.com,,,https://s23.a2zinc.net/clients/HMPCommunications/EMS2019/Public/eBooth.aspx?IndexInList=192&FromPage=Exhibitors.aspx&ParentBoothID=&ListByBooth=true&BoothID=104941
"MinXray, Inc.",462,3611 Commercial Avenue,"Northbrook,Â",United States,http://www.minxray.com,847-564-0323,,https://s23.a2zinc.net/clients/HMPCommunications/EMS2019/Public/eBooth.aspx?IndexInList=193&FromPage=Exhibitors.aspx&ParentBoothID=&ListByBooth=true&BoothID=105206
Mobile Power,1751,2623 National Circle,"Garland,Â",United States,http://www.meps.com,,Ambulance & Vehicle Components,https://s23.a2zinc.net/clients/HMPCommunications/EMS2019/Public/eBooth.aspx?IndexInList=194&FromPage=Exhibitors.aspx&ParentBoothID=&ListByBooth=true&BoothID=104754
Montgomery County Hospital District,961,PO BOX 478,"Conroe,Â",United States,,,,https://s23.a2zinc.net/clients/HMPCommunications/EMS2019/Public/eBooth.aspx?IndexInList=195&FromPage=Exhibitors.aspx&ParentBoothID=&ListByBooth=true&BoothID=104720
Moulage Concepts,448,1858 Norwood Drive,"Paradise,Â",United States,http://www.moulageconcepts.com,530-877-2628,"Education & Training MCI,Disaster Response Patient Handling Rescue & Extrication",https://s23.a2zinc.net/clients/HMPCommunications/EMS2019/Public/eBooth.aspx?IndexInList=196&FromPage=Exhibitors.aspx&ParentBoothID=&ListByBooth=true&BoothID=104684
MyDoctor,636,505 SW Rosemary Drive,"Lake City,Â",United States,,912-278-1551,,https://s23.a2zinc.net/clients/HMPCommunications/EMS2019/Public/eBooth.aspx?IndexInList=197&FromPage=Exhibitors.aspx&ParentBoothID=&ListByBooth=true&BoothID=105057
NAEMT,1029,PO Box 1400,"Clinton,Â",United States,http://www.naemt.org,,,https://s23.a2zinc.net/clients/HMPCommunications/EMS2019/Public/eBooth.aspx?IndexInList=198&FromPage=Exhibitors.aspx&ParentBoothID=&ListByBooth=true&BoothID=104806
Nasco Simulaids,1253,16 Simulaids Dr,"Saugerties,Â",United States,http://www.simulaids.com,,Education & Training,https://s23.a2zinc.net/clients/HMPCommunications/EMS2019/Public/eBooth.aspx?IndexInList=199&FromPage=Exhibitors.aspx&ParentBoothID=&ListByBooth=true&BoothID=104830
National Association of EMS Educators,241,"250 Mt. Lebanon Blvd, Suite 209","Pittsburgh,Â",United States,http://www.naemse.org,412-343-4775,Education & Training,https://s23.a2zinc.net/clients/HMPCommunications/EMS2019/Public/eBooth.aspx?IndexInList=200&FromPage=Exhibitors.aspx&ParentBoothID=&ListByBooth=true&BoothID=104576
"National EMS Memorial Bike Ride, Inc.",253,PO Box 381,"Victor,Â",United States,http://www.muddyangels.org,,,https://s23.a2zinc.net/clients/HMPCommunications/EMS2019/Public/eBooth.aspx?IndexInList=201&FromPage=Exhibitors.aspx&ParentBoothID=&ListByBooth=true&BoothID=104929
National EMS Museum,1468,911 Easterwood Drive,"Tallahassee,Â",United States,http://emsmuseum.org/,,,https://s23.a2zinc.net/clients/HMPCommunications/EMS2019/Public/eBooth.aspx?IndexInList=202&FromPage=Exhibitors.aspx&ParentBoothID=&ListByBooth=true&BoothID=104736
National Registry of EMTs,830,6610 Busch Blvd Ste 200,"Columbus,Â",United States,http://www.nremt.org,,,https://s23.a2zinc.net/clients/HMPCommunications/EMS2019/Public/eBooth.aspx?IndexInList=203&FromPage=Exhibitors.aspx&ParentBoothID=&ListByBooth=true&BoothID=104649
NCE Empowering Safety,727,12120 12th Avenue South,"Burnsville,Â",United States,http://www.ncebattery.com,,Ambulance & Vehicle Components Distributors Facility Equipment & Management Medical Equipment & Supplies,https://s23.a2zinc.net/clients/HMPCommunications/EMS2019/Public/eBooth.aspx?IndexInList=204&FromPage=Exhibitors.aspx&ParentBoothID=&ListByBooth=true&BoothID=104641
New Orleans EMS,1375,2929 Earhart Blvd,"New Orleans,Â",United States,http://www.nola.gov/ems,,,https://s23.a2zinc.net/clients/HMPCommunications/EMS2019/Public/eBooth.aspx?IndexInList=205&FromPage=Exhibitors.aspx&ParentBoothID=&ListByBooth=true&BoothID=104797
New Orleans EMS Foundation,1575,2929 Earhart Blvd.,"New Orleans,Â",United States,,,,https://s23.a2zinc.net/clients/HMPCommunications/EMS2019/Public/eBooth.aspx?IndexInList=206&FromPage=Exhibitors.aspx&ParentBoothID=&ListByBooth=true&BoothID=105163
NIMBUS EMS,1161,177 Pine St.,"Natick,Â",United States,http://www.nimbusems.com,,Distributors Medical Equipment & Supplies,https://s23.a2zinc.net/clients/HMPCommunications/EMS2019/Public/eBooth.aspx?IndexInList=207&FromPage=Exhibitors.aspx&ParentBoothID=&ListByBooth=true&BoothID=104617
Ninth Brain,1560,481 N. Main Street,"Frankenmuth,Â",United States,www.ninthbrain.com,888-364-9995,,https://s23.a2zinc.net/clients/HMPCommunications/EMS2019/Public/eBooth.aspx?IndexInList=208&FromPage=Exhibitors.aspx&ParentBoothID=&ListByBooth=true&BoothID=104629
NMT/EMRTC,1571,801 Leroy Place,"Socorro,Â",United States,http://www.emrtc.nmt.edu,575-835-5703,,https://s23.a2zinc.net/clients/HMPCommunications/EMS2019/Public/eBooth.aspx?IndexInList=209&FromPage=Exhibitors.aspx&ParentBoothID=&ListByBooth=true&BoothID=105169
"Nonin Medical, Inc.",1160,13700 1st Ave N,"Plymouth,Â",United States,http://www.nonin.com,,Medical Equipment & Supplies,https://s23.a2zinc.net/clients/HMPCommunications/EMS2019/Public/eBooth.aspx?IndexInList=210&FromPage=Exhibitors.aspx&ParentBoothID=&ListByBooth=true&BoothID=104873
North American Rescue LLC,619,35 Tedwall Court,"Greer,Â",United States,http://www.narescue.com,,Medical Equipment & Supplies,https://s23.a2zinc.net/clients/HMPCommunications/EMS2019/Public/eBooth.aspx?IndexInList=211&FromPage=Exhibitors.aspx&ParentBoothID=&ListByBooth=true&BoothID=104805
Nova Biomedical,646,200 Prospect Street,"Waltham,Â",United States,http://www.novabiomedical.com,781-647-3700 ext. 1421,,https://s23.a2zinc.net/clients/HMPCommunications/EMS2019/Public/eBooth.aspx?IndexInList=212&FromPage=Exhibitors.aspx&ParentBoothID=&ListByBooth=true&BoothID=104590
Ochsner Health System & Ochsner Hospital for Children,963,1315 Jefferson Hwy,"New Orleans,Â",United States,http://www.ochsner.org,504-388-2220,,https://s23.a2zinc.net/clients/HMPCommunications/EMS2019/Public/eBooth.aspx?IndexInList=213&FromPage=Exhibitors.aspx&ParentBoothID=&ListByBooth=true&BoothID=104868
"OHK, Medical Devices, Inc. - HemaShock",251,2885 Stanford Avenue SW,"Grandville,Â",United States,http://www.hemashock.com,866-503-1470,,https://s23.a2zinc.net/clients/HMPCommunications/EMS2019/Public/eBooth.aspx?IndexInList=214&FromPage=Exhibitors.aspx&ParentBoothID=&ListByBooth=true&BoothID=104919
One Beat CPR+ AED,739,4350 Oakes Rd Suite 500,"Davie,Â",United States,http://www.onebeatcpr.com,954-321-5305,Distributors Education & Training Medical Equipment & Supplies,https://s23.a2zinc.net/clients/HMPCommunications/EMS2019/Public/eBooth.aspx?IndexInList=215&FromPage=Exhibitors.aspx&ParentBoothID=&ListByBooth=true&BoothID=104643
Operative IQ,1334,3771 Tramore Pointe Parkway,"Austell,Â",United States,http://www.operativeiq.com,,Inventory Control,https://s23.a2zinc.net/clients/HMPCommunications/EMS2019/Public/eBooth.aspx?IndexInList=216&FromPage=Exhibitors.aspx&ParentBoothID=&ListByBooth=true&BoothID=104815
"Osage Industries, Inc.",1045,194 Twin Ridge Rd.,"Linn,Â",United States,http://www.osageambulances.com,,,https://s23.a2zinc.net/clients/HMPCommunications/EMS2019/Public/eBooth.aspx?IndexInList=217&FromPage=Exhibitors.aspx&ParentBoothID=&ListByBooth=true&BoothID=104773
O-Two Medical Technologies Inc.,1237,45A Armthorpe Road,"Brampton,Â",Canada,http://www.otwo.com,,,https://s23.a2zinc.net/clients/HMPCommunications/EMS2019/Public/eBooth.aspx?IndexInList=218&FromPage=Exhibitors.aspx&ParentBoothID=&ListByBooth=true&BoothID=104725
Oxygen Generating Systems Int'l (OGSI),1341,814 Wurlitzer Dr,"N Tonawanda,Â",United States,http://www.ogsi.com,,,https://s23.a2zinc.net/clients/HMPCommunications/EMS2019/Public/eBooth.aspx?IndexInList=219&FromPage=Exhibitors.aspx&ParentBoothID=&ListByBooth=true&BoothID=104731
Pafford EMS,945,3509 W. 16th Street,"Hope,Â",United States,,,,https://s23.a2zinc.net/clients/HMPCommunications/EMS2019/Public/eBooth.aspx?IndexInList=220&FromPage=Exhibitors.aspx&ParentBoothID=&ListByBooth=true&BoothID=104849
Paramedic Association of Canada,337,201-4 Florence St,"Ottawa,Â",Canada,http://www.paramedic.ca,613-836-6581,"Administrative,Business Services Education & Training Employment & Recruitment Health, Fitness, Self Care Associations & Non-profits",https://s23.a2zinc.net/clients/HMPCommunications/EMS2019/Public/eBooth.aspx?IndexInList=221&FromPage=Exhibitors.aspx&ParentBoothID=&ListByBooth=true&BoothID=104678
Pearson/Brady Publishing,944,221 River Street,"Hoboken,Â",United States,http://www.bradybooks.com,,Education & Training,https://s23.a2zinc.net/clients/HMPCommunications/EMS2019/Public/eBooth.aspx?IndexInList=222&FromPage=Exhibitors.aspx&ParentBoothID=&ListByBooth=true&BoothID=104983
Pediatric Emergency Standards Inc.,1631,"11870 State Rd 84, Suite C5","Davie,Â",United States,http://www.handtevy.com,,"Computer Software,Hardware Education & Training Medical Equipment & Supplies Patient Handling Rescue & Extrication",https://s23.a2zinc.net/clients/HMPCommunications/EMS2019/Public/eBooth.aspx?IndexInList=223&FromPage=Exhibitors.aspx&ParentBoothID=&ListByBooth=true&BoothID=105034
Pedi-Ed-Trics,770,"9052 Beall Street, Suite B","Dyer,Â",United States,http://www.pedied.com,,Education & Training,https://s23.a2zinc.net/clients/HMPCommunications/EMS2019/Public/eBooth.aspx?IndexInList=224&FromPage=Exhibitors.aspx&ParentBoothID=&ListByBooth=true&BoothID=104697
PerSys Medical,752,5310 Elm St,"Houston,Â",United States,http://www.ps-med.com,,Airway & Respiratory Products Medical Equipment & Supplies,https://s23.a2zinc.net/clients/HMPCommunications/EMS2019/Public/eBooth.aspx?IndexInList=225&FromPage=Exhibitors.aspx&ParentBoothID=&ListByBooth=true&BoothID=104597
Philips,1601,3000 Minuteman Rd,"Andover,Â",United States,http://www.philips.com,,,https://s23.a2zinc.net/clients/HMPCommunications/EMS2019/Public/eBooth.aspx?IndexInList=226&FromPage=Exhibitors.aspx&ParentBoothID=&ListByBooth=true&BoothID=104943
"Platinum Educational Group, LLC",237,4370 Chicago Dr SW Suite B #205,"Grandville,Â",United States,http://www.platinumed.com,,"Computer Software,Hardware",https://s23.a2zinc.net/clients/HMPCommunications/EMS2019/Public/eBooth.aspx?IndexInList=227&FromPage=Exhibitors.aspx&ParentBoothID=&ListByBooth=true&BoothID=104574
"Pran Systems, Inc.",1728,2584 Dalton Avenue,"Quebec City,Â",Canada,,418-688-7726,,https://s23.a2zinc.net/clients/HMPCommunications/EMS2019/Public/eBooth.aspx?IndexInList=228&FromPage=Exhibitors.aspx&ParentBoothID=&ListByBooth=true&BoothID=104755
"Precision Medical Devices, LLC",1750,153 W. Avenida De Las Flores,"Thousand Oaks,Â",United States,http://www.thetring.com,302-778-2335,Medical Equipment & Supplies Education & Training,https://s23.a2zinc.net/clients/HMPCommunications/EMS2019/Public/eBooth.aspx?IndexInList=229&FromPage=Exhibitors.aspx&ParentBoothID=&ListByBooth=true&BoothID=104753
Prodigy EMS,1452,31 Smith Pl,"Cambridge,Â",United States,http://www.prodigyems.com,617-682-1835,Education & Training,https://s23.a2zinc.net/clients/HMPCommunications/EMS2019/Public/eBooth.aspx?IndexInList=230&FromPage=Exhibitors.aspx&ParentBoothID=&ListByBooth=true&BoothID=105063
PSTrax,464,5837 S. Gallup St. #140,"Littleton,,Â",United States,,,,https://s23.a2zinc.net/clients/HMPCommunications/EMS2019/Public/eBooth.aspx?IndexInList=231&FromPage=Exhibitors.aspx&ParentBoothID=&ListByBooth=true&BoothID=105207
Pulmodyne,1635,2055 Executive Drive,"Indianapolis,Â",United States,http://www.pulmodyne.com,,,https://s23.a2zinc.net/clients/HMPCommunications/EMS2019/Public/eBooth.aspx?IndexInList=232&FromPage=Exhibitors.aspx&ParentBoothID=&ListByBooth=true&BoothID=105020
Pulsara,1434,"2880 Technology Blvd W, Ste 183","Bozeman,Â",United States,http://www.pulsara.com,,"Communications,Dispatch",https://s23.a2zinc.net/clients/HMPCommunications/EMS2019/Public/eBooth.aspx?IndexInList=233&FromPage=Exhibitors.aspx&ParentBoothID=&ListByBooth=true&BoothID=104732
PulsePoint Foundation,1619,PO Box 12594,"Pleasanton,Â",United States,http://www.pulsepoint.org,415-710-9445,"Associations & Non-profits Cardiac Computer Software,Hardware",https://s23.a2zinc.net/clients/HMPCommunications/EMS2019/Public/eBooth.aspx?IndexInList=234&FromPage=Exhibitors.aspx&ParentBoothID=&ListByBooth=true&BoothID=105077
"PWW Media, Inc.",1727,5010 E. Trindle Road,"Mechanicsburg,Â",United States,,717-620-2693,,https://s23.a2zinc.net/clients/HMPCommunications/EMS2019/Public/eBooth.aspx?IndexInList=235&FromPage=Exhibitors.aspx&ParentBoothID=&ListByBooth=true&BoothID=105147
QinFlow (Quality in Flow),853,2305 Coit Drive,"Plano,Â",United States,http://www.qinflow.com,,,https://s23.a2zinc.net/clients/HMPCommunications/EMS2019/Public/eBooth.aspx?IndexInList=236&FromPage=Exhibitors.aspx&ParentBoothID=&ListByBooth=true&BoothID=104707
"QuadMed, Inc.",1719,PO Box 550773,"Jacksonville,Â",United States,http://www.quadmed.com,,Airway & Respiratory Products Cardiac Distributors Medical Equipment & Supplies Patient Handling,https://s23.a2zinc.net/clients/HMPCommunications/EMS2019/Public/eBooth.aspx?IndexInList=237&FromPage=Exhibitors.aspx&ParentBoothID=&ListByBooth=true&BoothID=105143
Quantum EMS Solutions,1239,3000 Marcus Ave. Suite 3E6,"Lake Success,Â",United States,http://www.quantum-ems.com,,,https://s23.a2zinc.net/clients/HMPCommunications/EMS2019/Public/eBooth.aspx?IndexInList=238&FromPage=Exhibitors.aspx&ParentBoothID=&ListByBooth=true&BoothID=104814
"Quick Med Claims, LLC",1826,275 Curry Hollow Road,"Pittsburgh,Â",United States,,,,https://s23.a2zinc.net/clients/HMPCommunications/EMS2019/Public/eBooth.aspx?IndexInList=239&FromPage=Exhibitors.aspx&ParentBoothID=&ListByBooth=true&BoothID=105152
QuikClot,1531,4 Fairfield Blvd.,"Wallingford,Â",United States,http://www.quikclot.com,,Medical Equipment & Supplies,https://s23.a2zinc.net/clients/HMPCommunications/EMS2019/Public/eBooth.aspx?IndexInList=240&FromPage=Exhibitors.aspx&ParentBoothID=&ListByBooth=true&BoothID=105032
R1 RCM,340,401 N. Michigan Avenue,"Chicago,Â",United States,http://www.r1rcm.com,,,https://s23.a2zinc.net/clients/HMPCommunications/EMS2019/Public/eBooth.aspx?IndexInList=241&FromPage=Exhibitors.aspx&ParentBoothID=&ListByBooth=true&BoothID=104579
Rapid Oxygen Company,1061,9 W. Broad St.,"Stamford,Â",United States,http://www.rapidoxygen.com,,"Airway & Respiratory Products Ambulance & Vehicles Cardiac Education & Training Health, Fitness, Self Care",https://s23.a2zinc.net/clients/HMPCommunications/EMS2019/Public/eBooth.aspx?IndexInList=242&FromPage=Exhibitors.aspx&ParentBoothID=&ListByBooth=true&BoothID=104612
Ravencrest Tactical,874,2754 E. McKellips Road,"Mesa,Â",United States,http://www.ravencresttactical.com,480-664-6137,,https://s23.a2zinc.net/clients/HMPCommunications/EMS2019/Public/eBooth.aspx?IndexInList=243&FromPage=Exhibitors.aspx&ParentBoothID=&ListByBooth=true&BoothID=104610
RCR Medical Products,471,P.O. Box 244,"Melissa,Â",United States,,,,https://s23.a2zinc.net/clients/HMPCommunications/EMS2019/Public/eBooth.aspx?IndexInList=244&FromPage=Exhibitors.aspx&ParentBoothID=&ListByBooth=true&BoothID=104686
REI Corporate Sales,671,1700 45th St E,"Sumner,Â",United States,http://www.rei.com,800-258-4567,"Apparel,Uniforms EMS Gifts & Novelty Items Health, Fitness, Self Care",https://s23.a2zinc.net/clients/HMPCommunications/EMS2019/Public/eBooth.aspx?IndexInList=245&FromPage=Exhibitors.aspx&ParentBoothID=&ListByBooth=true&BoothID=104694
Rescue Essentials,344,PO Box 987,"Salida,Â",United States,http://www.rescue-essentials.com,,"Airway & Respiratory Products Distributors MCI,Disaster Response Medical Equipment & Supplies Rescue & Extrication",https://s23.a2zinc.net/clients/HMPCommunications/EMS2019/Public/eBooth.aspx?IndexInList=246&FromPage=Exhibitors.aspx&ParentBoothID=&ListByBooth=true&BoothID=104895
Rescue Lift LLC,1659,1030 Regional Park Drive,"HOuston,Â",United States,http://www.rescuelift.com,281-657-5006,,https://s23.a2zinc.net/clients/HMPCommunications/EMS2019/Public/eBooth.aspx?IndexInList=247&FromPage=Exhibitors.aspx&ParentBoothID=&ListByBooth=true&BoothID=105137
"Res-Q-Jack, Inc.",1541,1580 Lake St.,"Elmira,Â",United States,http://www.res-q-jack.com,,Rescue & Extrication,https://s23.a2zinc.net/clients/HMPCommunications/EMS2019/Public/eBooth.aspx?IndexInList=248&FromPage=Exhibitors.aspx&ParentBoothID=&ListByBooth=true&BoothID=105016
"Resuscitation International, LLC",775,17797 N Perimeter Dr. #105,"Scottsdale,Â",United States,http://www.resusintl.com,,Medical Equipment & Supplies,https://s23.a2zinc.net/clients/HMPCommunications/EMS2019/Public/eBooth.aspx?IndexInList=249&FromPage=Exhibitors.aspx&ParentBoothID=&ListByBooth=true&BoothID=104606
REV Group Inc.,1301,3800 McDowell Road,"Grove City,Â",United States,http://www.revgroup.com/ambulance-manufacturers/,,Ambulance & Vehicles Medical Equipment & Supplies,https://s23.a2zinc.net/clients/HMPCommunications/EMS2019/Public/eBooth.aspx?IndexInList=250&FromPage=Exhibitors.aspx&ParentBoothID=&ListByBooth=true&BoothID=104766
Revenue Guard,767,PO Box 720,"Matawan,Â",United States,,,,https://s23.a2zinc.net/clients/HMPCommunications/EMS2019/Public/eBooth.aspx?IndexInList=251&FromPage=Exhibitors.aspx&ParentBoothID=&ListByBooth=true&BoothID=104602
"Revive Solutions, Inc.",1353,540 Edinburgh Street,"San Mateo,Â",United States,,858-822-9363,,https://s23.a2zinc.net/clients/HMPCommunications/EMS2019/Public/eBooth.aspx?IndexInList=252&FromPage=Exhibitors.aspx&ParentBoothID=&ListByBooth=true&BoothID=105112
"Rex EMS, LLC",465,2247 Lindsay Way,"Glendora ,Â",United States,,6264673105,,https://s23.a2zinc.net/clients/HMPCommunications/EMS2019/Public/eBooth.aspx?IndexInList=253&FromPage=Exhibitors.aspx&ParentBoothID=&ListByBooth=true&BoothID=105060
S.T.A.T. Medical Devices LLC,1164,PO Box 172,"Freehold,Â",United States,http://www.statmeddevices.com,,"MCI,Disaster Response",https://s23.a2zinc.net/clients/HMPCommunications/EMS2019/Public/eBooth.aspx?IndexInList=254&FromPage=Exhibitors.aspx&ParentBoothID=&ListByBooth=true&BoothID=104616
Safe Life Defense LLC,1153,5725 S Valley View Blvd #4,"Las Vegas,Â",United States,http://www.safelifedefense.com,,"Apparel,Uniforms Health, Fitness, Self Care",https://s23.a2zinc.net/clients/HMPCommunications/EMS2019/Public/eBooth.aspx?IndexInList=255&FromPage=Exhibitors.aspx&ParentBoothID=&ListByBooth=true&BoothID=104831
Safety Vision LLC,1630,6100 West Sam Houston Pkwy N,"Houston,Â",United States,http://www.safetyvision.com,,Ambulance & Vehicles,https://s23.a2zinc.net/clients/HMPCommunications/EMS2019/Public/eBooth.aspx?IndexInList=256&FromPage=Exhibitors.aspx&ParentBoothID=&ListByBooth=true&BoothID=105033
SAM Medical,1538,"27350 SW 95th Ave, Suite 3038","Wilsonville,Â",United States,http://www.sammedical.com,,Medical Equipment & Supplies,https://s23.a2zinc.net/clients/HMPCommunications/EMS2019/Public/eBooth.aspx?IndexInList=257&FromPage=Exhibitors.aspx&ParentBoothID=&ListByBooth=true&BoothID=104987
Samsara,868,350 Rhode Island,"San Francisco,Â",United States,http://www.samsara.com,415-985-2400,,https://s23.a2zinc.net/clients/HMPCommunications/EMS2019/Public/eBooth.aspx?IndexInList=258&FromPage=Exhibitors.aspx&ParentBoothID=&ListByBooth=true&BoothID=104654
SAPLACOR,569,1172 Pimento Drive,"Brentwood,Â",United States,http://www.saplacor.com,925-980-9108,Medical Equipment & Supplies Rescue & Extrication Ambulance & Vehicle Components Education & Training,https://s23.a2zinc.net/clients/HMPCommunications/EMS2019/Public/eBooth.aspx?IndexInList=259&FromPage=Exhibitors.aspx&ParentBoothID=&ListByBooth=true&BoothID=105157
Savvik Buying Group,1209,2800 7th St. N.,"St. Cloud,Â",United States,http://www.savvik.org,,"Ambulance & Vehicles Apparel,Uniforms Facility Equipment & Management Medical Equipment & Supplies Pharmaceuticals",https://s23.a2zinc.net/clients/HMPCommunications/EMS2019/Public/eBooth.aspx?IndexInList=260&FromPage=Exhibitors.aspx&ParentBoothID=&ListByBooth=true&BoothID=104951
Scantron,335,1313 Lone Oak Road,"Eagan,Â",United States,,,,https://s23.a2zinc.net/clients/HMPCommunications/EMS2019/Public/eBooth.aspx?IndexInList=261&FromPage=Exhibitors.aspx&ParentBoothID=&ListByBooth=true&BoothID=104580
"Schiller Americas, Inc.",645,10903 N W 33rd Street,"Doral,Â",United States,http://www.schilleramericas.com,786-845-0620,Cardiac Diagnostic Medical Equipment Medical Equipment & Supplies,https://s23.a2zinc.net/clients/HMPCommunications/EMS2019/Public/eBooth.aspx?IndexInList=262&FromPage=Exhibitors.aspx&ParentBoothID=&ListByBooth=true&BoothID=104837
Secours Mag/Secours Expo,460,France,"Paris,Â",France,,,,https://s23.a2zinc.net/clients/HMPCommunications/EMS2019/Public/eBooth.aspx?IndexInList=263&FromPage=Exhibitors.aspx&ParentBoothID=&ListByBooth=true&BoothID=105205
"Sempermed USA, Inc.",1617,13900 49th Street North,"Clearwater,Â",United States,http://www.sempermedusa.com,,Distributors Medical Equipment & Supplies Patient Handling Pharmaceuticals,https://s23.a2zinc.net/clients/HMPCommunications/EMS2019/Public/eBooth.aspx?IndexInList=264&FromPage=Exhibitors.aspx&ParentBoothID=&ListByBooth=true&BoothID=105002
Signature Emergency Products,363,128 Huddell Avenue,"Boothwyn,Â",United States,,610-485-5267,,https://s23.a2zinc.net/clients/HMPCommunications/EMS2019/Public/eBooth.aspx?IndexInList=265&FromPage=Exhibitors.aspx&ParentBoothID=&ListByBooth=true&BoothID=105203
Simulab Corporation,1564,13001 48th Avenue S.,"Seattle,Â",United States,http://www.simulab.com,206-297-1260,,https://s23.a2zinc.net/clients/HMPCommunications/EMS2019/Public/eBooth.aspx?IndexInList=266&FromPage=Exhibitors.aspx&ParentBoothID=&ListByBooth=true&BoothID=104765
"Simulator Solutions, LLC",1561,PO Box 748,"Coleman,Â",United States,http://www.simulator-solutions.com,325-220-0321,Education & Training,https://s23.a2zinc.net/clients/HMPCommunications/EMS2019/Public/eBooth.aspx?IndexInList=267&FromPage=Exhibitors.aspx&ParentBoothID=&ListByBooth=true&BoothID=104959
"Skedco, Inc.",822,10505 SW Manhasset Drive,"Tualatin,Â",United States,http://www.skedco.com,,Medical Equipment & Supplies Rescue & Extrication,https://s23.a2zinc.net/clients/HMPCommunications/EMS2019/Public/eBooth.aspx?IndexInList=268&FromPage=Exhibitors.aspx&ParentBoothID=&ListByBooth=true&BoothID=104645
Sleep Number Corporation,872,1001 3rd Avenue S,"Minneapolis,Â",United States,,763-551-7714,,https://s23.a2zinc.net/clients/HMPCommunications/EMS2019/Public/eBooth.aspx?IndexInList=269&FromPage=Exhibitors.aspx&ParentBoothID=&ListByBooth=true&BoothID=104656
Smiths Medical,779,6000 Nathan Lane North,"Plymouth,Â",United States,http://www.smiths-medical.com,,,https://s23.a2zinc.net/clients/HMPCommunications/EMS2019/Public/eBooth.aspx?IndexInList=270&FromPage=Exhibitors.aspx&ParentBoothID=&ListByBooth=true&BoothID=105219
"Snap Medical Industries, LLC",1674,545 Metro Place South,"Dublin,Â",United States,,800-875-4508,,https://s23.a2zinc.net/clients/HMPCommunications/EMS2019/Public/eBooth.aspx?IndexInList=271&FromPage=Exhibitors.aspx&ParentBoothID=&ListByBooth=true&BoothID=105166
Society of Vascular and Interventional Neurology,774,5841 Cedar Lake Road,"Minneapolis,Â",United States,http://www.svin.org,952-377-8810,Associations & Non-profits Education & Training,https://s23.a2zinc.net/clients/HMPCommunications/EMS2019/Public/eBooth.aspx?IndexInList=272&FromPage=Exhibitors.aspx&ParentBoothID=&ListByBooth=true&BoothID=104699
Southeastern Specialty Vehicles,1244,PO Box 159,"Kittrell,Â",United States,,,,https://s23.a2zinc.net/clients/HMPCommunications/EMS2019/Public/eBooth.aspx?IndexInList=273&FromPage=Exhibitors.aspx&ParentBoothID=&ListByBooth=true&BoothID=105103
"SSCOR, Inc.",445,11064 Randall St,"Sun Valley,Â",United States,http://www.sscor.com,,,https://s23.a2zinc.net/clients/HMPCommunications/EMS2019/Public/eBooth.aspx?IndexInList=274&FromPage=Exhibitors.aspx&ParentBoothID=&ListByBooth=true&BoothID=104863
Stryker,800,11811 Willows Rd NE,"Redmond,Â",United States,http://www.stryker.com,,"Airway & Respiratory Products Cardiac Computer Software,Hardware Education & Training Medical Equipment & Supplies",https://s23.a2zinc.net/clients/HMPCommunications/EMS2019/Public/eBooth.aspx?IndexInList=275&FromPage=Exhibitors.aspx&ParentBoothID=&ListByBooth=true&BoothID=104945
SunMed,756,2710 Northridge Drive NW,"Grand Rapids,Â",United States,http://www.sun-med.com,616-259-8380,Airway & Respiratory Products,https://s23.a2zinc.net/clients/HMPCommunications/EMS2019/Public/eBooth.aspx?IndexInList=276&FromPage=Exhibitors.aspx&ParentBoothID=&ListByBooth=true&BoothID=104599
Sunny Communications,440,12980 W Cedar Dr,"Lakewood,Â",United States,,,,https://s23.a2zinc.net/clients/HMPCommunications/EMS2019/Public/eBooth.aspx?IndexInList=277&FromPage=Exhibitors.aspx&ParentBoothID=&ListByBooth=true&BoothID=104680
Supermax Healthcare Inc.,769,1899 Sequoia Drive,"Aurora,Â",United States,http://www.aureliagloves.com,,"Apparel,Uniforms Medical Equipment & Supplies Patient Handling",https://s23.a2zinc.net/clients/HMPCommunications/EMS2019/Public/eBooth.aspx?IndexInList=278&FromPage=Exhibitors.aspx&ParentBoothID=&ListByBooth=true&BoothID=104603
TacMed Austrailia,160,1/33 Isles Drive,"North Boambee Valley,Â",Australia,http://www.tacmedaustralia.com.au/,,,https://s23.a2zinc.net/clients/HMPCommunications/EMS2019/Public/eBooth.aspx?IndexInList=279&FromPage=Exhibitors.aspx&ParentBoothID=&ListByBooth=true&BoothID=104673
"Tactical Medical Solutions, Inc.",1360,1250 Harris Bridge Rd,"Anderson,Â",United States,https://www.tacmedsolutions.com/,864-224-0081,"MCI,Disaster Response Medical Equipment & Supplies Rescue & Extrication",https://s23.a2zinc.net/clients/HMPCommunications/EMS2019/Public/eBooth.aspx?IndexInList=280&FromPage=Exhibitors.aspx&ParentBoothID=&ListByBooth=true&BoothID=104871
TargetSolutions,1465,10805 Rancho Bernardo Rd #200,"San Diego,Â",United States,http://www.targetsolutions.com,,,https://s23.a2zinc.net/clients/HMPCommunications/EMS2019/Public/eBooth.aspx?IndexInList=281&FromPage=Exhibitors.aspx&ParentBoothID=&ListByBooth=true&BoothID=104764
Taylor Made Ambulance,1521,"620 Spring Hill Dr., Suite 200","Spring,Â",United States,http://www.taylorhealthcare.com,,Patient Handling Rescue & Extrication,https://s23.a2zinc.net/clients/HMPCommunications/EMS2019/Public/eBooth.aspx?IndexInList=282&FromPage=Exhibitors.aspx&ParentBoothID=&ListByBooth=true&BoothID=104978
TCF Capital Solutions,955,11100 Wayzata Blvd. #801,"Minnetonka,Â",United States,http://www.tcfef.com/emergency,,,https://s23.a2zinc.net/clients/HMPCommunications/EMS2019/Public/eBooth.aspx?IndexInList=283&FromPage=Exhibitors.aspx&ParentBoothID=&ListByBooth=true&BoothID=105121
Techline Trauma,350,668 Davisville Road,"Willow Grove,Â",United States,http://www.techlinetrauma.com,,,https://s23.a2zinc.net/clients/HMPCommunications/EMS2019/Public/eBooth.aspx?IndexInList=284&FromPage=Exhibitors.aspx&ParentBoothID=&ListByBooth=true&BoothID=104924
Technimount System Inc.,721,445 Papin Street - Office 103,"Quebec City,Â",Canada,http://www.technimount.com,,Ambulance & Vehicle Components Medical Equipment & Supplies Patient Handling,https://s23.a2zinc.net/clients/HMPCommunications/EMS2019/Public/eBooth.aspx?IndexInList=285&FromPage=Exhibitors.aspx&ParentBoothID=&ListByBooth=true&BoothID=104779
TEEX Emergency Services Training Institute,345,PO Box 40006,"College Station,Â",United States,,,,https://s23.a2zinc.net/clients/HMPCommunications/EMS2019/Public/eBooth.aspx?IndexInList=286&FromPage=Exhibitors.aspx&ParentBoothID=&ListByBooth=true&BoothID=104998
Temptime Corporation,771,116 The American Rd,"Morris Plains,Â",United States,http://www.temptimecorp.com,,Inventory Control Medical Equipment & Supplies,https://s23.a2zinc.net/clients/HMPCommunications/EMS2019/Public/eBooth.aspx?IndexInList=287&FromPage=Exhibitors.aspx&ParentBoothID=&ListByBooth=true&BoothID=104604
Tennessee Ambulance Service Association (TASA),683,544 West Main St. Suite 131,"Gallatin,Â",United States,http://tennesseeambulance.com/,,,https://s23.a2zinc.net/clients/HMPCommunications/EMS2019/Public/eBooth.aspx?IndexInList=288&FromPage=Exhibitors.aspx&ParentBoothID=&ListByBooth=true&BoothID=104703
Terason,745,77 Terrace Hall Ave.,"Burlington,Â",United States,http://www.terason.com,,,https://s23.a2zinc.net/clients/HMPCommunications/EMS2019/Public/eBooth.aspx?IndexInList=289&FromPage=Exhibitors.aspx&ParentBoothID=&ListByBooth=true&BoothID=104847
The Code Green Campaign,1725,14107 E Longfellow Ave,"Spokane Valley,Â",United States,http://www.codegreencampaign.org,,,https://s23.a2zinc.net/clients/HMPCommunications/EMS2019/Public/eBooth.aspx?IndexInList=290&FromPage=Exhibitors.aspx&ParentBoothID=&ListByBooth=true&BoothID=105146
ThomasEMS,950,1605 W 21005,"Salt Lake CIty,Â",United States,,801-599-7031,,https://s23.a2zinc.net/clients/HMPCommunications/EMS2019/Public/eBooth.aspx?IndexInList=291&FromPage=Exhibitors.aspx&ParentBoothID=&ListByBooth=true&BoothID=104711
"TOMAR Electronics, Inc.",1037,2100 W. Obispo Ave.,"Gilbert,Â",United States,http://www.tomar.com,,Ambulance & Vehicle Components,https://s23.a2zinc.net/clients/HMPCommunications/EMS2019/Public/eBooth.aspx?IndexInList=292&FromPage=Exhibitors.aspx&ParentBoothID=&ListByBooth=true&BoothID=105044
TomTom Telematics,1365,100 Summit Drive,"Burlington,Â",United States,,978-405-1623,,https://s23.a2zinc.net/clients/HMPCommunications/EMS2019/Public/eBooth.aspx?IndexInList=293&FromPage=Exhibitors.aspx&ParentBoothID=&ListByBooth=true&BoothID=104762
"TransLite, LLC",1618,345 Commerce Green Blvd,"Sugar Land,Â",United States,http://www.veinlite.com,,Medical Equipment & Supplies,https://s23.a2zinc.net/clients/HMPCommunications/EMS2019/Public/eBooth.aspx?IndexInList=294&FromPage=Exhibitors.aspx&ParentBoothID=&ListByBooth=true&BoothID=105036
Traumasoft,810,1111 W Centre Ave,"Portage,Â",United States,http://www.traumasoft.com,,"Computer Software,Hardware",https://s23.a2zinc.net/clients/HMPCommunications/EMS2019/Public/eBooth.aspx?IndexInList=295&FromPage=Exhibitors.aspx&ParentBoothID=&ListByBooth=true&BoothID=104946
Trividia Health,349,2400 NW 55th Court,"Fort Lauderdale,Â",United States,http://www.trividiahealth.com,,,https://s23.a2zinc.net/clients/HMPCommunications/EMS2019/Public/eBooth.aspx?IndexInList=296&FromPage=Exhibitors.aspx&ParentBoothID=&ListByBooth=true&BoothID=104682
TruCorp Ltd.,1735,2 Woodstock Link,"Belfast,Â",United Kingdom,http://www.trucorp.com,,Airway & Respiratory Products,https://s23.a2zinc.net/clients/HMPCommunications/EMS2019/Public/eBooth.aspx?IndexInList=297&FromPage=Exhibitors.aspx&ParentBoothID=&ListByBooth=true&BoothID=104838
TrueClot by Luna,1265,"301 1st Street SW, Suite 200","Roanoke,Â",United States,https://trueclot.com/,,Education & Training,https://s23.a2zinc.net/clients/HMPCommunications/EMS2019/Public/eBooth.aspx?IndexInList=298&FromPage=Exhibitors.aspx&ParentBoothID=&ListByBooth=true&BoothID=104728
TSI Inc.,250,500 Cardigan Road,"Shoreview,Â",United States,http://www.tsi.com,,Airway & Respiratory Products Education & Training,https://s23.a2zinc.net/clients/HMPCommunications/EMS2019/Public/eBooth.aspx?IndexInList=299&FromPage=Exhibitors.aspx&ParentBoothID=&ListByBooth=true&BoothID=104918
Two Rivers Medical,1355,35 Tedwall Court,"Greer,Â",United States,http://www.tworiversmedical.com,864-968-4105,Medical Equipment & Supplies,https://s23.a2zinc.net/clients/HMPCommunications/EMS2019/Public/eBooth.aspx?IndexInList=300&FromPage=Exhibitors.aspx&ParentBoothID=&ListByBooth=true&BoothID=105113
U.S. Fire Administration,1464,16825 S. Seton Avenue,"Emmitsburg,Â",United States,http://www.usfa.fema.gov,301-447-1350,,https://s23.a2zinc.net/clients/HMPCommunications/EMS2019/Public/eBooth.aspx?IndexInList=301&FromPage=Exhibitors.aspx&ParentBoothID=&ListByBooth=true&BoothID=104763
University of Florida Fire and Emergency Services,1264,336 Rinker Hall,"Gainesville,Â",United States,https://dcp.ufl.edu/rinker,,Education & Training,https://s23.a2zinc.net/clients/HMPCommunications/EMS2019/Public/eBooth.aspx?IndexInList=302&FromPage=Exhibitors.aspx&ParentBoothID=&ListByBooth=true&BoothID=104623
USSC Valor Seating,1236,150 Gordon Drive,"Exton,Â",United States,http://www.usscgroup.com/first-responders/,,,https://s23.a2zinc.net/clients/HMPCommunications/EMS2019/Public/eBooth.aspx?IndexInList=303&FromPage=Exhibitors.aspx&ParentBoothID=&ListByBooth=true&BoothID=105053
VAIRKKO,725,"13200 Strickland Rd, Suite 114-233","Raleigh,Â",United States,http://www.vairkko.com,,"Administrative,Business Services Computer Software,Hardware Education & Training",https://s23.a2zinc.net/clients/HMPCommunications/EMS2019/Public/eBooth.aspx?IndexInList=304&FromPage=Exhibitors.aspx&ParentBoothID=&ListByBooth=true&BoothID=104640
Vanner Inc.,1528,4282 Reynolds Drive,"Hilliard,Â",United States,http://www.vanner.com,,,https://s23.a2zinc.net/clients/HMPCommunications/EMS2019/Public/eBooth.aspx?IndexInList=305&FromPage=Exhibitors.aspx&ParentBoothID=&ListByBooth=true&BoothID=105042
Verathon Medical,556,20001 North Creek Pkwy,"Bothell,Â",United States,http://www.verathon.com,425-867-1348,Airway & Respiratory Products,https://s23.a2zinc.net/clients/HMPCommunications/EMS2019/Public/eBooth.aspx?IndexInList=306&FromPage=Exhibitors.aspx&ParentBoothID=&ListByBooth=true&BoothID=105119
Vespek - Spencer,1501,Claudio Arrau 9750,"Pudahuel,Â",Chile,,,,https://s23.a2zinc.net/clients/HMPCommunications/EMS2019/Public/eBooth.aspx?IndexInList=307&FromPage=Exhibitors.aspx&ParentBoothID=&ListByBooth=true&BoothID=104942
"Veterans MFG, LLC",461,5446 First St.,"Katy,Â",United States,http://www.vetsmfg.com,713-899-7625,,https://s23.a2zinc.net/clients/HMPCommunications/EMS2019/Public/eBooth.aspx?IndexInList=308&FromPage=Exhibitors.aspx&ParentBoothID=&ListByBooth=true&BoothID=105058
VFIS,741,PO Box 2726,"York,Â",United States,http://www.vfis.com,,"Administrative,Business Services Education & Training",https://s23.a2zinc.net/clients/HMPCommunications/EMS2019/Public/eBooth.aspx?IndexInList=309&FromPage=Exhibitors.aspx&ParentBoothID=&ListByBooth=true&BoothID=104644
Wake County EMS,929,331 S. McDowell St.,"Raleigh,Â",United States,,,,https://s23.a2zinc.net/clients/HMPCommunications/EMS2019/Public/eBooth.aspx?IndexInList=310&FromPage=Exhibitors.aspx&ParentBoothID=&ListByBooth=true&BoothID=105126
Wallcur LLC,1621,8525 Arjons Drive,"San Diego,Â",United States,,858-565-4366,,https://s23.a2zinc.net/clients/HMPCommunications/EMS2019/Public/eBooth.aspx?IndexInList=311&FromPage=Exhibitors.aspx&ParentBoothID=&ListByBooth=true&BoothID=105078
"Westmed, Inc.",1661,5580 S. Nogales Hwy.,"Tucson,Â",United States,,520-294-7987,,https://s23.a2zinc.net/clients/HMPCommunications/EMS2019/Public/eBooth.aspx?IndexInList=312&FromPage=Exhibitors.aspx&ParentBoothID=&ListByBooth=true&BoothID=105138
"Whelen Engineering Company, Inc.",847,51 Winthrop Road,"Chester,Â",United States,http://www.whelen.com,860-526-9504,Ambulance & Vehicle Components,https://s23.a2zinc.net/clients/HMPCommunications/EMS2019/Public/eBooth.aspx?IndexInList=313&FromPage=Exhibitors.aspx&ParentBoothID=&ListByBooth=true&BoothID=105134
"Wise Co., Inc.",1716,5828 Shelby Oaks Drive,"Memphis,Â",United States,http://www.wiseems.com,,,https://s23.a2zinc.net/clients/HMPCommunications/EMS2019/Public/eBooth.aspx?IndexInList=314&FromPage=Exhibitors.aspx&ParentBoothID=&ListByBooth=true&BoothID=105003
World Richman Mfg. Corporation,419,2505 Bath Road,"Elgin,Â",United States,http://www.worldrichman.com,,"Airway & Respiratory Products Computer Software,Hardware Distributors Health, Fitness, Self Care Rescue & Extrication",https://s23.a2zinc.net/clients/HMPCommunications/EMS2019/Public/eBooth.aspx?IndexInList=315&FromPage=Exhibitors.aspx&ParentBoothID=&ListByBooth=true&BoothID=105130
XSHEAR,1060,PO Box 145,"Cassopolis,Â",United States,http://www.xshear.com,313-744-4228,Medical Equipment & Supplies Patient Handling Rescue & Extrication,https://s23.a2zinc.net/clients/HMPCommunications/EMS2019/Public/eBooth.aspx?IndexInList=316&FromPage=Exhibitors.aspx&ParentBoothID=&ListByBooth=true&BoothID=104723
Yoga for First Responders,1736,PO Box 36341,"Des Moines,Â",United States,http://www.yogaforfirstresponders.com,515-864-1234,Associations & Non-profits Education & Training,https://s23.a2zinc.net/clients/HMPCommunications/EMS2019/Public/eBooth.aspx?IndexInList=317&FromPage=Exhibitors.aspx&ParentBoothID=&ListByBooth=true&BoothID=105029
Ziamatic Corporation,519,10 West College Avenue,"Yardley,Â",United States,http://www.ziamatic.com,,Ambulance & Vehicle Components Facility Equipment & Management Medical Equipment & Supplies Rescue & Extrication,https://s23.a2zinc.net/clients/HMPCommunications/EMS2019/Public/eBooth.aspx?IndexInList=318&FromPage=Exhibitors.aspx&ParentBoothID=&ListByBooth=true&BoothID=104688
ZOLL Medical Corporation,1001,269 Mill Road,"Chelmsford,Â",United States,http://www.zoll.com,,,https://s23.a2zinc.net/clients/HMPCommunications/EMS2019/Public/eBooth.aspx?IndexInList=319&FromPage=Exhibitors.aspx&ParentBoothID=&ListByBooth=true&BoothID=104950
Zone Defense,1357,2135 13th Avenue North,"Saint Petersburg,Â",United States,,,,https://s23.a2zinc.net/clients/HMPCommunications/EMS2019/Public/eBooth.aspx?IndexInList=320&FromPage=Exhibitors.aspx&ParentBoothID=&ListByBooth=true&BoothID=105010
