Name,Booth_no,Address,City,Country,website,Contact_no,product,url
ABB Inc.,1907,,New Berlin,United States,http://www.abb.com,,,https://s23.a2zinc.net/clients/gna/actexpo2020/public/eBooth.aspx?IndexInList=0&FromPage=Exhibitors.aspx&ParentBoothID=&ListByBooth=true&BoothID=117365
Advanced Energy Machines,1059,,Mesa,United States,,,,https://s23.a2zinc.net/clients/gna/actexpo2020/public/eBooth.aspx?IndexInList=1&FromPage=Exhibitors.aspx&ParentBoothID=&ListByBooth=true&BoothID=117606
Agility Fuel Solutions,1235,,Costa Mesa,United States,http://www.agilityfuelsolutions.com,,,https://s23.a2zinc.net/clients/gna/actexpo2020/public/eBooth.aspx?IndexInList=2&FromPage=Exhibitors.aspx&ParentBoothID=&ListByBooth=true&BoothID=115783
AKG of America,726,,Mebane,United States,,,,https://s23.a2zinc.net/clients/gna/actexpo2020/public/eBooth.aspx?IndexInList=3&FromPage=Exhibitors.aspx&ParentBoothID=&ListByBooth=true&BoothID=115777
Allison Transmission,1134,,Indianapolis,United States,,,,https://s23.a2zinc.net/clients/gna/actexpo2020/public/eBooth.aspx?IndexInList=4&FromPage=Exhibitors.aspx&ParentBoothID=&ListByBooth=true&BoothID=116459
American Honda Motor Company,1303,,Torrance,United States,http://www.honda.com,,,https://s23.a2zinc.net/clients/gna/actexpo2020/public/eBooth.aspx?IndexInList=5&FromPage=Exhibitors.aspx&ParentBoothID=&ListByBooth=true&BoothID=115763
Amply Power,1807,,Mountain View,United States,http://www.amplypower.com,,,https://s23.a2zinc.net/clients/gna/actexpo2020/public/eBooth.aspx?IndexInList=6&FromPage=Exhibitors.aspx&ParentBoothID=&ListByBooth=true&BoothID=117298
ANGI Energy Systems,917,,Janesville,United States,http://angienergy.com/,,,https://s23.a2zinc.net/clients/gna/actexpo2020/public/eBooth.aspx?IndexInList=7&FromPage=Exhibitors.aspx&ParentBoothID=&ListByBooth=true&BoothID=117169
Ariel Corporation,539,,Mount Vernon,United States,http://www.arielcorp.com,,,https://s23.a2zinc.net/clients/gna/actexpo2020/public/eBooth.aspx?IndexInList=8&FromPage=Exhibitors.aspx&ParentBoothID=&ListByBooth=true&BoothID=115757
"Avid Technology, LTD",1718,,Cramlington,United Kingdom,http://www.avidtp.com,,,https://s23.a2zinc.net/clients/gna/actexpo2020/public/eBooth.aspx?IndexInList=9&FromPage=Exhibitors.aspx&ParentBoothID=&ListByBooth=true&BoothID=117468
Baja Solar Carports,1810,,Martinez,United States,http://www.bajacarports.com,,,https://s23.a2zinc.net/clients/gna/actexpo2020/public/eBooth.aspx?IndexInList=10&FromPage=Exhibitors.aspx&ParentBoothID=&ListByBooth=true&BoothID=117351
Ballard Power Systems,1122,,Burnaby,Canada,,,,https://s23.a2zinc.net/clients/gna/actexpo2020/public/eBooth.aspx?IndexInList=11&FromPage=Exhibitors.aspx&ParentBoothID=&ListByBooth=true&BoothID=116998
Bauer Compressors,1126,,Norfolk,United States,http://www.bauercng.com,,,https://s23.a2zinc.net/clients/gna/actexpo2020/public/eBooth.aspx?IndexInList=12&FromPage=Exhibitors.aspx&ParentBoothID=&ListByBooth=true&BoothID=115876
Bendix Commercial Vehicle Systems,1027,,Elyria,United States,,,,https://s23.a2zinc.net/clients/gna/actexpo2020/public/eBooth.aspx?IndexInList=13&FromPage=Exhibitors.aspx&ParentBoothID=&ListByBooth=true&BoothID=115859
Bennett Pump Company,1023,,Spring Lake,United States,http://www.bennettpump.com,,,https://s23.a2zinc.net/clients/gna/actexpo2020/public/eBooth.aspx?IndexInList=14&FromPage=Exhibitors.aspx&ParentBoothID=&ListByBooth=true&BoothID=116996
Bergstrom,2026,,ROCKFORD,United States,https://us.bergstrominc.com/,,,https://s23.a2zinc.net/clients/gna/actexpo2020/public/eBooth.aspx?IndexInList=15&FromPage=Exhibitors.aspx&ParentBoothID=&ListByBooth=true&BoothID=115837
Black & Veatch,1713,,Overland Park,United States,http://www.bv.com,,,https://s23.a2zinc.net/clients/gna/actexpo2020/public/eBooth.aspx?IndexInList=16&FromPage=Exhibitors.aspx&ParentBoothID=&ListByBooth=true&BoothID=115766
Bosch,1423,,Farmington Hills,United States,http://www.bosch.us,,,https://s23.a2zinc.net/clients/gna/actexpo2020/public/eBooth.aspx?IndexInList=17&FromPage=Exhibitors.aspx&ParentBoothID=&ListByBooth=true&BoothID=115850
Burns & McDonnell,1813,,Kansas City,United States,,,,https://s23.a2zinc.net/clients/gna/actexpo2020/public/eBooth.aspx?IndexInList=18&FromPage=Exhibitors.aspx&ParentBoothID=&ListByBooth=true&BoothID=117354
BYD Motors,2110,,Los Angeles,United States,http://www.byd.com,,,https://s23.a2zinc.net/clients/gna/actexpo2020/public/eBooth.aspx?IndexInList=19&FromPage=Exhibitors.aspx&ParentBoothID=&ListByBooth=true&BoothID=117702
Canimex,1800,,Drummondville,Canada,http://www.canimex.com,,,https://s23.a2zinc.net/clients/gna/actexpo2020/public/eBooth.aspx?IndexInList=20&FromPage=Exhibitors.aspx&ParentBoothID=&ListByBooth=true&BoothID=115890
Car-connect NA,1617,,Carlsbad ,United States,carconnectna.com,,,https://s23.a2zinc.net/clients/gna/actexpo2020/public/eBooth.aspx?IndexInList=21&FromPage=Exhibitors.aspx&ParentBoothID=&ListByBooth=true&BoothID=117465
ChargePoint,1607,,Campbell,United States,http://www.chargepoint.com,,,https://s23.a2zinc.net/clients/gna/actexpo2020/public/eBooth.aspx?IndexInList=22&FromPage=Exhibitors.aspx&ParentBoothID=&ListByBooth=true&BoothID=117673
Chesterfield Special Cylinders,656,,Pittsburgh PA ,United States,,,,https://s23.a2zinc.net/clients/gna/actexpo2020/public/eBooth.aspx?IndexInList=23&FromPage=Exhibitors.aspx&ParentBoothID=&ListByBooth=true&BoothID=117214
ClipperCreek,1707,,Auburn,United States,https://www.clippercreek.com,,,https://s23.a2zinc.net/clients/gna/actexpo2020/public/eBooth.aspx?IndexInList=24&FromPage=Exhibitors.aspx&ParentBoothID=&ListByBooth=true&BoothID=117373
CMD CNG Energy Solutions,826,,Appleton,United States,http://www.cmdenergy.com,,,https://s23.a2zinc.net/clients/gna/actexpo2020/public/eBooth.aspx?IndexInList=25&FromPage=Exhibitors.aspx&ParentBoothID=&ListByBooth=true&BoothID=117005
ConMet,1926,,Vancouver,United States,http://www.conmet.com,,,https://s23.a2zinc.net/clients/gna/actexpo2020/public/eBooth.aspx?IndexInList=26&FromPage=Exhibitors.aspx&ParentBoothID=&ListByBooth=true&BoothID=115839
Control Dynamix,1711,,Sandy Springs,United States,http://www.controldynamix.com,,,https://s23.a2zinc.net/clients/gna/actexpo2020/public/eBooth.aspx?IndexInList=27&FromPage=Exhibitors.aspx&ParentBoothID=&ListByBooth=true&BoothID=117350
COVESS,561,,Hasselt,Belgium,http://www.covess.com,,,https://s23.a2zinc.net/clients/gna/actexpo2020/public/eBooth.aspx?IndexInList=28&FromPage=Exhibitors.aspx&ParentBoothID=&ListByBooth=true&BoothID=116991
Cummins Westport,927,,Vancouver,Canada,,,,https://s23.a2zinc.net/clients/gna/actexpo2020/public/eBooth.aspx?IndexInList=29&FromPage=Exhibitors.aspx&ParentBoothID=&ListByBooth=true&BoothID=115863
Daimler Trucks North America,747,,Fort Mill,United States,http://www.freightlinertrucks.com,,,https://s23.a2zinc.net/clients/gna/actexpo2020/public/eBooth.aspx?IndexInList=30&FromPage=Exhibitors.aspx&ParentBoothID=&ListByBooth=true&BoothID=117397
Dana,1946,,Maumee,United States,http://www.dana.com,,,https://s23.a2zinc.net/clients/gna/actexpo2020/public/eBooth.aspx?IndexInList=31&FromPage=Exhibitors.aspx&ParentBoothID=&ListByBooth=true&BoothID=117043
Dulevo International Spa,1557,,Fontanellato,Italy,,,,https://s23.a2zinc.net/clients/gna/actexpo2020/public/eBooth.aspx?IndexInList=32&FromPage=Exhibitors.aspx&ParentBoothID=&ListByBooth=true&BoothID=117663
Eaton,2016,,Beachwood,United States,,,,https://s23.a2zinc.net/clients/gna/actexpo2020/public/eBooth.aspx?IndexInList=33&FromPage=Exhibitors.aspx&ParentBoothID=&ListByBooth=true&BoothID=117480
Ecotuned Automobile,1800,,VARENNES,Canada,http://ecotuned.com,,,https://s23.a2zinc.net/clients/gna/actexpo2020/public/eBooth.aspx?IndexInList=34&FromPage=Exhibitors.aspx&ParentBoothID=&ListByBooth=true&BoothID=115870
eIQ Mobility,1716,,Oakland,United States,http://www.eiqmobility.com,,,https://s23.a2zinc.net/clients/gna/actexpo2020/public/eBooth.aspx?IndexInList=35&FromPage=Exhibitors.aspx&ParentBoothID=&ListByBooth=true&BoothID=117467
FLO,1800,,Quebec City ,Canada,,,,https://s23.a2zinc.net/clients/gna/actexpo2020/public/eBooth.aspx?IndexInList=36&FromPage=Exhibitors.aspx&ParentBoothID=&ListByBooth=true&BoothID=115893
Ford Motor Company,1507,,Dearborn,United States,http://www.fleet.ford.com,,,https://s23.a2zinc.net/clients/gna/actexpo2020/public/eBooth.aspx?IndexInList=37&FromPage=Exhibitors.aspx&ParentBoothID=&ListByBooth=true&BoothID=116425
FuelMaster/Syntech Systems,659,,Tallahassee,United States,http://myfuelmaster.com,,,https://s23.a2zinc.net/clients/gna/actexpo2020/public/eBooth.aspx?IndexInList=38&FromPage=Exhibitors.aspx&ParentBoothID=&ListByBooth=true&BoothID=115775
Gas Technology Institute,661,,Des Plaines,United States,http://www.gti.energy,,,https://s23.a2zinc.net/clients/gna/actexpo2020/public/eBooth.aspx?IndexInList=39&FromPage=Exhibitors.aspx&ParentBoothID=&ListByBooth=true&BoothID=115823
General Motors Fleet,1407,,Detroit,United States,http://www.gmfleet.com/,,,https://s23.a2zinc.net/clients/gna/actexpo2020/public/eBooth.aspx?IndexInList=40&FromPage=Exhibitors.aspx&ParentBoothID=&ListByBooth=true&BoothID=115794
Geotab,1447,,Oakville,Canada,https://www.geotab.com/,,,https://s23.a2zinc.net/clients/gna/actexpo2020/public/eBooth.aspx?IndexInList=41&FromPage=Exhibitors.aspx&ParentBoothID=&ListByBooth=true&BoothID=117642
Go Power!,754,,Victoria,Canada,http://gopowerfleet.com,,,https://s23.a2zinc.net/clients/gna/actexpo2020/public/eBooth.aspx?IndexInList=42&FromPage=Exhibitors.aspx&ParentBoothID=&ListByBooth=true&BoothID=117670
GP Strategies,729,,Escondido,United States,https://www.gpstrategies.com/,,,https://s23.a2zinc.net/clients/gna/actexpo2020/public/eBooth.aspx?IndexInList=43&FromPage=Exhibitors.aspx&ParentBoothID=&ListByBooth=true&BoothID=115781
Greenlots,1447,,Los Angeles,United States,,,,https://s23.a2zinc.net/clients/gna/actexpo2020/public/eBooth.aspx?IndexInList=44&FromPage=Exhibitors.aspx&ParentBoothID=&ListByBooth=true&BoothID=117747
HandyTube Corporation,828,,Camden,United States,http://www.handytube.com,,,https://s23.a2zinc.net/clients/gna/actexpo2020/public/eBooth.aspx?IndexInList=45&FromPage=Exhibitors.aspx&ParentBoothID=&ListByBooth=true&BoothID=117006
Heliox,1417,,PH Best  Netherlands,Netherlands,www.heliox.nl,,,https://s23.a2zinc.net/clients/gna/actexpo2020/public/eBooth.aspx?IndexInList=46&FromPage=Exhibitors.aspx&ParentBoothID=&ListByBooth=true&BoothID=117742
Hino Trucks,1826,,Novi,United States,http://www.hino.com,,,https://s23.a2zinc.net/clients/gna/actexpo2020/public/eBooth.aspx?IndexInList=47&FromPage=Exhibitors.aspx&ParentBoothID=&ListByBooth=true&BoothID=115856
International,1435,,Lisle,United States,,,,https://s23.a2zinc.net/clients/gna/actexpo2020/public/eBooth.aspx?IndexInList=48&FromPage=Exhibitors.aspx&ParentBoothID=&ListByBooth=true&BoothID=117484
J-W Power Company,928,,,United States,http://www.jwenergy.com,,,https://s23.a2zinc.net/clients/gna/actexpo2020/public/eBooth.aspx?IndexInList=49&FromPage=Exhibitors.aspx&ParentBoothID=&ListByBooth=true&BoothID=115811
Kalmar Ottawa,2130,,Ottawa,United States,,,,https://s23.a2zinc.net/clients/gna/actexpo2020/public/eBooth.aspx?IndexInList=50&FromPage=Exhibitors.aspx&ParentBoothID=&ListByBooth=true&BoothID=116301
KEB AMERICA,1623,,Shakopee,United States,http://www.KEBAMERICA.com,,,https://s23.a2zinc.net/clients/gna/actexpo2020/public/eBooth.aspx?IndexInList=51&FromPage=Exhibitors.aspx&ParentBoothID=&ListByBooth=true&BoothID=117471
Kenworth Truck Company,937,,Kirkland,United States,http://www.kenworth.com,,,https://s23.a2zinc.net/clients/gna/actexpo2020/public/eBooth.aspx?IndexInList=52&FromPage=Exhibitors.aspx&ParentBoothID=&ListByBooth=true&BoothID=117156
Lightning Systems,1227,,LOVELAND,United States,https://lightningsystems.com/,,,https://s23.a2zinc.net/clients/gna/actexpo2020/public/eBooth.aspx?IndexInList=53&FromPage=Exhibitors.aspx&ParentBoothID=&ListByBooth=true&BoothID=115784
Liquid Environmental Solutions,658,,Irving,United States,http://www.liquidenviro.com,,,https://s23.a2zinc.net/clients/gna/actexpo2020/public/eBooth.aspx?IndexInList=54&FromPage=Exhibitors.aspx&ParentBoothID=&ListByBooth=true&BoothID=115905
Lou-Rich,727,,Albert Lee,United States,,,,https://s23.a2zinc.net/clients/gna/actexpo2020/public/eBooth.aspx?IndexInList=55&FromPage=Exhibitors.aspx&ParentBoothID=&ListByBooth=true&BoothID=115780
Luxfer Gas Cylinders,829,,Riverside,United States,http://luxfercylinders.com,,,https://s23.a2zinc.net/clients/gna/actexpo2020/public/eBooth.aspx?IndexInList=56&FromPage=Exhibitors.aspx&ParentBoothID=&ListByBooth=true&BoothID=117129
MACK Trucks,1547,,Chicago,United States,,,,https://s23.a2zinc.net/clients/gna/actexpo2020/public/eBooth.aspx?IndexInList=57&FromPage=Exhibitors.aspx&ParentBoothID=&ListByBooth=true&BoothID=117628
"Meritor, Inc.",2134,,Troy,United States,http://www.meritor.com,,,https://s23.a2zinc.net/clients/gna/actexpo2020/public/eBooth.aspx?IndexInList=58&FromPage=Exhibitors.aspx&ParentBoothID=&ListByBooth=true&BoothID=115889
Momentum Fuel Technologies,835,,Roanoake,United States,http://www.momentumfueltechnologies.com,,,https://s23.a2zinc.net/clients/gna/actexpo2020/public/eBooth.aspx?IndexInList=59&FromPage=Exhibitors.aspx&ParentBoothID=&ListByBooth=true&BoothID=117149
Morgan Olson,1427,,Sturgis,United States,,,,https://s23.a2zinc.net/clients/gna/actexpo2020/public/eBooth.aspx?IndexInList=60&FromPage=Exhibitors.aspx&ParentBoothID=&ListByBooth=true&BoothID=115868
Motiv Power Systems,1327,,Foster City,United States,http://www.motivps.com,,,https://s23.a2zinc.net/clients/gna/actexpo2020/public/eBooth.aspx?IndexInList=61&FromPage=Exhibitors.aspx&ParentBoothID=&ListByBooth=true&BoothID=115820
National Biodiesel Board,719,,Jefferson City,United States,http://www.biodiesel.org,,,https://s23.a2zinc.net/clients/gna/actexpo2020/public/eBooth.aspx?IndexInList=62&FromPage=Exhibitors.aspx&ParentBoothID=&ListByBooth=true&BoothID=117447
NetPower,1522,,Richardson,United States,http://www.netpowercorp.com,,,https://s23.a2zinc.net/clients/gna/actexpo2020/public/eBooth.aspx?IndexInList=63&FromPage=Exhibitors.aspx&ParentBoothID=&ListByBooth=true&BoothID=115852
NGVi,819,,Las Vegas,United States,http://www.ngvi.com,,,https://s23.a2zinc.net/clients/gna/actexpo2020/public/eBooth.aspx?IndexInList=64&FromPage=Exhibitors.aspx&ParentBoothID=&ListByBooth=true&BoothID=115790
NH Research,1523,,Irvine,United States,http://www.nhresearch.com,,,https://s23.a2zinc.net/clients/gna/actexpo2020/public/eBooth.aspx?IndexInList=65&FromPage=Exhibitors.aspx&ParentBoothID=&ListByBooth=true&BoothID=117672
Nissan North America,1613,,Franklin,United States,http://www.nissanusa.com,,,https://s23.a2zinc.net/clients/gna/actexpo2020/public/eBooth.aspx?IndexInList=66&FromPage=Exhibitors.aspx&ParentBoothID=&ListByBooth=true&BoothID=117675
Oasis Engineering,654,,Tauranga,New Zealand,http://www.oasisngv.com,,,https://s23.a2zinc.net/clients/gna/actexpo2020/public/eBooth.aspx?IndexInList=67&FromPage=Exhibitors.aspx&ParentBoothID=&ListByBooth=true&BoothID=115748
OPW Clean Energy Fueling Products,827,,Hamilton,United States,http://www.opw-fc.com,,,https://s23.a2zinc.net/clients/gna/actexpo2020/public/eBooth.aspx?IndexInList=68&FromPage=Exhibitors.aspx&ParentBoothID=&ListByBooth=true&BoothID=117223
OSHKOSH,1634,,Oshkosh,United States,,,,https://s23.a2zinc.net/clients/gna/actexpo2020/public/eBooth.aspx?IndexInList=69&FromPage=Exhibitors.aspx&ParentBoothID=&ListByBooth=true&BoothID=117292
Parker Hannifin,547,,Cleveland,United States,http://www.parker.com,,,https://s23.a2zinc.net/clients/gna/actexpo2020/public/eBooth.aspx?IndexInList=70&FromPage=Exhibitors.aspx&ParentBoothID=&ListByBooth=true&BoothID=117258
Penske,1047,,Reading,United States,http://www.gopenske.com,,,https://s23.a2zinc.net/clients/gna/actexpo2020/public/eBooth.aspx?IndexInList=71&FromPage=Exhibitors.aspx&ParentBoothID=&ListByBooth=true&BoothID=117560
Peterbilt Motors Company,1934,,Denton,United States,http://www.peterbilt.com,,,https://s23.a2zinc.net/clients/gna/actexpo2020/public/eBooth.aspx?IndexInList=72&FromPage=Exhibitors.aspx&ParentBoothID=&ListByBooth=true&BoothID=117242
Phillips and Temro Industries,1723,,Eden Prairie,United States,,,,https://s23.a2zinc.net/clients/gna/actexpo2020/public/eBooth.aspx?IndexInList=73&FromPage=Exhibitors.aspx&ParentBoothID=&ListByBooth=true&BoothID=117349
PIT Group (FPInnovations),1800,,Pointe-Claire,Canada,http://www.thepitgroup.com,,,https://s23.a2zinc.net/clients/gna/actexpo2020/public/eBooth.aspx?IndexInList=74&FromPage=Exhibitors.aspx&ParentBoothID=&ListByBooth=true&BoothID=115891
Propane Education & Research Council,639,,Washington,United States,http://www.propane.com,,,https://s23.a2zinc.net/clients/gna/actexpo2020/public/eBooth.aspx?IndexInList=75&FromPage=Exhibitors.aspx&ParentBoothID=&ListByBooth=true&BoothID=115778
Propulsion Québec,1800,,Montreal,Canada,https://propulsionquebec.com/en/,,,https://s23.a2zinc.net/clients/gna/actexpo2020/public/eBooth.aspx?IndexInList=76&FromPage=Exhibitors.aspx&ParentBoothID=&ListByBooth=true&BoothID=115892
Quantum Fuel Systems LLC,912,,Lake Forrest,United States,http://www.qtww.com,,,https://s23.a2zinc.net/clients/gna/actexpo2020/public/eBooth.aspx?IndexInList=77&FromPage=Exhibitors.aspx&ParentBoothID=&ListByBooth=true&BoothID=115753
Reyco Granning Suspensions,758,,Mt. Vernon,United States,http://www.reycogranning.com,,,https://s23.a2zinc.net/clients/gna/actexpo2020/public/eBooth.aspx?IndexInList=78&FromPage=Exhibitors.aspx&ParentBoothID=&ListByBooth=true&BoothID=115834
ROUSH CleanTech,735,,Livonia,United States,http://roushcleantech.com,,,https://s23.a2zinc.net/clients/gna/actexpo2020/public/eBooth.aspx?IndexInList=79&FromPage=Exhibitors.aspx&ParentBoothID=&ListByBooth=true&BoothID=117178
Ryder System,1834,,Miami,United States,http://www.ryder.com,,,https://s23.a2zinc.net/clients/gna/actexpo2020/public/eBooth.aspx?IndexInList=80&FromPage=Exhibitors.aspx&ParentBoothID=&ListByBooth=true&BoothID=117526
SafeConnect Systems,1812,,South Portland,United States,,,,https://s23.a2zinc.net/clients/gna/actexpo2020/public/eBooth.aspx?IndexInList=81&FromPage=Exhibitors.aspx&ParentBoothID=&ListByBooth=true&BoothID=117353
SEA Electric,1627,,Dandenong ,Australia,www.sea-electric.com,,,https://s23.a2zinc.net/clients/gna/actexpo2020/public/eBooth.aspx?IndexInList=82&FromPage=Exhibitors.aspx&ParentBoothID=&ListByBooth=true&BoothID=116982
Sensor Electronics,730,,Savage,United States,http://www.sensorelectronics.com,,,https://s23.a2zinc.net/clients/gna/actexpo2020/public/eBooth.aspx?IndexInList=83&FromPage=Exhibitors.aspx&ParentBoothID=&ListByBooth=true&BoothID=117186
Shell New Energies,1447,,Houston,United States,,,,https://s23.a2zinc.net/clients/gna/actexpo2020/public/eBooth.aspx?IndexInList=84&FromPage=Exhibitors.aspx&ParentBoothID=&ListByBooth=true&BoothID=117589
Simplefuel,723,,Warminster,United States,http://www.pdcmachines.com,,,https://s23.a2zinc.net/clients/gna/actexpo2020/public/eBooth.aspx?IndexInList=85&FromPage=Exhibitors.aspx&ParentBoothID=&ListByBooth=true&BoothID=117448
Southern California Edison,1501,,Rosemead,United States,https://www.edison.com,,,https://s23.a2zinc.net/clients/gna/actexpo2020/public/eBooth.aspx?IndexInList=86&FromPage=Exhibitors.aspx&ParentBoothID=&ListByBooth=true&BoothID=115835
Southern California Gas Company,823,,Los Angeles,United States,,,,https://s23.a2zinc.net/clients/gna/actexpo2020/public/eBooth.aspx?IndexInList=87&FromPage=Exhibitors.aspx&ParentBoothID=&ListByBooth=true&BoothID=117453
SPAL USA,728,,Ankeny,United States,www.spalusa.com,,,https://s23.a2zinc.net/clients/gna/actexpo2020/public/eBooth.aspx?IndexInList=88&FromPage=Exhibitors.aspx&ParentBoothID=&ListByBooth=true&BoothID=117188
SSP,731,,Twinsburg,United States,http://www.mysspusa.com,,,https://s23.a2zinc.net/clients/gna/actexpo2020/public/eBooth.aspx?IndexInList=89&FromPage=Exhibitors.aspx&ParentBoothID=&ListByBooth=true&BoothID=115771
Staubli Electrical Connectors,1717,,Windsor,United States,,,,https://s23.a2zinc.net/clients/gna/actexpo2020/public/eBooth.aspx?IndexInList=90&FromPage=Exhibitors.aspx&ParentBoothID=&ListByBooth=true&BoothID=117348
Staubli Fluid Connectors,926,,Duncan,United States,http://www.staubli.com,,,https://s23.a2zinc.net/clients/gna/actexpo2020/public/eBooth.aspx?IndexInList=91&FromPage=Exhibitors.aspx&ParentBoothID=&ListByBooth=true&BoothID=117224
The Lion Electric Co.,1800,,Sacramento,United States,https://thelionelectric.com,,,https://s23.a2zinc.net/clients/gna/actexpo2020/public/eBooth.aspx?IndexInList=92&FromPage=Exhibitors.aspx&ParentBoothID=&ListByBooth=true&BoothID=115836
The Mobility House,1517,,Sunnyvale,United States,http://www.mobilityhouse.com,,,https://s23.a2zinc.net/clients/gna/actexpo2020/public/eBooth.aspx?IndexInList=93&FromPage=Exhibitors.aspx&ParentBoothID=&ListByBooth=true&BoothID=117669
Toyota Motor North America,1307,,Plano,United States,http://www.fleet.toyota.com,,,https://s23.a2zinc.net/clients/gna/actexpo2020/public/eBooth.aspx?IndexInList=94&FromPage=Exhibitors.aspx&ParentBoothID=&ListByBooth=true&BoothID=115793
Trillium,1010,,Houston,United States,http://www.Loves.com,,,https://s23.a2zinc.net/clients/gna/actexpo2020/public/eBooth.aspx?IndexInList=95&FromPage=Exhibitors.aspx&ParentBoothID=&ListByBooth=true&BoothID=115754
TruStar Energy,447,,Rancho Cucamonga,United States,http://www.trustarenergy.com,,,https://s23.a2zinc.net/clients/gna/actexpo2020/public/eBooth.aspx?IndexInList=96&FromPage=Exhibitors.aspx&ParentBoothID=&ListByBooth=true&BoothID=115884
Tulsa Gas Technologies,655,,Tulsa,United States,http://www.tulsagastech.com,,,https://s23.a2zinc.net/clients/gna/actexpo2020/public/eBooth.aspx?IndexInList=97&FromPage=Exhibitors.aspx&ParentBoothID=&ListByBooth=true&BoothID=115847
U.S. Gain,830,,Appleton,United States,http://www.usgain.com,,,https://s23.a2zinc.net/clients/gna/actexpo2020/public/eBooth.aspx?IndexInList=98&FromPage=Exhibitors.aspx&ParentBoothID=&ListByBooth=true&BoothID=115752
Valvoline Heavy Duty,923,,Lexington,United States,,,,https://s23.a2zinc.net/clients/gna/actexpo2020/public/eBooth.aspx?IndexInList=99&FromPage=Exhibitors.aspx&ParentBoothID=&ListByBooth=true&BoothID=117503
Vanner,1028,,Hilliard,United States,,,,https://s23.a2zinc.net/clients/gna/actexpo2020/public/eBooth.aspx?IndexInList=100&FromPage=Exhibitors.aspx&ParentBoothID=&ListByBooth=true&BoothID=115862
ViriCiti,1913,,Amsterdam,Netherlands,http://www.viriciti.com,,,https://s23.a2zinc.net/clients/gna/actexpo2020/public/eBooth.aspx?IndexInList=101&FromPage=Exhibitors.aspx&ParentBoothID=&ListByBooth=true&BoothID=117733
Volvo Trucks,1647,,Greensboro,United States,http://www.volvotrucks.us.com,,,https://s23.a2zinc.net/clients/gna/actexpo2020/public/eBooth.aspx?IndexInList=102&FromPage=Exhibitors.aspx&ParentBoothID=&ListByBooth=true&BoothID=117636
WEH Technologies,1024,,Katy,United States,http://www.weh.us,,,https://s23.a2zinc.net/clients/gna/actexpo2020/public/eBooth.aspx?IndexInList=103&FromPage=Exhibitors.aspx&ParentBoothID=&ListByBooth=true&BoothID=117506
Worthington Industries,1017,,Columbus,United States,http://worthingtonindustries.com,,,https://s23.a2zinc.net/clients/gna/actexpo2020/public/eBooth.aspx?IndexInList=104&FromPage=Exhibitors.aspx&ParentBoothID=&ListByBooth=true&BoothID=117001
XALT Energy,1417,,Midland,United States,,,,https://s23.a2zinc.net/clients/gna/actexpo2020/public/eBooth.aspx?IndexInList=105&FromPage=Exhibitors.aspx&ParentBoothID=&ListByBooth=true&BoothID=115871
Xebec,1116,,Blainville,Canada,http://www.xebecinc.com,,,https://s23.a2zinc.net/clients/gna/actexpo2020/public/eBooth.aspx?IndexInList=106&FromPage=Exhibitors.aspx&ParentBoothID=&ListByBooth=true&BoothID=117004
XL,1211,,Boston,United States,http://www.xlfleet.com,,,https://s23.a2zinc.net/clients/gna/actexpo2020/public/eBooth.aspx?IndexInList=107&FromPage=Exhibitors.aspx&ParentBoothID=&ListByBooth=true&BoothID=115760
Zero Impact Solutions,1419,,Sherman Oaks ,United States,http://www.zi.solutions.com,,,https://s23.a2zinc.net/clients/gna/actexpo2020/public/eBooth.aspx?IndexInList=108&FromPage=Exhibitors.aspx&ParentBoothID=&ListByBooth=true&BoothID=115849
