Name,Booth_no,Address,City,Country,website,Contact_no,product,url
3branch Products,1523,,Northbrook,United States,http://www.3branch.com,,,https://s23.a2zinc.net/clients/corcexpo/pla2020/Public/eBooth.aspx?IndexInList=0&FromPage=Exhibitors.aspx&ParentBoothID=&ListByBooth=true&BoothID=122212
4imprint,1245,,Oshkosh,United States,http://www.4imprint.com,,"Apparel Environmental Products Fund Raising Government Services Library Store,Promotional Products",https://s23.a2zinc.net/clients/corcexpo/pla2020/Public/eBooth.aspx?IndexInList=1&FromPage=Exhibitors.aspx&ParentBoothID=&ListByBooth=true&BoothID=122190
720 design,744,,Dallas,United States,www.720design.net,,,https://s23.a2zinc.net/clients/corcexpo/pla2020/Public/eBooth.aspx?IndexInList=2&FromPage=Exhibitors.aspx&ParentBoothID=&ListByBooth=true&BoothID=122000
ABC-CLIO,1244,,Santa Barbara,United States,http://www.abc-clio.com,,Database e-Books Reference Books,https://s23.a2zinc.net/clients/corcexpo/pla2020/Public/eBooth.aspx?IndexInList=3&FromPage=Exhibitors.aspx&ParentBoothID=&ListByBooth=true&BoothID=122189
ABDO,423,,Minneapolis,United States,http://www.abdopublishing.com,,,https://s23.a2zinc.net/clients/corcexpo/pla2020/Public/eBooth.aspx?IndexInList=4&FromPage=Exhibitors.aspx&ParentBoothID=&ListByBooth=true&BoothID=122133
"ALA Office for Diversity, Literacy & Outreach Services",848,,Chicago,United States,http://ala.org/diversity,,,https://s23.a2zinc.net/clients/corcexpo/pla2020/Public/eBooth.aspx?IndexInList=5&FromPage=Exhibitors.aspx&ParentBoothID=&ListByBooth=true&BoothID=122010
ALA Store    American Library Association,522,,Chicago,United States,http://www.ala.org/,,,https://s23.a2zinc.net/clients/corcexpo/pla2020/Public/eBooth.aspx?IndexInList=6&FromPage=Exhibitors.aspx&ParentBoothID=&ListByBooth=true&BoothID=122134
Ambauminable LLC,1915,,Seattle,United States,www.librarycomic.com,,,https://s23.a2zinc.net/clients/corcexpo/pla2020/Public/eBooth.aspx?IndexInList=7&FromPage=Exhibitors.aspx&ParentBoothID=&ListByBooth=true&BoothID=122086
American Library Association,845,,Chicago,United States,http://www.ala.org,,Associations,https://s23.a2zinc.net/clients/corcexpo/pla2020/Public/eBooth.aspx?IndexInList=8&FromPage=Exhibitors.aspx&ParentBoothID=&ListByBooth=true&BoothID=122164
Assabet Interactive,1744,,Concord,United States,https://www.assabetinteractive.com,,,https://s23.a2zinc.net/clients/corcexpo/pla2020/Public/eBooth.aspx?IndexInList=9&FromPage=Exhibitors.aspx&ParentBoothID=&ListByBooth=true&BoothID=122062
AtoZDatabases,1348,,Omaha,United States,www.atozdatabases.com,,,https://s23.a2zinc.net/clients/corcexpo/pla2020/Public/eBooth.aspx?IndexInList=10&FromPage=Exhibitors.aspx&ParentBoothID=&ListByBooth=true&BoothID=122024
"Auto-Graphics, Inc.",417,,Ontario,United States,http://www.auto-graphics.com,,,https://s23.a2zinc.net/clients/corcexpo/pla2020/Public/eBooth.aspx?IndexInList=11&FromPage=Exhibitors.aspx&ParentBoothID=&ListByBooth=true&BoothID=122132
AWE Learning,1433,,Chester,United States,http://www.awelearning.com,,e-Books Literacy,https://s23.a2zinc.net/clients/corcexpo/pla2020/Public/eBooth.aspx?IndexInList=12&FromPage=Exhibitors.aspx&ParentBoothID=&ListByBooth=true&BoothID=122174
Backstage Library Works,1610,,Provo,United States,http://www.bslw.com,,,https://s23.a2zinc.net/clients/corcexpo/pla2020/Public/eBooth.aspx?IndexInList=13&FromPage=Exhibitors.aspx&ParentBoothID=&ListByBooth=true&BoothID=122045
Baker & Taylor,1113,,Charlotte,United States,http://www.btol.com,,,https://s23.a2zinc.net/clients/corcexpo/pla2020/Public/eBooth.aspx?IndexInList=14&FromPage=Exhibitors.aspx&ParentBoothID=&ListByBooth=true&BoothID=122204
Baker Publishing Group,934,,Ada,United States,http://www.bakerpublishinggroup.com,,Audio Books Books Business Books e-Books Large Print Books Mystery Books Reference Books Religious Book,https://s23.a2zinc.net/clients/corcexpo/pla2020/Public/eBooth.aspx?IndexInList=15&FromPage=Exhibitors.aspx&ParentBoothID=&ListByBooth=true&BoothID=122163
BCWH / Tapp_,1826,,Richmond,United States,http://www.tappe.com,,,https://s23.a2zinc.net/clients/corcexpo/pla2020/Public/eBooth.aspx?IndexInList=16&FromPage=Exhibitors.aspx&ParentBoothID=&ListByBooth=true&BoothID=158865
"Bellwether Media, Inc.",344,,Minnetonka,United States,http://www.bellwethermedia.com,,,https://s23.a2zinc.net/clients/corcexpo/pla2020/Public/eBooth.aspx?IndexInList=17&FromPage=Exhibitors.aspx&ParentBoothID=&ListByBooth=true&BoothID=121976
Better Containers Mfg. Co.,938,,Hillside,United States,http://www.bettercontainers.com,,,https://s23.a2zinc.net/clients/corcexpo/pla2020/Public/eBooth.aspx?IndexInList=18&FromPage=Exhibitors.aspx&ParentBoothID=&ListByBooth=true&BoothID=122011
Better World Books,1145,,Mishawaka,United States,http://www.betterworldbooks.com,,,https://s23.a2zinc.net/clients/corcexpo/pla2020/Public/eBooth.aspx?IndexInList=19&FromPage=Exhibitors.aspx&ParentBoothID=&ListByBooth=true&BoothID=122188
BiblioCommons Inc.,623,,Toronto,Canada,http://www.bibliocommons.com,,,https://s23.a2zinc.net/clients/corcexpo/pla2020/Public/eBooth.aspx?IndexInList=20&FromPage=Exhibitors.aspx&ParentBoothID=&ListByBooth=true&BoothID=122147
BiblioLabs / BiblioBoard,939,,Charleston,United States,,,,https://s23.a2zinc.net/clients/corcexpo/pla2020/Public/eBooth.aspx?IndexInList=21&FromPage=Exhibitors.aspx&ParentBoothID=&ListByBooth=true&BoothID=122176
Biblionix,841,,Austin,United States,https://www.biblionix.com,,Automation,https://s23.a2zinc.net/clients/corcexpo/pla2020/Public/eBooth.aspx?IndexInList=22&FromPage=Exhibitors.aspx&ParentBoothID=&ListByBooth=true&BoothID=122007
Bibliotheca,515,,Oakdale,United States,http://www.bibliotheca-rfid.com,,Audio Books Automation Computer Software e-Books Electronic Library Kiosk,https://s23.a2zinc.net/clients/corcexpo/pla2020/Public/eBooth.aspx?IndexInList=23&FromPage=Exhibitors.aspx&ParentBoothID=&ListByBooth=true&BoothID=122140
Biblomodel,1144,,Mexico,Mexico,http://www.biblomodel.com,,,https://s23.a2zinc.net/clients/corcexpo/pla2020/Public/eBooth.aspx?IndexInList=24&FromPage=Exhibitors.aspx&ParentBoothID=&ListByBooth=true&BoothID=122187
Birchard Co / EZDrop,422,,Claremont,United States,http://www.ezdrop.biz,,"Display Cases,Fixtures,Systems Furniture",https://s23.a2zinc.net/clients/corcexpo/pla2020/Public/eBooth.aspx?IndexInList=25&FromPage=Exhibitors.aspx&ParentBoothID=&ListByBooth=true&BoothID=121987
Blackstone Audio,325,,Ashland,United States,http://www.blackstoneaudio.com,,,https://s23.a2zinc.net/clients/corcexpo/pla2020/Public/eBooth.aspx?IndexInList=26&FromPage=Exhibitors.aspx&ParentBoothID=&ListByBooth=true&BoothID=122127
Blick Art Materials,1148,,Galesburg,United States,www.dickblick.com,,,https://s23.a2zinc.net/clients/corcexpo/pla2020/Public/eBooth.aspx?IndexInList=27&FromPage=Exhibitors.aspx&ParentBoothID=&ListByBooth=true&BoothID=122016
Blink,1412,,Phoenix,United States,,,,https://s23.a2zinc.net/clients/corcexpo/pla2020/Public/eBooth.aspx?IndexInList=28&FromPage=Exhibitors.aspx&ParentBoothID=&ListByBooth=true&BoothID=132012
Bloomsbury,1618,,New York,United States,http://www.walkerbooks.com,,,https://s23.a2zinc.net/clients/corcexpo/pla2020/Public/eBooth.aspx?IndexInList=29&FromPage=Exhibitors.aspx&ParentBoothID=&ListByBooth=true&BoothID=132036
BMI Digital Reel,1044,,Sunnyvale,United States,http://www.bmiimaging.com,,"Digital Content Hosting,Repository Digitization Genealogy Microfiche Microfilms",https://s23.a2zinc.net/clients/corcexpo/pla2020/Public/eBooth.aspx?IndexInList=30&FromPage=Exhibitors.aspx&ParentBoothID=&ListByBooth=true&BoothID=122185
Book Publishing Company,240,,Summertown,United States,,,,https://s23.a2zinc.net/clients/corcexpo/pla2020/Public/eBooth.aspx?IndexInList=31&FromPage=Exhibitors.aspx&ParentBoothID=&ListByBooth=true&BoothID=121967
Book Systems,1723,,Huntsville,United States,http://www.booksys.com,,,https://s23.a2zinc.net/clients/corcexpo/pla2020/Public/eBooth.aspx?IndexInList=32&FromPage=Exhibitors.aspx&ParentBoothID=&ListByBooth=true&BoothID=122213
Booklist Publications,317,,Chicago,United States,http://www.ala.org/booklist,,,https://s23.a2zinc.net/clients/corcexpo/pla2020/Public/eBooth.aspx?IndexInList=33&FromPage=Exhibitors.aspx&ParentBoothID=&ListByBooth=true&BoothID=122126
BookPage,1606,,Nashville,United States,http://www.bookpage.com,,Audio Books Books Children’s Books Magazines Mystery Books,https://s23.a2zinc.net/clients/corcexpo/pla2020/Public/eBooth.aspx?IndexInList=34&FromPage=Exhibitors.aspx&ParentBoothID=&ListByBooth=true&BoothID=122224
Brainfuse,1333,,New York,United States,http://www.brainfuse.com,,,https://s23.a2zinc.net/clients/corcexpo/pla2020/Public/eBooth.aspx?IndexInList=35&FromPage=Exhibitors.aspx&ParentBoothID=&ListByBooth=true&BoothID=122173
Brodart Co.,700,,Williamsport,United States,http://www.brodart.com,,"Archival Products Audio Books Book Repair & Preservation Book Wholesalers Books,Audio Leasing Cataloging Consulting Services Display Cases,Fixtures,Systems Furniture Graphic Novels,Comic Books",https://s23.a2zinc.net/clients/corcexpo/pla2020/Public/eBooth.aspx?IndexInList=36&FromPage=Exhibitors.aspx&ParentBoothID=&ListByBooth=true&BoothID=122151
"Burgeon Group, LLC",433,,Phoenix,United States,http://www.2burgeon.com,,,https://s23.a2zinc.net/clients/corcexpo/pla2020/Public/eBooth.aspx?IndexInList=37&FromPage=Exhibitors.aspx&ParentBoothID=&ListByBooth=true&BoothID=122135
ByWater Solutions,1706,,Santa Barbara,United States,https://bywatersolutions.com/,,Automation Cataloging Computer Software,https://s23.a2zinc.net/clients/corcexpo/pla2020/Public/eBooth.aspx?IndexInList=38&FromPage=Exhibitors.aspx&ParentBoothID=&ListByBooth=true&BoothID=122229
Candlewick Press,1713,,Somerville,United States,http://www.candlewick.com,,,https://s23.a2zinc.net/clients/corcexpo/pla2020/Public/eBooth.aspx?IndexInList=39&FromPage=Exhibitors.aspx&ParentBoothID=&ListByBooth=true&BoothID=122057
"Capira Technologies, LLC.",1445,,Natick,United States,http://www.capiratech.com/,,,https://s23.a2zinc.net/clients/corcexpo/pla2020/Public/eBooth.aspx?IndexInList=40&FromPage=Exhibitors.aspx&ParentBoothID=&ListByBooth=true&BoothID=122027
Cardinal Publishers Group,134,,Indianapolis,United States,www.cardinalpub.com,,,https://s23.a2zinc.net/clients/corcexpo/pla2020/Public/eBooth.aspx?IndexInList=41&FromPage=Exhibitors.aspx&ParentBoothID=&ListByBooth=true&BoothID=121946
Center Point Large Print,1722,,Thorndike,United States,http://www.centerpointlargeprint.com,,Large Print Books,https://s23.a2zinc.net/clients/corcexpo/pla2020/Public/eBooth.aspx?IndexInList=42&FromPage=Exhibitors.aspx&ParentBoothID=&ListByBooth=true&BoothID=122058
Charlesbridge,109,,Watertown,United States,http://www.charlesbridge.com,,Art Books Audio Books Books Children’s Books Cookbooks e-Books Literacy Paperback Books Puzzles and Games Resource and Activity Books,https://s23.a2zinc.net/clients/corcexpo/pla2020/Public/eBooth.aspx?IndexInList=43&FromPage=Exhibitors.aspx&ParentBoothID=&ListByBooth=true&BoothID=121941
Cherry Lake Publishing / Sleeping Bear Press,106,,Ann Arbor,United States,http://www.cherrylakepublishing.com,,Books,https://s23.a2zinc.net/clients/corcexpo/pla2020/Public/eBooth.aspx?IndexInList=44&FromPage=Exhibitors.aspx&ParentBoothID=&ListByBooth=true&BoothID=121939
"Children's Plus, Inc.",533,,Beecher,United States,http://www.childrensplusinc.com,,,https://s23.a2zinc.net/clients/corcexpo/pla2020/Public/eBooth.aspx?IndexInList=45&FromPage=Exhibitors.aspx&ParentBoothID=&ListByBooth=true&BoothID=122143
"ChiliFresh Enterprises, Inc.",333,,Olathe,United States,http://www.chilifresh.com,,Computer Software Database Online Search Services Outreach,https://s23.a2zinc.net/clients/corcexpo/pla2020/Public/eBooth.aspx?IndexInList=46&FromPage=Exhibitors.aspx&ParentBoothID=&ListByBooth=true&BoothID=122129
"ChinaSprout, Inc.",747,,Long Island City,United States,http://www.chinasprout.com,,,https://s23.a2zinc.net/clients/corcexpo/pla2020/Public/eBooth.aspx?IndexInList=47&FromPage=Exhibitors.aspx&ParentBoothID=&ListByBooth=true&BoothID=122003
Chooseco,141,,Waitsfield,United States,www.cyoa.com,,,https://s23.a2zinc.net/clients/corcexpo/pla2020/Public/eBooth.aspx?IndexInList=48&FromPage=Exhibitors.aspx&ParentBoothID=&ListByBooth=true&BoothID=121952
Chronicle Books,108,,San Francisco,United States,https://www.chroniclebooks.com/,,,https://s23.a2zinc.net/clients/corcexpo/pla2020/Public/eBooth.aspx?IndexInList=49&FromPage=Exhibitors.aspx&ParentBoothID=&ListByBooth=true&BoothID=122103
Collaborative Summer Library Program,741,,Mason City,United States,http://www.cslpreads.org,,,https://s23.a2zinc.net/clients/corcexpo/pla2020/Public/eBooth.aspx?IndexInList=50&FromPage=Exhibitors.aspx&ParentBoothID=&ListByBooth=true&BoothID=122158
Combined Book Exhibit,1213,,Buchanan,United States,http://www.combinedbook.com,,,https://s23.a2zinc.net/clients/corcexpo/pla2020/Public/eBooth.aspx?IndexInList=51&FromPage=Exhibitors.aspx&ParentBoothID=&ListByBooth=true&BoothID=122207
Communico,523,,Stamford,United States,http://communico.co,,,https://s23.a2zinc.net/clients/corcexpo/pla2020/Public/eBooth.aspx?IndexInList=52&FromPage=Exhibitors.aspx&ParentBoothID=&ListByBooth=true&BoothID=122142
Comprise Technologies,1233,,Navesink,United States,http://www.comprisetechnologies.com,,,https://s23.a2zinc.net/clients/corcexpo/pla2020/Public/eBooth.aspx?IndexInList=53&FromPage=Exhibitors.aspx&ParentBoothID=&ListByBooth=true&BoothID=122172
Connectrac,1734,,Dallas,United States,www.connectracflex.com,,,https://s23.a2zinc.net/clients/corcexpo/pla2020/Public/eBooth.aspx?IndexInList=54&FromPage=Exhibitors.aspx&ParentBoothID=&ListByBooth=true&BoothID=158873
Consumer Financial Protection Bureau,949,,Washington ,United States,www.consumerfinance.gov,,,https://s23.a2zinc.net/clients/corcexpo/pla2020/Public/eBooth.aspx?IndexInList=55&FromPage=Exhibitors.aspx&ParentBoothID=&ListByBooth=true&BoothID=122013
ConverSight.ai,444,,Carmel,United States,www.conversight.ai,,,https://s23.a2zinc.net/clients/corcexpo/pla2020/Public/eBooth.aspx?IndexInList=56&FromPage=Exhibitors.aspx&ParentBoothID=&ListByBooth=true&BoothID=121988
Counting Opinions,1049,,Toronto,Canada,https://www.countingopinions.com,,,https://s23.a2zinc.net/clients/corcexpo/pla2020/Public/eBooth.aspx?IndexInList=57&FromPage=Exhibitors.aspx&ParentBoothID=&ListByBooth=true&BoothID=122015
Creativebug,539,,Hudson,United States,http://www.creativebug.com/libraries,,Database,https://s23.a2zinc.net/clients/corcexpo/pla2020/Public/eBooth.aspx?IndexInList=58&FromPage=Exhibitors.aspx&ParentBoothID=&ListByBooth=true&BoothID=122144
D.K. Agencies (P) Ltd.,1544,,New Delhi,India,http://www.dkagencies.com,,"Book Wholesalers Books Cataloging Childrenâs Books Foreign Language Books Graphic Novels,Comic Books Journals Magazines Paperback Books Rare Books",https://s23.a2zinc.net/clients/corcexpo/pla2020/Public/eBooth.aspx?IndexInList=59&FromPage=Exhibitors.aspx&ParentBoothID=&ListByBooth=true&BoothID=122039
Demco,1000,,Madison,United States,http://www.demco.com,,,https://s23.a2zinc.net/clients/corcexpo/pla2020/Public/eBooth.aspx?IndexInList=60&FromPage=Exhibitors.aspx&ParentBoothID=&ListByBooth=true&BoothID=171079
Diamond Book Distributors,101,,Hunt Valley,United States,diamondbookshelf.com,,,https://s23.a2zinc.net/clients/corcexpo/pla2020/Public/eBooth.aspx?IndexInList=61&FromPage=Exhibitors.aspx&ParentBoothID=&ListByBooth=true&BoothID=122106
Digital Transitions,339,,New York,United States,www.dtculturalheritage.com,,,https://s23.a2zinc.net/clients/corcexpo/pla2020/Public/eBooth.aspx?IndexInList=62&FromPage=Exhibitors.aspx&ParentBoothID=&ListByBooth=true&BoothID=175867
Disney Book Group,223,,New York,United States,http://www.disneybooks.com,,,https://s23.a2zinc.net/clients/corcexpo/pla2020/Public/eBooth.aspx?IndexInList=63&FromPage=Exhibitors.aspx&ParentBoothID=&ListByBooth=true&BoothID=122276
DLSG at Image Access,801,,Boca Raton,United States,http://www.dlsg.com,,,https://s23.a2zinc.net/clients/corcexpo/pla2020/Public/eBooth.aspx?IndexInList=64&FromPage=Exhibitors.aspx&ParentBoothID=&ListByBooth=true&BoothID=122156
DotBlock,139,,Clifton Park,United States,dotblock.com,,,https://s23.a2zinc.net/clients/corcexpo/pla2020/Public/eBooth.aspx?IndexInList=65&FromPage=Exhibitors.aspx&ParentBoothID=&ListByBooth=true&BoothID=121950
"D-Tech International USA, LLC",644,,Rio Grande,United States,http://www.d-techinternational.com/,,,https://s23.a2zinc.net/clients/corcexpo/pla2020/Public/eBooth.aspx?IndexInList=66&FromPage=Exhibitors.aspx&ParentBoothID=&ListByBooth=true&BoothID=122146
EBSCO Information Services,1016,,Ipswich,United States,http://www.ebsco.com,,Database e-Books Magazines,https://s23.a2zinc.net/clients/corcexpo/pla2020/Public/eBooth.aspx?IndexInList=67&FromPage=Exhibitors.aspx&ParentBoothID=&ListByBooth=true&BoothID=122167
Edelweiss+,1717,,Ann Arbor,United States,http://www.abovethetreeline.com/,,,https://s23.a2zinc.net/clients/corcexpo/pla2020/Public/eBooth.aspx?IndexInList=68&FromPage=Exhibitors.aspx&ParentBoothID=&ListByBooth=true&BoothID=175871
e-ImageData Corp,1923,,Hartford,United States,http://www.e-imagedata.com,,"Archival Products Database Conversions Digital Content Hosting,Repository Digitization Genealogy Government Documents Government Services Microfiche Microfilms Reference Systems",https://s23.a2zinc.net/clients/corcexpo/pla2020/Public/eBooth.aspx?IndexInList=69&FromPage=Exhibitors.aspx&ParentBoothID=&ListByBooth=true&BoothID=122087
ELM USA Disc Repair,1841,,Buffalo Grove,United States,http://www.elm-usa.com,,"Audio Books Audio Visual Equipment Book Repair & Preservation CD-ROM Digitization Film, Video, & DVD Media Management Music",https://s23.a2zinc.net/clients/corcexpo/pla2020/Public/eBooth.aspx?IndexInList=70&FromPage=Exhibitors.aspx&ParentBoothID=&ListByBooth=true&BoothID=122072
Emery-Pratt Company,412,,Owosso,United States,http://www.emery-pratt.com,,,https://s23.a2zinc.net/clients/corcexpo/pla2020/Public/eBooth.aspx?IndexInList=71&FromPage=Exhibitors.aspx&ParentBoothID=&ListByBooth=true&BoothID=121985
"Emporia State University, School of Library and Information Management",1347,,Emporia,United States,www.emporia.edu/slim,,,https://s23.a2zinc.net/clients/corcexpo/pla2020/Public/eBooth.aspx?IndexInList=72&FromPage=Exhibitors.aspx&ParentBoothID=&ListByBooth=true&BoothID=122023
EnvisionWare,1101,,Duluth,United States,http://www.envisionware.com,,Automation Computer Hardware Computer Software Document Delivery Systems Electronic Library Kiosk Online Search Services,https://s23.a2zinc.net/clients/corcexpo/pla2020/Public/eBooth.aspx?IndexInList=73&FromPage=Exhibitors.aspx&ParentBoothID=&ListByBooth=true&BoothID=122203
Equinox Open Library Initiative,1807,,Norcross,United States,http://www.esilibrary.com,,,https://s23.a2zinc.net/clients/corcexpo/pla2020/Public/eBooth.aspx?IndexInList=74&FromPage=Exhibitors.aspx&ParentBoothID=&ListByBooth=true&BoothID=122067
Estey / Tennsco,1607,,Dickson,United States,http://www.esteyshelving.com,,Furniture Mobile Storage,https://s23.a2zinc.net/clients/corcexpo/pla2020/Public/eBooth.aspx?IndexInList=75&FromPage=Exhibitors.aspx&ParentBoothID=&ListByBooth=true&BoothID=122228
Eustis Chair,1345,,Brighton,United States,http://www.eustischair.com,,Furniture,https://s23.a2zinc.net/clients/corcexpo/pla2020/Public/eBooth.aspx?IndexInList=76&FromPage=Exhibitors.aspx&ParentBoothID=&ListByBooth=true&BoothID=122022
FamilySearch,1249,,Salt Lake City,United States,http://www.familysearch.org,,,https://s23.a2zinc.net/clients/corcexpo/pla2020/Public/eBooth.aspx?IndexInList=77&FromPage=Exhibitors.aspx&ParentBoothID=&ListByBooth=true&BoothID=122019
Farber Specialty Vehicles,1518,,Reynoldsburg,United States,http://www.farberspecialty.com,,,https://s23.a2zinc.net/clients/corcexpo/pla2020/Public/eBooth.aspx?IndexInList=78&FromPage=Exhibitors.aspx&ParentBoothID=&ListByBooth=true&BoothID=122038
FaxScan24,1623,,Redding,United States,http://www.faxscan24.com,,Automation Copiers Document Delivery Systems Electronic Library Kiosk,https://s23.a2zinc.net/clients/corcexpo/pla2020/Public/eBooth.aspx?IndexInList=79&FromPage=Exhibitors.aspx&ParentBoothID=&ListByBooth=true&BoothID=143960
FE Technologies,1739,,South Geelong,Australia,http://www.fetechgroup.com,,,https://s23.a2zinc.net/clients/corcexpo/pla2020/Public/eBooth.aspx?IndexInList=80&FromPage=Exhibitors.aspx&ParentBoothID=&ListByBooth=true&BoothID=122198
Firefly Books,1611,,Richmond Hill,Canada,http://www.fireflybooks.com,,"Art Books Books Children’s Books Cookbooks Graphic Novels,Comic Books Reference Books",https://s23.a2zinc.net/clients/corcexpo/pla2020/Public/eBooth.aspx?IndexInList=81&FromPage=Exhibitors.aspx&ParentBoothID=&ListByBooth=true&BoothID=122046
Fitzhenry & Whiteside,1719,,Markham,Canada,fitzhenry.ca,,,https://s23.a2zinc.net/clients/corcexpo/pla2020/Public/eBooth.aspx?IndexInList=82&FromPage=Exhibitors.aspx&ParentBoothID=&ListByBooth=true&BoothID=175870
Fox Chapel Publishing,1827,,Mount Joy,United States,http://www.foxchapelb2b.com/,,Books Children’s Books Cookbooks e-Books Music Reference Paperback Books Religious Book Resource and Activity Books,https://s23.a2zinc.net/clients/corcexpo/pla2020/Public/eBooth.aspx?IndexInList=83&FromPage=Exhibitors.aspx&ParentBoothID=&ListByBooth=true&BoothID=175872
"Gale, a Cengage Company",712,,Farmington Hills,United States,http://www.gale.com,,Books Database Demographics Directories e-Books Large Print Books Literacy Online Search Services Outreach Reference Books,https://s23.a2zinc.net/clients/corcexpo/pla2020/Public/eBooth.aspx?IndexInList=84&FromPage=Exhibitors.aspx&ParentBoothID=&ListByBooth=true&BoothID=122152
Gressco Ltd,840,,Waunakee,United States,http://www.gresscoltd.com,,,https://s23.a2zinc.net/clients/corcexpo/pla2020/Public/eBooth.aspx?IndexInList=85&FromPage=Exhibitors.aspx&ParentBoothID=&ListByBooth=true&BoothID=122159
Hachette Book Group,224,,New York,United States,http://www.hbgusa.com,,,https://s23.a2zinc.net/clients/corcexpo/pla2020/Public/eBooth.aspx?IndexInList=86&FromPage=Exhibitors.aspx&ParentBoothID=&ListByBooth=true&BoothID=122112
Hale Manufacturing,1837,,Frankfort ,United States,www.halemfg.com,,,https://s23.a2zinc.net/clients/corcexpo/pla2020/Public/eBooth.aspx?IndexInList=87&FromPage=Exhibitors.aspx&ParentBoothID=&ListByBooth=true&BoothID=122070
Harlequin,1415,,New York,United States,,,,https://s23.a2zinc.net/clients/corcexpo/pla2020/Public/eBooth.aspx?IndexInList=88&FromPage=Exhibitors.aspx&ParentBoothID=&ListByBooth=true&BoothID=132017
Harper Audio,1419,,New York,United States,,,,https://s23.a2zinc.net/clients/corcexpo/pla2020/Public/eBooth.aspx?IndexInList=89&FromPage=Exhibitors.aspx&ParentBoothID=&ListByBooth=true&BoothID=132015
HarperCollins Children’s Books,1408,,New York,United States,,,,https://s23.a2zinc.net/clients/corcexpo/pla2020/Public/eBooth.aspx?IndexInList=90&FromPage=Exhibitors.aspx&ParentBoothID=&ListByBooth=true&BoothID=132014
HarperCollins Leadership,1416,,Nashville,United States,,,,https://s23.a2zinc.net/clients/corcexpo/pla2020/Public/eBooth.aspx?IndexInList=91&FromPage=Exhibitors.aspx&ParentBoothID=&ListByBooth=true&BoothID=132010
HarperCollins Publishers,1409,,New York,United States,http://www.harpercollins.com,,,https://s23.a2zinc.net/clients/corcexpo/pla2020/Public/eBooth.aspx?IndexInList=92&FromPage=Exhibitors.aspx&ParentBoothID=&ListByBooth=true&BoothID=132020
HeinOnline,1905,,Getzville,United States,http://home.heinonline.org,,Database Online Search Services,https://s23.a2zinc.net/clients/corcexpo/pla2020/Public/eBooth.aspx?IndexInList=93&FromPage=Exhibitors.aspx&ParentBoothID=&ListByBooth=true&BoothID=122079
HMH Books & Media,111,,Boston,United States,http://hmhbooks.com,,,https://s23.a2zinc.net/clients/corcexpo/pla2020/Public/eBooth.aspx?IndexInList=94&FromPage=Exhibitors.aspx&ParentBoothID=&ListByBooth=true&BoothID=122107
Illion Digital Tech Solutions (Formerly Talkingtech),846,,Austin,United States,www.illiondts.com,,,https://s23.a2zinc.net/clients/corcexpo/pla2020/Public/eBooth.aspx?IndexInList=95&FromPage=Exhibitors.aspx&ParentBoothID=&ListByBooth=true&BoothID=122009
Independent Publishers Group (IPG),400,,Chicago,United States,http://www.ipgbook.com,,,https://s23.a2zinc.net/clients/corcexpo/pla2020/Public/eBooth.aspx?IndexInList=96&FromPage=Exhibitors.aspx&ParentBoothID=&ListByBooth=true&BoothID=122125
Infobase,1508,,New York,United States,http://www.factsonfile.com,,,https://s23.a2zinc.net/clients/corcexpo/pla2020/Public/eBooth.aspx?IndexInList=97&FromPage=Exhibitors.aspx&ParentBoothID=&ListByBooth=true&BoothID=122032
Ingram Content Group,"1123, 1223, 1308, 1309, 1323",,La Vergne,United States,http://www.ingramcontent.com,,"Book Wholesalers Books Cataloging Film, Video, & DVD",https://s23.a2zinc.net/clients/corcexpo/pla2020/Public/eBooth.aspx?IndexInList=98&FromPage=Exhibitors.aspx&ParentBoothID=&ListByBooth=true&BoothID=122205
"Innovative Interfaces, Inc.",817,,Emeryville,United States,http://www.iii.com,,,https://s23.a2zinc.net/clients/corcexpo/pla2020/Public/eBooth.aspx?IndexInList=99&FromPage=Exhibitors.aspx&ParentBoothID=&ListByBooth=true&BoothID=122155
iREAD,136,,Chicago,United States,https://www.ireadprogram.org/,,,https://s23.a2zinc.net/clients/corcexpo/pla2020/Public/eBooth.aspx?IndexInList=100&FromPage=Exhibitors.aspx&ParentBoothID=&ListByBooth=true&BoothID=121947
ITC Systems,944,,St. Louis,United States,https://itcsystems.com/,,,https://s23.a2zinc.net/clients/corcexpo/pla2020/Public/eBooth.aspx?IndexInList=101&FromPage=Exhibitors.aspx&ParentBoothID=&ListByBooth=true&BoothID=122165
JanWay Company,1625,,Cogan Station,United States,http://www.janway.com,,"Clothing Fund Raising Library Store,Promotional Products Outreach",https://s23.a2zinc.net/clients/corcexpo/pla2020/Public/eBooth.aspx?IndexInList=102&FromPage=Exhibitors.aspx&ParentBoothID=&ListByBooth=true&BoothID=143959
Jessica Kingsley Publishers,137,,Philadelphia,United States,www.jkp.com,,,https://s23.a2zinc.net/clients/corcexpo/pla2020/Public/eBooth.aspx?IndexInList=103&FromPage=Exhibitors.aspx&ParentBoothID=&ListByBooth=true&BoothID=121948
Jump! Library,345,,Minneapolis,United States,http://www.jumplibrary.com,,,https://s23.a2zinc.net/clients/corcexpo/pla2020/Public/eBooth.aspx?IndexInList=104&FromPage=Exhibitors.aspx&ParentBoothID=&ListByBooth=true&BoothID=121977
Junior Library Guild,1422,,Plain City,United States,http://www.juniorlibraryguild.com,,"Audio Books Books Children’s Books e-Books Foreign Language Books Graphic Novels,Comic Books Mystery Books Paperback Books Religious Book",https://s23.a2zinc.net/clients/corcexpo/pla2020/Public/eBooth.aspx?IndexInList=105&FromPage=Exhibitors.aspx&ParentBoothID=&ListByBooth=true&BoothID=132083
Kanopy,1601,,San Francisco,United States,www.kanopy.com,,,https://s23.a2zinc.net/clients/corcexpo/pla2020/Public/eBooth.aspx?IndexInList=106&FromPage=Exhibitors.aspx&ParentBoothID=&ListByBooth=true&BoothID=122227
Kapco Book Protection,346,,Kent,United States,http://www.kapcolibrary.com,,,https://s23.a2zinc.net/clients/corcexpo/pla2020/Public/eBooth.aspx?IndexInList=107&FromPage=Exhibitors.aspx&ParentBoothID=&ListByBooth=true&BoothID=121978
Kensington Publishing,1709,,Nashville,United States,http://www.kensingtonbooks.com,,,https://s23.a2zinc.net/clients/corcexpo/pla2020/Public/eBooth.aspx?IndexInList=108&FromPage=Exhibitors.aspx&ParentBoothID=&ListByBooth=true&BoothID=122234
Kingsley,1401,,Ontario,United States,https://www.kingsley.com,,,https://s23.a2zinc.net/clients/corcexpo/pla2020/Public/eBooth.aspx?IndexInList=109&FromPage=Exhibitors.aspx&ParentBoothID=&ListByBooth=true&BoothID=122220
Laptops Anytime,1139,,Dallas,United States,http://www.laptopsanytime.com,,,https://s23.a2zinc.net/clients/corcexpo/pla2020/Public/eBooth.aspx?IndexInList=110&FromPage=Exhibitors.aspx&ParentBoothID=&ListByBooth=true&BoothID=122178
Lerner Publishing Group,209,,Minneapolis,United States,http://www.lernerbooks.com,,Children’s Books,https://s23.a2zinc.net/clients/corcexpo/pla2020/Public/eBooth.aspx?IndexInList=111&FromPage=Exhibitors.aspx&ParentBoothID=&ListByBooth=true&BoothID=121962
Librarica LLC,835,,Dallas,United States,http://www.librarica.com,,,https://s23.a2zinc.net/clients/corcexpo/pla2020/Public/eBooth.aspx?IndexInList=112&FromPage=Exhibitors.aspx&ParentBoothID=&ListByBooth=true&BoothID=122162
"Library Design Systems, Inc.",844,,Houston,United States,http://www.ldsgroupusa.com,,,https://s23.a2zinc.net/clients/corcexpo/pla2020/Public/eBooth.aspx?IndexInList=113&FromPage=Exhibitors.aspx&ParentBoothID=&ListByBooth=true&BoothID=122008
"Library Ideas, LLC",1301,,Vienna,United States,http://www.libraryideas.com,,,https://s23.a2zinc.net/clients/corcexpo/pla2020/Public/eBooth.aspx?IndexInList=114&FromPage=Exhibitors.aspx&ParentBoothID=&ListByBooth=true&BoothID=122217
Library Juice Academy,1349,,Sacramento,United States,https://libraryjuiceacademy.com,,Consulting Services Library Science Texts Professional Services,https://s23.a2zinc.net/clients/corcexpo/pla2020/Public/eBooth.aspx?IndexInList=115&FromPage=Exhibitors.aspx&ParentBoothID=&ListByBooth=true&BoothID=122025
Library Market,1533,,Jonesboro,United States,www.librarymarket.com,,,https://s23.a2zinc.net/clients/corcexpo/pla2020/Public/eBooth.aspx?IndexInList=116&FromPage=Exhibitors.aspx&ParentBoothID=&ListByBooth=true&BoothID=122175
LibraryIQ,1644,,Rockville,United States,http://www.libraryiq.com,,Cataloging Consultants Consulting Services Facilities Management Professional Services,https://s23.a2zinc.net/clients/corcexpo/pla2020/Public/eBooth.aspx?IndexInList=117&FromPage=Exhibitors.aspx&ParentBoothID=&ListByBooth=true&BoothID=122051
Little Brown Books for Young Readers,225,,New York,United States,http://www.hbgusa.com,,"Audio Books Books Children’s Books Graphic Novels,Comic Books Paperback Books Poetry Books",https://s23.a2zinc.net/clients/corcexpo/pla2020/Public/eBooth.aspx?IndexInList=118&FromPage=Exhibitors.aspx&ParentBoothID=&ListByBooth=true&BoothID=122118
"Llewellyn Worldwide, Ltd.",222,,Woodbury,United States,http://www.llewellyn.com/library,,,https://s23.a2zinc.net/clients/corcexpo/pla2020/Public/eBooth.aspx?IndexInList=119&FromPage=Exhibitors.aspx&ParentBoothID=&ListByBooth=true&BoothID=121963
Lonely Planet,207,,Oakland,United States,http://www.lonelyplanet.com,,Books Children’s Books e-Books,https://s23.a2zinc.net/clients/corcexpo/pla2020/Public/eBooth.aspx?IndexInList=120&FromPage=Exhibitors.aspx&ParentBoothID=&ListByBooth=true&BoothID=121960
Lucas Color Cards,1716,,Oklahoma City,United States,http://www.premiercardsolutions.com,,,https://s23.a2zinc.net/clients/corcexpo/pla2020/Public/eBooth.aspx?IndexInList=121&FromPage=Exhibitors.aspx&ParentBoothID=&ListByBooth=true&BoothID=122231
"Lyngsoe Systems, Inc.",1733,,Frederick,United States,http://www.lyngsoesystems.com,,,https://s23.a2zinc.net/clients/corcexpo/pla2020/Public/eBooth.aspx?IndexInList=122&FromPage=Exhibitors.aspx&ParentBoothID=&ListByBooth=true&BoothID=122200
LYRASIS,1809,,Atlanta,United States,https://www.lyrasis.org,,"Archival Products Bar Codes Book Repair & Preservation Consulting Services Digital Content Hosting,Repository Digitization Disaster Planning e-Books Journals Outreach",https://s23.a2zinc.net/clients/corcexpo/pla2020/Public/eBooth.aspx?IndexInList=123&FromPage=Exhibitors.aspx&ParentBoothID=&ListByBooth=true&BoothID=122068
Mackin,217,,Burnsville,United States,http://www.mackin.com,,,https://s23.a2zinc.net/clients/corcexpo/pla2020/Public/eBooth.aspx?IndexInList=124&FromPage=Exhibitors.aspx&ParentBoothID=&ListByBooth=true&BoothID=122117
Macmillan Adult,1616,,New York,United States,http://www.macmillanlibrary.com,,Audio Books Books e-Books Mystery Books Paperback Books Poetry Books,https://s23.a2zinc.net/clients/corcexpo/pla2020/Public/eBooth.aspx?IndexInList=125&FromPage=Exhibitors.aspx&ParentBoothID=&ListByBooth=true&BoothID=132037
Macmillan Childrens Publishing Group  - MCPG,1614,,New York,United States,http://www.fsgkidsbooks.com,,,https://s23.a2zinc.net/clients/corcexpo/pla2020/Public/eBooth.aspx?IndexInList=126&FromPage=Exhibitors.aspx&ParentBoothID=&ListByBooth=true&BoothID=132038
Magazine Subscription Service Agency,413,,New Port Richey,United States,http://www.magazinesubservagy.com,,,https://s23.a2zinc.net/clients/corcexpo/pla2020/Public/eBooth.aspx?IndexInList=127&FromPage=Exhibitors.aspx&ParentBoothID=&ListByBooth=true&BoothID=121986
Magnolia Pictures,440,,richmond,United States,http://www.magnoliapictures.com/,,,https://s23.a2zinc.net/clients/corcexpo/pla2020/Public/eBooth.aspx?IndexInList=128&FromPage=Exhibitors.aspx&ParentBoothID=&ListByBooth=true&BoothID=175864
Mango Languages,723,,Farmington Hills,United States,http://www.mangolanguages.com,,,https://s23.a2zinc.net/clients/corcexpo/pla2020/Public/eBooth.aspx?IndexInList=129&FromPage=Exhibitors.aspx&ParentBoothID=&ListByBooth=true&BoothID=122153
"MARCIVE, Inc.",411,,San Antonio,United States,http://www.marcive.com,,,https://s23.a2zinc.net/clients/corcexpo/pla2020/Public/eBooth.aspx?IndexInList=130&FromPage=Exhibitors.aspx&ParentBoothID=&ListByBooth=true&BoothID=121984
"MatterHackers, Inc.",1736,,Foothill Ranch,United States,http://www.matterhackers.com,,Architects Automation Computer Software Digitization Graduate Studies,https://s23.a2zinc.net/clients/corcexpo/pla2020/Public/eBooth.aspx?IndexInList=131&FromPage=Exhibitors.aspx&ParentBoothID=&ListByBooth=true&BoothID=158872
McFarland & Company,324,,Jefferson,United States,http://www.mcfarlandpub.com,,,https://s23.a2zinc.net/clients/corcexpo/pla2020/Public/eBooth.aspx?IndexInList=132&FromPage=Exhibitors.aspx&ParentBoothID=&ListByBooth=true&BoothID=122119
meeScan Bintec Library Services Inc.,510,,Maple Ridge,Canada,http://www.meeScan.com,,,https://s23.a2zinc.net/clients/corcexpo/pla2020/Public/eBooth.aspx?IndexInList=133&FromPage=Exhibitors.aspx&ParentBoothID=&ListByBooth=true&BoothID=121992
Mergent by FTSE Russell,1209,,Fort Mill,United States,http://www.mergent.com,,,https://s23.a2zinc.net/clients/corcexpo/pla2020/Public/eBooth.aspx?IndexInList=134&FromPage=Exhibitors.aspx&ParentBoothID=&ListByBooth=true&BoothID=132026
Midwest Library Service,512,,Bridgeton,United States,http://www.midwestls.com,,Books Cataloging Children’s Books Out-of-Print Books Paperback Books,https://s23.a2zinc.net/clients/corcexpo/pla2020/Public/eBooth.aspx?IndexInList=135&FromPage=Exhibitors.aspx&ParentBoothID=&ListByBooth=true&BoothID=121993
Midwest Tape,633,,Holland,United States,http://www.midwesttapes.com,,,https://s23.a2zinc.net/clients/corcexpo/pla2020/Public/eBooth.aspx?IndexInList=136&FromPage=Exhibitors.aspx&ParentBoothID=&ListByBooth=true&BoothID=122148
MJ :Library Shelving by Aurora,1926,,Aurora,United States,https://www.aurorastorage.com/products/mjlibrary/,,,https://s23.a2zinc.net/clients/corcexpo/pla2020/Public/eBooth.aspx?IndexInList=137&FromPage=Exhibitors.aspx&ParentBoothID=&ListByBooth=true&BoothID=158862
"mk Solutions, Inc.",1339,,York,United States,http://www.mk-solutions.com,,Automation Bar Codes Bookmobiles Computer Hardware Computer Software Consulting Services e-Books Electronic Library Kiosk Professional Services,https://s23.a2zinc.net/clients/corcexpo/pla2020/Public/eBooth.aspx?IndexInList=138&FromPage=Exhibitors.aspx&ParentBoothID=&ListByBooth=true&BoothID=122180
MOBIUS,1924,,Columbia,United States,http://mobiusconsortium.org,,Automation,https://s23.a2zinc.net/clients/corcexpo/pla2020/Public/eBooth.aspx?IndexInList=139&FromPage=Exhibitors.aspx&ParentBoothID=&ListByBooth=true&BoothID=158863
"Morningstar, Inc.",740,,Chicago,United States,http://www.morningstar.com,,Database Financial Information Provider,https://s23.a2zinc.net/clients/corcexpo/pla2020/Public/eBooth.aspx?IndexInList=140&FromPage=Exhibitors.aspx&ParentBoothID=&ListByBooth=true&BoothID=122150
My Library Rewards,1638,,Avon,United States,www.mylibraryrewards.com,,,https://s23.a2zinc.net/clients/corcexpo/pla2020/Public/eBooth.aspx?IndexInList=141&FromPage=Exhibitors.aspx&ParentBoothID=&ListByBooth=true&BoothID=122183
National Center for Families Learning--NCFL,746,,Louisville,United States,familieslearning.org,,,https://s23.a2zinc.net/clients/corcexpo/pla2020/Public/eBooth.aspx?IndexInList=142&FromPage=Exhibitors.aspx&ParentBoothID=&ListByBooth=true&BoothID=122002
National Geographic,408,,Washington,United States,http://www.ngs.org,,,https://s23.a2zinc.net/clients/corcexpo/pla2020/Public/eBooth.aspx?IndexInList=143&FromPage=Exhibitors.aspx&ParentBoothID=&ListByBooth=true&BoothID=121982
National Network of Libraries of Medicine,1907,,Baltimore,United States,www.nnlm.gov,,,https://s23.a2zinc.net/clients/corcexpo/pla2020/Public/eBooth.aspx?IndexInList=144&FromPage=Exhibitors.aspx&ParentBoothID=&ListByBooth=true&BoothID=122081
"NewsBank, Inc. / Readex",1507,,Naples,United States,http://www.newsbank.com,,"Archival Products Database Digital Content Hosting,Repository Digitization Genealogy Online Search Services",https://s23.a2zinc.net/clients/corcexpo/pla2020/Public/eBooth.aspx?IndexInList=145&FromPage=Exhibitors.aspx&ParentBoothID=&ListByBooth=true&BoothID=122223
Niche Academy,1501,,Orem,United States,http://www.nicheacademy.com,,,https://s23.a2zinc.net/clients/corcexpo/pla2020/Public/eBooth.aspx?IndexInList=146&FromPage=Exhibitors.aspx&ParentBoothID=&ListByBooth=true&BoothID=122222
"Northern Micrographics, Inc.",1645,,La Crosse,United States,http://www.normicro.com,,Digitization Document Delivery Systems Microfilms,https://s23.a2zinc.net/clients/corcexpo/pla2020/Public/eBooth.aspx?IndexInList=147&FromPage=Exhibitors.aspx&ParentBoothID=&ListByBooth=true&BoothID=122052
"OCLC, Inc.",1022,,Dublin,United States,http://www.oclc.org,,,https://s23.a2zinc.net/clients/corcexpo/pla2020/Public/eBooth.aspx?IndexInList=148&FromPage=Exhibitors.aspx&ParentBoothID=&ListByBooth=true&BoothID=122168
Operation Warm,1740,,Chadds Ford,United States,https://www.operationwarm.org/our-partners/operation-warm-library-program/,,Children’s Books Clothing Professional Services,https://s23.a2zinc.net/clients/corcexpo/pla2020/Public/eBooth.aspx?IndexInList=149&FromPage=Exhibitors.aspx&ParentBoothID=&ListByBooth=true&BoothID=122061
OverDrive Inc.,823,,Cleveland,United States,https://company.overdrive.com,,Audio Books e-Books,https://s23.a2zinc.net/clients/corcexpo/pla2020/Public/eBooth.aspx?IndexInList=150&FromPage=Exhibitors.aspx&ParentBoothID=&ListByBooth=true&BoothID=122154
Oxford University Press,424,,Cary,United States,http://www.oup.com,,,https://s23.a2zinc.net/clients/corcexpo/pla2020/Public/eBooth.aspx?IndexInList=151&FromPage=Exhibitors.aspx&ParentBoothID=&ListByBooth=true&BoothID=122128
P.V.Supa Inc.,1039,,Plano,United States,http://www.pv-supa.com,,Automation,https://s23.a2zinc.net/clients/corcexpo/pla2020/Public/eBooth.aspx?IndexInList=152&FromPage=Exhibitors.aspx&ParentBoothID=&ListByBooth=true&BoothID=122177
Palmieri Furniture Ltd,1133,,Richmond Hill,Canada,http://www.palmierifurniture.com,,"Display Cases,Fixtures,Systems Furniture Mobile Storage",https://s23.a2zinc.net/clients/corcexpo/pla2020/Public/eBooth.aspx?IndexInList=153&FromPage=Exhibitors.aspx&ParentBoothID=&ListByBooth=true&BoothID=122171
Peachtree Publishing Company,206,,Atlanta,United States,http://www.peachtree-online.com,,Children’s Books e-Books,https://s23.a2zinc.net/clients/corcexpo/pla2020/Public/eBooth.aspx?IndexInList=154&FromPage=Exhibitors.aspx&ParentBoothID=&ListByBooth=true&BoothID=121959
Penguin Random House,"300, 301",,New York,United States,http://www.randomhouse.com,,,https://s23.a2zinc.net/clients/corcexpo/pla2020/Public/eBooth.aspx?IndexInList=155&FromPage=Exhibitors.aspx&ParentBoothID=&ListByBooth=true&BoothID=122123
PermaCard,1922,,Greer,United States,www.permacard.com,,,https://s23.a2zinc.net/clients/corcexpo/pla2020/Public/eBooth.aspx?IndexInList=156&FromPage=Exhibitors.aspx&ParentBoothID=&ListByBooth=true&BoothID=158864
Playaway Pre-Loaded Products by Findaway,1423,,Solon,United States,http://www.findaway.com,,,https://s23.a2zinc.net/clients/corcexpo/pla2020/Public/eBooth.aspx?IndexInList=157&FromPage=Exhibitors.aspx&ParentBoothID=&ListByBooth=true&BoothID=122211
"Plymouth Rocket, Inc.",942,,Plymouth,United States,http://www.eventkeeper.com,,,https://s23.a2zinc.net/clients/corcexpo/pla2020/Public/eBooth.aspx?IndexInList=158&FromPage=Exhibitors.aspx&ParentBoothID=&ListByBooth=true&BoothID=122161
Preservation Week / ALCTS,347,,Chicago,United States,http://www.ala.org/alcts/preservationweek,,Archival Products Book Repair & Preservation Digitization Disaster Planning Genealogy Outreach Rare Books,https://s23.a2zinc.net/clients/corcexpo/pla2020/Public/eBooth.aspx?IndexInList=159&FromPage=Exhibitors.aspx&ParentBoothID=&ListByBooth=true&BoothID=121979
Princeton University Press,238,,Princeton,United States,www.press.princeton.edu,,,https://s23.a2zinc.net/clients/corcexpo/pla2020/Public/eBooth.aspx?IndexInList=160&FromPage=Exhibitors.aspx&ParentBoothID=&ListByBooth=true&BoothID=121966
Pronunciator Language Learning,1641,,Jackson Hole,United States,http://www.pronunciator.com,,Audio Books Database Foreign Language Books,https://s23.a2zinc.net/clients/corcexpo/pla2020/Public/eBooth.aspx?IndexInList=161&FromPage=Exhibitors.aspx&ParentBoothID=&ListByBooth=true&BoothID=122050
ProQuest,1033,,Ann Arbor,United States,http://www.proquest.com,,,https://s23.a2zinc.net/clients/corcexpo/pla2020/Public/eBooth.aspx?IndexInList=162&FromPage=Exhibitors.aspx&ParentBoothID=&ListByBooth=true&BoothID=122170
Publisher Spotlight,100,,Smyrna,United States,,,,https://s23.a2zinc.net/clients/corcexpo/pla2020/Public/eBooth.aspx?IndexInList=163&FromPage=Exhibitors.aspx&ParentBoothID=&ListByBooth=true&BoothID=122102
"Purple Toad Publishing, Inc.",123,,Kennett Square,United States,http://www.purpletoadpublishing.com,,,https://s23.a2zinc.net/clients/corcexpo/pla2020/Public/eBooth.aspx?IndexInList=164&FromPage=Exhibitors.aspx&ParentBoothID=&ListByBooth=true&BoothID=121944
"Quarto Group, The",125,,Beverly,United States,https://www.quartoknows.com/,,,https://s23.a2zinc.net/clients/corcexpo/pla2020/Public/eBooth.aspx?IndexInList=165&FromPage=Exhibitors.aspx&ParentBoothID=&ListByBooth=true&BoothID=122111
"Quipu Group, LLC",945,,Denver,United States,http://www.quipugroup.com,,,https://s23.a2zinc.net/clients/corcexpo/pla2020/Public/eBooth.aspx?IndexInList=166&FromPage=Exhibitors.aspx&ParentBoothID=&ListByBooth=true&BoothID=122184
Reading Group Choices,128,,Madison,United States,http://www.readinggroupchoices.com,,,https://s23.a2zinc.net/clients/corcexpo/pla2020/Public/eBooth.aspx?IndexInList=167&FromPage=Exhibitors.aspx&ParentBoothID=&ListByBooth=true&BoothID=121945
READsquared,745,,Phoenix,United States,http://www.readsquared.com,,,https://s23.a2zinc.net/clients/corcexpo/pla2020/Public/eBooth.aspx?IndexInList=168&FromPage=Exhibitors.aspx&ParentBoothID=&ListByBooth=true&BoothID=122001
Recorded Books,501,,Prince Frederick,United States,http://www.recordedbooks.com,,"Audio Books Children’s Books e-Books Film, Video, & DVD Graphic Novels,Comic Books Magazines",https://s23.a2zinc.net/clients/corcexpo/pla2020/Public/eBooth.aspx?IndexInList=169&FromPage=Exhibitors.aspx&ParentBoothID=&ListByBooth=true&BoothID=122139
ReferenceUSA,1911,,Omaha,United States,http://www.infousa.com,,,https://s23.a2zinc.net/clients/corcexpo/pla2020/Public/eBooth.aspx?IndexInList=170&FromPage=Exhibitors.aspx&ParentBoothID=&ListByBooth=true&BoothID=122084
Rhode Island Novelty,232,,Fall River,United States,http://www.rinovelty.com,,Puzzles and Games,https://s23.a2zinc.net/clients/corcexpo/pla2020/Public/eBooth.aspx?IndexInList=171&FromPage=Exhibitors.aspx&ParentBoothID=&ListByBooth=true&BoothID=122114
Romance Writers of America,1511,,Houston,United States,http://www.rwanational.org,,,https://s23.a2zinc.net/clients/corcexpo/pla2020/Public/eBooth.aspx?IndexInList=172&FromPage=Exhibitors.aspx&ParentBoothID=&ListByBooth=true&BoothID=122034
Rosen Publishing,201,,West Seneca,United States,http://www.rosenpublishing.com,,,https://s23.a2zinc.net/clients/corcexpo/pla2020/Public/eBooth.aspx?IndexInList=173&FromPage=Exhibitors.aspx&ParentBoothID=&ListByBooth=true&BoothID=122115
Rosie The Hippo,1818,,Jericho,United States,http://rosiethehippo.com,,Books Children’s Books e-Books Paperback Books Professional Services Resource and Activity Books,https://s23.a2zinc.net/clients/corcexpo/pla2020/Public/eBooth.aspx?IndexInList=174&FromPage=Exhibitors.aspx&ParentBoothID=&ListByBooth=true&BoothID=175868
Rowman & Littlefield Publishing Group,509,,Lanham,United States,http://www.rlpgbooks.com,,,https://s23.a2zinc.net/clients/corcexpo/pla2020/Public/eBooth.aspx?IndexInList=175&FromPage=Exhibitors.aspx&ParentBoothID=&ListByBooth=true&BoothID=122141
RTI Company - Public Information Kiosk,839,,Potmac,United States,http://www.pwl.com/pik,,,https://s23.a2zinc.net/clients/corcexpo/pla2020/Public/eBooth.aspx?IndexInList=176&FromPage=Exhibitors.aspx&ParentBoothID=&ListByBooth=true&BoothID=122006
Sage Publishing,1909,,Thousand Oaks,United States,http://www.sagepublishing.com,,Books e-Books,https://s23.a2zinc.net/clients/corcexpo/pla2020/Public/eBooth.aspx?IndexInList=177&FromPage=Exhibitors.aspx&ParentBoothID=&ListByBooth=true&BoothID=122083
Salem Press & Grey House Publishing,1812,,Amenia,United States,http://www.greyhouse.com,,,https://s23.a2zinc.net/clients/corcexpo/pla2020/Public/eBooth.aspx?IndexInList=178&FromPage=Exhibitors.aspx&ParentBoothID=&ListByBooth=true&BoothID=122069
"Scannx, Inc.",236,,Pleasanton,United States,http://www.scannx.com,,,https://s23.a2zinc.net/clients/corcexpo/pla2020/Public/eBooth.aspx?IndexInList=179&FromPage=Exhibitors.aspx&ParentBoothID=&ListByBooth=true&BoothID=121965
"Schedule3W Dymaxion Research, Ltd.",940,,Halifax,Canada,http://www.schedule3w.com,,,https://s23.a2zinc.net/clients/corcexpo/pla2020/Public/eBooth.aspx?IndexInList=180&FromPage=Exhibitors.aspx&ParentBoothID=&ListByBooth=true&BoothID=122012
Scholastic Library Publishing,1515,,Danbury,United States,http://www.scholastic.com/librarypublishing,,,https://s23.a2zinc.net/clients/corcexpo/pla2020/Public/eBooth.aspx?IndexInList=181&FromPage=Exhibitors.aspx&ParentBoothID=&ListByBooth=true&BoothID=132035
"SenSource, Inc.",645,,Youngstown,United States,http://www.sensourceinc.com,,Computer Software Facilities Management,https://s23.a2zinc.net/clients/corcexpo/pla2020/Public/eBooth.aspx?IndexInList=182&FromPage=Exhibitors.aspx&ParentBoothID=&ListByBooth=true&BoothID=121996
Simon & Schuster,1811,,New York,United States,http://www.simonandschuster.com,,"Art Books Books Children’s Books Cookbooks Graphic Novels,Comic Books Mystery Books Poetry Books Reference Books",https://s23.a2zinc.net/clients/corcexpo/pla2020/Public/eBooth.aspx?IndexInList=183&FromPage=Exhibitors.aspx&ParentBoothID=&ListByBooth=true&BoothID=122238
"SimplyAnalytics, Inc.",1444,,New York,United States,http://www.geographicresearch.com,,,https://s23.a2zinc.net/clients/corcexpo/pla2020/Public/eBooth.aspx?IndexInList=184&FromPage=Exhibitors.aspx&ParentBoothID=&ListByBooth=true&BoothID=122026
SirsiDynix,1201,,Lehi,United States,http://www.sirsidynix.com,,Automation Cataloging Computer Software Consulting Services Digitization Professional Services,https://s23.a2zinc.net/clients/corcexpo/pla2020/Public/eBooth.aspx?IndexInList=185&FromPage=Exhibitors.aspx&ParentBoothID=&ListByBooth=true&BoothID=132030
Sisters In Crime,1745,,Lawrence,United States,sistersincrime.org,,,https://s23.a2zinc.net/clients/corcexpo/pla2020/Public/eBooth.aspx?IndexInList=186&FromPage=Exhibitors.aspx&ParentBoothID=&ListByBooth=true&BoothID=122063
"Soho Press, Inc",116,,New York City,United States,http://sohopress.com,,Audio Books Books Children’s Books e-Books Large Print Books Mystery Books,https://s23.a2zinc.net/clients/corcexpo/pla2020/Public/eBooth.aspx?IndexInList=187&FromPage=Exhibitors.aspx&ParentBoothID=&ListByBooth=true&BoothID=121942
"Sourcebooks, Inc.",216,,Naperville,United States,http://www.sourcebooks.com,,"Books Business Books Children’s Books Cookbooks e-Books Graphic Novels,Comic Books Mystery Books Paperback Books Resource and Activity Books",https://s23.a2zinc.net/clients/corcexpo/pla2020/Public/eBooth.aspx?IndexInList=188&FromPage=Exhibitors.aspx&ParentBoothID=&ListByBooth=true&BoothID=122110
Springshare,641,,Miami,United States,http://www.springshare.com,,Computer Software,https://s23.a2zinc.net/clients/corcexpo/pla2020/Public/eBooth.aspx?IndexInList=189&FromPage=Exhibitors.aspx&ParentBoothID=&ListByBooth=true&BoothID=122149
"ST Imaging, Inc.",1545,,Northbrook,United States,http://www.stimaging.com,,,https://s23.a2zinc.net/clients/corcexpo/pla2020/Public/eBooth.aspx?IndexInList=190&FromPage=Exhibitors.aspx&ParentBoothID=&ListByBooth=true&BoothID=122040
Star Bright Books,205,,Cambridge,United States,http://www.starbrightbooks.com,,,https://s23.a2zinc.net/clients/corcexpo/pla2020/Public/eBooth.aspx?IndexInList=191&FromPage=Exhibitors.aspx&ParentBoothID=&ListByBooth=true&BoothID=121958
Stem Education Works,140,,Lafayette,United States,www.stemeducationworks.com,,,https://s23.a2zinc.net/clients/corcexpo/pla2020/Public/eBooth.aspx?IndexInList=192&FromPage=Exhibitors.aspx&ParentBoothID=&ListByBooth=true&BoothID=121951
Swank Movie Licensing USA,1822,,St. Louis,United States,https://www.swank.com/public-libraries/,,,https://s23.a2zinc.net/clients/corcexpo/pla2020/Public/eBooth.aspx?IndexInList=193&FromPage=Exhibitors.aspx&ParentBoothID=&ListByBooth=true&BoothID=158867
"The Child's World, Inc",122,,Mankato,United States,http://www.childsworld.com,,Children’s Books e-Books,https://s23.a2zinc.net/clients/corcexpo/pla2020/Public/eBooth.aspx?IndexInList=194&FromPage=Exhibitors.aspx&ParentBoothID=&ListByBooth=true&BoothID=121943
"The Library Store, Inc.",1701,,Tremont,United States,http://www.thelibrarystore.com,,,https://s23.a2zinc.net/clients/corcexpo/pla2020/Public/eBooth.aspx?IndexInList=195&FromPage=Exhibitors.aspx&ParentBoothID=&ListByBooth=true&BoothID=122232
"The Penworthy Company, LLC",1048,,Milwaukee,United States,http://www.penworthy.com,,Books,https://s23.a2zinc.net/clients/corcexpo/pla2020/Public/eBooth.aspx?IndexInList=196&FromPage=Exhibitors.aspx&ParentBoothID=&ListByBooth=true&BoothID=122014
Third Week Books,107,,Minneapolis,United States,http://www.thirdweekbooks.com,,Children’s Books Foreign Language Books Literacy Outreach Posters,https://s23.a2zinc.net/clients/corcexpo/pla2020/Public/eBooth.aspx?IndexInList=197&FromPage=Exhibitors.aspx&ParentBoothID=&ListByBooth=true&BoothID=121940
Thomas Klise / Crimson Multimedia,322,,Mystic,United States,https://crimsoninc.com/,,Media Management Puzzles and Games,https://s23.a2zinc.net/clients/corcexpo/pla2020/Public/eBooth.aspx?IndexInList=198&FromPage=Exhibitors.aspx&ParentBoothID=&ListByBooth=true&BoothID=122274
Thomas Nelson Publishers,1418,,Nashville,United States,http://www.thomasnelson.com,,Audio Books Books Business Books Children’s Books Paperback Books Religious Book,https://s23.a2zinc.net/clients/corcexpo/pla2020/Public/eBooth.aspx?IndexInList=199&FromPage=Exhibitors.aspx&ParentBoothID=&ListByBooth=true&BoothID=132009
ThriftBooks,338,,Tukwila,United States,http://www.thriftbooks.com,,,https://s23.a2zinc.net/clients/corcexpo/pla2020/Public/eBooth.aspx?IndexInList=200&FromPage=Exhibitors.aspx&ParentBoothID=&ListByBooth=true&BoothID=122122
TLC SmartTech,933,,Inwood,United States,http://www.tlcdelivers.com,,,https://s23.a2zinc.net/clients/corcexpo/pla2020/Public/eBooth.aspx?IndexInList=201&FromPage=Exhibitors.aspx&ParentBoothID=&ListByBooth=true&BoothID=122169
TLC/Tech Logic,401,,Woodstown,United States,http://www.tech-logic.com,,,https://s23.a2zinc.net/clients/corcexpo/pla2020/Public/eBooth.aspx?IndexInList=202&FromPage=Exhibitors.aspx&ParentBoothID=&ListByBooth=true&BoothID=122131
TMC Furniture,1239,,Ann Arbor,United States,http://www.tmcfurniture.com,,Furniture,https://s23.a2zinc.net/clients/corcexpo/pla2020/Public/eBooth.aspx?IndexInList=203&FromPage=Exhibitors.aspx&ParentBoothID=&ListByBooth=true&BoothID=122179
Today's Business Solutions,233,,Willowbrook,United States,http://www.singlecard.com,,,https://s23.a2zinc.net/clients/corcexpo/pla2020/Public/eBooth.aspx?IndexInList=204&FromPage=Exhibitors.aspx&ParentBoothID=&ListByBooth=true&BoothID=122120
Traf-Sys Inc.,843,,Pittsburgh,United States,http://www.trafsys.com,,,https://s23.a2zinc.net/clients/corcexpo/pla2020/Public/eBooth.aspx?IndexInList=205&FromPage=Exhibitors.aspx&ParentBoothID=&ListByBooth=true&BoothID=122160
Transparent Language,1724,,Nashua,United States,http://www.transparent.com,,Computer Software Database,https://s23.a2zinc.net/clients/corcexpo/pla2020/Public/eBooth.aspx?IndexInList=206&FromPage=Exhibitors.aspx&ParentBoothID=&ListByBooth=true&BoothID=122059
Tutor.com,1617,,New York,United States,http://www.tutor.com/library,,Database Professional Services,https://s23.a2zinc.net/clients/corcexpo/pla2020/Public/eBooth.aspx?IndexInList=207&FromPage=Exhibitors.aspx&ParentBoothID=&ListByBooth=true&BoothID=122230
Tyndale House Publishers,1726,,Carol Stream,United States,http://www.tyndale.com,,,https://s23.a2zinc.net/clients/corcexpo/pla2020/Public/eBooth.aspx?IndexInList=208&FromPage=Exhibitors.aspx&ParentBoothID=&ListByBooth=true&BoothID=122060
"Unique Management Services, Inc.",1906,,Jeffersonville,United States,http://www.unique-mgmt.com,,,https://s23.a2zinc.net/clients/corcexpo/pla2020/Public/eBooth.aspx?IndexInList=209&FromPage=Exhibitors.aspx&ParentBoothID=&ListByBooth=true&BoothID=122080
University of Illinois School of Information Sciences,1710,,Champaign,United States,https://ischool.illinois.edu/,,Graduate Studies,https://s23.a2zinc.net/clients/corcexpo/pla2020/Public/eBooth.aspx?IndexInList=210&FromPage=Exhibitors.aspx&ParentBoothID=&ListByBooth=true&BoothID=122056
University of Nebraska,1925,,Lincoln,United States,online.nebraska.edu,,,https://s23.a2zinc.net/clients/corcexpo/pla2020/Public/eBooth.aspx?IndexInList=211&FromPage=Exhibitors.aspx&ParentBoothID=&ListByBooth=true&BoothID=122088
University of Rhode Island,1447,,Kingston,United States,https://harrington.uri.edu/academics/library-and-information-studies/,,,https://s23.a2zinc.net/clients/corcexpo/pla2020/Public/eBooth.aspx?IndexInList=212&FromPage=Exhibitors.aspx&ParentBoothID=&ListByBooth=true&BoothID=122029
Value Line,1839,,New York,United States,https://www.valuelinelibrary.com/,,Database Financial Information Provider Reference Systems,https://s23.a2zinc.net/clients/corcexpo/pla2020/Public/eBooth.aspx?IndexInList=213&FromPage=Exhibitors.aspx&ParentBoothID=&ListByBooth=true&BoothID=122071
Vanguard ID Systems,323,,West Chester,United States,http://www.vanguardid.com,,Badges Bar Codes Magnetic Stripe Cards,https://s23.a2zinc.net/clients/corcexpo/pla2020/Public/eBooth.aspx?IndexInList=214&FromPage=Exhibitors.aspx&ParentBoothID=&ListByBooth=true&BoothID=121975
Vidcode,1738,,San Francisco,United States,https://www.vidcode.com/,,,https://s23.a2zinc.net/clients/corcexpo/pla2020/Public/eBooth.aspx?IndexInList=215&FromPage=Exhibitors.aspx&ParentBoothID=&ListByBooth=true&BoothID=158871
W.W. Norton & Company,1512,,New York,United States,http://www.wwnorton.com,,"Art Books Books Business Books Children’s Books Cookbooks Graphic Novels,Comic Books Mystery Books Poetry Books",https://s23.a2zinc.net/clients/corcexpo/pla2020/Public/eBooth.aspx?IndexInList=216&FromPage=Exhibitors.aspx&ParentBoothID=&ListByBooth=true&BoothID=122035
Western Writers of America,748,,Encampment,United States,www.westernwriters.org,,,https://s23.a2zinc.net/clients/corcexpo/pla2020/Public/eBooth.aspx?IndexInList=217&FromPage=Exhibitors.aspx&ParentBoothID=&ListByBooth=true&BoothID=122004
Weston Woods/Scholastic Audio,1519,,Danbury,United States,http://www.westonwoods.scholastic.com,,,https://s23.a2zinc.net/clients/corcexpo/pla2020/Public/eBooth.aspx?IndexInList=218&FromPage=Exhibitors.aspx&ParentBoothID=&ListByBooth=true&BoothID=132033
Workman Publishing Co.,210,,New York,United States,http://www.workman.com,,Books Children’s Books Cookbooks,https://s23.a2zinc.net/clients/corcexpo/pla2020/Public/eBooth.aspx?IndexInList=219&FromPage=Exhibitors.aspx&ParentBoothID=&ListByBooth=true&BoothID=122108
World Trade Press,1833,,Traverse City,United States,www.worldtradepress.com,,,https://s23.a2zinc.net/clients/corcexpo/pla2020/Public/eBooth.aspx?IndexInList=220&FromPage=Exhibitors.aspx&ParentBoothID=&ListByBooth=true&BoothID=122201
WT Cox Information Services,1539,,Shallotte,United States,http://www.wtcox.com,,,https://s23.a2zinc.net/clients/corcexpo/pla2020/Public/eBooth.aspx?IndexInList=221&FromPage=Exhibitors.aspx&ParentBoothID=&ListByBooth=true&BoothID=122182
www.careeronestop.org,1446,,st paul,United States,www.careeronestop.org,,,https://s23.a2zinc.net/clients/corcexpo/pla2020/Public/eBooth.aspx?IndexInList=222&FromPage=Exhibitors.aspx&ParentBoothID=&ListByBooth=true&BoothID=122028
Zondervan,1414,,Grand Rapids,United States,http://www.zondervan.com,,Audio Books Books Children’s Books Paperback Books Religious Book,https://s23.a2zinc.net/clients/corcexpo/pla2020/Public/eBooth.aspx?IndexInList=223&FromPage=Exhibitors.aspx&ParentBoothID=&ListByBooth=true&BoothID=132011
Zoobean,117,,Washington,United States,beanstack.com,,,https://s23.a2zinc.net/clients/corcexpo/pla2020/Public/eBooth.aspx?IndexInList=224&FromPage=Exhibitors.aspx&ParentBoothID=&ListByBooth=true&BoothID=122109
