Name,Booth_no,Address,City,Country,website,Contact_no,product,url
2getthereAsia Pte Ltd,335,,,Singapore,http://2getthere-asia.com.sg/,,,https://s23.a2zinc.net/clients/mciasia/its2019/Public/eBooth.aspx?IndexInList=0&FromPage=Exhibitors.aspx&ParentBoothID=&ListByBooth=true&BoothID=102652
3M Technologies (S) Pte Ltd,441,,"Singapore,",Singapore,https://www.3m.com.sg,,,https://s23.a2zinc.net/clients/mciasia/its2019/Public/eBooth.aspx?IndexInList=1&FromPage=Exhibitors.aspx&ParentBoothID=&ListByBooth=true&BoothID=102454
4iCom,350,,"x,",Italy,http://www.4icom.com,,,https://s23.a2zinc.net/clients/mciasia/its2019/Public/eBooth.aspx?IndexInList=2&FromPage=Exhibitors.aspx&ParentBoothID=&ListByBooth=true&BoothID=102639
5G Carmen,375,,,Belgium,https://www.5gcarmen.eu/,,,https://s23.a2zinc.net/clients/mciasia/its2019/Public/eBooth.aspx?IndexInList=3&FromPage=Exhibitors.aspx&ParentBoothID=&ListByBooth=true&BoothID=102610
5G Mobix,375,,,Belgium,https://www.5g-mobix.com/,,,https://s23.a2zinc.net/clients/mciasia/its2019/Public/eBooth.aspx?IndexInList=4&FromPage=Exhibitors.aspx&ParentBoothID=&ListByBooth=true&BoothID=102605
5GCroco,375,,,Belgium,https://5gcroco.eu/,,,https://s23.a2zinc.net/clients/mciasia/its2019/Public/eBooth.aspx?IndexInList=5&FromPage=Exhibitors.aspx&ParentBoothID=&ListByBooth=true&BoothID=102611
5GMF (The Fifth Generation Mobile Communications Promotion Forum),287,,,Japan,https://5gmf.jp/en/,,,https://s23.a2zinc.net/clients/mciasia/its2019/Public/eBooth.aspx?IndexInList=6&FromPage=Exhibitors.aspx&ParentBoothID=&ListByBooth=true&BoothID=102447
5T,350,,,Italy,http://www.5t.torino.it/,,,https://s23.a2zinc.net/clients/mciasia/its2019/Public/eBooth.aspx?IndexInList=7&FromPage=Exhibitors.aspx&ParentBoothID=&ListByBooth=true&BoothID=102638
A.D. Engineering International,73,,"Gnangara,",Australia,http://www.adengineering.com.au/,,,https://s23.a2zinc.net/clients/mciasia/its2019/Public/eBooth.aspx?IndexInList=8&FromPage=Exhibitors.aspx&ParentBoothID=&ListByBooth=true&BoothID=102412
Adasis,375,,,Belgium,https://adasis.org/,,,https://s23.a2zinc.net/clients/mciasia/its2019/Public/eBooth.aspx?IndexInList=9&FromPage=Exhibitors.aspx&ParentBoothID=&ListByBooth=true&BoothID=102489
ADEC Technologies AG,218,,,Switzerland,https://adec-technologies.com,,,https://s23.a2zinc.net/clients/mciasia/its2019/Public/eBooth.aspx?IndexInList=10&FromPage=Exhibitors.aspx&ParentBoothID=&ListByBooth=true&BoothID=102664
AGD Systems Pty Ltd,217,,"Kings Park ,",Australia,http://www.agd-systems.com.au/,,,https://s23.a2zinc.net/clients/mciasia/its2019/Public/eBooth.aspx?IndexInList=11&FromPage=Exhibitors.aspx&ParentBoothID=&ListByBooth=true&BoothID=102663
Aichi Steel Corporation,287,,,Japan,https://www.aichi-steel.co.jp/ENGLISH/index.html,,,https://s23.a2zinc.net/clients/mciasia/its2019/Public/eBooth.aspx?IndexInList=12&FromPage=Exhibitors.aspx&ParentBoothID=&ListByBooth=true&BoothID=102456
Aimsun,323,,,Spain,https://www.aimsun.com,,,https://s23.a2zinc.net/clients/mciasia/its2019/Public/eBooth.aspx?IndexInList=13&FromPage=Exhibitors.aspx&ParentBoothID=&ListByBooth=true&BoothID=100214
Aisin Group,143,,,Japan,http://www.aisin.com/,,,https://s23.a2zinc.net/clients/mciasia/its2019/Public/eBooth.aspx?IndexInList=14&FromPage=Exhibitors.aspx&ParentBoothID=&ListByBooth=true&BoothID=100195
Andata,93,,,Austria,http://www.andata.at/,,,https://s23.a2zinc.net/clients/mciasia/its2019/Public/eBooth.aspx?IndexInList=15&FromPage=Exhibitors.aspx&ParentBoothID=&ListByBooth=true&BoothID=102670
Applus Idiada,200,,"Tarragona,",Spain,https://www.applusidiada.com/en/,,,https://s23.a2zinc.net/clients/mciasia/its2019/Public/eBooth.aspx?IndexInList=16&FromPage=Exhibitors.aspx&ParentBoothID=&ListByBooth=true&BoothID=101330
ASEAN Pavilion,339,,"Singapore,",Singapore,https://asean.org,,,https://s23.a2zinc.net/clients/mciasia/its2019/Public/eBooth.aspx?IndexInList=17&FromPage=Exhibitors.aspx&ParentBoothID=&ListByBooth=true&BoothID=100272
Asfinag,93,,"x,",Austria,https://www.asfinag.at/en/,,,https://s23.a2zinc.net/clients/mciasia/its2019/Public/eBooth.aspx?IndexInList=18&FromPage=Exhibitors.aspx&ParentBoothID=&ListByBooth=true&BoothID=102622
ATC,75,,,Australia,http://www.atsc4.com.au,,,https://s23.a2zinc.net/clients/mciasia/its2019/Public/eBooth.aspx?IndexInList=19&FromPage=Exhibitors.aspx&ParentBoothID=&ListByBooth=true&BoothID=102493
ATC/Braums,75,,"Rydalmere,",Australia,,,,https://s23.a2zinc.net/clients/mciasia/its2019/Public/eBooth.aspx?IndexInList=20&FromPage=Exhibitors.aspx&ParentBoothID=&ListByBooth=true&BoothID=100298
ATTC Austrian Traffic Telematics Cluster,93,,,Austria,,,,https://s23.a2zinc.net/clients/mciasia/its2019/Public/eBooth.aspx?IndexInList=21&FromPage=Exhibitors.aspx&ParentBoothID=&ListByBooth=true&BoothID=102646
"Austrian Federal Ministry for Transport, Innovation and Technology",93,,,Austria,,,,https://s23.a2zinc.net/clients/mciasia/its2019/Public/eBooth.aspx?IndexInList=22&FromPage=Exhibitors.aspx&ParentBoothID=&ListByBooth=true&BoothID=102627
Austrian Pavilion,93,,"Wien,",Austria,https://austriatech.at/en/its-austria/,,,https://s23.a2zinc.net/clients/mciasia/its2019/Public/eBooth.aspx?IndexInList=23&FromPage=Exhibitors.aspx&ParentBoothID=&ListByBooth=true&BoothID=101315
AustriaTech,93,,,Austria,https://austriatech.at/en/,,,https://s23.a2zinc.net/clients/mciasia/its2019/Public/eBooth.aspx?IndexInList=24&FromPage=Exhibitors.aspx&ParentBoothID=&ListByBooth=true&BoothID=102625
AutonomouStuff,126,,"Morton,",United States,https://autonomoustuff.com/,,,https://s23.a2zinc.net/clients/mciasia/its2019/Public/eBooth.aspx?IndexInList=25&FromPage=Exhibitors.aspx&ParentBoothID=&ListByBooth=true&BoothID=102628
Autotoll Limited,98,,"Hong Kong,",China,https://www.autotoll.com.hk,,,https://s23.a2zinc.net/clients/mciasia/its2019/Public/eBooth.aspx?IndexInList=26&FromPage=Exhibitors.aspx&ParentBoothID=&ListByBooth=true&BoothID=100154
Aventi Intelligent Communications AS,97,,"Oslo,",Norway,,,,https://s23.a2zinc.net/clients/mciasia/its2019/Public/eBooth.aspx?IndexInList=27&FromPage=Exhibitors.aspx&ParentBoothID=&ListByBooth=true&BoothID=102601
AVL,93,,,Austria,http://www.avl.com,,,https://s23.a2zinc.net/clients/mciasia/its2019/Public/eBooth.aspx?IndexInList=28&FromPage=Exhibitors.aspx&ParentBoothID=&ListByBooth=true&BoothID=102624
Axis Communications (S) Pte Ltd,467,,"https://www.axis.com,",Singapore,https://www.axis.com,,,https://s23.a2zinc.net/clients/mciasia/its2019/Public/eBooth.aspx?IndexInList=29&FromPage=Exhibitors.aspx&ParentBoothID=&ListByBooth=true&BoothID=102495
Axis Communications (S) Pte Ltd,97,,"https://www.axis.com,",Singapore,https://www.axis.com,,,https://s23.a2zinc.net/clients/mciasia/its2019/Public/eBooth.aspx?IndexInList=30&FromPage=Exhibitors.aspx&ParentBoothID=&ListByBooth=true&BoothID=102556
Baultar,393,,"Quebec,",Canada,http://www.baultar.com/homecorp/,,,https://s23.a2zinc.net/clients/mciasia/its2019/Public/eBooth.aspx?IndexInList=31&FromPage=Exhibitors.aspx&ParentBoothID=&ListByBooth=true&BoothID=102590
Bercman Technologies,97,,,Estonia,http://www.bercman.com/,,,https://s23.a2zinc.net/clients/mciasia/its2019/Public/eBooth.aspx?IndexInList=32&FromPage=Exhibitors.aspx&ParentBoothID=&ListByBooth=true&BoothID=102512
Berlin Partner for Business and Technology GmbH,A01,,"Berlin,",Germany,http://mobilitaet-bb.de/en/home-vml,,,https://s23.a2zinc.net/clients/mciasia/its2019/Public/eBooth.aspx?IndexInList=33&FromPage=Exhibitors.aspx&ParentBoothID=&ListByBooth=true&BoothID=102390
Berliner Agentur für Elektromobilität Emo,A01,,"Germany,",Germany,https://www.emo-berlin.de/en/,,,https://s23.a2zinc.net/clients/mciasia/its2019/Public/eBooth.aspx?IndexInList=34&FromPage=Exhibitors.aspx&ParentBoothID=&ListByBooth=true&BoothID=102620
Bestmile,233,,"Lausanne,",Switzerland,http://www.bestmile.com,,,https://s23.a2zinc.net/clients/mciasia/its2019/Public/eBooth.aspx?IndexInList=35&FromPage=Exhibitors.aspx&ParentBoothID=&ListByBooth=true&BoothID=101362
Bouvet,97,,,Norway,https://www.bouvet.no/,,,https://s23.a2zinc.net/clients/mciasia/its2019/Public/eBooth.aspx?IndexInList=36&FromPage=Exhibitors.aspx&ParentBoothID=&ListByBooth=true&BoothID=102536
Braums,75,,,Australia,http://www.braums.com.au,,,https://s23.a2zinc.net/clients/mciasia/its2019/Public/eBooth.aspx?IndexInList=37&FromPage=Exhibitors.aspx&ParentBoothID=&ListByBooth=true&BoothID=102494
Brisbane City Council,73,,"Brisbane ,",Australia,https://www.brisbane.qld.gov.au/,,,https://s23.a2zinc.net/clients/mciasia/its2019/Public/eBooth.aspx?IndexInList=38&FromPage=Exhibitors.aspx&ParentBoothID=&ListByBooth=true&BoothID=102441
Brisk Synergy,393,,"Waterloo,",Canada,https://brisksynergies.com/,,,https://s23.a2zinc.net/clients/mciasia/its2019/Public/eBooth.aspx?IndexInList=39&FromPage=Exhibitors.aspx&ParentBoothID=&ListByBooth=true&BoothID=102591
Bucheon City / Bucheon City Urban Corporation,190,,,Korea (South),http://www.bucheon.go.kr/,,,https://s23.a2zinc.net/clients/mciasia/its2019/Public/eBooth.aspx?IndexInList=40&FromPage=Exhibitors.aspx&ParentBoothID=&ListByBooth=true&BoothID=102504
Cabinet Office,287,,,Japan,http://en.sip-adus.go.jp/,,,https://s23.a2zinc.net/clients/mciasia/its2019/Public/eBooth.aspx?IndexInList=41&FromPage=Exhibitors.aspx&ParentBoothID=&ListByBooth=true&BoothID=102457
Carrida Technologies,235,,"Ettlingen,",Germany,https://www.carrida-technologies.com/en/startpage/,,,https://s23.a2zinc.net/clients/mciasia/its2019/Public/eBooth.aspx?IndexInList=42&FromPage=Exhibitors.aspx&ParentBoothID=&ListByBooth=true&BoothID=102399
Cartrack Technologies South East Asia Pte Ltd,335,,,Singapore,http://www.cartrack.sg,,,https://s23.a2zinc.net/clients/mciasia/its2019/Public/eBooth.aspx?IndexInList=43&FromPage=Exhibitors.aspx&ParentBoothID=&ListByBooth=true&BoothID=103671
Central Nippon Expressway Company Limited,287,,,Japan,https://global.c-nexco.co.jp/solutions/,,,https://s23.a2zinc.net/clients/mciasia/its2019/Public/eBooth.aspx?IndexInList=44&FromPage=Exhibitors.aspx&ParentBoothID=&ListByBooth=true&BoothID=102458
Cepton Technologies,B04,,,United States,https://www.cepton.com,,,https://s23.a2zinc.net/clients/mciasia/its2019/Public/eBooth.aspx?IndexInList=45&FromPage=Exhibitors.aspx&ParentBoothID=&ListByBooth=true&BoothID=102418
Cestel,452,,"Trzin,",Slovenia,http://www.cestel.eu,,,https://s23.a2zinc.net/clients/mciasia/its2019/Public/eBooth.aspx?IndexInList=46&FromPage=Exhibitors.aspx&ParentBoothID=&ListByBooth=true&BoothID=102398
CGI Finland,97,,,Finland,https://www.cgi.fi/fi,,,https://s23.a2zinc.net/clients/mciasia/its2019/Public/eBooth.aspx?IndexInList=47&FromPage=Exhibitors.aspx&ParentBoothID=&ListByBooth=true&BoothID=102521
"Chainzone Technology (Foshan) Co., Ltd",473,,"Guangdong,",China,http://www.chainzone.com/,,,https://s23.a2zinc.net/clients/mciasia/its2019/Public/eBooth.aspx?IndexInList=48&FromPage=Exhibitors.aspx&ParentBoothID=&ListByBooth=true&BoothID=100186
Chemtronics Co. Ltd,190,,"Korea,",Korea (South),http://www.chemtronics-automateddriving.co.kr,,,https://s23.a2zinc.net/clients/mciasia/its2019/Public/eBooth.aspx?IndexInList=49&FromPage=Exhibitors.aspx&ParentBoothID=&ListByBooth=true&BoothID=102505
"China ITS Industry Alliance/ 2022 World Congress on ITS, Suzhou",425,,"Beijing,",China,http://www.c-its.org.cn,,,https://s23.a2zinc.net/clients/mciasia/its2019/Public/eBooth.aspx?IndexInList=50&FromPage=Exhibitors.aspx&ParentBoothID=&ListByBooth=true&BoothID=100311
Cisco,73,,"North Sydney,",Australia,http://www.cisco.com,,,https://s23.a2zinc.net/clients/mciasia/its2019/Public/eBooth.aspx?IndexInList=51&FromPage=Exhibitors.aspx&ParentBoothID=&ListByBooth=true&BoothID=102440
Citilabs Inc.,216,,"Sacramento,",United States,http://www.citilabs.com/,,,https://s23.a2zinc.net/clients/mciasia/its2019/Public/eBooth.aspx?IndexInList=52&FromPage=Exhibitors.aspx&ParentBoothID=&ListByBooth=true&BoothID=102662
Citilog S.A.S.,467,,,France,http://www.citilog.com/,,,https://s23.a2zinc.net/clients/mciasia/its2019/Public/eBooth.aspx?IndexInList=53&FromPage=Exhibitors.aspx&ParentBoothID=&ListByBooth=true&BoothID=102496
Citilog/Axis,467,,"Singapore,",Singapore,,,,https://s23.a2zinc.net/clients/mciasia/its2019/Public/eBooth.aspx?IndexInList=54&FromPage=Exhibitors.aspx&ParentBoothID=&ListByBooth=true&BoothID=100234
City of Helsinki,97,,,Finland,,,,https://s23.a2zinc.net/clients/mciasia/its2019/Public/eBooth.aspx?IndexInList=55&FromPage=Exhibitors.aspx&ParentBoothID=&ListByBooth=true&BoothID=102522
City of Tampere,97,,,Finland,https://www.tampere.fi/en/index.html,,,https://s23.a2zinc.net/clients/mciasia/its2019/Public/eBooth.aspx?IndexInList=56&FromPage=Exhibitors.aspx&ParentBoothID=&ListByBooth=true&BoothID=102523
Civil Aviation Authority Of Singapore,251,,"Singapore,",Singapore,https://caas.gov.sg,,,https://s23.a2zinc.net/clients/mciasia/its2019/Public/eBooth.aspx?IndexInList=57&FromPage=Exhibitors.aspx&ParentBoothID=&ListByBooth=true&BoothID=102612
CLK Enterprise,97,,,Sweden,http://www.clk.se,,,https://s23.a2zinc.net/clients/mciasia/its2019/Public/eBooth.aspx?IndexInList=58&FromPage=Exhibitors.aspx&ParentBoothID=&ListByBooth=true&BoothID=102600
Cohda Wireless,73,,"Wayville,",Australia,http://www.cohdawireless.com,,,https://s23.a2zinc.net/clients/mciasia/its2019/Public/eBooth.aspx?IndexInList=59&FromPage=Exhibitors.aspx&ParentBoothID=&ListByBooth=true&BoothID=102407
Commsignia Ltd.,531,,"Budapest,",Hungary,http://www.commsignia.com,,,https://s23.a2zinc.net/clients/mciasia/its2019/Public/eBooth.aspx?IndexInList=60&FromPage=Exhibitors.aspx&ParentBoothID=&ListByBooth=true&BoothID=102546
CREATE,326,,"Singapore,",Singapore,https://www.create.edu.sg/,,,https://s23.a2zinc.net/clients/mciasia/its2019/Public/eBooth.aspx?IndexInList=61&FromPage=Exhibitors.aspx&ParentBoothID=&ListByBooth=true&BoothID=100217
CSIRO (DATA 61),128,,"NSW,",Australia,https://www.data61.csiro.au/,,,https://s23.a2zinc.net/clients/mciasia/its2019/Public/eBooth.aspx?IndexInList=62&FromPage=Exhibitors.aspx&ParentBoothID=&ListByBooth=true&BoothID=100291
Cubic Transportation Systems,73,,"Sydney,",Australia,https://www.cubic.com/,,,https://s23.a2zinc.net/clients/mciasia/its2019/Public/eBooth.aspx?IndexInList=63&FromPage=Exhibitors.aspx&ParentBoothID=&ListByBooth=true&BoothID=102405
Datel,97,,,Estonia,http://www.datel.eu/en/,,,https://s23.a2zinc.net/clients/mciasia/its2019/Public/eBooth.aspx?IndexInList=64&FromPage=Exhibitors.aspx&ParentBoothID=&ListByBooth=true&BoothID=102513
DB Engineering & Consulting,318,,"Berlin,",Germany,http://www.db-engineering-consulting.com,,,https://s23.a2zinc.net/clients/mciasia/its2019/Public/eBooth.aspx?IndexInList=65&FromPage=Exhibitors.aspx&ParentBoothID=&ListByBooth=true&BoothID=100211
Denso Corporation,204,,"Aichi-Pref,",Japan,https://www.denso.com/global/en/,,,https://s23.a2zinc.net/clients/mciasia/its2019/Public/eBooth.aspx?IndexInList=66&FromPage=Exhibitors.aspx&ParentBoothID=&ListByBooth=true&BoothID=100209
Doppelmayr Seilbahnen GMBH,93,,"x,",Austria,,,,https://s23.a2zinc.net/clients/mciasia/its2019/Public/eBooth.aspx?IndexInList=67&FromPage=Exhibitors.aspx&ParentBoothID=&ListByBooth=true&BoothID=102645
Drive Sweden,B02,,"Gothenburg,",Sweden,https://www.drivesweden.net/en,,,https://s23.a2zinc.net/clients/mciasia/its2019/Public/eBooth.aspx?IndexInList=68&FromPage=Exhibitors.aspx&ParentBoothID=&ListByBooth=true&BoothID=102414
DynaRoads AG,332,,"Baar,",Switzerland,https://www.dynaroads.com/en,,,https://s23.a2zinc.net/clients/mciasia/its2019/Public/eBooth.aspx?IndexInList=69&FromPage=Exhibitors.aspx&ParentBoothID=&ListByBooth=true&BoothID=100222
Dynniq,375,,,Belgium,https://www.dynniq.com/,,,https://s23.a2zinc.net/clients/mciasia/its2019/Public/eBooth.aspx?IndexInList=70&FromPage=Exhibitors.aspx&ParentBoothID=&ListByBooth=true&BoothID=102604
East Nippon Expressway Company Limited,287,,,Japan,https://www.e-nexco.co.jp/en/,,,https://s23.a2zinc.net/clients/mciasia/its2019/Public/eBooth.aspx?IndexInList=71&FromPage=Exhibitors.aspx&ParentBoothID=&ListByBooth=true&BoothID=102459
EasyMile Pte Ltd,536,,"Singapore,",Singapore,https://easymile.com/,,,https://s23.a2zinc.net/clients/mciasia/its2019/Public/eBooth.aspx?IndexInList=72&FromPage=Exhibitors.aspx&ParentBoothID=&ListByBooth=true&BoothID=100259
Ebe,93,,,Austria,http://www.ebe-solutions.at/,,,https://s23.a2zinc.net/clients/mciasia/its2019/Public/eBooth.aspx?IndexInList=73&FromPage=Exhibitors.aspx&ParentBoothID=&ListByBooth=true&BoothID=102669
"Eberle Design, Inc.",401,,,United States,https://www.editraffic.com/,,,https://s23.a2zinc.net/clients/mciasia/its2019/Public/eBooth.aspx?IndexInList=74&FromPage=Exhibitors.aspx&ParentBoothID=&ListByBooth=true&BoothID=102578
Econolite,401,,"Anaheim,",United States,http://www.econolite.com,,,https://s23.a2zinc.net/clients/mciasia/its2019/Public/eBooth.aspx?IndexInList=75&FromPage=Exhibitors.aspx&ParentBoothID=&ListByBooth=true&BoothID=102579
Engine,350,,,Italy,http://www.engineonline.it/eng/it/,,,https://s23.a2zinc.net/clients/mciasia/its2019/Public/eBooth.aspx?IndexInList=76&FromPage=Exhibitors.aspx&ParentBoothID=&ListByBooth=true&BoothID=102641
Escrypt,497,,,Canada,https://escrypt.com,,,https://s23.a2zinc.net/clients/mciasia/its2019/Public/eBooth.aspx?IndexInList=77&FromPage=Exhibitors.aspx&ParentBoothID=&ListByBooth=true&BoothID=102443
ESRI,122,,"Redlands,",United States,http://www.esri.com/transportation,,,https://s23.a2zinc.net/clients/mciasia/its2019/Public/eBooth.aspx?IndexInList=78&FromPage=Exhibitors.aspx&ParentBoothID=&ListByBooth=true&BoothID=100194
"EtherWAN Systems, Inc.",124,,"New Taipei City,",Chinese Taipei,https://www.etherwan.com/,,,https://s23.a2zinc.net/clients/mciasia/its2019/Public/eBooth.aspx?IndexInList=79&FromPage=Exhibitors.aspx&ParentBoothID=&ListByBooth=true&BoothID=100201
EZ-Link Pte Ltd,335,,,Singapore,https://www.ezlink.com.sg/,,,https://s23.a2zinc.net/clients/mciasia/its2019/Public/eBooth.aspx?IndexInList=80&FromPage=Exhibitors.aspx&ParentBoothID=&ListByBooth=true&BoothID=102654
Faurecia,A06,,"Nanterre,",France,https://www.faurecia.com/,,,https://s23.a2zinc.net/clients/mciasia/its2019/Public/eBooth.aspx?IndexInList=81&FromPage=Exhibitors.aspx&ParentBoothID=&ListByBooth=true&BoothID=102387
FiscalAdmin,97,,,Estonia,http://fiscaladmin.com/,,,https://s23.a2zinc.net/clients/mciasia/its2019/Public/eBooth.aspx?IndexInList=82&FromPage=Exhibitors.aspx&ParentBoothID=&ListByBooth=true&BoothID=102514
FLIR Systems,116,,,Hong Kong,https://www.flir.asia/traffic/,,,https://s23.a2zinc.net/clients/mciasia/its2019/Public/eBooth.aspx?IndexInList=83&FromPage=Exhibitors.aspx&ParentBoothID=&ListByBooth=true&BoothID=100190
Flowbird,493,,,France,https://www.flowbird.group/,,,https://s23.a2zinc.net/clients/mciasia/its2019/Public/eBooth.aspx?IndexInList=84&FromPage=Exhibitors.aspx&ParentBoothID=&ListByBooth=true&BoothID=102576
Flowly,493,,,France,http://www.flowly.re/,,,https://s23.a2zinc.net/clients/mciasia/its2019/Public/eBooth.aspx?IndexInList=85&FromPage=Exhibitors.aspx&ParentBoothID=&ListByBooth=true&BoothID=102566
"Formolight Technologies, Inc.",231,,"New Taipei City,",Chinese Taipei,https://www.formolight.com/,,,https://s23.a2zinc.net/clients/mciasia/its2019/Public/eBooth.aspx?IndexInList=86&FromPage=Exhibitors.aspx&ParentBoothID=&ListByBooth=true&BoothID=101357
Forum8,333,,"Tokyo,",Japan,http://www.forum8.com,,,https://s23.a2zinc.net/clients/mciasia/its2019/Public/eBooth.aspx?IndexInList=87&FromPage=Exhibitors.aspx&ParentBoothID=&ListByBooth=true&BoothID=100268
Fraunhofer-Institut für offene Kommunikationssysteme FOKUS,A01,,"Germany,",Germany,https://www.fokus.fraunhofer.de/en,,,https://s23.a2zinc.net/clients/mciasia/its2019/Public/eBooth.aspx?IndexInList=88&FromPage=Exhibitors.aspx&ParentBoothID=&ListByBooth=true&BoothID=102619
Fujitsu Ltd.,287,,,Japan,https://www.fujitsu.com/global/solutions/industry/automotive,,,https://s23.a2zinc.net/clients/mciasia/its2019/Public/eBooth.aspx?IndexInList=89&FromPage=Exhibitors.aspx&ParentBoothID=&ListByBooth=true&BoothID=102460
Geminiptc,A01,,"Germany,",Germany,https://geminiptc.de/en/,,,https://s23.a2zinc.net/clients/mciasia/its2019/Public/eBooth.aspx?IndexInList=90&FromPage=Exhibitors.aspx&ParentBoothID=&ListByBooth=true&BoothID=102618
Genetec,393,,"Montreal,",Canada,http://www.genetec.com,,,https://s23.a2zinc.net/clients/mciasia/its2019/Public/eBooth.aspx?IndexInList=91&FromPage=Exhibitors.aspx&ParentBoothID=&ListByBooth=true&BoothID=102592
Genetec Asia Pacific Pte Ltd,467,,"Singapore,",Singapore,https://www.genetec.com/,,,https://s23.a2zinc.net/clients/mciasia/its2019/Public/eBooth.aspx?IndexInList=92&FromPage=Exhibitors.aspx&ParentBoothID=&ListByBooth=true&BoothID=102617
Geosat,493,,,France,http://www.xee.com,,,https://s23.a2zinc.net/clients/mciasia/its2019/Public/eBooth.aspx?IndexInList=93&FromPage=Exhibitors.aspx&ParentBoothID=&ListByBooth=true&BoothID=102572
GEWI,73,,"Bernburg,",Germany,http://www.gewi.com,,,https://s23.a2zinc.net/clients/mciasia/its2019/Public/eBooth.aspx?IndexInList=94&FromPage=Exhibitors.aspx&ParentBoothID=&ListByBooth=true&BoothID=102411
GEWI,375,,"x,",Germany,,,,https://s23.a2zinc.net/clients/mciasia/its2019/Public/eBooth.aspx?IndexInList=95&FromPage=Exhibitors.aspx&ParentBoothID=&ListByBooth=true&BoothID=102491
GoSwift,97,,,Estonia,http://www.goswift.eu/,,,https://s23.a2zinc.net/clients/mciasia/its2019/Public/eBooth.aspx?IndexInList=96&FromPage=Exhibitors.aspx&ParentBoothID=&ListByBooth=true&BoothID=102515
Graphmasters GmbH,501,,"Hannover,",Germany,,,,https://s23.a2zinc.net/clients/mciasia/its2019/Public/eBooth.aspx?IndexInList=97&FromPage=Exhibitors.aspx&ParentBoothID=&ListByBooth=true&BoothID=102557
"Gridsmart Technologies, INC",472,,"Knoxville,",United States,https://gridsmart.com/,,,https://s23.a2zinc.net/clients/mciasia/its2019/Public/eBooth.aspx?IndexInList=98&FromPage=Exhibitors.aspx&ParentBoothID=&ListByBooth=true&BoothID=100309
GSA Galileo,147,,"Prague,",Czech Republic,https://www.gsa.europa.eu,,,https://s23.a2zinc.net/clients/mciasia/its2019/Public/eBooth.aspx?IndexInList=99&FromPage=Exhibitors.aspx&ParentBoothID=&ListByBooth=true&BoothID=100156
"Guangdong Rongwen Energy Science and Technology Group Co., Ltd",457,,"Guangdong,",China,http://www.rongwenest.com,,,https://s23.a2zinc.net/clients/mciasia/its2019/Public/eBooth.aspx?IndexInList=100&FromPage=Exhibitors.aspx&ParentBoothID=&ListByBooth=true&BoothID=101371
HAENNI Instruments Inc.,452,,"Kirchberg,",Switzerland,http://www.haenni-scales.com,,,https://s23.a2zinc.net/clients/mciasia/its2019/Public/eBooth.aspx?IndexInList=101&FromPage=Exhibitors.aspx&ParentBoothID=&ListByBooth=true&BoothID=100237
"Hangzhou Golong Technology Co., Ltd.",448,,"Hangzhou,",China,http://www.hzgolong.com/,,,https://s23.a2zinc.net/clients/mciasia/its2019/Public/eBooth.aspx?IndexInList=102&FromPage=Exhibitors.aspx&ParentBoothID=&ListByBooth=true&BoothID=100226
Hanshin Expressway Company Limited,287,,,Japan,https://www.hanshin-exp.co.jp/english/,,,https://s23.a2zinc.net/clients/mciasia/its2019/Public/eBooth.aspx?IndexInList=103&FromPage=Exhibitors.aspx&ParentBoothID=&ListByBooth=true&BoothID=102461
Helsinki Business Hub,97,,,Finland,https://www.helsinkibusinesshub.fi/,,,https://s23.a2zinc.net/clients/mciasia/its2019/Public/eBooth.aspx?IndexInList=104&FromPage=Exhibitors.aspx&ParentBoothID=&ListByBooth=true&BoothID=102524
HERE,95,,"Eindhoven,",Netherlands,http://360.here.com,,,https://s23.a2zinc.net/clients/mciasia/its2019/Public/eBooth.aspx?IndexInList=105&FromPage=Exhibitors.aspx&ParentBoothID=&ListByBooth=true&BoothID=101314
Hewlett Packard Enterprise,215,,,Singapore,https://www.hpe.com/sg/en/home.html,,,https://s23.a2zinc.net/clients/mciasia/its2019/Public/eBooth.aspx?IndexInList=106&FromPage=Exhibitors.aspx&ParentBoothID=&ListByBooth=true&BoothID=102661
Hexagon,126,,"Calgary,",Canada,https://hexagon.com/,,,https://s23.a2zinc.net/clients/mciasia/its2019/Public/eBooth.aspx?IndexInList=107&FromPage=Exhibitors.aspx&ParentBoothID=&ListByBooth=true&BoothID=100207
Highway Industry Development Organization,287,,,Japan,https://www.hido.or.jp/english/index.html,,,https://s23.a2zinc.net/clients/mciasia/its2019/Public/eBooth.aspx?IndexInList=108&FromPage=Exhibitors.aspx&ParentBoothID=&ListByBooth=true&BoothID=102485
Hikvision Singapore Pte Ltd,137,,"Singapore,",Singapore,https://www.hikvision.com/en/,,,https://s23.a2zinc.net/clients/mciasia/its2019/Public/eBooth.aspx?IndexInList=109&FromPage=Exhibitors.aspx&ParentBoothID=&ListByBooth=true&BoothID=100269
"Hitachi Solutions, Ltd.",287,,,Japan,https://www.hitachi-solutions.com/c2x/,,,https://s23.a2zinc.net/clients/mciasia/its2019/Public/eBooth.aspx?IndexInList=110&FromPage=Exhibitors.aspx&ParentBoothID=&ListByBooth=true&BoothID=102486
Honda,385,,"Tokyo,",Japan,https://global.honda/,,,https://s23.a2zinc.net/clients/mciasia/its2019/Public/eBooth.aspx?IndexInList=111&FromPage=Exhibitors.aspx&ParentBoothID=&ListByBooth=true&BoothID=100185
Houston Radar LLC,437,,"Stafford,",United States,http://Houston-Radar.com,,,https://s23.a2zinc.net/clients/mciasia/its2019/Public/eBooth.aspx?IndexInList=112&FromPage=Exhibitors.aspx&ParentBoothID=&ListByBooth=true&BoothID=100177
Huawei,90,,"Shenzhen,",China,https://e.huawei.com/en/solutions/industries/transportation,,,https://s23.a2zinc.net/clients/mciasia/its2019/Public/eBooth.aspx?IndexInList=113&FromPage=Exhibitors.aspx&ParentBoothID=&ListByBooth=true&BoothID=100150
Ibeo,345,,"Hamburg,",Germany,https://www.ibeo-as.com/,,,https://s23.a2zinc.net/clients/mciasia/its2019/Public/eBooth.aspx?IndexInList=114&FromPage=Exhibitors.aspx&ParentBoothID=&ListByBooth=true&BoothID=101337
Ifsttar,493,,"Champs-sur-Marne,",France,https://www.ifsttar.fr/en/,,,https://s23.a2zinc.net/clients/mciasia/its2019/Public/eBooth.aspx?IndexInList=115&FromPage=Exhibitors.aspx&ParentBoothID=&ListByBooth=true&BoothID=102571
IHI Corporation,287,,,Japan,https://www.ihi.co.jp/en/,,,https://s23.a2zinc.net/clients/mciasia/its2019/Public/eBooth.aspx?IndexInList=116&FromPage=Exhibitors.aspx&ParentBoothID=&ListByBooth=true&BoothID=102462
iMOVE Australia,73,,"Port Melbourne,",Australia,http://www.imovecrc.com,,,https://s23.a2zinc.net/clients/mciasia/its2019/Public/eBooth.aspx?IndexInList=117&FromPage=Exhibitors.aspx&ParentBoothID=&ListByBooth=true&BoothID=102409
INIT,335,,,Singapore,http://www.initse.com,,,https://s23.a2zinc.net/clients/mciasia/its2019/Public/eBooth.aspx?IndexInList=118&FromPage=Exhibitors.aspx&ParentBoothID=&ListByBooth=true&BoothID=102655
Intelematics,73,,"Melbourne,",Australia,http://www.intelematics.com,,,https://s23.a2zinc.net/clients/mciasia/its2019/Public/eBooth.aspx?IndexInList=119&FromPage=Exhibitors.aspx&ParentBoothID=&ListByBooth=true&BoothID=102410
Intercomp,461,,"Medina,",United States,http://www.intercompcompany.com,,,https://s23.a2zinc.net/clients/mciasia/its2019/Public/eBooth.aspx?IndexInList=120&FromPage=Exhibitors.aspx&ParentBoothID=&ListByBooth=true&BoothID=100235
International Road Dynamics,497,,"Mississauga, ,",Canada,http://www.irdinc.com,,,https://s23.a2zinc.net/clients/mciasia/its2019/Public/eBooth.aspx?IndexInList=121&FromPage=Exhibitors.aspx&ParentBoothID=&ListByBooth=true&BoothID=102589
Invest In Toulouse,493,,"France,",France,http://www.invest-in-toulouse.com,,,https://s23.a2zinc.net/clients/mciasia/its2019/Public/eBooth.aspx?IndexInList=122&FromPage=Exhibitors.aspx&ParentBoothID=&ListByBooth=true&BoothID=102616
iSmartWays,541,,"Edmonton,",Canada,http://www.ismartwasy.com  www.huali-tec.com,,,https://s23.a2zinc.net/clients/mciasia/its2019/Public/eBooth.aspx?IndexInList=123&FromPage=Exhibitors.aspx&ParentBoothID=&ListByBooth=true&BoothID=100249
Iteris,401,,"Santa Ana,",United States,http://www.iteris.com,,,https://s23.a2zinc.net/clients/mciasia/its2019/Public/eBooth.aspx?IndexInList=124&FromPage=Exhibitors.aspx&ParentBoothID=&ListByBooth=true&BoothID=102580
ITK Engineering GmbH,501,,"Lollar,",Germany,https://www.itk-engineering.de/en/,,,https://s23.a2zinc.net/clients/mciasia/its2019/Public/eBooth.aspx?IndexInList=125&FromPage=Exhibitors.aspx&ParentBoothID=&ListByBooth=true&BoothID=102559
Itron,529,,"Liberty Lake,",United States,http://www.itron.com,,,https://s23.a2zinc.net/clients/mciasia/its2019/Public/eBooth.aspx?IndexInList=126&FromPage=Exhibitors.aspx&ParentBoothID=&ListByBooth=true&BoothID=102547
ITS America,401,,"Washington,",United States,http://www.itsa.org,,,https://s23.a2zinc.net/clients/mciasia/its2019/Public/eBooth.aspx?IndexInList=127&FromPage=Exhibitors.aspx&ParentBoothID=&ListByBooth=true&BoothID=102583
ITS Asia Pacific,73,,"Tokyo,",Japan,http://www.itsasia-pacific.com,,,https://s23.a2zinc.net/clients/mciasia/its2019/Public/eBooth.aspx?IndexInList=128&FromPage=Exhibitors.aspx&ParentBoothID=&ListByBooth=true&BoothID=102403
"ITS Asia Pacific, ITS Australia, ITS New Zealand",73,,,Australia,,,,https://s23.a2zinc.net/clients/mciasia/its2019/Public/eBooth.aspx?IndexInList=129&FromPage=Exhibitors.aspx&ParentBoothID=&ListByBooth=true&BoothID=100151
ITS Australia,73,,"Port Melbourne,",Australia,http://www.its-australia.com.au,,,https://s23.a2zinc.net/clients/mciasia/its2019/Public/eBooth.aspx?IndexInList=130&FromPage=Exhibitors.aspx&ParentBoothID=&ListByBooth=true&BoothID=102487
ITS Austria,93,,"Wien,",Austria,https://austriatech.at/en/its-austria/,,,https://s23.a2zinc.net/clients/mciasia/its2019/Public/eBooth.aspx?IndexInList=131&FromPage=Exhibitors.aspx&ParentBoothID=&ListByBooth=true&BoothID=102647
ITS Canada,497,,"Mississauga,,",Canada,https://www.itscanada.ca/,,,https://s23.a2zinc.net/clients/mciasia/its2019/Public/eBooth.aspx?IndexInList=132&FromPage=Exhibitors.aspx&ParentBoothID=&ListByBooth=true&BoothID=102588
ITS Canada & International Road Dynamics,497,,"Mississauga,,",Canada,,,,https://s23.a2zinc.net/clients/mciasia/its2019/Public/eBooth.aspx?IndexInList=133&FromPage=Exhibitors.aspx&ParentBoothID=&ListByBooth=true&BoothID=100182
ITS Central Eastern Congress 2020,375,,,Belgium,https://itsinceeurope.com/,,,https://s23.a2zinc.net/clients/mciasia/its2019/Public/eBooth.aspx?IndexInList=134&FromPage=Exhibitors.aspx&ParentBoothID=&ListByBooth=true&BoothID=102607
ITS Deutschland & City of Hamburg,501,,"Braunschweig,",Germany,https://its-deutschland.de,,,https://s23.a2zinc.net/clients/mciasia/its2019/Public/eBooth.aspx?IndexInList=135&FromPage=Exhibitors.aspx&ParentBoothID=&ListByBooth=true&BoothID=101340
ITS Estonia,97,,,Estonia,http://www.its-estonia.com,,,https://s23.a2zinc.net/clients/mciasia/its2019/Public/eBooth.aspx?IndexInList=136&FromPage=Exhibitors.aspx&ParentBoothID=&ListByBooth=true&BoothID=102511
ITS European Congress 2020,375,,,Belgium,https://itsineurope2020.com/,,,https://s23.a2zinc.net/clients/mciasia/its2019/Public/eBooth.aspx?IndexInList=137&FromPage=Exhibitors.aspx&ParentBoothID=&ListByBooth=true&BoothID=102608
ITS EUROPEAN PAVILION,375,,"Brussels,",Belgium,https://ertico.com/,,,https://s23.a2zinc.net/clients/mciasia/its2019/Public/eBooth.aspx?IndexInList=138&FromPage=Exhibitors.aspx&ParentBoothID=&ListByBooth=true&BoothID=100170
ITS Factory Tampere,97,,,Finland,https://businesstampere.com/business-environment/business-ecosystems/mobility/,,,https://s23.a2zinc.net/clients/mciasia/its2019/Public/eBooth.aspx?IndexInList=139&FromPage=Exhibitors.aspx&ParentBoothID=&ListByBooth=true&BoothID=102525
ITS Finland,97,,"Helsinki,",Finland,http://www.its-finland.fi/index.php/fi/,,,https://s23.a2zinc.net/clients/mciasia/its2019/Public/eBooth.aspx?IndexInList=140&FromPage=Exhibitors.aspx&ParentBoothID=&ListByBooth=true&BoothID=102497
ITS France,493,,,France,http://www.businessfrance.fr,,,https://s23.a2zinc.net/clients/mciasia/its2019/Public/eBooth.aspx?IndexInList=141&FromPage=Exhibitors.aspx&ParentBoothID=&ListByBooth=true&BoothID=100181
ITS Hamburg 2021 Gmbh,501,,"x,",Germany,http://www.its2021.hamburg,,,https://s23.a2zinc.net/clients/mciasia/its2019/Public/eBooth.aspx?IndexInList=142&FromPage=Exhibitors.aspx&ParentBoothID=&ListByBooth=true&BoothID=103672
ITS Indonesia,283,,"Jakarta,",Indonesia,http://www.its-indonesia.id / www.smartmobility.id,,,https://s23.a2zinc.net/clients/mciasia/its2019/Public/eBooth.aspx?IndexInList=143&FromPage=Exhibitors.aspx&ParentBoothID=&ListByBooth=true&BoothID=100164
ITS Info-Communications Forum,287,,,Japan,https://itsforum.gr.jp/E_index.html,,,https://s23.a2zinc.net/clients/mciasia/its2019/Public/eBooth.aspx?IndexInList=144&FromPage=Exhibitors.aspx&ParentBoothID=&ListByBooth=true&BoothID=102463
ITS Japan,287,,"Tokyo,",Japan,http://www.its-jp.org/english/,,,https://s23.a2zinc.net/clients/mciasia/its2019/Public/eBooth.aspx?IndexInList=145&FromPage=Exhibitors.aspx&ParentBoothID=&ListByBooth=true&BoothID=102484
ITS Korea,190,,"Korea,",Korea (South),http://www.itskorea.or.kr/,,,https://s23.a2zinc.net/clients/mciasia/its2019/Public/eBooth.aspx?IndexInList=146&FromPage=Exhibitors.aspx&ParentBoothID=&ListByBooth=true&BoothID=101332
ITS Malaysia,517,,"Kuala Lumpur,",Malaysia,http://trafficsens.com/,,,https://s23.a2zinc.net/clients/mciasia/its2019/Public/eBooth.aspx?IndexInList=147&FromPage=Exhibitors.aspx&ParentBoothID=&ListByBooth=true&BoothID=100233
ITS New Zealand,73,,"Auckland,",New Zealand,http://www.itsnz.org,,,https://s23.a2zinc.net/clients/mciasia/its2019/Public/eBooth.aspx?IndexInList=148&FromPage=Exhibitors.aspx&ParentBoothID=&ListByBooth=true&BoothID=102404
ITS Nordic Pavillion,97,,"x,",Sweden,,,,https://s23.a2zinc.net/clients/mciasia/its2019/Public/eBooth.aspx?IndexInList=149&FromPage=Exhibitors.aspx&ParentBoothID=&ListByBooth=true&BoothID=101320
ITS Norway,97,,,Norway,,,,https://s23.a2zinc.net/clients/mciasia/its2019/Public/eBooth.aspx?IndexInList=150&FromPage=Exhibitors.aspx&ParentBoothID=&ListByBooth=true&BoothID=102531
ITS Perception,97,,,Norway,http://itsperception.no/,,,https://s23.a2zinc.net/clients/mciasia/its2019/Public/eBooth.aspx?IndexInList=151&FromPage=Exhibitors.aspx&ParentBoothID=&ListByBooth=true&BoothID=102544
ITS Sweden,97,,,Sweden,http://www.its-sweden.se,,,https://s23.a2zinc.net/clients/mciasia/its2019/Public/eBooth.aspx?IndexInList=152&FromPage=Exhibitors.aspx&ParentBoothID=&ListByBooth=true&BoothID=102498
ITS Switzerland,375,,,Switzerland,https://www.its-ch.ch/ /,,,https://s23.a2zinc.net/clients/mciasia/its2019/Public/eBooth.aspx?IndexInList=153&FromPage=Exhibitors.aspx&ParentBoothID=&ListByBooth=true&BoothID=102606
ITS Taiwan,106,,"Taipei City,",Chinese Taipei,http://www.its-taiwan.org.tw/en/index.asp,,,https://s23.a2zinc.net/clients/mciasia/its2019/Public/eBooth.aspx?IndexInList=154&FromPage=Exhibitors.aspx&ParentBoothID=&ListByBooth=true&BoothID=100155
ITS Technology Enhancement Association,287,,"Japan,",Japan,https://www.its-tea.or.jp/english/,,,https://s23.a2zinc.net/clients/mciasia/its2019/Public/eBooth.aspx?IndexInList=155&FromPage=Exhibitors.aspx&ParentBoothID=&ListByBooth=true&BoothID=102464
ITS Vienna Region,93,,,Austria,http://www.its-viennaregion.at,,,https://s23.a2zinc.net/clients/mciasia/its2019/Public/eBooth.aspx?IndexInList=156&FromPage=Exhibitors.aspx&ParentBoothID=&ListByBooth=true&BoothID=102626
ITS World Congress 2021,375,,,Belgium,https://www.its2021.hamburg/index.php?id=itshamburg,,,https://s23.a2zinc.net/clients/mciasia/its2019/Public/eBooth.aspx?IndexInList=157&FromPage=Exhibitors.aspx&ParentBoothID=&ListByBooth=true&BoothID=102609
"iT-Telecom co., Ltd.",532,,"Gyunggido,",Korea (South),http://www.it-telecom.co.kr,,,https://s23.a2zinc.net/clients/mciasia/its2019/Public/eBooth.aspx?IndexInList=158&FromPage=Exhibitors.aspx&ParentBoothID=&ListByBooth=true&BoothID=100263
Japan Digital Road Map Association,287,,,Japan,http://drm.jp/english/drm/e_index.htm,,,https://s23.a2zinc.net/clients/mciasia/its2019/Public/eBooth.aspx?IndexInList=159&FromPage=Exhibitors.aspx&ParentBoothID=&ListByBooth=true&BoothID=102465
Japan Pavilion,287,,"Tokyo,",Japan,,,,https://s23.a2zinc.net/clients/mciasia/its2019/Public/eBooth.aspx?IndexInList=160&FromPage=Exhibitors.aspx&ParentBoothID=&ListByBooth=true&BoothID=100163
Jeju Special Self-Governing Province (Jeju Municipal Police Bureau Traffic Information Center),190,,"Korea,",Korea (South),http://www.jejuits.go.kr/main/main.do,,,https://s23.a2zinc.net/clients/mciasia/its2019/Public/eBooth.aspx?IndexInList=161&FromPage=Exhibitors.aspx&ParentBoothID=&ListByBooth=true&BoothID=102508
JTEKT Corporation,287,,,Japan,https://www.jtekt.co.jp/,,,https://s23.a2zinc.net/clients/mciasia/its2019/Public/eBooth.aspx?IndexInList=162&FromPage=Exhibitors.aspx&ParentBoothID=&ListByBooth=true&BoothID=102466
Kapsch Trafficcom,359,,"Vienna,",Austria,https://www.kapsch.net/,,,https://s23.a2zinc.net/clients/mciasia/its2019/Public/eBooth.aspx?IndexInList=163&FromPage=Exhibitors.aspx&ParentBoothID=&ListByBooth=true&BoothID=100167
Kapsch Trafficcom,97,,"Vienna,",Austria,https://www.kapsch.net/,,,https://s23.a2zinc.net/clients/mciasia/its2019/Public/eBooth.aspx?IndexInList=164&FromPage=Exhibitors.aspx&ParentBoothID=&ListByBooth=true&BoothID=102499
KDDI Corporation,287,,,Japan,https://global.kddi.com/,,,https://s23.a2zinc.net/clients/mciasia/its2019/Public/eBooth.aspx?IndexInList=165&FromPage=Exhibitors.aspx&ParentBoothID=&ListByBooth=true&BoothID=102467
Kedacom,433,,"Singapore,",Singapore,https://www.kedacom.com,,,https://s23.a2zinc.net/clients/mciasia/its2019/Public/eBooth.aspx?IndexInList=166&FromPage=Exhibitors.aspx&ParentBoothID=&ListByBooth=true&BoothID=100176
Keolis,94,,"Paris,",France,https://www.keolis.com/,,,https://s23.a2zinc.net/clients/mciasia/its2019/Public/eBooth.aspx?IndexInList=167&FromPage=Exhibitors.aspx&ParentBoothID=&ListByBooth=true&BoothID=101316
Kistler Instrumente,322,,"Winterthur,",Switzerland,https://www.kistler.com/,,,https://s23.a2zinc.net/clients/mciasia/its2019/Public/eBooth.aspx?IndexInList=168&FromPage=Exhibitors.aspx&ParentBoothID=&ListByBooth=true&BoothID=100292
Kongsberg Norcontrol,97,,,Norway,https://www.kongsberg.com/norcontrol/,,,https://s23.a2zinc.net/clients/mciasia/its2019/Public/eBooth.aspx?IndexInList=169&FromPage=Exhibitors.aspx&ParentBoothID=&ListByBooth=true&BoothID=102542
Korea Expressway Corporation,190,,"Korea,",Korea (South),,,,https://s23.a2zinc.net/clients/mciasia/its2019/Public/eBooth.aspx?IndexInList=170&FromPage=Exhibitors.aspx&ParentBoothID=&ListByBooth=true&BoothID=102502
Korea Institute of Civil Engineering and Building Technology,190,,"Korea,",Korea (South),https://www.kict.re.kr/,,,https://s23.a2zinc.net/clients/mciasia/its2019/Public/eBooth.aspx?IndexInList=171&FromPage=Exhibitors.aspx&ParentBoothID=&ListByBooth=true&BoothID=102507
Korea Road Traffic Authority,190,,"Gangwon-do,",Korea (South),,,,https://s23.a2zinc.net/clients/mciasia/its2019/Public/eBooth.aspx?IndexInList=172&FromPage=Exhibitors.aspx&ParentBoothID=&ListByBooth=true&BoothID=102503
Korea Transporation Safety Authority,190,,"Korea,",Korea (South),,,,https://s23.a2zinc.net/clients/mciasia/its2019/Public/eBooth.aspx?IndexInList=173&FromPage=Exhibitors.aspx&ParentBoothID=&ListByBooth=true&BoothID=102510
Korea Transport Institute,190,,"Korea,",Korea (South),https://english.koti.re.kr/,,,https://s23.a2zinc.net/clients/mciasia/its2019/Public/eBooth.aspx?IndexInList=174&FromPage=Exhibitors.aspx&ParentBoothID=&ListByBooth=true&BoothID=102509
"Kyland Technology Co., Ltd",229,,"Beijing,",China,http://WWW.KYLAND.COM,,,https://s23.a2zinc.net/clients/mciasia/its2019/Public/eBooth.aspx?IndexInList=175&FromPage=Exhibitors.aspx&ParentBoothID=&ListByBooth=true&BoothID=100208
Kyyti,97,,,Finland,https://www.kyyti.com/,,,https://s23.a2zinc.net/clients/mciasia/its2019/Public/eBooth.aspx?IndexInList=176&FromPage=Exhibitors.aspx&ParentBoothID=&ListByBooth=true&BoothID=102526
Land Transport Authority,251,,"Singapore,",Singapore,https://www.lta.gov.sg,,,https://s23.a2zinc.net/clients/mciasia/its2019/Public/eBooth.aspx?IndexInList=177&FromPage=Exhibitors.aspx&ParentBoothID=&ListByBooth=true&BoothID=102614
LECIP (Singapore) Pte Ltd,515,,"Singapore,",Singapore,http://www.lecip.sg,,,https://s23.a2zinc.net/clients/mciasia/its2019/Public/eBooth.aspx?IndexInList=178&FromPage=Exhibitors.aspx&ParentBoothID=&ListByBooth=true&BoothID=101366
Leddartech,393,,"Quebec City,",Canada,http://www.leddartech.com,,,https://s23.a2zinc.net/clients/mciasia/its2019/Public/eBooth.aspx?IndexInList=179&FromPage=Exhibitors.aspx&ParentBoothID=&ListByBooth=true&BoothID=102593
"Lianyungang Jari Electronics Co., Ltd",462,,"Jiangsu,",China,http://www.jariec.com,,,https://s23.a2zinc.net/clients/mciasia/its2019/Public/eBooth.aspx?IndexInList=180&FromPage=Exhibitors.aspx&ParentBoothID=&ListByBooth=true&BoothID=101382
Liftango,221,,"New South Wales,",Australia,http://www.liftango.com,,,https://s23.a2zinc.net/clients/mciasia/its2019/Public/eBooth.aspx?IndexInList=181&FromPage=Exhibitors.aspx&ParentBoothID=&ListByBooth=true&BoothID=102667
Lindsay Transportation Solution,320,,"Omaha,",United States,http://www.barriersystemsinc.com/,,,https://s23.a2zinc.net/clients/mciasia/its2019/Public/eBooth.aspx?IndexInList=182&FromPage=Exhibitors.aspx&ParentBoothID=&ListByBooth=true&BoothID=100213
Luminator Technology Group,213,,"Oberburen ,",Switzerland,https://www.ltg-emea.com/,,,https://s23.a2zinc.net/clients/mciasia/its2019/Public/eBooth.aspx?IndexInList=183&FromPage=Exhibitors.aspx&ParentBoothID=&ListByBooth=true&BoothID=102659
MaaS Alliance,375,,,Belgium,https://maas-alliance.eu/,,,https://s23.a2zinc.net/clients/mciasia/its2019/Public/eBooth.aspx?IndexInList=184&FromPage=Exhibitors.aspx&ParentBoothID=&ListByBooth=true&BoothID=102603
MapKing International Limited,214,,"Hong Kong,",China,http://www.mapking.com,,,https://s23.a2zinc.net/clients/mciasia/its2019/Public/eBooth.aspx?IndexInList=185&FromPage=Exhibitors.aspx&ParentBoothID=&ListByBooth=true&BoothID=102660
Marben,120,,"Suresnes,",France,https://www.marben-products.com/v2x-software-solution/,,,https://s23.a2zinc.net/clients/mciasia/its2019/Public/eBooth.aspx?IndexInList=186&FromPage=Exhibitors.aspx&ParentBoothID=&ListByBooth=true&BoothID=100191
Maritime & Port Authority Of Singapore,251,,"Singapore,",Singapore,https://mpa.gov.sg,,,https://s23.a2zinc.net/clients/mciasia/its2019/Public/eBooth.aspx?IndexInList=187&FromPage=Exhibitors.aspx&ParentBoothID=&ListByBooth=true&BoothID=102613
Maxtena,453,,"Croatia,",Croatia (Hrvatska),https://www.maxtena.com,,,https://s23.a2zinc.net/clients/mciasia/its2019/Public/eBooth.aspx?IndexInList=188&FromPage=Exhibitors.aspx&ParentBoothID=&ListByBooth=true&BoothID=102575
Metropolitan Expressway Company Limited,287,,,Japan,https://www.shutoko.co.jp/en/index/,,,https://s23.a2zinc.net/clients/mciasia/its2019/Public/eBooth.aspx?IndexInList=189&FromPage=Exhibitors.aspx&ParentBoothID=&ListByBooth=true&BoothID=102468
MHI-AP,279,,,Singapore,http://www.mhiap.com/,,,https://s23.a2zinc.net/clients/mciasia/its2019/Public/eBooth.aspx?IndexInList=190&FromPage=Exhibitors.aspx&ParentBoothID=&ListByBooth=true&BoothID=100165
Micro Connect,73,,"Forest Glen,",Australia,http://www.microconnect.com.au,,,https://s23.a2zinc.net/clients/mciasia/its2019/Public/eBooth.aspx?IndexInList=191&FromPage=Exhibitors.aspx&ParentBoothID=&ListByBooth=true&BoothID=102408
Micware,316,,"Kobe,",Japan,https://www.micware.co.jp/,,,https://s23.a2zinc.net/clients/mciasia/its2019/Public/eBooth.aspx?IndexInList=192&FromPage=Exhibitors.aspx&ParentBoothID=&ListByBooth=true&BoothID=100296
"Ministry Of Economy, Trade And Industry (METI)",287,,,Japan,https://www.meti.go.jp/english/index.html,,,https://s23.a2zinc.net/clients/mciasia/its2019/Public/eBooth.aspx?IndexInList=193&FromPage=Exhibitors.aspx&ParentBoothID=&ListByBooth=true&BoothID=102469
Ministry of Internal Affairs And Communications,287,,,Japan,http://www.soumu.go.jp/english/,,,https://s23.a2zinc.net/clients/mciasia/its2019/Public/eBooth.aspx?IndexInList=194&FromPage=Exhibitors.aspx&ParentBoothID=&ListByBooth=true&BoothID=102470
"Ministry of Land, Infrastructure, Transport And Tourism",287,,,Japan,http://www.mlit.go.jp/en/index.html,,,https://s23.a2zinc.net/clients/mciasia/its2019/Public/eBooth.aspx?IndexInList=195&FromPage=Exhibitors.aspx&ParentBoothID=&ListByBooth=true&BoothID=102471
Ministry of Movement Pte Ltd,335,,,Singapore,http://Swatmobile.io,,,https://s23.a2zinc.net/clients/mciasia/its2019/Public/eBooth.aspx?IndexInList=196&FromPage=Exhibitors.aspx&ParentBoothID=&ListByBooth=true&BoothID=102656
Ministry Of Transport,251,,"Singapore,",Singapore,http://ww.mot.gov.sg,,,https://s23.a2zinc.net/clients/mciasia/its2019/Public/eBooth.aspx?IndexInList=197&FromPage=Exhibitors.aspx&ParentBoothID=&ListByBooth=true&BoothID=102615
Ministry of Transport and Communications,97,,,Finland,https://www.lvm.fi/en/home,,,https://s23.a2zinc.net/clients/mciasia/its2019/Public/eBooth.aspx?IndexInList=198&FromPage=Exhibitors.aspx&ParentBoothID=&ListByBooth=true&BoothID=102527
Miovision,497,,,Canada,https://miovision.com/,,,https://s23.a2zinc.net/clients/mciasia/its2019/Public/eBooth.aspx?IndexInList=199&FromPage=Exhibitors.aspx&ParentBoothID=&ListByBooth=true&BoothID=102444
Mitsubishi Electric Corporation,287,,,Japan,https://www.mitsubishielectric.com/en/worldwide/index.html,,,https://s23.a2zinc.net/clients/mciasia/its2019/Public/eBooth.aspx?IndexInList=200&FromPage=Exhibitors.aspx&ParentBoothID=&ListByBooth=true&BoothID=102472
Mobile Mark Antenna Solutions,542,,"Itasca,",United States,https://www.mobilemark.com/,,,https://s23.a2zinc.net/clients/mciasia/its2019/Public/eBooth.aspx?IndexInList=201&FromPage=Exhibitors.aspx&ParentBoothID=&ListByBooth=true&BoothID=100250
mobilityX Pte Ltd,335,,,Singapore,http://www.mobility-x.com,,,https://s23.a2zinc.net/clients/mciasia/its2019/Public/eBooth.aspx?IndexInList=202&FromPage=Exhibitors.aspx&ParentBoothID=&ListByBooth=true&BoothID=102649
Moprim Ltd,97,,"Helsinki,",Finland,https://www.moprim.com/,,,https://s23.a2zinc.net/clients/mciasia/its2019/Public/eBooth.aspx?IndexInList=203&FromPage=Exhibitors.aspx&ParentBoothID=&ListByBooth=true&BoothID=102599
MOT Family Pavilion,251,,"Singapore,",Singapore,http://ww.mot.gov.sg,,,https://s23.a2zinc.net/clients/mciasia/its2019/Public/eBooth.aspx?IndexInList=204&FromPage=Exhibitors.aspx&ParentBoothID=&ListByBooth=true&BoothID=100162
Movex Innovation,393,,"Shawinigan,",Canada,http://www.movexinnovation.com,,,https://s23.a2zinc.net/clients/mciasia/its2019/Public/eBooth.aspx?IndexInList=205&FromPage=Exhibitors.aspx&ParentBoothID=&ListByBooth=true&BoothID=102594
Navigation Data Standard (NDS) e.V.,375,,,Germany,http://www.nds-association.org,,,https://s23.a2zinc.net/clients/mciasia/its2019/Public/eBooth.aspx?IndexInList=206&FromPage=Exhibitors.aspx&ParentBoothID=&ListByBooth=true&BoothID=102490
Navinfo,485,,"Beijing,",China,http://www.navinfo.com,,,https://s23.a2zinc.net/clients/mciasia/its2019/Public/eBooth.aspx?IndexInList=207&FromPage=Exhibitors.aspx&ParentBoothID=&ListByBooth=true&BoothID=100179
Navtech Radar,442,,"Oxfordshire,",United Kingdom,https://navtechradar.com/,,,https://s23.a2zinc.net/clients/mciasia/its2019/Public/eBooth.aspx?IndexInList=208&FromPage=Exhibitors.aspx&ParentBoothID=&ListByBooth=true&BoothID=102455
NCS/Singtel,259,,,Singapore,https://www.ncs.com.sg/,,,https://s23.a2zinc.net/clients/mciasia/its2019/Public/eBooth.aspx?IndexInList=209&FromPage=Exhibitors.aspx&ParentBoothID=&ListByBooth=true&BoothID=100166
NEC Corporation,287,,,Japan,https://www.nec.com/,,,https://s23.a2zinc.net/clients/mciasia/its2019/Public/eBooth.aspx?IndexInList=210&FromPage=Exhibitors.aspx&ParentBoothID=&ListByBooth=true&BoothID=102473
NEDAP,129,,"Groenlo,",Netherlands,https://www.nedapidentification.com/,,,https://s23.a2zinc.net/clients/mciasia/its2019/Public/eBooth.aspx?IndexInList=211&FromPage=Exhibitors.aspx&ParentBoothID=&ListByBooth=true&BoothID=100198
"Neology, Inc.",A08,,"Poway,",United States,http://www.neology.net,,,https://s23.a2zinc.net/clients/mciasia/its2019/Public/eBooth.aspx?IndexInList=212&FromPage=Exhibitors.aspx&ParentBoothID=&ListByBooth=true&BoothID=102389
Network For Electronic Tranfers (Singapore) Pte Ltd,528,,"Singapore,",Singapore,https://www.nets.com.sg/,,,https://s23.a2zinc.net/clients/mciasia/its2019/Public/eBooth.aspx?IndexInList=213&FromPage=Exhibitors.aspx&ParentBoothID=&ListByBooth=true&BoothID=102574
Neuron Mobility,335,,,Singapore,http://www.neuron.sg,,,https://s23.a2zinc.net/clients/mciasia/its2019/Public/eBooth.aspx?IndexInList=214&FromPage=Exhibitors.aspx&ParentBoothID=&ListByBooth=true&BoothID=102650
Nira Dynamics AB,516,,"Linkoping,",Sweden,https://www.niradynamics.se/,,,https://s23.a2zinc.net/clients/mciasia/its2019/Public/eBooth.aspx?IndexInList=215&FromPage=Exhibitors.aspx&ParentBoothID=&ListByBooth=true&BoothID=100276
NNG,375,,"Budapest,",Hungary,http://www.nng.com,,,https://s23.a2zinc.net/clients/mciasia/its2019/Public/eBooth.aspx?IndexInList=216&FromPage=Exhibitors.aspx&ParentBoothID=&ListByBooth=true&BoothID=102488
Nokia,527,,"Singapore,",Singapore,,,,https://s23.a2zinc.net/clients/mciasia/its2019/Public/eBooth.aspx?IndexInList=217&FromPage=Exhibitors.aspx&ParentBoothID=&ListByBooth=true&BoothID=100286
North American Pavilion,401,,"Washington,",United States,http://www.itsa.org,,,https://s23.a2zinc.net/clients/mciasia/its2019/Public/eBooth.aspx?IndexInList=218&FromPage=Exhibitors.aspx&ParentBoothID=&ListByBooth=true&BoothID=100306
Norwegian Coastal Administration,97,,,Norway,https://www.kystverket.no/,,,https://s23.a2zinc.net/clients/mciasia/its2019/Public/eBooth.aspx?IndexInList=219&FromPage=Exhibitors.aspx&ParentBoothID=&ListByBooth=true&BoothID=102535
Norwegian Public Roads Administration,97,,,Norway,https://www.vegvesen.no/en/home,,,https://s23.a2zinc.net/clients/mciasia/its2019/Public/eBooth.aspx?IndexInList=220&FromPage=Exhibitors.aspx&ParentBoothID=&ListByBooth=true&BoothID=102532
Norwegian Railway Authority,97,,,Norway,https://www.jernbanedirektoratet.no/,,,https://s23.a2zinc.net/clients/mciasia/its2019/Public/eBooth.aspx?IndexInList=221&FromPage=Exhibitors.aspx&ParentBoothID=&ListByBooth=true&BoothID=102543
"Novacos Co., Ltd",190,,"Korea,",Korea (South),http://www.novacos.co.kr/,,,https://s23.a2zinc.net/clients/mciasia/its2019/Public/eBooth.aspx?IndexInList=222&FromPage=Exhibitors.aspx&ParentBoothID=&ListByBooth=true&BoothID=102506
NXP,91,,"Hamburg,",Germany,http://www.nxp.com,,,https://s23.a2zinc.net/clients/mciasia/its2019/Public/eBooth.aspx?IndexInList=223&FromPage=Exhibitors.aspx&ParentBoothID=&ListByBooth=true&BoothID=101317
"OKI Electric Industry Co., Ltd.",287,,,Japan,https://www.oki.com/en/,,,https://s23.a2zinc.net/clients/mciasia/its2019/Public/eBooth.aspx?IndexInList=224&FromPage=Exhibitors.aspx&ParentBoothID=&ListByBooth=true&BoothID=102474
"Omron Social Solutions Co., Ltd.",287,,,Japan,https://www.oss.omron.co.jp/,,,https://s23.a2zinc.net/clients/mciasia/its2019/Public/eBooth.aspx?IndexInList=225&FromPage=Exhibitors.aspx&ParentBoothID=&ListByBooth=true&BoothID=102475
OneConnect Financial Technology,544,,"Singapore,",Singapore,http://www.oneconnectft.com.sg/,,,https://s23.a2zinc.net/clients/mciasia/its2019/Public/eBooth.aspx?IndexInList=226&FromPage=Exhibitors.aspx&ParentBoothID=&ListByBooth=true&BoothID=102637
Opal - RT,393,,"Montréal,",Canada,http://www.opal-rt.com,,,https://s23.a2zinc.net/clients/mciasia/its2019/Public/eBooth.aspx?IndexInList=227&FromPage=Exhibitors.aspx&ParentBoothID=&ListByBooth=true&BoothID=102595
Orange Business Services,335,,,Singapore,https://www.orange-business.com/en/regions/asia-pacific,,,https://s23.a2zinc.net/clients/mciasia/its2019/Public/eBooth.aspx?IndexInList=228&FromPage=Exhibitors.aspx&ParentBoothID=&ListByBooth=true&BoothID=102671
Ouster,538,,"San Francisco,",United States,http://www.ouster.io,,,https://s23.a2zinc.net/clients/mciasia/its2019/Public/eBooth.aspx?IndexInList=229&FromPage=Exhibitors.aspx&ParentBoothID=&ListByBooth=true&BoothID=100257
Panasonic,179,,,Japan,https://www.panasonic.com/,,,https://s23.a2zinc.net/clients/mciasia/its2019/Public/eBooth.aspx?IndexInList=230&FromPage=Exhibitors.aspx&ParentBoothID=&ListByBooth=true&BoothID=100157
Parifex,493,,"Viroflay ,",France,http://www.parifex.com,,,https://s23.a2zinc.net/clients/mciasia/its2019/Public/eBooth.aspx?IndexInList=231&FromPage=Exhibitors.aspx&ParentBoothID=&ListByBooth=true&BoothID=102564
PCI Private Limited,76,,"Singapore,",Singapore,https://www.pciltd.com/index.php/en/,,,https://s23.a2zinc.net/clients/mciasia/its2019/Public/eBooth.aspx?IndexInList=232&FromPage=Exhibitors.aspx&ParentBoothID=&ListByBooth=true&BoothID=102554
Penta Security Systems Inc.,450,,"Seoul,",Korea (South),https://pentasecurity.com,,,https://s23.a2zinc.net/clients/mciasia/its2019/Public/eBooth.aspx?IndexInList=233&FromPage=Exhibitors.aspx&ParentBoothID=&ListByBooth=true&BoothID=100284
PlanetM,401,,,United States,https://www.planetm.com/,,,https://s23.a2zinc.net/clients/mciasia/its2019/Public/eBooth.aspx?IndexInList=234&FromPage=Exhibitors.aspx&ParentBoothID=&ListByBooth=true&BoothID=102621
Pluservice,350,,,Italy,http://www.pluservice.net/en,,,https://s23.a2zinc.net/clients/mciasia/its2019/Public/eBooth.aspx?IndexInList=235&FromPage=Exhibitors.aspx&ParentBoothID=&ListByBooth=true&BoothID=102643
PMG Technologies,393,,"Blainville,",Canada,http://www.pmgtest.com,,,https://s23.a2zinc.net/clients/mciasia/its2019/Public/eBooth.aspx?IndexInList=236&FromPage=Exhibitors.aspx&ParentBoothID=&ListByBooth=true&BoothID=102596
PopScoot Singapore,335,,,Singapore,http://www.popscoot.com,,,https://s23.a2zinc.net/clients/mciasia/its2019/Public/eBooth.aspx?IndexInList=237&FromPage=Exhibitors.aspx&ParentBoothID=&ListByBooth=true&BoothID=102653
Propulsion Québec,393,,"Montréal,",Canada,https://propulsionquebec.com/en/,,,https://s23.a2zinc.net/clients/mciasia/its2019/Public/eBooth.aspx?IndexInList=238&FromPage=Exhibitors.aspx&ParentBoothID=&ListByBooth=true&BoothID=102597
PTV Group,367,,,Germany,https://www.ptvgroup.com,,,https://s23.a2zinc.net/clients/mciasia/its2019/Public/eBooth.aspx?IndexInList=239&FromPage=Exhibitors.aspx&ParentBoothID=&ListByBooth=true&BoothID=100169
PTV Group Japan Ltd,287,,,Japan,https://www.ptvgroup.com/ja/,,,https://s23.a2zinc.net/clients/mciasia/its2019/Public/eBooth.aspx?IndexInList=240&FromPage=Exhibitors.aspx&ParentBoothID=&ListByBooth=true&BoothID=102476
Q-Free,151,,"Randheim,",Norway,https://www.q-free.com,,,https://s23.a2zinc.net/clients/mciasia/its2019/Public/eBooth.aspx?IndexInList=241&FromPage=Exhibitors.aspx&ParentBoothID=&ListByBooth=true&BoothID=100188
QI / Continental,155,,"Singapore,",Singapore,http://www.quantuminventions.com,,,https://s23.a2zinc.net/clients/mciasia/its2019/Public/eBooth.aspx?IndexInList=242&FromPage=Exhibitors.aspx&ParentBoothID=&ListByBooth=true&BoothID=100158
Qualcomm,505,,"San Diego,",United States,https://www.qualcomm.com/,,,https://s23.a2zinc.net/clients/mciasia/its2019/Public/eBooth.aspx?IndexInList=243&FromPage=Exhibitors.aspx&ParentBoothID=&ListByBooth=true&BoothID=101354
Quebec Office In Singapore,393,,"Singapore,",Singapore,https://www.international.gouv.qc.ca/en/singapour,,,https://s23.a2zinc.net/clients/mciasia/its2019/Public/eBooth.aspx?IndexInList=244&FromPage=Exhibitors.aspx&ParentBoothID=&ListByBooth=true&BoothID=102598
Quebec-Canada,393,,"Quebec,",Canada,https://economie.gouv.qc.ca,,,https://s23.a2zinc.net/clients/mciasia/its2019/Public/eBooth.aspx?IndexInList=245&FromPage=Exhibitors.aspx&ParentBoothID=&ListByBooth=true&BoothID=100210
RAI Amsterdam BV / Intertraffic,533,,"Amsterdam,",Netherlands,https://www.intertraffic.com,,,https://s23.a2zinc.net/clients/mciasia/its2019/Public/eBooth.aspx?IndexInList=246&FromPage=Exhibitors.aspx&ParentBoothID=&ListByBooth=true&BoothID=100262
Ramboll,97,,,Finland,https://ramboll.com/services-and-sectors/transport/smart-mobility,,,https://s23.a2zinc.net/clients/mciasia/its2019/Public/eBooth.aspx?IndexInList=247&FromPage=Exhibitors.aspx&ParentBoothID=&ListByBooth=true&BoothID=102538
Reach-U,97,,,Estonia,http://www.reach-u.com/,,,https://s23.a2zinc.net/clients/mciasia/its2019/Public/eBooth.aspx?IndexInList=248&FromPage=Exhibitors.aspx&ParentBoothID=&ListByBooth=true&BoothID=102516
Republic of Tatarstan,B13,,"Kazan ,",Russian Federation,https://itsinceeurope.com/,,,https://s23.a2zinc.net/clients/mciasia/its2019/Public/eBooth.aspx?IndexInList=249&FromPage=Exhibitors.aspx&ParentBoothID=&ListByBooth=true&BoothID=102436
RESERVED (CS),A02,,"x,",Singapore,,,,https://s23.a2zinc.net/clients/mciasia/its2019/Public/eBooth.aspx?IndexInList=250&FromPage=Exhibitors.aspx&ParentBoothID=&ListByBooth=true&BoothID=102384
"RexGen Co., Ltd",B08,,"Gyeonggi-do,",Korea (South),http://www.rexgen.co.kr,,,https://s23.a2zinc.net/clients/mciasia/its2019/Public/eBooth.aspx?IndexInList=251&FromPage=Exhibitors.aspx&ParentBoothID=&ListByBooth=true&BoothID=102552
RFI Technology Solutions,232,,"New South Wales,",Australia,https://rfi.com.au/,,,https://s23.a2zinc.net/clients/mciasia/its2019/Public/eBooth.aspx?IndexInList=252&FromPage=Exhibitors.aspx&ParentBoothID=&ListByBooth=true&BoothID=101365
Ridango,97,,,Estonia,https://www.ridango.com/,,,https://s23.a2zinc.net/clients/mciasia/its2019/Public/eBooth.aspx?IndexInList=253&FromPage=Exhibitors.aspx&ParentBoothID=&ListByBooth=true&BoothID=102517
RoadCloud,97,,,Finland,https://roadcloud.fi/,,,https://s23.a2zinc.net/clients/mciasia/its2019/Public/eBooth.aspx?IndexInList=254&FromPage=Exhibitors.aspx&ParentBoothID=&ListByBooth=true&BoothID=102528
Rytle Asia-Pacific Pte Ltd,B12,,"Singapore,",Singapore,https://www.rytle.com,,,https://s23.a2zinc.net/clients/mciasia/its2019/Public/eBooth.aspx?IndexInList=255&FromPage=Exhibitors.aspx&ParentBoothID=&ListByBooth=true&BoothID=102434
SAMS,97,,,Norway,https://www.sams-norway.no/,,,https://s23.a2zinc.net/clients/mciasia/its2019/Public/eBooth.aspx?IndexInList=256&FromPage=Exhibitors.aspx&ParentBoothID=&ListByBooth=true&BoothID=102533
SBG Systems,493,,"Carrières-sur-Seine,",France,https://www.sbg-systems.com,,,https://s23.a2zinc.net/clients/mciasia/its2019/Public/eBooth.aspx?IndexInList=257&FromPage=Exhibitors.aspx&ParentBoothID=&ListByBooth=true&BoothID=102568
SC Soft Pte. Ltd.,B01,,"Singapore,",Singapore,https://scsoft.com/,,,https://s23.a2zinc.net/clients/mciasia/its2019/Public/eBooth.aspx?IndexInList=258&FromPage=Exhibitors.aspx&ParentBoothID=&ListByBooth=true&BoothID=102437
Scania Group,501,,"Södertälje,",Sweden,https://www.scania.com/group/en/,,,https://s23.a2zinc.net/clients/mciasia/its2019/Public/eBooth.aspx?IndexInList=259&FromPage=Exhibitors.aspx&ParentBoothID=&ListByBooth=true&BoothID=102563
Sensoris,375,,,Belgium,https://sensor-is.org/,,,https://s23.a2zinc.net/clients/mciasia/its2019/Public/eBooth.aspx?IndexInList=260&FromPage=Exhibitors.aspx&ParentBoothID=&ListByBooth=true&BoothID=102492
Sensys Gatso Group,97,,"Jönköping,",Sweden,http://www.sensysgatso.com,,,https://s23.a2zinc.net/clients/mciasia/its2019/Public/eBooth.aspx?IndexInList=261&FromPage=Exhibitors.aspx&ParentBoothID=&ListByBooth=true&BoothID=102500
SG Pavilion,335,,"Singapore,",Singapore,http://www.itssingapore.org.sg,,,https://s23.a2zinc.net/clients/mciasia/its2019/Public/eBooth.aspx?IndexInList=262&FromPage=Exhibitors.aspx&ParentBoothID=&ListByBooth=true&BoothID=100271
Shanghai Guimu Robot Company,A03,,"Shanghai,",China,http://www.gm-robot.com/,,,https://s23.a2zinc.net/clients/mciasia/its2019/Public/eBooth.aspx?IndexInList=263&FromPage=Exhibitors.aspx&ParentBoothID=&ListByBooth=true&BoothID=102382
ShenZhen DianMing Tech,240,,"Shenzhen,",China,http://www.darmon.com/,,,https://s23.a2zinc.net/clients/mciasia/its2019/Public/eBooth.aspx?IndexInList=264&FromPage=Exhibitors.aspx&ParentBoothID=&ListByBooth=true&BoothID=101380
"Shenzhen Genvict Technologies Co., Ltd",465,,"Shen Zhen,",China,http://www.genvict.com/en/,,,https://s23.a2zinc.net/clients/mciasia/its2019/Public/eBooth.aspx?IndexInList=265&FromPage=Exhibitors.aspx&ParentBoothID=&ListByBooth=true&BoothID=101376
SICE,71,,"Madrid,",Spain,http://www.sice.com,,,https://s23.a2zinc.net/clients/mciasia/its2019/Public/eBooth.aspx?IndexInList=266&FromPage=Exhibitors.aspx&ParentBoothID=&ListByBooth=true&BoothID=100153
Siemens Mobility,343,,"Munich,",Germany,http://www.siemens.com/mobility,,,https://s23.a2zinc.net/clients/mciasia/its2019/Public/eBooth.aspx?IndexInList=267&FromPage=Exhibitors.aspx&ParentBoothID=&ListByBooth=true&BoothID=100168
Signon,93,,,Austria,http://www.signon-it.com/,,,https://s23.a2zinc.net/clients/mciasia/its2019/Public/eBooth.aspx?IndexInList=268&FromPage=Exhibitors.aspx&ParentBoothID=&ListByBooth=true&BoothID=102668
Silicon Billabong,73,,"Sydney,",Australia,https://Siliconbillabong.com.au,,,https://s23.a2zinc.net/clients/mciasia/its2019/Public/eBooth.aspx?IndexInList=269&FromPage=Exhibitors.aspx&ParentBoothID=&ListByBooth=true&BoothID=102439
SINTEF,97,,,Norway,https://www.sintef.no/,,,https://s23.a2zinc.net/clients/mciasia/its2019/Public/eBooth.aspx?IndexInList=270&FromPage=Exhibitors.aspx&ParentBoothID=&ListByBooth=true&BoothID=102534
Sitowise,97,,,Finland,https://www.sitowise.com/en,,,https://s23.a2zinc.net/clients/mciasia/its2019/Public/eBooth.aspx?IndexInList=271&FromPage=Exhibitors.aspx&ParentBoothID=&ListByBooth=true&BoothID=102539
SkedGo,539,,"Sydney, NSW,",Australia,https://skedgo.com/,,,https://s23.a2zinc.net/clients/mciasia/its2019/Public/eBooth.aspx?IndexInList=272&FromPage=Exhibitors.aspx&ParentBoothID=&ListByBooth=true&BoothID=100256
SkyLab Services Pte Ltd,335,,,Singapore,http://www.skylabteam.com,,,https://s23.a2zinc.net/clients/mciasia/its2019/Public/eBooth.aspx?IndexInList=273&FromPage=Exhibitors.aspx&ParentBoothID=&ListByBooth=true&BoothID=102657
smartmicro,314,,"Braunschweig,",Germany,http://www.smartmicro.de/,,,https://s23.a2zinc.net/clients/mciasia/its2019/Public/eBooth.aspx?IndexInList=274&FromPage=Exhibitors.aspx&ParentBoothID=&ListByBooth=true&BoothID=100297
SMRT,335,,,Singapore,,,,https://s23.a2zinc.net/clients/mciasia/its2019/Public/eBooth.aspx?IndexInList=275&FromPage=Exhibitors.aspx&ParentBoothID=&ListByBooth=true&BoothID=102658
Solace,242,,,Canada,,,,https://s23.a2zinc.net/clients/mciasia/its2019/Public/eBooth.aspx?IndexInList=276&FromPage=Exhibitors.aspx&ParentBoothID=&ListByBooth=true&BoothID=101379
Sopra Steria,247,,"Singapore,",Singapore,,,,https://s23.a2zinc.net/clients/mciasia/its2019/Public/eBooth.aspx?IndexInList=277&FromPage=Exhibitors.aspx&ParentBoothID=&ListByBooth=true&BoothID=100161
ST Engineering,163,,,Singapore,http://www.stengg.com,,,https://s23.a2zinc.net/clients/mciasia/its2019/Public/eBooth.aspx?IndexInList=278&FromPage=Exhibitors.aspx&ParentBoothID=&ListByBooth=true&BoothID=100159
Star Systems International,438,,"Hong Kong ,",Hong Kong,https://star-int.net/,,,https://s23.a2zinc.net/clients/mciasia/its2019/Public/eBooth.aspx?IndexInList=279&FromPage=Exhibitors.aspx&ParentBoothID=&ListByBooth=true&BoothID=100280
STMicroelectronics,A04,,"Singapore,",Singapore,http://www.st.com,,,https://s23.a2zinc.net/clients/mciasia/its2019/Public/eBooth.aspx?IndexInList=280&FromPage=Exhibitors.aspx&ParentBoothID=&ListByBooth=true&BoothID=102385
"Sumitomo Electric Industries, Ltd.",287,,,Japan,https://global-sei.com/,,,https://s23.a2zinc.net/clients/mciasia/its2019/Public/eBooth.aspx?IndexInList=281&FromPage=Exhibitors.aspx&ParentBoothID=&ListByBooth=true&BoothID=102477
Swarco,93,,,Austria,https://www.swarco.com/,,,https://s23.a2zinc.net/clients/mciasia/its2019/Public/eBooth.aspx?IndexInList=282&FromPage=Exhibitors.aspx&ParentBoothID=&ListByBooth=true&BoothID=102629
Syntony GNSS,219,,"Toulouse,",France,https://syntony-gnss.com/,,,https://s23.a2zinc.net/clients/mciasia/its2019/Public/eBooth.aspx?IndexInList=283&FromPage=Exhibitors.aspx&ParentBoothID=&ListByBooth=true&BoothID=102665
T.net,350,,"x,",Italy,https://www.tnet.it/en/homepage/,,,https://s23.a2zinc.net/clients/mciasia/its2019/Public/eBooth.aspx?IndexInList=284&FromPage=Exhibitors.aspx&ParentBoothID=&ListByBooth=true&BoothID=102642
Tallinn City,97,,,Estonia,https://www.tallinn.ee/eng/Transport-Department,,,https://s23.a2zinc.net/clients/mciasia/its2019/Public/eBooth.aspx?IndexInList=285&FromPage=Exhibitors.aspx&ParentBoothID=&ListByBooth=true&BoothID=102520
TalTech,97,,,Estonia,https://taltech.ee/en/,,,https://s23.a2zinc.net/clients/mciasia/its2019/Public/eBooth.aspx?IndexInList=286&FromPage=Exhibitors.aspx&ParentBoothID=&ListByBooth=true&BoothID=102518
Tartu City,97,,,Estonia,http://www.visittartu.com,,,https://s23.a2zinc.net/clients/mciasia/its2019/Public/eBooth.aspx?IndexInList=287&FromPage=Exhibitors.aspx&ParentBoothID=&ListByBooth=true&BoothID=102519
Tecnositaf,350,,"x,",Italy,http://www.tecnositaf.it,,,https://s23.a2zinc.net/clients/mciasia/its2019/Public/eBooth.aspx?IndexInList=288&FromPage=Exhibitors.aspx&ParentBoothID=&ListByBooth=true&BoothID=102640
The Netherlands Organization for Applied Scientific Research (TNO),335,,,Singapore,http://www.tno.nl/en/focus-areas/traffic-transport/,,,https://s23.a2zinc.net/clients/mciasia/its2019/Public/eBooth.aspx?IndexInList=289&FromPage=Exhibitors.aspx&ParentBoothID=&ListByBooth=true&BoothID=102651
The University of Melbourne AIMES,73,,"Carlton ,",Australia,https://eng.unimelb.edu.au/industry/aimes,,,https://s23.a2zinc.net/clients/mciasia/its2019/Public/eBooth.aspx?IndexInList=290&FromPage=Exhibitors.aspx&ParentBoothID=&ListByBooth=true&BoothID=102406
The University Of Tokyo,287,,,Japan,https://shiba.iis.u-tokyo.ac.jp/home_en/,,,https://s23.a2zinc.net/clients/mciasia/its2019/Public/eBooth.aspx?IndexInList=291&FromPage=Exhibitors.aspx&ParentBoothID=&ListByBooth=true&BoothID=102478
TISA,375,,,Belgium,http://www.tisa.org,,,https://s23.a2zinc.net/clients/mciasia/its2019/Public/eBooth.aspx?IndexInList=292&FromPage=Exhibitors.aspx&ParentBoothID=&ListByBooth=true&BoothID=102442
TØI,97,,,Norway,https://www.toi.no/,,,https://s23.a2zinc.net/clients/mciasia/its2019/Public/eBooth.aspx?IndexInList=293&FromPage=Exhibitors.aspx&ParentBoothID=&ListByBooth=true&BoothID=102537
Tom Tom,417,,"Amsterdam,",Netherlands,https://www.tomtom.com,,,https://s23.a2zinc.net/clients/mciasia/its2019/Public/eBooth.aspx?IndexInList=294&FromPage=Exhibitors.aspx&ParentBoothID=&ListByBooth=true&BoothID=100174
"Tonlex Glass Technology Co., Ltd",121,,"Shenzhen,",China,https://www.tonlexglass.com,,,https://s23.a2zinc.net/clients/mciasia/its2019/Public/eBooth.aspx?IndexInList=295&FromPage=Exhibitors.aspx&ParentBoothID=&ListByBooth=true&BoothID=100192
Toshiba Infrastructure Systems & Solutions Corporation,287,,,Japan,https://www.toshiba.co.jp/cs/en/index.htm,,,https://s23.a2zinc.net/clients/mciasia/its2019/Public/eBooth.aspx?IndexInList=296&FromPage=Exhibitors.aspx&ParentBoothID=&ListByBooth=true&BoothID=102479
Toyota Motor Corporation,234,,"Tokyo,",Japan,,,,https://s23.a2zinc.net/clients/mciasia/its2019/Public/eBooth.aspx?IndexInList=297&FromPage=Exhibitors.aspx&ParentBoothID=&ListByBooth=true&BoothID=100294
Toyota Tsusho Corporation,A05,,"Tokyo,",Japan,https://www.toyota-tsusho.com,,,https://s23.a2zinc.net/clients/mciasia/its2019/Public/eBooth.aspx?IndexInList=298&FromPage=Exhibitors.aspx&ParentBoothID=&ListByBooth=true&BoothID=102395
Traffic Data Systems GmbH,501,,"Hamburg,",Germany,http://www.traffic-data-systems.com,,,https://s23.a2zinc.net/clients/mciasia/its2019/Public/eBooth.aspx?IndexInList=299&FromPage=Exhibitors.aspx&ParentBoothID=&ListByBooth=true&BoothID=102558
Traffic Management Finland Group,97,,,Finland,https://tmfg.fi/en,,,https://s23.a2zinc.net/clients/mciasia/its2019/Public/eBooth.aspx?IndexInList=300&FromPage=Exhibitors.aspx&ParentBoothID=&ListByBooth=true&BoothID=102529
Traffic Tech Pty Ltd,534,,"NSW,",Australia,https://www.traffictech.com.au/,,,https://s23.a2zinc.net/clients/mciasia/its2019/Public/eBooth.aspx?IndexInList=301&FromPage=Exhibitors.aspx&ParentBoothID=&ListByBooth=true&BoothID=100261
Traffic Tech Services,447,,"Beaverton,",United States,https://www.traffictechservices.com/,,,https://s23.a2zinc.net/clients/mciasia/its2019/Public/eBooth.aspx?IndexInList=302&FromPage=Exhibitors.aspx&ParentBoothID=&ListByBooth=true&BoothID=100225
TrafiCom,97,,,Finland,https://www.traficom.fi/en,,,https://s23.a2zinc.net/clients/mciasia/its2019/Public/eBooth.aspx?IndexInList=303&FromPage=Exhibitors.aspx&ParentBoothID=&ListByBooth=true&BoothID=102530
Transatel,493,,"Puteaux,",France,https://www.transatel.com/,,,https://s23.a2zinc.net/clients/mciasia/its2019/Public/eBooth.aspx?IndexInList=304&FromPage=Exhibitors.aspx&ParentBoothID=&ListByBooth=true&BoothID=102567
TransCore,A07,,"Nashville,",United States,http://transcore.com/,,,https://s23.a2zinc.net/clients/mciasia/its2019/Public/eBooth.aspx?IndexInList=305&FromPage=Exhibitors.aspx&ParentBoothID=&ListByBooth=true&BoothID=102388
Transport for New South Wales,128,,"New South Wales,",Australia,https://www.transport.nsw.gov.au/,,,https://s23.a2zinc.net/clients/mciasia/its2019/Public/eBooth.aspx?IndexInList=306&FromPage=Exhibitors.aspx&ParentBoothID=&ListByBooth=true&BoothID=102446
Triple Sign System AB,97,,"Saltsjö-boo,",Sweden,http://www.triplesign.com/TriplesigntrafficVMS.aspx,,,https://s23.a2zinc.net/clients/mciasia/its2019/Public/eBooth.aspx?IndexInList=307&FromPage=Exhibitors.aspx&ParentBoothID=&ListByBooth=true&BoothID=102501
TTS Italia,350,,"Rome,",Italy,https://www.ttsitalia.it/,,,https://s23.a2zinc.net/clients/mciasia/its2019/Public/eBooth.aspx?IndexInList=308&FromPage=Exhibitors.aspx&ParentBoothID=&ListByBooth=true&BoothID=101339
U.S. Department of Transportation,401,,"DC ,",United States,https://www.its.dot.gov/,,,https://s23.a2zinc.net/clients/mciasia/its2019/Public/eBooth.aspx?IndexInList=309&FromPage=Exhibitors.aspx&ParentBoothID=&ListByBooth=true&BoothID=102582
UK Pavilion,407,,"Singapore,",Singapore,,,,https://s23.a2zinc.net/clients/mciasia/its2019/Public/eBooth.aspx?IndexInList=310&FromPage=Exhibitors.aspx&ParentBoothID=&ListByBooth=true&BoothID=100173
understand.ai,540,,"Karlsruhe,",Germany,https://www.understand.ai/,,,https://s23.a2zinc.net/clients/mciasia/its2019/Public/eBooth.aspx?IndexInList=311&FromPage=Exhibitors.aspx&ParentBoothID=&ListByBooth=true&BoothID=100248
Unisecu Inc,460,,"Korea,",Korea (South),http://unisecu.kr/,,,https://s23.a2zinc.net/clients/mciasia/its2019/Public/eBooth.aspx?IndexInList=312&FromPage=Exhibitors.aspx&ParentBoothID=&ListByBooth=true&BoothID=102644
Upstream Mobility,93,,"x,",Austria,https://www.upstream-mobility.at/,,,https://s23.a2zinc.net/clients/mciasia/its2019/Public/eBooth.aspx?IndexInList=313&FromPage=Exhibitors.aspx&ParentBoothID=&ListByBooth=true&BoothID=102623
UTMS Society Of Japan,287,,,Japan,http://www.utms.or.jp/english/index.html,,,https://s23.a2zinc.net/clients/mciasia/its2019/Public/eBooth.aspx?IndexInList=314&FromPage=Exhibitors.aspx&ParentBoothID=&ListByBooth=true&BoothID=102480
Valeo,493,,"Paris,",France,www.valeo.com,,,https://s23.a2zinc.net/clients/mciasia/its2019/Public/eBooth.aspx?IndexInList=315&FromPage=Exhibitors.aspx&ParentBoothID=&ListByBooth=true&BoothID=102565
Vanjee,475,,"Beijing,",China,http://www.vanjee.net,,,https://s23.a2zinc.net/clients/mciasia/its2019/Public/eBooth.aspx?IndexInList=316&FromPage=Exhibitors.aspx&ParentBoothID=&ListByBooth=true&BoothID=100187
Vector Informatik GmbH,449,,"Stuttgart,",Germany,http://www.vector.com/v2x,,,https://s23.a2zinc.net/clients/mciasia/its2019/Public/eBooth.aspx?IndexInList=317&FromPage=Exhibitors.aspx&ParentBoothID=&ListByBooth=true&BoothID=100223
Vehicle Information And Communication System Center,287,,,Japan,https://www.vics.or.jp/en/,,,https://s23.a2zinc.net/clients/mciasia/its2019/Public/eBooth.aspx?IndexInList=318&FromPage=Exhibitors.aspx&ParentBoothID=&ListByBooth=true&BoothID=102481
Via,401,,"New York,",United States,http://platform.ridewithvia.com,,,https://s23.a2zinc.net/clients/mciasia/its2019/Public/eBooth.aspx?IndexInList=319&FromPage=Exhibitors.aspx&ParentBoothID=&ListByBooth=true&BoothID=102581
Viatick Pte Ltd,335,,,Singapore,https://viatick.com,,,https://s23.a2zinc.net/clients/mciasia/its2019/Public/eBooth.aspx?IndexInList=320&FromPage=Exhibitors.aspx&ParentBoothID=&ListByBooth=true&BoothID=102648
Virta,97,,,Finland,https://www.virta.global/news,,,https://s23.a2zinc.net/clients/mciasia/its2019/Public/eBooth.aspx?IndexInList=321&FromPage=Exhibitors.aspx&ParentBoothID=&ListByBooth=true&BoothID=102540
VIVOTEK Inc.,456,,"New Taipei City,",Chinese Taipei,http://www.vivotek.com,,,https://s23.a2zinc.net/clients/mciasia/its2019/Public/eBooth.aspx?IndexInList=322&FromPage=Exhibitors.aspx&ParentBoothID=&ListByBooth=true&BoothID=101370
Volkswagen AG,501,,"Wolfsburg,",Germany,https://www.volkswagenag.com/en.html,,,https://s23.a2zinc.net/clients/mciasia/its2019/Public/eBooth.aspx?IndexInList=323&FromPage=Exhibitors.aspx&ParentBoothID=&ListByBooth=true&BoothID=102561
VTT,97,,,Finland,https://www.vttresearch.com/,,,https://s23.a2zinc.net/clients/mciasia/its2019/Public/eBooth.aspx?IndexInList=324&FromPage=Exhibitors.aspx&ParentBoothID=&ListByBooth=true&BoothID=102541
VZGLYAD / Matsur,445,,"Tula,",Russian Federation,http://www.vzglyad.biz/,,,https://s23.a2zinc.net/clients/mciasia/its2019/Public/eBooth.aspx?IndexInList=325&FromPage=Exhibitors.aspx&ParentBoothID=&ListByBooth=true&BoothID=100283
Wavetronix,543,,"Provo,",United States,https://www.wavetronix.com,,,https://s23.a2zinc.net/clients/mciasia/its2019/Public/eBooth.aspx?IndexInList=326&FromPage=Exhibitors.aspx&ParentBoothID=&ListByBooth=true&BoothID=100251
West Nippon Expressway Company Limited,287,,,Japan,https://global.w-nexco.co.jp/en/,,,https://s23.a2zinc.net/clients/mciasia/its2019/Public/eBooth.aspx?IndexInList=327&FromPage=Exhibitors.aspx&ParentBoothID=&ListByBooth=true&BoothID=102482
Workplace Solutions GmbH,501,,"Hamburg,",Germany,,,,https://s23.a2zinc.net/clients/mciasia/its2019/Public/eBooth.aspx?IndexInList=328&FromPage=Exhibitors.aspx&ParentBoothID=&ListByBooth=true&BoothID=102560
Xee,493,,"Marquette-Lez-Lille ,",France,http://www.xee.com,,,https://s23.a2zinc.net/clients/mciasia/its2019/Public/eBooth.aspx?IndexInList=329&FromPage=Exhibitors.aspx&ParentBoothID=&ListByBooth=true&BoothID=102570
"Yaham Optoelectronics Co., Ltd",464,,"Shenzhen,",China,https://www.yahamtraffic.com/,,,https://s23.a2zinc.net/clients/mciasia/its2019/Public/eBooth.aspx?IndexInList=330&FromPage=Exhibitors.aspx&ParentBoothID=&ListByBooth=true&BoothID=101375
Yogoko,493,,,France,,,,https://s23.a2zinc.net/clients/mciasia/its2019/Public/eBooth.aspx?IndexInList=331&FromPage=Exhibitors.aspx&ParentBoothID=&ListByBooth=true&BoothID=102577
"Zenrin Co., Ltd.",287,,,Japan,https://www.zenrin.co.jp/english/index.html,,,https://s23.a2zinc.net/clients/mciasia/its2019/Public/eBooth.aspx?IndexInList=332&FromPage=Exhibitors.aspx&ParentBoothID=&ListByBooth=true&BoothID=102483
