name,country,companyAddress,telephone,website,boothNumber,productCategory
Logimag Limited,Hong Kong,"Unit B, 4/F, China Fen Hin Bldg, 5 Cheung Yue St,Cheung Sha Wan, Kowloon, Hong Kong",85223100898,www.logimag.com,5G-A28,Passive Component
Microtech Technology Company Limited,Hong Kong,"Unit 5, 5/F, On Hing Ind Ctr, 18 On Kui St., Fanling, New Territories, Hong Kong",85235210311,www.microtech-lcd.com,5F-E06,Liquid Crystal Displays (includes TN
Luckylight Electronics Asia Co Ltd,Hong Kong,"Unit 19, 16/F, Twr A, Regent Ctr, 63 Wo Yi Hop Rd, Kwai Chung, New Territories, Hong Kong",85231562358,www.luckylight.cn,5G-A02,Transistor
Good Will Instrument Co Ltd,Taiwan,"1F, No.7-1, Jhongsing Road, Tucheng Dist, New Taipei City 236, Taiwan",886222680389,www.gwinstek.com,5F-C01,Testing Instrument For Electrical
EMI Asia Limited,Hong Kong,"Unit 14, 10/F, Century Ctr, 44-46 Hung To Rd, Kwun Tong, Kowloon, Hong Kong",85227903623,www.ealtd.com.hk,5F-F06,Assembly
New Sky Industrial Ltd,Hong Kong,"Unit 17-18, 10/F, Landmark North, 39 Lung Sum Ave, Sheung Shui, New Territories, Hong Kong",85226703737,www.videogameaccessory.net,5G-B24,Electrical Socket
Wealth Metal Factory Ltd,Hong Kong,"FLAT B, 27/F, MAXGRAND PLAZA, 3 TAI YAU STREET, SAN PO KONG, KOWLOON, HONG KONG",85227970800,,5F-D29,Switches for Electronic Products
"Kuan Kun Electronic Enterprise Co., Ltd.",Taiwan,"5F-3, No. 2, Jian 8th Road, Zhonghe Dist., New Taipei City 235111, Taiwan",88628229699,www.su-scon.com,5G-B02,Capacitors
Taiwan Electrical and Electronic Manufacturers' Association (TEEMA),Taiwan,"6F, No. 109, Sec. 6, Min Chun E. Rd., Taipei 11490, Taiwan",886287926666,www.teema.org.tw,5F-B26,Inductor
Dailywell Electronics Co Ltd,Taiwan,"4F., No. 88, Qiahoe Rd., Zhonghe Dist., New Taipei City 235., Taiwan",886222409060,www.dailywell.com.tw,5F-C17,Switches for Electronic Products
Diptronics Manufacturing Inc.,Taiwan,"No.110, Wugong 3rd Rd., Wugu Dist, New Taipei City 24889, Taiwan",886222980981,www.dip.com.tw,5F-B12,Switches for Electronic Products
"E-CALL ENTERPRISE CO., LTD.",Taiwan,"6F, No. 221, Chung Yung Road, Nang Kang District, Taipei City, 11573, Taiwan",886227889688,www.ecall-elec.com,5F-C11,Testing Instruments &amp
Faithful Link Industrial Corp,Taiwan,"10F, No. 175, Jian 1st Rd, Jhonghe District, New Taipei City 23585, Taiwan",,,5F-C27,Inductor
"Coilmaster Electronics Co.,Ltd",Taiwan,"3F, No211, HuanBei Road, Chung Li City, Taoyuan 320, Taiwan",886034228279,www.coilmaster.com.tw,5F-B09,Inductor
"GHITRON TECHNOLOGY CO., LTD",Taiwan,"4F,No.830, Sec.4,Chung Hsing Rd, Chutung,Hsinchu,  310, Taiwan",88635830596,www.ghitron.com/,5F-B24,Sensors for Climatic Parameter
Chily Precision Industrial Co Ltd,Taiwan,"No. 61, Wuquan Rd., Wugu Dist., New Taipei City, Taiwan",886222991185,www.chily.com,5F-B18,Switches for Electronic Products
HY Electronic (Cayman) Limited,Taiwan,"4F., No.207-5, Sec.3, Beixin Rd., Xindian Dist, New Taipei City  23143, Taiwan",886289131399,www.hygroup.com.tw,5F-E02,UPS
Opto Plus LED Corporation,Taiwan,"7F-3, No. 496, Banna Rd., Jhonghe Dist., New Taipei City 23556, Taiwan",886222225698,www.opled.com.tw,5F-B06,Light Emitting Diode ( LED ) Displays
"Pingood Enterprise Co., Ltd.",Taiwan,"No. 8, Alley 1, Lane 768, Sec. 4 Pateh Rd, Taipei 11577, Taiwan",886277225678,www.pingood.com.tw,5F-C09,Plastic Housing for Connector
Ritec Enclosures Inc.,Taiwan,"10F, No. 85, Sec. 1, Kuang Fu Road, San Chung Dist., New Taipei City 24158, Taiwan",886229998918,www.ritec.com.tw,5F-B01,Plastic Housing for Connector
"S.C. Precision Industrial Co., Ltd.",Taiwan,"No.38,Sec.2, Paofure Rd., Yungho Dist, New Taipei City 23446, Taiwan",886229227371,www.scpre.com.tw,5F-B17,Connector
"Song Huei Electric Co., Ltd.",Taiwan,"4F-1, No. 288-7, Shin Ya Road, Chien Chen District, Kaohsiung 80673, Taiwan",88678150038,www.song-huei.com,5F-B21,Resistor
"Taiwan Shori Electric Co., Ltd.",Taiwan,"1F, No. 1 , Aly. 1 , Ln. 266, Sec. 1, Shuiyuan Rd., Xizhi Dist., New Taipei City 221, Taiwan",886226416999,www.shori.com.tw,5F-B10,Relay
"Universe Condenser Co., Ltd.",Taiwan,"NO. 27, 5FL HSING CHUNG ROAD, NEI HU DIST, TAIPEI 114, TAIWAN",886227922069,www.uncoco.tw,5F-B22,Resistor
"Crystal Run Microelectronics Co., Ltd", China,"410, Block B, Runfeng Building, Yiyuan Road, Xin'an Str Bao'an District, Shenzhen City, Guangdong Province China",8607552907780,www.lcd-lcm.com,5F-F29,Liquid Crystal Displays (includes TN
"Changli Optoelectronics (HK) Co., Limited",Hong Kong,"Unit 6, 11/F, Wah Lai Ind Ctr, 10-14 Kwei Tei St, Sha Tin, New Territories, Hong Kong",85291667639,www.jmcl.cn,5F-G08,Transistor
Hunan Corun New Energy Co Ltd, China,"NO.348, Tongzipo West Road, National High-Tech Industry Development Zone, Changsha, Hunan 410205, China",8673188983606,www.corun.com,5F-C02,Battery
ICAPE Group,France,"Immeuble Volta, 33 avenue Général Leclerc, 92260 Fontenay-aux-Roses, France",3389997000,www.icape-group.com,5F-F02,Printed Circuit Board (PCB)
Oncque Corporation,Taiwan,"No.1, Jingke 3rd Rd., Nantun Dist., Taichung City 40852, Taiwan",886423588178,www.oncque.com,5F-B07,Switches for Electronic Products
"SALECOM ELECTRONICS CO., LTD.",Taiwan,"1F NO. 61, WU-GU DIST., NEW TAIPEI CITY, TAIWAN",886222996622,,5F-B20,Switches for Electronic Products
"Cheer Time Enterprise Co., LTD",Taiwan,"No. 311, Qionglin S. Rd, Xinzhuang Dist., New Taipei City, Taiwan, R.O.C.",886222052032,www.cheer-time.com.tw,5F-B25,Multilayer PCBs
Hunston Electronics Company,Hong Kong,"Unit 10, 15/F, Ph 1, Metro Ctr, 32 Lam Hing St, Kowloon Bay, Kowloon, Hong Kong",85235911490,www.hs-buzzer.com,5G-D17,Audio Speaker
Well Buying Industrial Co Ltd,Taiwan,"12F, No. 29, Sec. 2, Chung Cheng East Road, Tamshui District, New Taipei City 25170, Taiwan",886288098288,,5F-B02,Switches for Electronic Products
Coppercell Technology Co Ltd,Taiwan,"4F., No.542-5, Zhongzheng Rd., Xindian Dist.New Taipei City 231, Taiwan",886222183078,,5F-B08,Battery
"Flash Star Industrial Co., Ltd.",Taiwan,"No. 38, Zhongxing St., Xinzhuang Dist., New Taipei City 24244, Taiwan",886229975406,www.flashstar.com.tw,5F-B27,Resistor
GE-DING Information Inc.,Taiwan,"7F, No. 440, JingPing Road, Zhonghe District, New Taipei City 23583, Taiwan",886229403732,en.reedswitchcn.com,5F-B28,Reed Relay
"Kang Yang Hardware Enterprises Co., Ltd.",Taiwan,"No,187, Huanhe St., Xizhi Dist., New Taipei City, 22154, Taiwan",886226921498,www.kangyang.com.tw,5F-B05,Rubber and Plastic Part for Connector
"Win Industry Co., Ltd.",Taiwan,"No. 14, Alley 30, Lane 59, Sec. 5, Nanking East Road, Taipei 105, Taiwan",886227631284,www.globalsources.com,5F-B23,Keyboard ( Dedicated for Machinery
Promotive Industrial Co Ltd,Hong Kong,"33/F, King Palace Plaza, 52A Sha Tsui Rd, Tsuen Wan, New Territories, Hong Kong",85224086681,www.pic.com.hk,5F-D13,Assembly
Keypad Technology Company Limited,Taiwan,"No.32, Aly. 51, Ln.737, Sec.1, Neihu Rd., Taipei, Taiwan",886226580359,www.inputtec.com,5F-C21,Keyboard ( Dedicated for Machinery
Yan Chuen Company Limited,Hong Kong,"Unit 1404, 14/F, Fo Tan Ind Ctr, 26-28 Au Pui Wan St, Sha Tin, New Territories, Hong Kong",85226885011,www.yanchuen.com,5G-C20,Silicon Rubber Connector
"Memory Protection Devices, Inc",USA,"200 Broadhollow Road, Suite 4, Farmingdale, NY  11735, USA",16312490001,www.memoryprotectiondevices.com,5F-D02,Individual Contact
Uniwell Electronic Ltd,Hong Kong,"Unit E, 8/F, World Tech Ctr, 95 How Ming St., Kwun Tong, Kowloon, Hong Kong",85228978630,www.uniwellgroup.com,5F-G23,Printed Circuit Board (PCB)
Connaught (Hong Kong) Ltd,Hong Kong,"Unit 30, 13/F, Shing Yip Ind Bldg, 19-21 Shing Yip St, Kwun Tong, Kowloon, Hong Kong",85235681251,www.connmotor.com,5G-A10,Motors
"Shenzhen Chin-Ban Electronics Co., Ltd", China,"Building 91,Fifth Industrial,Mashantou Village, Gongming Town Shenzhen, Guangdong 518000, China",8675527842527,,5G-D14,Wire Harness
TRANSFER MULTISORT ELEKTRONIK Sp. z o. o.,Poland,"41 Ustronna Street, Lodz, 93-350, Poland",48426455444,www.tme.eu,5G-C13,Diodes
"Trio Engineering Co., Ltd",Hong Kong,"5J, Kaiser Estate 2, 51 Man Yue St., Hung Hom, Kln., Hong Kong",85227658787,www.triohk.com.hk,5F-G05,Transformer
Chung Yi Enterprise (H.K.) Company Limited,Hong Kong,"Unit B901, 9/F, Block B, Tonic Industrial Centre, 19 Lam Hing Street, Kowloon Bay, Kowloon, Hong Kong",85223456105,www.chungyi.com,5G-C10,Computer Cable
Yik Shing Tat New Solder Manufacturer Limited,Hong Kong,"Unit 7, 12/F, Westin Ctr, 26 Hung To Rd, Kwun Tong, Kowloon, Hong Kong",85227932092,www.yikst.com,5G-C17,Key for Electronic Product
"Guangdong Chengde Electronic Technology Co.,Ltd", China,"Honggang Industrial Zone, Daliang Town, Shunde District, Foshan City, Guangdong 528300, China",8675728086618,www.cdpcb.com,5G-A23,Printed Circuit Board (PCB)
Nam Hing Circuit Board Co Ltd,Hong Kong,"Unit 4, 7/F, Yuen Long Trading Ctr, 33 Wang Yip St W, Yuen Long, New Territories, Hong Kong",85224716438,www.namhing-pcb.com.hk,5F-F08,Printed Circuit Board (PCB)
Shenzhen Startek Electronic Technology Co Ltd, China,"5/F,Building B,Hengshou Sci-tech Park, Chuangwei Road, Heshuikou Community, Guangming, Shenzhen, Guangdong, China",86075529166880,,5F-E18,Liquid Crystal Displays (includes TN
"Shenzhen Yingtian Mechatronics Equipment Co.,Ltd", China,"Sha Si Community Sha Shi High Tech Park, Building C, Shajing Street, Shenzhen, Guangdong, China",86075527299055,www.sz-yt.net,5G-A11,Electrical &amp
Luen Fung Silicone Rubber Mfg. Co.,Hong Kong,"Unit 1204, Heng Ngai Jewelry Ctr., 4 Ho Yuen East St., Hung Hom, Kowloon, Hong Kong",85227647712,www.silicone.com.hk,5F-F09,
Technik Industrial Company Limited,Hong Kong,"Unit A, 8/F, Sing Mei Ind Bldg, 29-37 Kwai Wing Rd, Kwai Chung, New Territories, Hong Kong",85224273919,www.technik.com.hk,5G-C02,Connector
"Mercury Industry Co., Limited",Hong Kong,"Unit 3, 6/F, Hang Pont Comm Bldg, 31 Tonkin St, Sham Shui Po, Kowloon, Hong Kong",85235857483,www.ktmotion.com,5G-C19,Motors
Yousheng Technology Limited,Hong Kong,"Unit C, 18/F, Tower 1B, Macpherson Place, 38 Nelson St, Mong Kok, Kowloon, Hong Kong",85228861160,,5G-D01,Metal Machining
Dongguan Better Electronics Technology Company Limited, China,"Room 601 of 16 Block, No.1 Headquarters Velley, Hsinchu Road, Songshan Lake, High-tech Industral Development Zone, China",8676923078202,www.betterfuse.com,5F-C22,
"Dongguan Golden Electrical Appliances  Co., Ltd", China,"No.4, Minxing Third Road, Shangjiao Management Zone, Changan Town, Dongguan, Guangdong, China",8676989299666,jonylogd-r.com,5G-A07,Automotive Relays
"Dongguan Yongneng Electronics Co., Ltd.", China,"NO.27Shichong Private-run Industrial Zone, Hengli Town, Dongguan City,Guangdong, China",86076922016468,http://www.chineserelay.com,5G-E18,Relay
JIANGHUA FEXDA TECHNOLOGY LTD., China,"3rd Floor, Building D, 2nd Industrial Zone, Xiahenglang, Longhua District, Shenzhen, Guangdong China",867462313999,www.fexdadisplay.com,5F-F25,Retrofit Touch Screen
"Xiamen Jinxinrong Electronics Co., Ltd.", China,"No.130 guankouzhong road, Jimei dist, Fijian, China",,,5G-E02,Relay
Xiamen Micro Energy Electronic Technology Co Ltd, China,"5F, NO.881 Tonglong Two Road, Xiangan Industrial Zone, Torch Hi-Tech District, Xiamen ,Fujian, China",8605925593065,,5F-D24,Rubber and Plastic Part for Connector
DEGSON, China,"No. 1585, Xiaolin Road, Cixi, Ningbo, China",8657463504258,www.degson.com,5G-A17,Relay
"HK Weiku Technology Co., Ltd.",Hong Kong,"Unit C, 19/F, Lockhart Ctr, 301-307 Lockhart Rd,Wan Chai, Hong Kong",85223929099,www.pcbway.com,5F-G12,Printed Circuit Board (PCB)
"Jetosh International Co., Ltd.",Hong Kong,"ROOM 7, 14/F, Wang Lung Industrial Bldg, 11 Lung Tak Street, Tsuen Wankl, New Territories, Hong Kong",85231523525,www.jetosh.com,5G-B23,Configured Cable
"Anhui Golden Vision Optoelectronic Technology Co., Ltd", China,"Golden-Vision Technology Park, Yao Shun Industrial Area, Xiun, Huangshan, Anhui 245400, China",8659138722986,www.golden-vision.cn,5F-E10,Plasma Display Panel (PDP)
"Hefei Jingweite Electronics Co., Ltd", China,"NO.2569, yungu road, Hefei, China",8655163350260,www.hfjwt.cn,5F-E22,Electronic Filter
"Jinzhou Kaimei Power Co., Ltd", China,"No139.7 section chong qing road, Linghe District, Jinzhou City, Liaoning Province, China",864164341210,www.kamcap.com,5F-D26,Capacitors
"Ningbo Jietong Electronic Co., Ltd.", China,"#16, Huapu Road, Beilun, Ningbo, Zhejiang 315803, China",8657486233825,,5F-D27,Push Button Switch
"Pinsheng Electronics Co.,Ltd", China,"Room 503,Yinjin Building, NO.16th,2 xiang,NO.2 Liu xian Road, Bao'an District, Shenzhen, China",86076987087509,,5F-F30,Printed Circuit Board (PCB)
Messe Muenchen GmbH,Germany,"Messegelaende, 81823 Muenchen, Bavaria, Germany",498994920321,www.electronicasia.com,5G-B08,Business Management &amp
Ningbo Universal Tools Co Ltd, China,"Xikou Industrial Zone, Fenghua, Ningbo, China",8657488868207,,5F-G22,Advertising Equipment
Yangzhou Positioning Tech Co Ltd, China,"Room 303, Weiheng Building, No184, Jiangsu, China",8651487782298,,5F-E29,Resistor
Bkz (HK) Industrial Limited,Hong Kong,"Unit C, 14/F, Kwong On Bank Mongkok Branch Bldg, 728-730 Nathan Rd, Mong Kok, Kowloon, Hong Kong",85227113920,www.baokezhen.com,5F-D09,Switches for Electronic Products
China Concord Industries Ltd,Hong Kong,"Room 6-7, 12/F, Favor Industrial Centre, 2-6 Kin Hong Street, Kwai Chung, N.T., Hong Kong",85224253701,,5G-B25,Special Tool for Connector
"Easttop Display Co., Ltd",Hong Kong,"Unit 1, 10/F, Fourseas Mansion, 208-212 Nathan Rd, Yau Ma Tei, Kowloon, Hong Kong",85282933424,www.easttopdisplay.com,5F-F11,Liquid Crystal Displays (includes TN
Group Tower Electronics Limited,Hong Kong,"Unit 22-23, 5/F., Topsail Plaza, 11 On Sum Street, Siu Lek Yuen , Shatin, Hong Kong",85226498171,www.grouptower.com,5G-A24,Joystick
Helishun Electron International (HK) Company,Hong Kong,"Unit J8, 24/F, Blk 3, Golden Dragon Ind Ctr, 172-180 Tai Lin Pai Rd, Kwai Chung, New Territorie Hong Kong",85227903861,,5G-D05,
JB Capacitors Company,Hong Kong,"Flat H, Floor 4, 13 Yip Fung Street, Fanling, Hong Kong",85227905091,www.jbcapacitors.com/,5G-A26,Capacitors
Mobicon Holdings Ltd,Hong Kong,"7/F, New Trend Ctr, 704 Prince Edward Rd E, San Po Kong, Kowloon, Hong Kong",85223529018,,5G-B01,Laboratory and Scientific Equipment
See-Plus Industrial Limited,Hong Kong,"FLAT 3, 3/F, BLK B, HOI LUEN INDUSTRIAL CENTRE, 55 HOI YUEN ROAD",85223424128,www.seeplus.com.hk,5G-A18,Connector
Standard Printed Circuit Board Limited,Hong Kong,"Unit 14, 12/F, Shing Yip Industial Bldg, 19-21 Shing Yip St, Kwun Tong, Kowloon, Hong Kong",85229614637,www.standardpcb.com,5F-F18,Printed Circuit Board (PCB)
Telefield Ltd,Hong Kong,"Unit 613,  6/F., Building 12W, No. 12 Science Park West Avenue, Hong Kong Science Park, Tai Po, N.T., Hong Kong",85226883643,www.telefield.com.hk,5F-G26,Assembly
Timely Products Co Ltd,Hong Kong,"No.2, 3/F, Wang Lung Ind Bldg., 11 Lung Tak St., Tsuen Wan, N.T., Hong Kong",85221172620,www.timelyems.com,5F-G21,Assembly
United Sources Electronic Components Ltd,Hong Kong,"11/F, Excelsior Building, 68-76 Sha Tsui Road, Tsuen Wan, Hong Kong",85227874111,www.usienet.com,5G-B17,Assembly
"Yueqing Langir Electric Co.,Limited",Hong Kong,"Room 2105, WZ2374, Trend Centre, 29-31 Cheung Lee Street, Chai Wan, Hong Kong",85225370021,www.langir.com,5F-D11,Switches for Electronic Products
"CIXI  ZHENGHENG  ELECTRONIC  CO.,LTD.", China,"Pengyuan Rd, Cidong Industrial Zone, Cixi City, Zhengjiang, China",86057463970328,www.nbzq.cn,5G-E04,Inductor
"Cixi Kaifeng Electronics Co., Ltd", China,"No.4, Zhongyi Road, Xiaolin North Industrial Zone, Cixi, Ningbo, Zhejiang, China",86057463515917,www.nb-kaifeng.com,5F-G18,Connector
"Dongguan Qiqin Precision Thermal Conductivity Technology Co., Ltd.", China,"No. 2, Hongmianheng Road, Yanjiang Ind. Zone, Gekeng, Hengli Town, Dongguan, Guangdong 523460, China",86076982927753,qiqin1688.en.alibaba.com,5G-D12,Automotive Electronic Assemblies
"Dongguan Zhongkai Electronic Co.,Ltd", China,"No.3 Putian second Road, Tianxin, Tangxia Town, Dongguan City, Guangdong Province, China",86076989176116,www.dgzhk.com,5G-C29,Inductor
"HUILONG ELECTRONIC(JINHUA)CO.,LTD", China,"NO.399 QIUTAO NORTH STR.INDUUSTRIAL AREA, ECONOMIC DEVELOPMNT ZONE, JINHUA, CHINA",8657982273368,,5G-E21,Oscillator
"Kingland (Dongguan) Electronic Metal Co., Ltd.", China,"Building A, Jiecheng industrial park, keji west road, hetiaxia, shijie, dongguan, guangdong, China",8681339198,,5G-D18,PCB Connector
"Light Country(Changshu)Co., Ltd.", China,"No.88 Ningbo Road, Garden of New Hi-Tech Industry, Changshu, Jiangsu, China",8651251539771,lcswitch.com,5F-E21,Switches for Electronic Products
Moko Technology Ltd, China,"4F, Building2, Guanghui Technology Park, MinQing Rd, Longhua, Shenzhen, Guangdong 518109, China",8618218890375,,5F-G29,Printed Circuit Board (PCB)
"NINGBO XINLAIYA ELECTRONIC TECH.CO.,LTD.", China,"No.1858, Xiaolin Avenue, Cixi, Ningbo, Zhejiang, China",8657463509906,www.china-xinya.com,5G-E13,Connector
"Ningbo Everest Enclosure Tech Co.,Ltd", China,"18F,Building 1, wisdom valley, No 18, technology road, Gutang, China",8657423661201,,5F-E25,Opto-semiconductor Component
Ningbo Forward Relay Corp. Ltd., China,"No.11, Lane 125, Qi-wen Road, Ningbo, Zhejiang 315012, China",8657487462666,www.forward-relays.com,5F-E09,Relay
Ningbo Golten Electronics Co Ltd, China,"No. 232 Zhanteng Road, Kuangyan Industrial Pack, Cixi, Zhejiang, China",8657463205538,www.cngolten.com,5G-E03,
"Ningbo Tianbo Ganglian Electronics Co., Ltd", China,"HengXi Industrial Zone, Ningbo, Zhejiang 315131, China",8657488068127,www.tianbo-relay.com,5G-E17,Relay
Ningbo Yinzhou Yongshun Foreign Trade Co Ltd, China,"Flat 2604, 26/F, Minghui Building, No.666 Jinyu Road, Yinzhou, Ningbo, Zhejiang, China",8657487898171,,5F-D21,
"Ningbo Zhongbo Photovoltaic Technology Co.,Ltd", China,"No. 299 Henger Road, Xiaolin North Industrial Park, Cixi, Zhejiang 315300, China",8657463518333,www.nbzhongbo.com,5G-D10,
Okystar Technology Co Ltd, China,"Rm1105, Block B, Chinto Technology Building, Minzhi Road, Longguan District, Shenzhen, Guangdong, China",8675523578860,www.okystar.com,5F-G02,Joystick
SHENZHEN ZHONGXINHUA ELECTRONICS LIMITED, China,"Floor 17, Manjinghua Yingfeng Center, Bixin Road, Longgang district, Shenzhen, Guangdong 518116, China",8675533112348,www.zxhpcbgroup.com,5F-C18,Printed Circuit Board (PCB)
"Shenzhen Goford Semiconductor  CO., LTD", China,"Rm. 501, 509, 511-513, Floor 2-6, (Bldg. F) Bldg., Huachua Hedong Business City, Zone 49, Baoan Dist.Shenzhen, Guangdong, China",8675529961263,www.gofordsemi.com,5G-D22,Transistor
"Shenzhen Leadsin. Technology Co., Ltd.", China,"4F A-B Building, Xingyuan Technology Park, Gushu, Tongda Road, Shenzhen, Guangdong, China",8613926152247,www.leadsintec.com,5F-F22,Printed Circuit Board (PCB)
"Shenzhen Yezhan Electronics Co., Ltd.", China,"4/F, 6 Bld, Rongchang Industrial Zone, Guanlan Street, Longhua New District, Shenzhen, Guangdong 518110, China",8675583727115,www.yezhan.com.cn,5G-E09,Resistor
Sinetong International (Singapore) Pte Limited,Singapore,"205A Punggol Field, #08-362, 821205, Singapore",6598239536,www.sinetong.com.sg,5G-C11,Encoder Switch
"Tancap Technology Co., Ltd", China,"518103, 8 Tengfeng 3rd Road Fenghuang 3rd Industrial, ParkFuyong Bao'an District, Guangdong, China",8675527863400,www.china-capacitors.com,5G-E07,Resistor
"Tianli Electrical Machinery (Ningbo) Co., Ltd", China,"138 Weisan Rd., Andong Development Zone, Hangzhou Bay Area, Ningbo, Zhejiang 315327, China",8657463479600,www.china-tianli.com,5G-A30,Terminal ( Interconnection Techonlogy)
Yangxin Jin Xin Electronics Company Limited, China,"NO.9 Industrial one Road, Economic and Technological Devel, Shandong, China",865438286518,,5G-E06,Transistor
"Zhejiang HKE Relay Co., Ltd.", China,"Jiacun, Ningbo, Zhejiang 315135, China",8657488345678,www.hke.cn,5F-E17,Relay
"SHENZHEN WANGRU MAGNETIC TECHNOLOGY CO., LTD", China,"Rm403,A Building, Baishilong 2nd, Village, Minzhi, Longhua district, Shenzhen, China",86075581705008,,5G-E10,Passive Component
Yuen Fung Electronic Industrial Limited,Hong Kong,"Unit U,7/F.,Goldfield Industrial Building, Phase 2,144-150 Tai  Lin Pai Road, Kwai  Chung, Hong Kong",85231066982,,5G-C21,Configured Cable
"ELRAD (HONGKONG) CO.,LIMITED",Hong Kong,"UNIT5, 27/F., RICHMOND COMM. BLDG., 109 ARGYLE STREET, MONGKOK, Hong Kong",85262169488,,5F-G24,Assembly
Harvest International Industrial(HK) Company Limited,Hong Kong,"RM 701, 7/F SINO CTR, 582-592 NATHAN RD,MONGKOK, Hong Kong",85223347428,,5G-D27,Passive Component
UBETTER COMPANY LIMITED,Hong Kong,"ROOM 803,CHEVALIER HOUSE, 45-51 CHATHAM ROAD SOUTH, TSIM SHA TSUI,KOWLOON, HONG KONG",85260237798,,5F-E05,Battery
Advanced Electronic Technology HK Ltd.,Hong Kong,"Unit 10, 16/F, 118 Connaught Rd W, 118 Connaught Rd W, Sai Ying Pun, Hong Kong",85235280460,,5F-G27,Printed Circuit Board (PCB)
Dragon City Industries Limited,Hong Kong,"Unit C&D, 15/F, Yue Cheung Ctr, 1-3 Wong Chuk Yeung St, Sha Tin, New Territories, Hong Kong",85226870351,www.dragoncity.com.hk,5G-D11,Connector
Fai Wong Star Electronic Co Ltd,Hong Kong,"Unit C, 5/F, Twr B, Eldo Crt, 122 Tuen Mun Heung Sze Wui Rd, Tuen Mun, New Terri Hong Kong",85296062297,www.faiwong.net,5F-G09,Flexible Circuits PCBs
"Hong Kong High Quality Electronic Co.,Ltd",Hong Kong,"Room 18 27/f, Ho King Commercial Centre, 2-16 FaYuen Street ,Mongkok,KL, Hong Kong",85231753229,www.dghqe.cn,5G-C23,Switches for Electronic Products
JEC Comapany, China,"Guang Dong, Hou Jie Town Chen Wu, Dongguan City, China",,www.jecjer.com,5F-D18,Capacitors
KINDLY INDUSTRIAL COMPANY LIMITED,Hong Kong,"Unit 5, 14/F, Blk A, Vigor Ind Bldg, 14-20 Cheung Tat Rd, Tsing Yi, New Territories, Hong Kong",85224337618,www.kindlymotor.com,5G-B07,Gear For Electrical Parts
Lung Wah Company,Hong Kong,"Unit 6, 16/F, Eastern Harbour Ctr, 28 Hoi Chak St, Quarry Bay, Hong Kong",85228340209,www.cn-cableties.com,5G-C28,Wire-wrap Element
Maxtech Circuit HK Limited,Hong Kong,"Unit A, Queen's Ctr, 58-64 Queen's Rd E, Wan Chai, Hong Kong",85266224185,,5G-B22,Touch Screen Monitor
Prosoyo Technology Ltd,Hong Kong,"Unit 5, 10/F, Chevalier Comm Ctr, 8 Wang Hoi Rd, Kowloon Bay, Kowloon, Hong Kong",85223319111,www.prosoyo.com,5F-G25,Assembly
Radiant Electronics Ltd,Hong Kong,"Unit U, 13/F, Blk 1, Kin Ho Ind Bldg, 14-24 Au Pui Wan St, Sha Tin, New Territories, Hong Kong",85226876326,radisplay.com,5F-E08,Assembly
"SHENZHEN VSEC ELECTRONIC CO., LTD", China,"Room716, Material Building ,No.3092 Renmin North Road, Luohu , Shenzhen , Guangdong, China",8675582331847,www.vsec.top,5G-A05,Sensors for Temperature and Caloric Parameter
Samlung Industrial Ltd,Hong Kong,"Unit A, 20/F, Elegant Garden, 18 Babington Path, Mid-levels, Hong Kong",85231883766,www.samlung.hk,5G-D19,PCB Connector
"Shenzhen Liron Electronics Co., Ltd.", China,"5th Floor, Building A, Lingnan Industrial Park, 300 Guiyue Road, Longhua District, Shenzhen, Guangdong, China",8675582544421,www.szliron.com,5F-D22,Capacitors
Sunscreen Company Limited,Hong Kong,"Unit 6, 3/F, Hewlett Ctr, 54 Hoi Yuen Rd, Kwun Tong, Kowloon, Hong Kong",85223450021,www.kingbright.com,5F-F05,Light Emitting Diode ( LED ) Displays
Teco Electric Company Limited,Hong Kong,"Unit K, 15/F, Shield Ind Ctr, 84-92 Chai Wan Kok St, Tsuen Wan, New Territories, Hong Kong",85224052428,www.tecoelectric.com/,5G-C27,Gear For Electrical Parts
Thai Lin Radio Coil Manufactory Limited,Hong Kong,"16/F., BLK I&J, Shield Ind Ctr, 84-92 Chai Wan Kok St, Tsuen Wan, New Territories, Hong Kong",85224980371,www.thailin.com.hk,5G-A12,Electronic Filter
"ZHEJIANG  HONGXING  ELECTRICAL  CO., LTD.", China,"No.1113,Ningkang East Road, YUEQING CITY, ZHEJIANG, China",8657762117771,hxdy.com,5F-D25,Connector
"Zhejiang Meishuo Electric Technology Co.,LTD", China,"Chonshi Industrial Zone, Beibaixiang Town, Yueqing, Wenzhou, Zhejiang 325602, China",8657762518811,www.msrelay.com,5F-F21,Relay
"DONGGUAN RUNDA COOLING FAN CO.,LTD.", China,"NO.58, BAOLING ROAD, PINGSHAN VILLAGE, Tangxia Town, Dongguan City, China",8676982553188,www.szrunda.com,5G-A21,Power Supplies Accessories
"Dongguan Shineworld Innovations Technology Co.,Ltd", China,"#1502,Building A4,R&D Center District, SongShan Lake Intelligent Valley,Renju Road,Quanta LiaoBu,DongGuan,GuangDong, China",8676927281879,www.swicn.com,5F-F23,Liquid Crystal Displays (includes TN
"Fu Shi Zhi Technology Co.,Ltd", China,"Room 206, No. 224, Buxin Road, Xinyi Community, Guanlan Street, Longhua District, Shenzhen, Guangdong, China",8675583148314,,5F-E28,OLED Display
"Guangzhou UEIUA Electronics Co., Ltd", China,"No.19 Liulian Road,Jiangao, Baiyun District, Guangzhou, Guangzhou, China",8602018002229440,,5G-E05,Relay
"Jiangsu Runic Technology Co., Ltd.", China,"Room 1306,Xiexin Center,No.19 Hefeng Road, Wuxi, Juangsu, China",86051085387528,,5G-E20,Integrated Circuit ( IC )
Nexus Electronics Sdn Bhd,Malaysia,"NO 8 & 10, JALAN SRI SULONG SELATAN, TAMAN PERINDUSTRIAN SRI SULONG, BATU PAHAT, JOHOR, MALAYSIA",6074101631,http://www.nexus-electronic.com,5G-C24,Electric Magnet
"SHENZHEN FANCY CREATION INDUSTRIAL CO,.LTD", China,"Building A12,aishixia longwangmiao industrial zone road east ,bao`an district, Shenzhen, China",86075526703818,,5F-C08,Silicone Rubber Keypad
"Shenzhen X.R.D LCD Technology Co., Ltd.", China,"A5F, Fangzheng Technology Industrial Park, Shiyan Shiyan Sub-District, Baoan District, Shenzhen, China",86075526018666,www.xrd-lcd.com,5F-E30,Miniature Displays
"YUEQING YULIN ELECTRONIC CO.,LTD", China,"NO.721 HUANCHENG EAST ROAD LIUSHI YUEQING, Wenzhou Liushi Town, Zhejiang, China",8657727878383,,5F-C20,
shenzhenshiyouchuangxindianziyouxiangongsi, China,"East Of Floor 4, No. 9, Xiaweiyuan, Gushu, Xixiang Street, Baoan Dist., Shenzhen, Guangdong, China",8675523146369,www.szpcbassembly.com,5F-G10,Printed Circuit Board (PCB)
"Changzhou Shangyou Lianyi Electronics Co., Ltd.", China,"Youyi Village, Luoyang, Wujin District, Changzhou, Jiangsu 213104, China",8651988790861,www.sunyooo.com,5F-E07,Solar Photovoltaic Component
"Chip Sun Technology Co.,Ltd.", China,"Rm206, Building B, Taojindi, Dalang, Longhua District, ShenZhen, Guangdong 518109, China",86075583458798,www.chinachipsun.com,5G-E01,Electronic Filter
"Excel Cell Electronic Co., Ltd.",Taiwan,"No.20, 25 Rd., Taichung Industrial Park, Taichung 40850, Taiwan",886423591253,www.ece.com.tw,5F-D17,Relay
Excon Technology Company,Taiwan,"No.89, Xinglong Rd., Pingzhen Dist, Taoyuan City, Taiwan",88634693398,www.excon.com.tw,5G-C07,Connector
"Guangzhou Ruibao Electrical Co., Ltd.", China,"4-6F., BLK20, Julong Industrial Zone, 811 Xicha Rd., Baiyun District, Guangzhou City, Guangdong Province 510407, China",862028245177,www.rbmotor.com.cn,5F-D12,Actuator For Electronics
HLC Metal Parts Ltd, China,"Jintang Industrial Zone, DongShenHeng Road, Tangxia Town, Dongguan, Guangdong, China",86076982019916,www.hlc-metalparts.com,5G-E14,Metal Housing for Connector
"LEACH (SZ) Co., Ltd.", China,"FL2,BLK2,Wandi Industrial Park, Xikenlaocun, Guanlan, Longhua, Shenzhen, Guangdong 518110, China",8675589505168,www.leach-pcba.com,5G-D06,Integrated Circuit ( IC )
"NINGBO KOSUN NEW ENERGY CO.,LTD.", China,"NO.17,XINGYE ROAD, Yuyao, Zhejiang, China",86057422712172,,5F-D10,Inverter for Solar Photovoltaic System
Ningbo Flourishing Precision Electron Co Ltd, China,"Yunlong Industrial Zone, Ningbo, Zhejiang 315040, China",8657488067070,www.flourishing-relays.com,5F-D14,Relay
SVI Public Company Limited,Thailand,"141-142 Moo 5, Tiwanon Road, Bangkadi, Muang, Pathumthani, 12000, Thailand",6621050456,www.svi-hq.com,5F-G17,Assembly
"Shenzhen Cirket Electronics Co., Ltd", China,"3F, B1 Block, Hengfeng Ind. Zone, Hezhou, Xi'xiang, Bao'an, Shenzhen, Guangdong Province 518128, China",8675527364707,www.szckt.cn,5G-A25,Assembly
"Shenzhen Luguang Electronic Tech. Co., Ltd.", China,"1407,B block,Haisong building, Terra 9 Road,Futian district, Shenzhen, Guangdong 518000, China",86755239811105,www.luguang.cn,5G-D24,Transistor
"Shenzhen Smart Electronics CO.,LTD", China,"1401,BuildingB,HaixinHuifu, Garden,Jihua, Longgang?Distric, China",8675583877216,www.smart-bes.com,5G-A29,Printed Circuit Board (PCB)
"Shenzhen Yccfan Technology Co., Ltd", China,"Block A1, Donghuan Industrial Zone, Shajing Town, Baoan District, Shenzhen, Guangdong 518100, China",8675529887126,www.yccfan.com,5F-D30,
"Xiamen Bolion Tech. Co., Ltd.", China,"NO.198  Hou xiang Road, Haicang District , Xia men City, China",,,5F-G30,Printed Circuit Board (PCB)
"Zhejiang Jialong Electron Co., Ltd", China,"Qianshi Industrial Zone, Yongjia, Wenzhou, Zhejiang 325100, China",8657785222566,www.calonsw.com,5F-C06,Switches for Electronic Products
KWAN DA ELECTRONIC (HK) LIMITED,Hong Kong,"3906, 39/F, TOWER 11, METROPLAZA, 223 HING FONG, ROAD,KWAI CHUNG, N.T., HONG KONG",85227870278,www.kwanda.net,5F-D05,Switches for Electronic Products
Kingtronics International Company,Hong Kong,"Room H, Floor 4, 13 Yip Fung Street, Hong Kong",85281067033,www.kingtronics.com,5G-C26,Oscillator
Party Industrial Co Ltd,Hong Kong,"Unit 03, 8/F, Po Shing Industrial Building, 23 Tai Yau Street, San Po Kong,",85226633314,www.party-itl.com,5G-A22,Transistor
Proculus Technologies Limited,Hong Kong,"Unit A1, 7/F, Cheuk Nang Plaza, 250 Hennessy Rd., Wanchai, Hong Kong",85265883844,www.proculustech.com,5F-F07,Embedded Systems Hardware Development Tool
Suntan Technology Co Ltd,Hong Kong,"Unit H, 4/F, Dormind Ind Bldg, 13 Yip Fung St, Fanling, New Territories, Hong Kong",85282028782,www.suntan.com.hk,5G-D21,Resonator
"AnQing China Blest Electronical Technology Co., LTD", China,"South of YaTan Road, in Economic Development Zone, Wangjiang, Anqing, Anhui, China",8615118089744,,5F-E34,Assembly
Chun Kai Industries (HK) Limited,Hong Kong,"Unit C, 3/F, Ph 1, Kwun Tong Ind Ctr, 472-484 Kwun Tong Rd, Kwun Tong, Kowloon, Hong Kong",85235831130,www.chunkai-industries.com,5G-B18,PCB Connector
DAF Enterprises Limited,Hong Kong,"Unit 1-3, 9/F., Wing Fat Ind Bldg., 12 Wang Tai Rd, Kowloon Bay, Kowloon, Hong Kong",85227953111,www.daf.com.hk,5G-A06,Inductor
General Circuit International Limited,Hong Kong,"Unit 11-12, 26/F, Peninsula Twr, 538 Castle Peak Rd, Cheung Sha Wan, Kowloon, Hong Kong",85223866348,www.gcikeypadsolution.com,5G-C12,
Golden Resources Metal Industrial Limited,Hong Kong,"Unit 2, 6/F, Finance Bldg, 254 Des Voeux Rd C, Sheung Wan, Hong Kong",85221165577,www.gorshk.com,5G-B09,
Hong Kong Hoiho Elmatec Technology Limited,Hong Kong,"Unit 9, 6/F, Heng Ngai Jewelry Ctr, 4 Hok Yuen St E, Hung Hom, Kowloon, Hong Kong",85223333102,www.hoiho.hk,5F-F24,Printed Circuit Board (PCB)
Jason Electronics Technology Limited,Hong Kong,"Unit 2, 17/F, Sino Ctr, 582-592 Nathan Rd, Mong Kok, Kowloon, Hong Kong",85263276159,www.jason-tw.com,5G-B11,Resistor
Jiangmen Chuanqi Technology Co.LTD, China,"No. 9,  MingHui Road, Hign-tech zone, Jianghai district, Jiangmen, China",8607503719349,http://www.ombaudio.com,5G-B29,Sound Generator (Detector Component)
Merchant Corporation Limited,Hong Kong,"Unit U, 10/F, Blk 3, Camelpaint Bldg, 60 Hoi Yuen Rd, Kwun Tong, Kowloon, Hong Kong",85227573363,www.merchant.com.hk,5G-C18,Electrical Socket
Pak Hung Enterprises Ltd,Hong Kong,"Unit 14, 4/F, Blk B, Hoplite Ind Ctr, 5 Wang Tai Rd, Kowloon Bay, Kowloon, Hong Kong",85223241566,www.pakhung.com,5G-B20,Resistor
RCL Display Limited,Hong Kong,"3 Dai Fu Street, Tai Po Industrial Estate, Tai Po, New Territories, Hong Kong",85226618335,www.rcldisplay.com,5F-E12,OLED Display
Surface Mount Technology Ltd,Hong Kong,"12/F, Ph II, Wyler Ctr, 192-200 Tai Lin Pai Rd, Kwai Chung, New Territorie Hong Kong",85237574000,www.smthk.com,5F-G11,Assembly
"Chuanglian Electronic Component (Group) Co., Ltd. (CLEC)", China,"No.3, Dianzixi Street, Xi'an, Shaanxi 710065, China",862988220746,www.clecgroup.com,5G-B30,Capacitors
"Fujian Torch Electron Technology Co., Ltd.", China,"No.4 Zi Hua Road, Jiangnan High-tech Electronic Information Zone,  L Quanzhou, Fujian 362000, China",8659522353586,www.torch.cn,5G-E19,Resistor
"Ningbo New Sanhe Enclosure Co., Ltd.", China,"No. 6, Binhai 3rd Road, Hangzhou Bay New District, Cixi, Ningbo, Zhejiang 315336, China",8657463226896,www.china-mould.com,5G-E11,Rubber and Plastic Part for Connector
"Shenzhen Atten Technology Co., Ltd", China,"Floor 8,Building 2, Senyang High-tech Park,7 West Road, Shenzhen, Guangdong 518107, China",8675586021373,www.atten.com,5G-D02,Power Supplies
"Xiamen Arrow-Tech Electronic Co.,Ltd", China,"4/F, No. 27, Chuangxin Road, Torch industry Zone, Huli District, Xiamen, Fujian 361006, China",865925715156,www.arrowtech.cn,5F-E24,Liquid Crystal Displays (includes TN
AL Goodwell Industries Limited,Hong Kong,"Unit 16, 7/F, Wah Shing Ctr, 11-13 Shing Yip St, Kwun Tong, Kowloon, Hong Kong",85228569088,www.algoodwell.com,5G-B13,Audio Speaker
Apollo (H.K.) Electronics Limited,Hong Kong,"Unit 8, 10/F, Cornell Ctr, 50 Wing Tai Rd, Chai Wan, Hong Kong",85225403040,www.apolloelectronics.com,5F-G28,
Best Rubber Product Limited,Hong Kong,"Flat B, 9/F, Wing Chai Industrial Building, 27-29 No Fong Street, San Po Kong, Kowloon HK, Hong Kong",85224620018,www.best-rubber.com,5F-D07,Switches for Electronic Products
Can Products Co Ltd,Hong Kong,"Unit 3C, 3/F, Wah Shing Ctr, 11 Shing Yip St, Kwun Tong, Kowloon, Hong Kong",85221934722,www.can-products.com,5G-D07,Audio Speaker
Fenghua (Hong Kong) Electronics Limited,Hong Kong,"Unit 14, 6/F, Heng Ngai Jewelry Ctr, 4 Hok Yuen St E, Hung Hom, Kowloon, Hong Kong",85224087636,www.fenghua.com,5G-D09,Inductor
Hang Tai Electric Wire Factory Limited,Hong Kong,"Unit 8, 28/F, Twr 2, Metroplaza, 223 Hing Fong Rd, Kwai Chung, New Territories, Hong Kong",85224243156,www.globalsources.com,5G-C08,Wire and Cable
Hong Kong Caiqin Electronics Elements Co Ltd.,Hong Kong,"Unit 16, 2/F, Kwai Shing Ind Bldg, 36-46 Tai Lin Pai Rd, Kwai Chung, New Territories, Hong Kong",85224253926,www.hkcandq.com,5G-B27,Electronic Filter
Hop Yuen Industrial Limited,Hong Kong,"Unit 10, 6/F, Sun Fung Ctr, 88 Kwok Shui Rd, Kwai Chung, New Territories, v, Hong Kong",85224801082,www.iairtech.com,5G-C25,Electrical &amp
SGST (HK) Limited,Hong Kong,"Unit 5, 15/F, Peninsula Twr, 538 Castle Peak Rd, Cheung Sha Wan, Kowloon, Hong Kong",85223109383,,5G-C22,Actuator For Electronics
You Eal (HK) Ltd.,Hong Kong,"17/F, Mega Trade Ctr, 1-6 Mei Wan St, Tsuen Wan, New Territories, Hong Kong",85235113378,www.youeal.hk,5G-D13,PCB Connector
"ABO Electronics (Shenzhen) Co., Ltd", China,"2nd Floor, Building A, Block D, 99 Ind Zone, Minzhu, XiHuan, Shenzhen, Guangdong 518104, China",8675529602620,www.abo-sz.com.cn,5G-A27,Assembly
"Changzhou Liangsheng Technology Co., Ltd.", China,"358# Qingcheng Industrial Park, Chunjiang Town Xinbei District, Changzhou, Jiangsu 213127, China",8651985266979,www.czlskj.com,5G-D20,Audio Speaker
"Connfly Electronic Co.,Ltd.", China,"East Industrial Zone, Kuangyan Town, Cixi, Ningbo, Zhejiang 315333, China",8657463508787,www.connfly.com,5F-E13,Connector
"DCT Co., Ltd", China,"No.11 Haitai HuaKe 1st Road, Xiqing District, East Plaza C, Tianjin 300392, China",862283726901,www.dct-china.cn,5G-D08,Manufacturing Equipment for Generating Circuit Structure
"Huizhou Sanhua Industrial Co.,Ltd.", China,"Zone 14, Zhongkai Hi-tech Development Zone, Huizhou, Guangdong, China",8607522771317,www.cnsanhua.com,5F-D06,Assembly
"Wenzhou Khan Electronic Co., Ltd.", China,"No.92 Huifeng Road, Songhu Ind. Zone, Yueqing, 325600, Zhejiang, China",8657762560700,www.khan.cn,5F-D23,Switches for Electronic Products
"Xiamen Guanghong Electronics Co., Ltd.", China,"Bldg. 51, Huli Industrial Park, East Coast Area, Xike, Tong'an, Xiamen, Fujian 361100, China",861365758338,www.gh-led.com,5F-E26,Light Emitting Diode ( LED ) Displays
"Xiamen One Magnet Electronic Co., Ltd.", China,"9F, Lixin Plaza, No. 90, South Hubin Road, Xiamen, Fujian Province, China",865922393028,www.one-magnet.com,5G-E08,Magnetic &amp
"Huizhou R.H.J. Industrial Co.,Ltd", China,"Sixth Floor, Jinyuanxing High-tech industrial park Sixth Industrial Zone, Gongming Town, Shenzhen, Guangdong, China",86075523249712,,5G-B31,Transformer
Nice Young Precision Metal Co. Ltd,Hong Kong,"19/F, Morrison Commerical Bldg, 31 Morrison Road, Wan Chai, Hong Kong",85223653118,,5G-B21,Metal Housing for Connector
