name,country,companyAddress,telephone,website,boothNumber,productCategory
Yung Sheng Optical Co Ltd,Taiwan,"No. 8 Keya 2nd Road, Daya District, Taichung, 42881, Taiwan",,www.hydron.com.tw,M2-A20,Branded Contact Lens
"Sino Optical Co., Ltd.",Taiwan,"10/F-1, No. 95, Minquan Road, Xindian District, New Taipei City, Taiwan",,www.sinooptical.com.tw,GH-C09,Fashion Glasses
Dongguan Yushan Eyewear Co Ltd,China,"527th Changma Road, Shujiu Village, Changping Town, Dongguan, Guangdong, China",,www.twyushan.com,GH-B02,Branded Spectacles
Eyepol Polarizing Technology Xiamen Co Ltd,China,"28 Houxiang South Road, Haicang Area, Xiamen, Fujian, 361028, China",,www.eyepol.com,1D-A15,Eyeglasses Lenses
"Wenzhou Oriental Import & Export Co., Ltd.",China,"206 Haoxing Road, Shanghui Industry Zone, Louqiao Town, Ouhai, Wenzhou, Zhejiang, 325041, China",,www.orientalinc.cn,1E-C36,Fashion Glasses
"Wenzhou Bomin Eyewear Co.,Ltd",China,"No. 278 Yuteng Road, Lucheng Light Industry Zone, Wenzhou, Zhejiang, China",,,1CON-064,Spectacles
"V-Trust Inspection Service Co., Ltd.",China,"1107-1109 West Tower, Poly World Trade Centre, 1000 Xingang East Road, Guangzhou, Guangdong, 510335, China",,www.v-trust.com,1D-A10,
Hubo Sports Products Company Limited,China,"No. 2 Qorkshop, 3/F, #3 Yongfu Road, Sandong Ave West, Huadu, Guangzhou, Guangdong, 510800, China",,www.hubo-sports.com,1D-E36,Ski Goggles
"Hivision Eyewear Co., Ltd",Hong Kong,"Unit 1, 15/F, SPA Ctr, 53-55 Lockhart Rd, Wan Chai, Hong Kong",,www.hivisioneyewear.com/,1D-B16,Spectacle Parts
Don Co Ltd,"Korea, Republic Of","12-17, Daram-Ro, 57 Beon-Gil, Docheok-Myeon, Gwangju-Si, Gyeonggi-Do, 12814, Korea",,www.don21c.com,1E-A16,Eyewear Raw Materials
Wenzhou Emma Optics Co Limited,United Kingdom,"35, Ivor Place, Downstairs Office, London, NW16EA, United Kingdom",,,1D-D41,Reading
Allkay Eyewear Limited,United Kingdom,"Churchill House, 142 - 146 Old Street, London, EC1V 9BW, United Kingdom",,allkay.com,1E-A05,Glasses Frames
"Wuxi Blue Feather Gift Co., Ltd.",China,"Dongsheng Industrial Zone, Donggang Town, Wuxi, Jiangsu, China",86510823251111,www.gift-package.com,1D-G40,Eyeglasses Cases
Danyang Wanxin Glasses Sales Co Ltd,China,"No. 1, Lianhu Industrial Park, 212300, Danyang City, Jiangsu Province, China",86051186807999,,GH-G40,Branded Spectacles
Dongguan Zhongzhou Glasses Company Limited,China,"Jinjiu Warehouse, Sima Business 2 Road, Changping Town, Dongguan, Guangdong, China",8676982206599,,1D-D09,Spectacle Frame Components
"Dongguan Jinyi Optical Manufacturing Co., Ltd.",China,"2/F, Building C, Jieying Technology Park, No. 7 Bihu Blvd, Fenggang Town, Dongguan Guangdong, 523690, China",8676982010914,,1E-C35,Fashion Glasses
Allpower Display Company Limited,China,"No. 1 Hezhou Road, Jinxia, Chanhan, Dongguan, Guangdong, 523852, China",8676981608777,www.allpower.com.cn,1E-A36,Display Design
Dong Guan City Rong Yu Packing Co Ltd,China,"No. 2nd Road, 2nd Lane, XiaoXiang, Wanjiang, Dongguan, Guangdong, 523048, China",8676922280803,,1D-G43,Eyeglasses Cases
AZ Eyewear,China,"No. 4, #3 Road, Baolong Dadao, Baolong Industrial City, Longgang, Shenzhen, 518116, China",8675589926337,,1CON-062,
"Bestway Optical Co.,Ltd",China,"107, Lianxin Road, Zhu Gu Shi Industrial Zone, Wu Lian, Longgang Town, Shenzhen, Guangdong, 518000, China",8675589903248,,GH-B04,Branded Optical Products
Shenzhen Blueray Optical Co ltd,China,"6th A Mansion, Yue Jiaopai Industrial Park, Jianlong Village Henggang Town, Longgang, Shenzhen, Guangdong, China",8675589233282,www.bluerayoptical.com,1D-F08,Eyeglasses Lenses
"Shenzhen Precision Eyewear Testing & Inspection Services Co.,Ltd.",China,"4/F, Building A & B, No. 68 Xiaokang Road, Shangzhong Village, Dakang, Henggang Town, Longgan Shenzhen, Guangdong, China",8675584264042,,1CON-005,Eyewear Design
"Shenzhen Lihongfei Glasses Accessories Co.,Ltd",China,"Building B, No. 1, Maoshengliansheng Alley, Silian Community, Henggang, Longgang, Shenzhen, Guangdong, China",8675583864520,,1B-F06,Promotions &amp
"Shenzhen Haojie Glasses Technology Co., Ltd.",China,"Room 609, Building 1, Yiecuang Commercial Plaza, Liupxia Road, Henggang, Longgang, Shenzhen, Guangdong, China",8675562127841,,1B-F08,Eyeglasses Cases
"Shenzhen HC CNC Equipment Co.,Ltd",China,"1/F, No.23, Jinyuan Road, He Ao Community A, Henggang-Subdistict, Longgang District, Shenzhen, 518000, China",8675528868900,www.szhccnc.com,1A-A05,
"Shenzhen Donghui Industrial Co.,Ltd.",China,"No. 23, Longteng Street, Building 1, Baoan Community, Yuanshan Street, Longgang, Shenzhen, Guangdong, China",8675528692772,,1A-A17,Optometric Machinery
"ZCL Technology Co., Ltd.",China,"Wodu Industrial Zone 9, Longgang District, Henggang City, Shenzhen, Guangdong, China",8675528687538,,1A-A04,Lens Processing Equipment
"Frame Accessories Plastic Co., Ltd.",China,"D Building, No. 78 Shahe Road, Dakang Village, Henggang Town, Longgang, Shenzhen, Guangdong, 518115, China",8675528630892,www.frameaccessories.com,1CON-066,Spectacle Parts
"Shenzhen 3T Optical Tooling Co.,Ltd.",China,"F2, No. 11, Lane 1 Huaxi Road, Henggang Town, Shenzhen, Guangdong, 518115, China",8675528607963,,1CON-036,Spectacle Parts
"Shenzhen Dongning CNC Machine Co., Ltd.",China,"102, Building 18, 228 Industrial, Henggang Street, Henggang Town, Longgang, Shenzhen, Guangdong, 518115, China",8675528408178,www.dongningsk.com,1A-A07,Lens Processing Equipment
"Wenzhou Innovision Optical Co., Ltd.",China,"Apartment 202, Block 5, Jiari Garden Neighbourhood East Xueyuan Road, Wenzhou, Zhejiang, 325000, China",8657789856571,,1B-E42,Children’s Eyewear
Wenzhou Robo Imp&Exp Co Ltd,China,"Flat 2, B9, 81 Zhonghui Road, Louqiao Industrial Zone, Ouhai District, Wenzhou, Zhejiang, 325000, China",8657789797444,www.robo.cn,1B-C11,Spectacles
"Wenzhou Doula Trade Co., Ltd.",China,"5/F, Domitory Building, Standard Industrial Factor Ruo Li Ao, Shuangyu Street, Lucheng District, Wenzhou, Zhejiang, China",8657788983762,,1A-E10,Children’s Eyewear
"Global Best Way Co., Ltd.",China,"4/F, No. 9, Liming Industrial Zone, Lucheng District, Wenzhou, Zhejiang, 325000, China",8657788982590,www.bestwayoptics.com,1D-C40,Glasses Frames
"Wenzhou AIE Industry and Trade Co., Ltd.",China,"#22, No.3 Xijing Road, Ouhai Economic Development Zone, Wenzhou, Zhejiang, China",8657788955669,www.aandetrade.com,1B-E39,Fashion Sunglasses
"Wenzhou Deluxe Eyewear Co., Ltd.",China,"2/F, Building A, No. 7 Jixian Road, Louqiao Industrial Park, Ouhai, Wenzhou, Zhejiang, China",8657788935778,www.deluxeoptics.com,1A-B08,Fashion Glasses
"Wenzhou Kangcheng Eyewear Co., Ltd",China,"No. 2 Zhennan Road, Wutian Industrial Base, Wenzhou, Zhejiang, China",8657788933288,,1A-C16,Spectacles
"Zhejiang Kangcheng Industry Co., Ltd.",China,"No. 2 Zhennan Road, Wutian Industrial Base, Wenzhou, Zhejiang, 325014, China",8657788933288,,1A-C14,Reading
Wenzhou Changshi Optical Co Ltd,China,"H503, Creation Gardon, No.789 Chezhan Avenue, Wenzhou, Zhejiang, China",8657788919532,,1A-B29,Children's Frame
"Wenzhou D&D International Trade Co., Ltd.",China,"10A, Zhongxing Building, Xincheng, Wenzhou, Zhejiang, 325000, China",8657788917196,www.okeypack.com,1C-A41,Children’s Eyewear Accessories
"Wenzhou Golden Bridge Import & Export Co., Ltd",China,"No. 5 Jinhong East Street, Qianhua Industrial Zone, Xinqiao, Ouhai, Wenzhou, Zhejiang, China",8657788917112,www.gbridge.com.cn,1B-B12,Spectacles
Wenzhou M&C Foreign Trade Co Ltd,China,"25-26/F, Wenzhou International Trade Center, 8 Liming West Road, Wenzhou, Zhejiang, China",8657788869952,,1A-D14,Spectacles
"Wenzhou Olive Optical Co., Ltd.",China,"No. 2 Xingyi Road, Wenzhou High-Tech Industrial Park, Wenzhou, Zhejiang, China",8657788866200,,1A-F09,Children’s Eyewear
"Wenzhou Mike Optical Co., Ltd",China,"No. 145 Shangjiang Road, Longwan District, Wenzhou, Zhejiang, 325000, China",8657788865073,mikeoptical.en.alibaba.com,1A-B16,Fashion Glasses
"Wenzhou Dragon Vision Industrial Co., Ltd.",China,"Room 1704, Block 4, JiaFu Apartment, Baili Road East, Wenzhou, Zhejiang, 325001, China",8657788830818,www.dragonvision.cn,1E-B36,Fashion Sunglasses
"Wenzhou Aishi Optics Industry Co., Ltd",China,"No. 67, Yanjiang Industrial Area, Wenzhou, Zhejiang, China",8657788797777,,1A-F16,Glasses Frames
Wenzhou Baifeng Optics Company Limited,China,"2/F, No. 19 Jiguang Road, Shanghui Industrial Zone, Ouhai, Wenzhou, Zhejiang, China",8657788771776,,1A-E30,Children's Frame
"Wenzhou 101 Trading Co., Ltd.",China,"No. 942, Wenou East Road, Ouhai, Ouhai Wenzhou, Zhejiang, 325000, China",8657788655101,www.101optical.com,1A-C38,Spectacles
"Wenzhou Hongyun Glasses Parts Co., Ltd.",China,"No. 166 Road, Xiyuan St Guoxi, Ouhai, Wenzhou, Zhejiang, China",8657788624140,www.hongyun-glasses.com,1A-A31,Spectacles
Wenzhou Success Group Co Ltd,China,"909F Success Mansion, Liu Hong Qiao Road, Wenzhou, Zhejiang, 325028, China",8657788612365,www.success-glass.com,1B-C42,Spectacles
Wenzhou Quantum Optical Co Ltd,China,"No. 77, Haoxin Road, Shanghui Industrial Zone, Louqiao, Ouhai, Wenzhou, Zhejiang, China",8657788556380,www.quantum-optic.com,1A-D30,Combination Frame
"Wenzhou Wangbao Optics Co.,Ltd.",China,"No. 2 Dazheng Road, Gaoxiang Zone, Xinqiao, Wenzhou, Zhejiang, 325006, China",8657788420691,,1A-C12,Spectacles
"Wenzhou Jinda Imp & Exp Co., Ltd.",China,"3/F, Building 1, No. 4 Chuangxin Road, Gaoxiang Industrial Zone, Xinqiao, Ouhai, Wenzhou, Zhejiang, China",8657788418819,www.jinda.cn,1A-E02,Fashion Glasses
"Wenzhou Muming Eyewear Co.,Ltd",China,"No. 259, 4/F, Haoxin Road, Louqiao Industrial Zone, Ouhai, Wenzhou, Zhejiang, 325006, China",8657788416698,,1B-F36,Children’s Eyewear
Wenzhou Ouxin Foreign Trade Co Ltd,China,"Room 2101, Guoxin Mansion, East Renming Road, Wenzhou, Zhejiang, 325000, China",8657788137755,www.msdoptical.com,1B-A16,Fashion Glasses
"Wenzhou Yebon Manufacturing and Trading Co., Ltd.",China,"Room 1001-1, Building A2, Ouhai Headquarters Econo No. 81 Zhonghui Road, Ouhai, Wenzhou, Zhejiang, China",8657787654321,,1A-B14,Fashion Glasses
"Wenzhou Baiyu International Trade Co., Ltd.",China,"No. 404, Xiajin Road, Jinzhu Industrial Zone, Wenzhou, Zhejiang, China",8657786776355,,1A-E14,Glasses Frames
"Wenzhou Slogan Trading Co., Ltd.",China,"Room 703, 7/F, No. 135 Qianjiang Road, Economic and Technological Development Zone, Longgang, Wenzhou, Zhejiang, China",8657786695389,,1B-D40,Eyeglasses Cases
"Wenzhou Sanshan Optics Co., Ltd.",China,"No. 108 Wenfeng Road, Puzhou Street, Wenzhou, Zhejiang, China",8657786583067,www.sanshanoptical.com,1A-C02,Spectacles
"Wenzhou Union Fashion Co., Ltd.",China,"2 Wenzhou Avenue, Wenzhou, Zhejiang, 325011, China",8657786552122,,1C-A35,Fashion Sunglasses
Wenzhou Lirui Glasses Co Ltd,China,"2/F, East Side Side, The 7th Building, No. 9 Jinhui Road, Louqoap Industry, Ouhai, Wenzhou, Zhejiang, China",8657786286575,www.es-optical.com,1A-C36,Eyeglasses Lenses
"Wenzhou Fresh Optics Manufacture Co.,Ltd",China,"32 Senmao Road, Shanghui Industrial Area, Louqiao Town, Ouhai, Wenzhou, Zhejiang, 325000, China",8657786282963,,1B-A02,Fashion Sunglasses
Focus Packing Limited,China,"No. 1-1 Chaoji Village, Tengqiao Town, Lucheng District, Wenzhou, Zhejiang, 325000, China",8657786275767,www.focuspacking.com,1D-G38,Eyeglasses Cases
Wenzhou Sunwear Glasses Co Ltd,China,"Suite 4-131, Building D, #59 Zhonghui Road, Shanghui Industrial, Ouhai, Wenzhou, Zhejiang, China",8657786181478,,1B-A05,Polycarbonate Frame
"Wenzhou Huayi Glasses Co., Ltd.",China,"Room 202, Building A1, Podium Building 102, Building A, Ouhai HQ Economic Park, No. 81, Zhongh Ouhai, Wenzhou, Zhejiang, China",8657786150906,,1A-B07,Spectacles
Wenzhou Interoptical Co Ltd,China,"18 Kangda Road, Sanxi Industrial Park, Ouhai, Wenzhou, Zhejiang, 325041, China",8657786106368,,1B-F41,Combination Frame
"Wenzhou Roobins Glasses Co., Ltd.",China,"9 No. 1 Xijing Road, Ouhai Economic Development Zone, Wenzhou, Zhejiang, 325014, China",8657786081806,,1CON-032,Children’s Eyewear
"Wenzhou Passion Imp & Exp Co., Ltd.",China,"Eastern of 330 State Road, Waiyang Village, Lucheng District, Wenzhou, Zhejiang, China",8657785956725,,1B-C30,Spectacles
"Zhejiang Jialiang Optical Technology Co., Ltd.",China,"No. 68 Xianfeng Road, Xianyan Industrial Zone, Ouhai District, Wenzhou, Zhejiang, 325200, China",8657785887553,www.uvoptical.cn,1B-D10,Spectacles
Wenzhou Oudong Trade Co Ltd,China,"No. 1 North, 20/F International Trade Center, 236 Liming West Road, Wenzhou, Zhejiang, China",8657785195199,,1B-C37,Spectacles
"Wenzhou Kenbo Import & Export Co., Ltd.",China,"4/F, Building A, 7 Jixian Road, Louqiao Industiral Park, Ouhai, Wenzhou, Zhejiang, China",8657785191798,www.ken-bo.cn,1A-D42,Spectacles
"Wenzhou Shinetai Packaging Products Co., Ltd.",China,"#316, Block A, Xifei Building, 15th Luohe Road, Lucheng, Wenzhou, Zhejiang, China",8657780880859,www.wzshinetai.com,1A-D41,Eyeglasses Cases
"Jinyuan Handicraft Article Co., Ltd.",China,"No. 22, Chengbei Road, Qiaotou, Yongjia, Wenzhou, Zhejiang, 325107, China",8657767455810,,1C-A40,Eyeglasses Cases
"Ruian Huatu Glasses Design Co., Ltd.",China,"No. 42, 4/F, Times Entrepreneurial Park, Mayu Town, Ruian, Wenzhou, Zhejiang, China",8657765760052,,GH-E30,Polycarbonate Frame
Wenzhou Zeal Packaging Co Ltd,China,"No. 5, Building 8, Wenlong Industrial Zone, Longgang, Wenzhou, Zhejiang, China",8657759950188,,1A-B11,Eyeglasses Cases
Wenzhou Ouhai Glasses Co Ltd,China,"51 Jinda Road, Qianhua Industrial Area, Xinqiao, Wenzhou, Zhejiang, 325006, China",8657756959199,,1A-C30,Sports Goggles
"Wenzhou Joysee Optical Co., Ltd.",China,"10/F, Building A1, Financial Service Center, Shanghui Industrial Zone, Louqiao, Ouhai, Wenzhou, Zhejiang, China",8657756955612,,1A-E33,Fashion Glasses
"Quick Wonder Glasses Wenzhou Co., Ltd.",China,"Room 1111, Financial Building, Shangwu 3rd, Wenzhou, Zhejiang, 325000, China",8657756682199,www.kubikvision.com,GH-E04,Branded Spectacles
Zhejiang Jinliang Plastic Veneer Co Ltd,China,"No. 25, Baocheng Road, Xianyan Industrial District, Ouhai Area, Wenzhou, Zhejiang, China",8657756599999,,1D-G30,Spectacle Frame Components
Wenzhou Sunrise Industrial & Trading Company Limited,China,"2/F, #1 Building Qiangqiang Group, Shanghui Industrial Zone, Louqiao Street, Ouhai, Wenzhou, Zhejiang, China",8657756550601,,1B-B08,Children’s Eyewear
"Wenzhou Changrun Ind. & Trade Co., Ltd.",China,"2/F, 58th Beiwei 2nd Road, Ouhai Industrial Developement Zone, Wenzhou, Zhejiang, China",8657755592555,,1A-B42,Spectacles
Wenzhou Zhantai Glasses Co Ltd,China,"24th Beiwei 2nd Road, Ouhai Industrial Development Zone, Wenzhou, Zhejiang, China",8657755575968,,1B-D13,Spectacles
"Wenzhou Art & Creation Co., Ltd.",China,"#25 Yucang Road (East), Wenzhou Eco. & Technology Development Zone, Wenzhou, Zhejiang, China",8657728912060,,1B-E41,Fashion Sunglasses
Wenzhou Sameway Optical Co Ltd,China,"11/F, C3 Building, No. 81 Zhonghui Road, Shanghui Industry Zone, Ouhai, Wenzhou, Zhejiang, 325016, China",8657728898499,,1B-D42,Children’s Eyewear
"Wenzhou Jiaguang Optical Co., Ltd",China,"No. 15 Gaozhan Road, Gaoxiang Industrial Zone, Xinqiao, Wenzhou, Zhejiang, China",8657728881800,,1A-B09,Fashion Glasses
"Zhejiang Kanghua Glasses Co., Ltd.",China,"No. 208 Jinhai Road, Yuhuan Economic Development Zone, Taizhou, Zhejiang, 317608, China",8657689913388,www.chinakanghua.com,1B-A30,Spectacle Frame Components
"Taizhou Cramilo Glasses Co., Ltd.",China,"No. 202, Juding International Business Building, Taizhou, Zhejiang, China",8657689398139,,1B-C14,Spectacle Frame Components
"Taizhou Yumei International Trade Co., Ltd.",China,"Ban Yang Industrial Area, Duqiao Town, Linhai, Taizhou, Zhejiang, China",8657689116399,,1A-C40,Spectacles
"Taizhou Lei Chuang Trading Co., Ltd.",China,"Fenxi Village, Duqiao Town, Linhai, Taizhou, Zhejiang, China",8657688989208,,1D-C34,Children's Frame
Taizhou International Trade Corporation,China,"5/F, 322 Shifu Road, Jiaojiang, Taizhou, Zhejiang, China",8657688533877,,1A-D38,Fashion Sunglasses
"Zhejiang Yaxun Glasses Science and Technology Co., Ltd.",China,"Puqing Industrial Zone, Yuhuan, Taizhou, Zhejiang, China",8657687378889,,1A-F30,Fashion Sunglasses
Linhai Jiahao Glasses Factory,China,"Duchuan Road, Liangcao Village, Duqiao Town, Linhai,Taizhou, Zhejiang, China",8657685665217,www.meansheen.com,1D-B09,Fashion Glasses
"Linhai Dubi Glasses Co., Ltd.",China,"#10-51 Fendong Village, Duqiao Town, Linhai, Taizhou, Zhejiang, China",8657685221788,,1A-C15,Spectacles
"Taizhou Zegr Glasses Co., Ltd.",China,"Jiudian Village, Duqiao Town, Linhai, Taizhou, Zhejiang, China",8657685013555,,1CON-023,Lens Raw Materials
"Ningbo Easyclean Commodity Co., Ltd.",China,"#669 JinYuan Road, Yinzhou District, Ningbo City, Zhejiang, 315104, China",8657487323983,www.easycleaningcn.com,1B-C33,Children’s Eyewear Accessories
"Ningbo Kaida Rubber & Plastic Technology Co.,Ltd",China,"63 East Jinniu Road, Moushan, Yuyao, Ningbo, Zhejiang, 315456, China",8657462497888,www.kaida.net,M2-A09,Contact Lenses &amp
Zhejiang Rike Automation Equipment Co Ltd,China,"No. 79, Zhijiang Road Economic Development Zone, Jiashan, Jiaxing, Zhejiang, China",8657384299999,www.zjrike.com,1A-A13,Spectacles
"Rica (Taizhou) Optics Co., Ltd",China,"#10 Yongsheng Road, Gaogang Hi-Tech Industrial Park, Taizhou City, Jiangsu, 225324, China",8652386116686,www.ricaoptics.com,1CON-002,Eyeglasses Cases
"Danyang Fortei Optical Glasses Co., Ltd.",China,"No. 8 Baihua Road, Development Zone, Zhenjiang, Danyang, Jiangsu, 212300, China",8651188155155,,1C-B34,Spectacles
"Jiangsu Hongrun Optical Glasses Co.,Ltd.",China,"No.2 Tianlu Road, Development Zone, Danyang, Zhenjiang, Jiangsu, China",8651188063005,,1CON-029,Sunglass
"Convox Optical Co., Ltd.",China,"No.56 Yinhe Road, Danyang New Area, Zhenjiang, Jiangsu, China",8651188038788,,1E-B35,Eyeglasses Lenses
"Jiangsu Xiangliang Glasses Co., Ltd",China,"No. 1 Jiuwei Road, Development Zone, Danyang, Zhengjiang, Jiangsu, 212300, China",8651188011668,,1B-F42,Spectacles
"Jiangsu Youli Optics Spectacles Co., Ltd.",China,"No. 18 South to Reservoir Yiwei Road, Economic Development Zone, Danyang, Jiangsu, 212300, China",8651186997789,www.youli-lens.com,1CON-018,Contact Lenses &amp
"Danyang Youli Optical Co., Ltd.",China,"6-7 Dongfang Shangchen, Development Zone, Danyang, Zhenjiang, Jiangsu, China",8651186989922,,1C-B44,Spectacles
Jiangsu Creasky Optical Co Ltd,China,"No. 198, Danfu Road, Danyang City, Zhenjiang, Jiangsu, China",8651186920013,,1B-E09,Spectacles
Danyang Chanxin Glasses Cases Factory,China,"Huadian Chuangye Park Dangui Road, Developing Zone, Danyang, Zhenjiang, Jiangsu. 212300, China",8651186903193,,M2-A13,Contact Lenses &amp
"Danyang H & C Optical Glasses Co., Ltd.",China,"No. 11 Bawei Road, Development Zone, Danyang, Zhenjiang, Jiangsu, 212300, China",8651186886721,www.hcoptical.com,1C-B31,Spectacles
"Jiangsu Kingstyle Optical Glasses Co., Ltd.",China,"Stuart Eyeglasses Industrial Park, 212300, Danyang City, Jiangsu Province, China",8651186877335,www.wanjinbaoglasses.com,GH-G38,Branded Spectacles
Danyang Vaqing Optical Co Ltd,China,"No. 3-8 Zhenxing Road, Yunyang Industrial Park, Danyang, Zhenjiang, Jiangsu, China",8651186813111,,1C-B35,Children’s Eyewear
"Danyang Hongwei Optical Co., Ltd.",China,"No. 50 Yuxiang, Sity Town, Danyang, Zhenjiang, Jiangsu, 212300, China",8651186802517,www.hongweioptical.com,1C-B42,Eyeglasses Lenses
Jiangsu Hivision Optical Lens Company Limited,China,"Industry District, Erling, Danyang, Zhenjiang, Jiangsu, 212300, China",8651186698800,www.hivision.co.kr,1C-B41,Eyeglasses Lenses
Danyang Mega Optical Co Ltd,China,"No. 288 Jiuqu Road, Danyang, Zhenjiang, Jiangsu, China",8651186578358,,1A-B13,Eyeglasses Lenses
"Jiangsu Midun Optics Glasses Co., Ltd.",China,"11 Dongfang Road, Danyang Development Zone, Danyang, Zhenjiang, Jiangsu, 212300, China",8651186577356,,GH-G42,Branded Spectacles
"Danyang Xingda Optical Instrument Co., Ltd.",China,"No. 193 Shancheng Alley, Yunyang Town, Danyang, Zhenjiang, Jiangsu, 212300, China",8651186237559,xingdaoptical.com,1C-B29,
Danyang Changxing Optical Glasses Factory,China,"No. 8 Xinxiwang Road, Economic Development Zone, Danyang, Zhenjiang, Jiangsu, 212300, China",8651186237508,www.cx-optical.com,1C-B43,Eyeglasses Lenses
"Jiangsu Yuchang Optical Glasses Co., Ltd.",China,"Zhongxiang Village, Jinglin Village, Development Area, Danyang, Zhenjiang, Jiangsu, China",8651186230232,,1A-C10,Fashion Sunglasses
"Zhenjiang Aosheng Optic Co., Ltd.",China,"Sity Town, Danyang City, Zhenjiang, Jiangsu, China",8651186206882,,1B-F40,Spectacles
"Zhenjiang Longway Co., Ltd.",China,"No. 2 Wanbao Road, Yanling Town, Danyang, Zhenjiang, Jiangsu, 212300, China",8651186198722,www.longway-optical.com,1C-B30,Eyeglasses Lenses
"Optical C & C Co., Ltd.",China,"No. 1, A2 Liando U Valley, 58 Jinghong Road, Xibei Town, Xishan, Wuxi, Jiangsu, China",8651089798282,www.opticalc-c.com,1D-G44,Eyeglasses Cases
Wuxi Huayue Optical Glasscase Co Ltd,China,"No. 1, Huang Tu Tang Industrial Park, Donggang Town, Wuxi, Jiangsu, 214196, China",8651088791992,,1CON-047,Eyeglasses Cases
"Wuxi Kingda Microfiber Fabric Co., Ltd.",China,"11 Building, 15 Huafa Road Dongting, Wuxi, Jiangsu, 214101, China",8651088213702,www.wxkingda.com,1CON-045,Cycling Goggles
"Danyang I Pack Optical Co., Ltd.",China,"Room 1013, Building B, Xinian Center, Binhu District, Wuxi, Jiangsu, 214072, China",8651085862286,www.i-pack.net.cn,1C-B37,Contact Lens Cases
"Voning International Co., Ltd.",China,"173-1601 Zone B, Swan Lake Garden, Binhu District, Wuxi, Jiangsu, 214125, China",8651085188638,www.voning.com,1A-A42,Spectacles
"Wuxi Fanli Knitting Technology Co., Ltd.",China,"Huangtutang Industrial Zone, Wuxi, Jiangsu, China",8651083918758,,1B-B40,Eyeglasses Cases
China Wuxi New Star Glasses Case Factory,China,"Huangtutang Donggang Town, Xishan District, Wuxi, Jiangsu, China",8651083918357,,1CON-024,Eyeglasses Cases
"Wuxi Best Packaging Products Co., Ltd.",China,"Room A1110, Tsting Hua Innovation Mansion, No. 1 Zhihui Road, Huishan Area, Wuxi, Jiangsu, 21474, China",8651083380082,,1D-G42,Promotions &amp
"Micro-Light Optics Co., Ltd.",China,"17/F-3, No. 531 Zhongshan Road, Wuxi, Jiangsu, 214000, China",8651081807191,,1A-C44,
Wuxi Aofei Microfiber Fabric Co Ltd,China,"No. 12 Chunlei Road, Xishan District, Wuxi, Jiangsu, China",8651068923152,www.wuxiaofei.en.alibaba.com,1CON-042,Promotions &amp
"Wenzhou Zhongchou Industry & Trade Co., Ltd.",China,"No. 9, Jinhui Road, Louqiao, Ouhai, Wenzhou, Zhejiang, 325041, China",8618967761336,,1B-F39,Spectacle Parts
"Danyang Kaiyang Textile Co., Ltd.",China,"Dangui Road, Development Zone, Danyang, Zhenjiang, Jiangsu, 212300, China",8618951272866,dykyfz.cn,1C-B40,Eyeglasses Cases
Shenzhen Element Glasses Co Ltd,China,"4/F, Zone B, Block A, Yue Jiao Pai Industry Zone, Jian Long Heng Gang Town, Shenzhen City, Guangdong, 518115, China",8618664814163,www.leix09.com,GH-B10,Branded Optical Products
"Yiwu Yajie Trade Co., Ltd.",China,"402, No. 517, Zongze Road, Yiwu, Jinhua, Zhejiang, China",8618367925513,,1D-D14,Sunglasses
"Zhejiang Santa Eyewear Co., Ltd.",China,"Banyang Glasses Industry, Duqiao Town, Linhai City, Taizhou, Zhejiang Province, 317016, China",8618258841999,santaglasses.1688.com,1D-A05,Glasses Frames
"Danyang Seey Optical Co., Ltd.",China,"No. 80 North Second Ring Road, Danyang, Zhejiang, Jiangsu, 212300, China",8618252979977,,1C-B32,Spectacles
"Dong Guan Hua Wang Leather Technology Co., Limted",China,"12 Heyang North Road, Hetian Village, Houjie Town, Dongguan, Guangdong, China",8617610140026,,1D-G36,Eyeglasses Cases
Guangzhou USOM Glasses Co Ltd,China,"Room 508, Lotus Commercial Plaza, No. 195 Shangye Avenue, Huadu, Guangzhou, Guangdong, 510800, China",8615811828792,www.usomglasses.com,1E-D40,Spectacles
"Shenzhen MSJ Glasses Co., Ltd.",China,"Vienna Hotel, Henggang Street, Longgang, Shenzhen, Guangdong, 518000, China",8615399986319,,GH-F07,Branded Optical Products
"Danyang Qiyuan Optical Glasses Co., Ltd.",China,"292-6 Yunyang Road, Development Zone, Danyang, Zhenjiang, Jiangsu, China",8615380219888,https://shop2564150o322a1.1688.com/,1C-B33,Children's Frame
"Jiangsu Jaejer Optical Co., Ltd.",China,"#2 Shuangyi Road, Economic Development Area, Danyang, Zhenjiang, Jiangsu, 212300, China",8615050889584,jaejer.com,1C-B38,Eyeglasses Lenses
"Xiamen Kingly Eyewear Co., Ltd.",China,"Unit 3A-11, 8/F, Xiamen International Shipping Cen No. 97 Xiangyu Road, China (Fujian) Pilot Free Tra Xiamen, Fujian, 361000, China",8613958918218,,1D-B08,Glasses Frames
Bpro S.p.a.,San Marino,"Via Fondo Ausa 28, 47891, Dogana, San Marino",3780549942775,www.b1919eyewear.com,GH-C05,Branded Spectacle Frame
Prestij Optik San. Tic. Ltd. Sti.,Turkey,"2/F, Prestij Plaza, E-5 Highway Aymerkez Karsisi, Mimarsinan/Buyukcekmece, Istanbul, Turkey",902128633277,www.swingeyewear.com,GH-R08,Branded Spectacle Frame
Dogan Optik San. ve Ticaret Ltd. Sti.,Turkey,"Sirinevler Mah, Mithatpasa Cad, Hakan is Merkezi 2, Kat 8, D 23-24, Bahcelievler, Istanbul, 34188, Turkey",902124518056,www.doanoptik.net,GH-F30,Branded Optical Products
Sojos Optical Co Ltd,Taiwan,"D1001 Road, Xinyi Area Daan, Taipei, Taiwan",886289971677,,1C-F30,Fashion Glasses
"Rechine Packing Co., Ltd.",Taiwan,"4/F, No. 170, Section 5, Ren-ai Road, Hsinyi District, Taipei, 103, Taiwan",886266812576,www.rechine.com,1CON-068,
"Yingtan Xiongbo Precision Instrument Co., Ltd.",China,"To the east of refuelling station on, the north side of Road No. 40, Development Zone for High-tech Industries, Yingtan City, Jiangxi Province, 33500, China",867016305155,,1CON-067,Optometric Machinery
Yingtan Haitong Optics Co Ltd,China,"No. 14 & 15 Shop, West No. 1 Section, Baijiacheng Glasses Market, Yingtan City, 335000, Jiangxi Province, China",867016231365,,1CON-056,Optometric Machinery
"Xiamen Joseen Optical Co., Ltd.",China,"No. 153 Building, Tong An Industry Zone, Xiamen, Fujian, 361000, China",865927772711,,1D-E42,Spectacles
"Xiamen Xinzhuolong Optical Co., Ltd.",China,"No. 33 Jinfu 2 Road, Xinmin Town Tongan District, Xiamen, Fujian, China",865927159918,,1A-C35,Children’s Eyewear
"Zhanshi (Xiamen) Optical Co., Ltd.",China,"1003 Road, North Anren Road, Jimei District, Xiamen, Fujian, China",865926382997,,1C-G09,Reading
"Xiamen Anbo Sports Goods Co., Ltd.",China,"No. 552 Sunban North Road, Jimei District, Xiamen, Fujian, 361024, China",865926228826,www.sportsabove.com,1D-E38,Cycling Goggles
"Xiamen Jess Optical Co., Ltd.",China,"#19-23, Tian Yang Road, The North of Jimei Industrial Zone, Xiamen, Fujian, 361021, China",865926029971,,1B-D16,Spectacles
"Eyesunny Technology (Xiamen) Co., Ltd.",China,"Unit 308, No. 18 Gaoxiong Road, Siming District, Xiamen, Fujian, China",865925988576,www.eyesunnyeyewear.com,1D-E37,Glasses Frames
Xiamen Gelashi Optical Co Ltd,China,"Block 2, No. 36 Yangping Road, Xinyang Industrial Zone, Haichang, Xiamen, Fujian, China",865922201222,,1D-E43,Fashion Sunglasses
"Xiamen Ruizhiya Glasses Co., Ltd.",China,"5/F-1, No 215-219 Tianfeng Road, Jimei District, Xiamen, Fujian, China",865826280427,,1C-G11,Children's Frame
"Jinyun Cherry Industry & Trade Co., Ltd.",China,"No. 249, Xiamu West Road, Huzhen Town, Jinyun County, Lishui, Zhejiang, China",865783303161,,1A-B05,Combination Frame
Shandong Xianglong New Materials Corp,China,"Yeyuan Town, Linqu City, Shandong, China",865363483999,www.teslo.cn,1CON-015,Eyewear Raw Materials
Taiyuan Xinyuan Tech Center of North University of China,China,"Room 1111, Dasheng Technology Building, No. 303 Changzhi Road, Taiyuan, Shanxi, China",863513559336,,1CON-006,Dispensing Equipment
"Xinhe County Haoyuan Glasses Box Co., Ltd.",China,"Shi Dai Road & Fu Dong Street Intersection, Xinhe County, Xingtai, Hebei, China",863194899888,,1C-A42,Eyeglasses Cases
"Xinhe Gangsen Packaging Products Co.,Ltd",China,"Industrial Zone, Xinhe County, Xingtai, Heibei, China",863194899425,,1B-D35,Children’s Eyewear Accessories
"Xinhe Minxin Spectacle Case.,Ltd",China,"East Ring Road, Xinhe County, Hebei Province, China",863194891003,,1A-A36,Eyeglasses Cases
"Hebei Shunchi Spectacle Case Co., Ltd",China,"Xinhe Development Zone, Xinhe, Xing Tai, Hebei, 055650, China",863184891673,www.shunchiheye.com,1C-A38,Eyeglasses Cases
Shanghai Link Instruments Co Ltd,China,"Room 135, A Building 11, 1101, Huyi Highway, Shanghai, China",862169512870,,1A-A25,Optometric Equipment
"Luxin Optical (Shanghai) Co., Ltd",China,"Room 1005, No. 1118, South Pudong Road, Shanghai, 200120, China",862168883936,,1B-D41,Spectacles
Shanghai Canton Optics Equipment Co Ltd,China,"No. 999, Jinliu Road, Jinshan Industrial Zone, Shanghai, China",862158588205,www.chinacanton.com,1CON-046,Dispensing Equipment
"Shanghai Weixing Optical Co., Ltd",China,"No. 1338-1, South Huancheng Road, Nanqiao Town, Fengxian District, Shanghai, China",862151860001,,1A-F06,Spectacles
Pacific Optics Electronics Co Ltd,China,"1101, Tower A1, No.5 Panjiangnei Street, Xingang East Road, Guangzhou, Guangdong, China",862084226671,www.optic-china.com,1CON-050,Dispensing Equipment
"Guangzhou Lantu Optical Co., Ltd.",China,"Yuexiu of Guangzhou City People Road 322, 3/F, Layer 4, Yuexiu, Guangzhou, Guangdong, 510000, China",862081888168,,1E-B38,Spectacles
Guangzhou Tianli Glasses Co.Ltd,China,"Room 409, No. 322 Rnminzhon Road, Yuexiu, Guangzhou, Guangdong, 510000, China",862081866741,,GH-C03,Branded Spectacles
"Sumtrum Anti-fake Technology Co., Ltd.",China,"Building B, No. 19 Community, Dalang West Street, Baiyun District, Guangzhou, Guangdong, 510000, China",862081536223,sumtrum.en.alibaba.com,1C-A07,
Guangzhou Jiashi Packing Co Ltd,China,"Room 2303, Guangfu Mansion, No. 286 Guangfu Road, Guangzhou, Guangdong, China",862081388015,www.packingcase.cc,1C-A36,Promotions &amp
Guangzhou Jinggong Optical Co Ltd,China,"Room 1606, Building B, Jinxin Da Sha, 691 Renminbei Road, Liwan District, Guangzhou, Guangdong, China",862081082288,,1A-F05,Children's Frame
"Guangzhou Yijia Optical Technique Co., Ltd.",China,"East Hepan Road, Sandong Avenue, Huadu District, Guangzhou, Guangdong, China",862066670198,,1D-D36,Industrial Eyewears
Beijing Future Looking Optical Co Ltd,China,"No. A1, 2/F, West Nanxinyuan Road, Chaoyang District, Beijing, 325000, China",861087318858,,1A-B01,Spectacles
China Optometric & Optical Association,China,"B505, Fuzhuo Building, No.28 Xuanwumenwai Street, Beijing, 100052, China",861083559072,,1CON-007,Trade Services &amp
Yewon,"Korea, Republic Of","46-16, Chimsannam-Ro, 13-Gil, Buk-Gu, Daegu, Korea",827050438254,,1D-F09,Combination Frame
"COLORLEN Co., Ltd.","Korea, Republic Of","2/F, 56, Hyomok-Ro, Dong-Gu, Daegu, 41232, Korea",827044160099,,M2-A14,Contact Lens Cases
"Sang Ha Factory Co., Ltd","Korea, Republic Of","528 ilsan technotown, 138 ilsan-ro, ilsandong-gu, Goyang-si, Gyeonngi-do, Korea",823115771622,www.sanghafactory.com,,Branded Optical Products
88Hertz,"Korea, Republic Of","10, Tojeong-ro 3-gil, Mapo-gu, Seoul, 04083, Korea",821064222608,http://gngr.kr,,Branded Optical Products
Evonik Resource Efficiency GmbH,Germany,"Paul-Baumann-StraBe 1, Marl, 45772, Germany",492365494958,www.evonik.com,1E-A11,Eyewear Raw Materials
"Skyvision Eyewear Co., Ltd.",United Kingdom,"Chase Business Centre, 39-41 Chase Side, London, N14 5B, United Kingdom",442082425518,,,Branded Sport Eyewears
William Morris London Ltd,United Kingdom,"The Mill, Stortford Road, Hatfield Heath, Essex, CM22 7DL, United Kingdom",441279732414,www.williammorris.co.uk,GH-D04,Branded Optical Products
Inspecs - Killine Group,United Kingdom,"7-10 Kelso Place, Upper Bristol Road, Bath, BA1 3AU, United Kingdom",441225717048,www.inspecs.com,GH-R07,Branded Optical Products
Thema Optical Srl,Italy,"Via Risorgimento, 100, Domegge Di Cadore, BL 32040, Italy",393488325126,thema-optical.com,,Fashion Glasses
Eye Design Club Italia Srl,Italy,"Via Guicciardini 2/2, Valdobbiadene - TV, 31049, Italy",393402218231,www.eyedesignclub.com,,Combination Frame
OFHK Europe Srl,Italy,"Piazza Rinaldi, 4/5, Treviso, 31100, Italy",393358266266,www.migaeyewear.com,,Fashion Glasses
Original Vintage Sunglasses Srl,Italy,"Via Elvira Notari 16, I-80147, Napoli, Italy",390810490743,www.original-vintage.com,,Fashion Glasses
Logoproject Design SRL,Italy,"Via Po 102, Roma - RM, 00198, Italy",390695479068,www.logoproject.it,,Combination Frame
Essilor Italia Spa,Italy,"Viale Mentana, 43, 43121 Parma PR, Italy",390521779235,www.essilor-sunsolution.com,,Eyeglasses Lenses
Lio' s.r.l.,Italy,"Zona Industriale, 8, Quero Vas, BL - 32038, Italy",390439788400,www.lio-occhiali.it,,Spectacles
Pramaor Srl,Italy,"Via Nogarola, 17, 32027, Taibon Agordino BL, Italy",390437660523,www.blackfin.eu,,Spectacles
Trevi Coliseum,Italy,"Localita Villanova 19/C, Longarone - BL, 32013, Italy",390437578211,www.trevicoliseum.it,,Fashion Glasses
Pugnale & Nyleve s.r.l.,Italy,"Via Mercerie, 8, Udine, 33100, Italy",390432811987,www.pugnaleeyewear.com,,Branded Optical Products
Cidi Srl,Italy,"Via Della Centa Z.I. No. 3, Segusino - TV, 31040, Italy",390423979224,www.3momi.it,,Fashion Glasses
Atmosphera Srl,Italy,"Via Feltrina 9/C, Pederobba - TV, 31040, Italy",390423688964,www.atmospheraeyewear.com,,Fashion Glasses
MA.RO Group SRL,Italy,"Via Marconi 16/A, Bonemerse, Cremona, 26040, Italy",390372496222,www.shplus.com,,Cycling Goggles
Centro Style S.P.A.,Italy,"Via G. D. Martinengo 7, 21040, Vedano Olona - VA, Italy",390332270408,www.centrostyle.it,,Spectacle Parts
Modo Eyewear Srl,Italy,"Via Ippolito Nievo, 33, 20145, Milano MI, Italy",390243998986,www.modo.com,,Spectacles
Nico Srl,Italy,"Via Giacinto Collegno 46 Bis, Torino, TO 10138, Italy",390114474771,www.vanniocchiali.com,,Spectacles
Jiann Lih Opt Co Ltd,Taiwan,"No. 476, Taizi Road, Rende District, Tainan City, 71747, Taiwan",88662717567,www.jiannlih.com,1D-E29,Industrial Eyewears
"Bonasse Enterprises Co., Ltd.",Taiwan,"No. 11-1, Song Chiang South Road, Chungli District, Taoyuan City, 320, Taiwan",88634626979,www.bonasse.com.tw,M2-A18,Contact Lenses &amp
Consortium Development International Limited,Hong Kong,"Flat E, 19/F, Tower 10, Mantin Heights, 28 Sheung Shing Street, Ho Man Tin",85298126589,,1D-F44,Eyeglasses Cases
Meisystem Asia Ltd.,Hong Kong,"Unit 8, 13/F, Wharf Cable TV Tower, 9 Hoi Shing Road, Tsuen Wan, N.T., Hong Kong",85297022316,www.meisystem.com,1A-A12,
"HK Yueqiang Optical International Co., Limited",Hong Kong,"Unit A3, 9/F, Silvercorp International Tower, 707-713 Nathan Road, Mong Kok, Kowloon, Hong Kong",85296669759,www.ajoptical.com,1D-C06,Polycarbonate Lenses
Koollook Vision Limited,Hong Kong,"Unit A02, 1/F, Mai Wah Industrial Building, 1-7 Wah Sing Street, Kwai Chung, New Territories, Hong Kong",85296590241,www.koollook.cn,1E-D12,Fashion Sunglasses
Heyro Optical Company Limited,Hong Kong,"Lot 12, Tam Kon Shan Road, North Tsing Yi, Kowloon, Hong Kong",85293546001,,GH-R04,Branded Optical Products
EA Optical Co,Hong Kong,"Flat F06, 18/F, Phase 2, Superluck Industrial Center, 57 Sha Tsui Road, Tsuen Wan, N.T., Hong Kong",85292003317,,1C-G08,Fashion Glasses
Fei Hong Optical Co Ltd,Hong Kong,"Unit 1006, 10/F, Tower A, New Madarin Plaza, 14 Science MuseumRoad, Tsim Sha Tsui, Kowloon, Hong Kong",85291426997,feihongoptical.com,1CON-060,Fashion Sunglasses
"Wenzhou Retime Optical Co., Ltd.",Hong Kong,"Room 1006, 10/F, Po Yip Building, 23 Hing Yip Street, Kwun Tong, Kowloon, Hong Kong",85288638976,www.rt-optical.en.alibaba.com,1C-B07,Spectacles
"Union Fashion Co., Limited",Hong Kong,"MSH2461, Room 1007, 10/F, Ho King Centre, No. 2-16 Fa Yuen Street, Mongkok, Kowloon, Hong Kong",85286552122,,1D-B06,Fashion Sunglasses
QIMA Limited,Hong Kong,"8/F, Sino Plaza, 255-257 Gloucester Road, Causeway Bay, Hong Kong",85283321345,www.qima.com,1E-D33,Quality Inspection &amp
Chance Vision International Holdings Limited,Hong Kong,"21/F, Block A, Kwai Bo Industrial Building, 40 Wong Chuk Hang Roa Wong Chuk Hang, Hong Kong",85281982773,www.4isite.com,1E-B10,Spectacles
"2020 Optical Co., Ltd",Hong Kong,"Unit 7, 2/F, Mansfield Industrial Centre, 19 Hong Yip Street, Yuen Long, New Territories, Hong Kong",85281324111,www.2020sunglasses.com,1D-D42,Cycling Goggles
Zmart Concept Ltd,Hong Kong,"Unit 9, 7/F, Westley Square, 46-48 Hoi Yuen Rd, Kwun Tong, Kowloon, Hong Kong",85269703812,ossiisound.co,,Branded Spectacles
Creative International Concept (CIC) Eyewear Manufacturer Limited,Hong Kong,"Room 01, 21/F, Prosper Commercial Building, 9 Yin Chong Street, Kowloon, Hong Kong",85268237084,,1D-E02,Spectacles
Jin Yu Plastic Products Limited,Hong Kong,"Unit 8, 10/F, Wing Tuck Commercial Centre, 177-183 Wing Lok Street, Sheung Wan, Hong Kong",85266498383,www.jinyuplastic.com,1D-G02,Spectacles
Crystal-Star Optical Materials Co. Limited,Hong Kong,"Room F, 6/F, Phase 1, Superluck Centre, 45-53 Sha Tsui Road, Tsuen Wan, New Territories, Hong Kong",85266496732,www.cs-polarizedlens.com,1E-A15,Eyeglasses Lenses
Longeen Optical Co. Ltd,Hong Kong,"Unit B, 18/F, Two Chinachem Plaza, 68 Connaught Road Central, Central, Hong Kong",85300000000,www.longeenoptical.com,1E-D07,Spectacles
Sky & Sea Optical Company Ltd.,Hong Kong,"Unit 5-6, 18/F, Hollywood Plaza, 610 Nathan Rd, Mong Kok, Kowloon, Hong Kong",85265821314,,1E-E02,Spectacles
HK Jingjie Int'l Limited,Hong Kong,"Unit 5, 21/F, Trend Centre, 29 Cheung Lee Street, Chai Wan, Hong Kong",85265557188,www.front-eye.com,GH-E12,Branded Spectacles
Xingchang Trade (Hong Kong) Limited,Hong Kong,"Unit C, 19/F, Lockhart Centre, 301-307 Lockhart Road, Wan Chai, Hong Kong",85256446645,www.xingchangweb.com,1D-D10,Fashion Glasses
"Kangle Optical Co., Limited",Hong Kong,"Unit 8A, 25/F, Bank Of America Tower, 12 Harcourt Road, Admiralty, Hong Kong",85239216080,,1D-C02,Combination Frame
Ducam Optical Company,Hong Kong,"Unit 5, 19/F, Nan Fung Centre, 264-298 Castle Peak Road, Tsuen Wan, New Territories, Hong Kong",85239145178,,1D-C10,Spectacles
Hong Kong Guangyu Trading Limited,Hong Kong,"Unit B, 12/F, Ritz Plaza, 122 Austin Road, Tsim Sha Tsui, Kowloon, Hong Kong",85238271893,,1D-E33,Cycling Goggles
Dreamtrade Fonhcoo Company,Hong Kong,"Unit A, C4, 10/F, Wing Hing Industrial Building, 14 Hing Yip Street, Kwun Tong, Kowloon, Hong Kong",85237550119,www.dreamtrade.com.hk,1D-B02,Spectacle Parts
Hing Da Optical Factory Limited,Hong Kong,"Unit J1, 22/F, Phase 1, Superluck Industrial Centre, 45-53 Sha Tsui Road, Tsuen Wan, New Territories, Hong Kong",85237499493,,GH-R01,Branded Spectacles
YH Optics International Limited,Hong Kong,"Unit 1009, Level 10, Tower 1, Kowloon Commerce Centre, 51 Kwai Cheong Road, Kwai Chung, New Territories, Hong Kong",85236166771,www.yueheng.com.hk,1E-E10,Glass Lenses
Eye Trend Limited,Hong Kong,"Room 14-15, 2/F, Proficient Industrial Centre, 6 Wang Kwun Road, Kowloon Bay, Kowloon, Hong Kong",85235903322,,GH-D10,Branded Optical Products
Eye Designs and Concepts Manufacturing Corporation Limited,Hong Kong,"Unit 2, 10/F, 88 Hing Fat Street, North Point, Hong Kong",85235718687,www.project-sh.com,1D-G16,Fashion Glasses
Loyal Tech Group Limited,Hong Kong,"Unit 3, 7/F, Perfect Industrial Building, 31 Tai Yau Street, San Po Kong, Kowloon, Hong Kong",85235639548,www.loyaltech.com.hk,1CON-074,Auto-refractor
Schneider Optical Machines Limited,Hong Kong,"Unit 2, 2/F, APEC Plaza, 49 Hoi Yuen Road, Kwun Tong, Kowloon, Hong Kong",85235635238,www.schneider-om.com,1A-A02,Lens Coating Equipment
Abba Optical Company Limited,Hong Kong,"Room 709, Lucida Industrial Building, 43 - 47 Wang Lung Street, Tsuen Wan, Hong Kong",85235273131,,1D-G14,Combination Frame
Ka Hin International Industries Ltd,Hong Kong,"13/F, China Aerospace Centre, 143 Hoi Bun Road, Kwun Tong, Kowloon, Hong Kong",85234432288,www.kahin.com.hk,1E-D41,Spectacle Parts
Fubi Company,Hong Kong,"Unit 2, 29/F, Block A, On Yan House, Tsz On Centre, 10 Yan Wah Street, Tsz Wan Shan, Kowloon, Hong Kong",85231885568,fubi.com.hk,1CON-070,Auto-refractor
"Bossin Eyewear Manufacture (HK) Co., Limited",Hong Kong,"Suite 603, 6/F, Hang Pont Cimmercial Building, 31 Tonkin Street, Cheung Sha Wan, Hong Kong",85231747663,,1D-D08,
Update Global Limited,Hong Kong,"Unit 7, 21/F, Twr 2, Lippo Ctr, 89 Queensway, Admiralty, Hong Kong",85231149071,,1E-B29,Combination Frame
"Hong Kong Xuanshi Industrial Co., Limited",Hong Kong,"Unit 4, 7/F, Bright Way Tower, 33 Mong Kok Road, Mong Kok, Kowloon, Hong Kong",85230786632,,1D-E13,Spectacles
"Hongkong Wei Yi Xing Technology Co., Limited",Hong Kong,"Unit 3A-9, 12/F, Kaiser Centre, 18 Centre Street, Sai Ying Pun, Hong Kong",85230697065,www.wyx-sz.com,1D-G07,Spectacle Frame Components
"Betterward Packaging Products (HK) Co., Limited",Hong Kong,"Room 2914C, 29/F, Ho King Commercial Centre, 2-16 Fa Yuen Street, Mongkok, Kowloon, Hong Kong",85230626620,,1C-A05,Eyeglasses Cases
"Wenzhou Suntrack Optical Co., Limited",Hong Kong,"Unit 2, 19/F, Easey Commercial Building, 253-261 Hennessy Road, Wan Chai, Hong Kong",85230623366,www.polizeneyewear.com,1D-G15,Spectacles
Obe (HK) Ltd,Hong Kong,"Unit 4, 6/F, New Trend Centre, 704 Prince Edward Road E, San Po Kong, Kowloon, Hong Kong",85229946992,www.obe.de,1E-B30,Spectacle Frame Components
"Jojo Optical Co., Limited",Hong Kong,"Unit 5, 21/F, Trend Centre, 29 Cheung Lee Street, Chai Wan, Hong Kong",85229738322,,1E-B09,
Skyview Optical Co Ltd,Hong Kong,"Unit 7, 5/F, Block B, Hong Kong Industrial Centre, 489-491 Castle Peak Road, Cheung Sha Wan, Kowloon, Hong Kong",85229590077,www.skyview.hk,1CON-073,Auto-refractor
Jebsen-Mazzucchelli (China) Limited,Hong Kong,"Unit 3, 3/F, Shui Hing Centre, 13 Sheung Yuet Road, Kowloon Bay, Kowloon, Hong Kong",85229238499,www.mazzucchelli1849.it,1D-A01,Fashion Sunglasses
Tung Fung International (HK) Ltd,Hong Kong,"Unit 2-5, 22/F, Grandtech Ctr, 8 On Ping St, Sha Tin, New Territories, Hong Kong",85228962197,www.tungfungintl.com,1E-B16,Eyeglasses Lenses
Billion Excel Optical Manufactory Company Limited,Hong Kong,"Unit 11, 5/F, Laurels Industrial Centre, 32 Tai Yau Street, San Po Kong, Kowloon, Hong Kong",85228897276,,1E-A09,Polycarbonate Frame
Techno Design Optical Factory (H.K) Limited,Hong Kong,"Unit 47, 7/F, Star Hse, 3 Salisbury Rd, Tsim Sha Tsui, Kowloon, Hong Kong",85228853238,www.technodesignoptical.com,1E-B07,Combination Frame
Park World Development Ltd,Hong Kong,"Unit 5, 6/F, Tower 1, Harbour Centre, 1 Hok Cheung Street, Hung Hom, Kowloon, Hong Kong",85228809689,parkworld-hk.com,1A-A09,Optometric Machinery
Charmant (HK) Co Ltd,Hong Kong,"9/F, Block B, Vita Tower, 29 Wong Chuk Hang Road, Wong Chuk Hang, Hong Kong",85228733901,www.charmant.com.hk,GH-TD01,Branded Optical Products
"Mei Neng (Hong Kong) Holdings Co., Limited",Hong Kong,"Unit 5, 14/F, Wah Hen Commercial Centre, 381-383 Hennessy Road, Wan Chai, Hong Kong",85228692111,www.jimei123.com,1D-D02,Spectacle Parts
Italian Trade Commission,Hong Kong,"Suite 4001, Central Plaza, 18 Harbour Road, Wan Chai, Hong Kong",85228466500,www.ice.it,,
Mellan Limited,Hong Kong,"Unit A&B, 15/F, Neich Twr, 128 Gloucester Rd, Wan Chai, Hong Kong",85228386085,www.mellanltd.com,1D-F18,Eyeglasses Lenses
Caseworld Hong Kong,Hong Kong,"9/F, Bank Of Communications Building, 368 Hennessy Road, Wan Chai, Hong Kong",85228330039,www.caseworldusa.com,1C-A15,
Hong Kong Council for Testing and Certification,Hong Kong,"Secretariat, HK Council for Testing & Certificatio Room 3011, 30/F, Immigration Tower, 7 Gloucester Road, Wan Chai, Hong Kong",85228294885,www.hkctc.gov.hk,1CON-063,Quality Inspection &amp
Yan Optical Company Limited,Hong Kong,"Unit 4, 7/F, Bright Way Tower, 33 Mong Kok Road, Mong Kok, Kowloon, Hong Kong",85228229103,www.yanoptical.com,1E-B44,Spectacles
"Xiamen Everyoung Optical Hi-Tec Co., Limited",Hong Kong,"Room 2401, 24/F, 101 King's Road, Fortress Hill, Hong Kong",85228157378,,1D-E16,Industrial Eyewears
Elegante Arts Packaging Company Limited,Hong Kong,"Unit 14, 14/F, Wah Shing Centre, 11 Shing Yip Street, Kwun Tong, Kowloon, Hong Kong",85227979237,www.elegante-arts.com,1E-C08,Shop Fitting &amp
O'reilly Industrial Ltd,Hong Kong,"Unit 2, 3/F, Shui Hing Centre, 13 Sheung Yuet Road, Kowloon Bay, Kowloon, Hong Kong",85227966010,www.visotticacomotec.com,1E-C30,Spectacle Parts
Ever Eyewear Company Limited,Hong Kong,"Unit 3A, 8/F, West Coast International Building, 290-296 Un Chau Street, Sham Shui Po, Kowloon, Hong Kong",85227953631,,1D-E09,Fashion Sunglasses
Point Shine Optic Limited,Hong Kong,"Unit 4, 7/F, Bright Way Tower, 33 Mong Kok Road, Mong Kok, Kowloon, Hong Kong",85227935511,pointshineoptical.com,1C-G16,Fashion Sunglasses
Orient International Exhibition Co Ltd,Hong Kong,"Unit 2, 6/F, Austin Tower, 22-26A Austin Aveue, Tsim Sha Tsui, Kowloon, Hong Kong",85227893220,www.orientexhibition.com.hk,1CON-007,Trade Services &amp
Hongkong Codyson Electronic Limited,Hong Kong,"MSC 2229, Room 1007, 10/F, Ho King Centre, 2 - 16 Fa Yuen Street, Mong Kok, Kowloon, Hong Kong",85227829638,http://www.codyson.com,1D-G37,Eyeglasses Cloths
Global Intellect Limited,Hong Kong,"Room 1802, 18/F, Sunbeam Commercial Building, 469-471 Nathan Road, Yau Ma Tei, Kowloon, Hong Kong",85227802218,www.globalintellectltd.com,1D-C05,Children's Frame
"For Your Eyes Only, Limited",Hong Kong,"Unit B, 2/F, Sze Lai Bldg, 241-243 Hennessy Rd, Wan Chai, Hong Kong",85227774411,www.fyeo.com.hk,,Branded Optical Products
Zhejiang Bright Glasses (Hong Kong) Limited,Hong Kong,"Room 10005C, 10/F, Hong Kong Commercial Centre, 2-16 Fa Yuen Street, Mong Kok, Hong Kong",85227716565,,1E-D08,Spectacle Parts
"HengYang Optical Co., Limited",Hong Kong,"Unit 5, 10/F, Ho King Commercial Centre, 2-16 Fa Yuen Street, Mong Kok, Kowloon, Hong Kong",85227716565,www.hengyangoptical.com,1E-D09,Fashion Glasses
Essilor Hong Kong Ltd,Hong Kong,"Unit 3-4, 10/F, Fashion Centre, 51-53 Wing Hong Street, Cheung Sha Wan, Hong Kong",85227663038,,1CON-076,
Sunbond Optix Ltd,Hong Kong,"Unit B, 5/F, World Tech Centre, 95 How Ming Street, Kwun Tong, Kowloon, Hong Kong",85227634767,www.sunbond.com.hk,1E-D16,
Smartraoptics Company Limited,Hong Kong,"Unit C, 9/F, China Trade Centre, 122-124 Wai Yip Street, Kwun Tong, Kowloon, Hong Kong",85227568892,www.smartraoptics.com,1E-E33,Eyeglasses Lenses
Satisloh Asia Ltd,Hong Kong,"Unit 2, 38/F, Skyline Tower, 39 Wang Kwong Road, Kowloon Bay, Kowloon, Hong Kong",85227567711,www.satisloh.com,1A-A18,Optometric Machinery
Wonderful Spectacles Manufacturing Company,Hong Kong,"Room B, 15/F, Galaxy Factory Building, 25-27 Luk Hop Street, San Po Kong, Kowloon, Hong Kong",85227508688,,1D-B13,Polycarbonate Frame
Sight World Optical Limited,Hong Kong,"Unit 9J, 9/F, Two Grand Tower, 625 Nathan Road, Mong Kok, Kowloon, Hong Kong",85227367372,,1D-C07,Spectacle Frame Components
3T Company,Hong Kong,"Flat/Room 1113, 11/F, Block A, Regent Centre 63, Wo Yi Hop Road, Kwai Chung, Hong Kong",85227361098,www.3tmall.com,1C-A06,Spectacle Frame Components
Maxim (Hong Kong) Optical Holdings Co Limited,Hong Kong,"Flat / Room 902A, 9/F, Richmond Commercial Building, 111 Argyle Street, Mong Kok, Kowloon, Hong Kong",85227254088,,1D-D05,Fashion Sunglasses
Opticon Limited,Hong Kong,"Unit B2, 8/F, Primoknit Industrial Building, 7-9 Kung Yip Street, Kwai Chung, New Territories, Hong Kong",85227241782,www.opticon.com.hk,GH-F14,Branded Optical Products
Modern-In Company,Hong Kong,"Block B, 12/F, Comfort Building, 88 Nathan Road, Tsim Sha Tsui, Hong Kong",85227233231,,1C-G10,Spectacle Frame Components
"Geoo Optic Co., Limited",Hong Kong,"Unit 18-19, 13/F, Hollywood Plaza, 610 Nathan Rd, Kowloon, Hong Kong",85227108200,www.geoptical.com,,Branded Optical Products
"Sailing Optical Co., Limited",Hong Kong,"Room 1318-19, Hollywood Plaza, 610 Nathan Road, Mong Kok, Kowloon, Hong Kong",85227108200,,1D-C14,Glasses Frames
Mech-Tronic Precision Manufacturing Ltd,Hong Kong,"Unit E, 9/F, Leapont Industrial Building, 18-28 Wo Liu Hang Road, Sha Tin, New Territories, Hong Kong",85226991707,www.btd.hk,GH-R10,Branded Optical Products
Rainbow Bright Enterprise Ltd,Hong Kong,"Room 402, 4/F, Cheung Lee Commercial Building, 25 Kimberly Road, Tsim Sha Tsui, Kowloon, Hong Kong",85226822023,www.rainbowbright.com.hk,1E-E07,Eyeglasses Cases
Spectrum Eyewear Limited,Hong Kong,"Unit 21, 9/F, Jumbo Ind Bldg, 189 Wai Yip St, Kwun Tong, Kowloon, Hong Kong",85226795188,,1D-G33,Spectacles
Hongda Glasses Co Limited,Hong Kong,"Unit 3, 8/F, Chevalier House, 45-51 Chatham Road S, Tsim Sha Tsui, Kowloon, Hong Kong",85226681868,www.hongdaglasses.com,1E-C02,Eyeglasses Chains
New Kong Optical Manufactory,Hong Kong,"Unit 2808, 28/F, Ho King Commercial Centre, 2-16 Fa Yuen Street, Mong Kok, Kowloon, Hong Kong",85226259868,,1E-B31,Combination Frame
Micron Eyewear Manufactory Co Ltd,Hong Kong,"Unit 7, 9/F, Tower 2, The Harbourfront, 22 Tak Fung Street, Hung Hom, Kowloon, Hong Kong",85226156668,,1E-B02,Polycarbonate Frame
Creation Plastic Manufactory Ltd,Hong Kong,"Unit B, 15/F, Waylee Industrial Centre, 30-38 Tsuen King Circuit, Tsuen Wan, New Territories, Hong Kong",85226119359,www.creationplastic.com,1E-E43,Spectacles
Bestwork Industries Limited,Hong Kong,"Unit 19, 8/F, Worldwide Industrial Centre, 43-47 Shan Mei Street, Sha Tin, New Territories, Hong Kong",85226026669,www.bestwork.com.hk,GH-N04,Branded Optical Products
Faith Group (H.K.) Limited,Hong Kong,"Flat D, 16/F, Cheuk Hang Plaza, 250 Hennessy Road, Wanchai, Hong Kong",85225755599,,1C-G07,Reading
Hung Kai Industrial Company,Hong Kong,"Unit 3, 12/F, Shun Kwong Commercial Building, 8 Des Voeux Road West, Sheung Wan, Hong Kong",85225619202,www.brandedcasefactory.com,1C-A02,Promotions &amp
Pilot Int'l Limited,Hong Kong,"Room 2105, JWZ751 Trend Centre, 29-31 Cheung Lee Street, Chai Wan, Hong Kong",85225370021,www.pilot-eyewear.com,1D-A30,Plastic Glasses Frames
Futis (Hong Kong) Limited,Hong Kong,"31/F, 148 Electric Road, North Point, Hong Kong",85224871860,www.futis.com.tw,1E-D02,Fashion Sunglasses
Hop Yuen Industrial Limited,Hong Kong,"Room 610, Sun Fung Centre, 88 Kwok Shui Road, Tsuen Wan, New Territories, Hong Kong",85224801082,www.iairtech.com,1A-A03,Lens Machinery
Eleung Ltd,Hong Kong,"Room 206A-B, 2/F, Keader Centre, 129 Yuen Long On Lok Road, Yuen Long, New Territories, Hong Kong",85224784983,www.eleung.com.hk,1E-E30,Eyewear Raw Materials
Toptime Eyewear Limited,Hong Kong,"Unit 1A, 10/F, Carnival Commercial Building, 18 Java Road, North Point, Hong Kong",85224680387,,1C-B01,Fashion Glasses
Svj International Technology Research Co Ltd.,Hong Kong,"Unit 2, 12/F, Block E, Tuen Mun Industrial Centre, 2 San Ping Circuit, Tuen Mun, New Territories, Hong Kong",85224628781,www.svjtechnology.com,1A-A01,Lens Processing Equipment
Hong Wan Eyewear Design & Manufacturing Limited,Hong Kong,"Unit 908-909, L9/F, Landmark North, 39 Lung Sum Avenue, Sheung Shui, New Territories, Hong Kong",85224423022,,1E-D42,Fashion Glasses
Kamic International Limited,Hong Kong,"Flat A, 10/F, Wing Hong Building, 18-26 Kwai Fung Crescent, Kwai Chung, N.T., Hong Kong",85224399962,www.kamicintl.com,1D-D12,Spectacles
Kent Engineering Co Ltd,Hong Kong,"Unit 2, 4/F, Wah Sing Ind Bldg, 12-14 Wah Sing St, Kwai Chung, New Territories, Hong Kong",85224241899,,1A-A10,Fashion Glasses
Berlac (Hong Kong) Ltd,Hong Kong,"Unit 4, 17/F, Vanta Industrial Centre, 21-33 Tai Lin Pai Road, Kwai Chung, New Territories, Hong Kong",85224236426,www.berlac.com.hk,1D-G09,Spectacle Parts
Silverways Industrial Ltd,Hong Kong,"Flat D, 10/F, Gold King Industrial Building, 35-41 Tai Lin Pai Road, Kwai Chung, Hong Kong",85224202180,www.silverways.com,1E-E46,Spectacle Parts
Chu Kong Optical Manufactory Ltd,Hong Kong,"Unit 1106-8, 11/F, Tower A, Regent Centre, 63 Wo Yi Hop Road, Kwai Chung, New Territories, Hong Kong",85224187642,www.chukongoptical.com,1E-E38,Fashion Glasses
Hong Kong Tailink Metal Technology Limited,Hong Kong,"Unit H5, 7/F, Koon Wo Industrial Building, 63-75 Ta Chuen Ping Street, Kwai Chung, New Territories, Hong Kong",85224144440,www.tlmetal.com.tw,1E-D38,Spectacle Frame Components
Good Quality Optical Manufactory Limited,Hong Kong,"Unit B & C, 19/F, Hoover Industrial Building, 26-38 Kwai Cheong Road, Kwai Chung, New Territories, Hong Kong",85224125330,good-quality.com,1E-A02,Fashion Sunglasses
Zapp Precision Metals (Hong Kong) Limited,Hong Kong,"Unit 9, 3/F, Block B, Hoi Luen Industrial Centre, 55 Hoi Yuen Road, Kwun Tong, Kowloon, Hong Kong",85223893832,www.zapp.com,1E-C16,Eyewear Raw Materials
"Chengyi International Co., Limited",Hong Kong,"Unit 2, 17/F, Sino Ctr, 582-592 Nathan Rd, Mong Kok, Kowloon, Hong Kong",85223840332,www.cyeyewear.com,GH-M04,Branded Spectacles
Astucci International Limited,Hong Kong,"Unit 2, 14/F, Star Hse, 3 Salisbury Rd, Tsim Sha Tsui, Kowloon, Hong Kong",85223662667,www.astucci.com,1B-F16,Children’s Eyewear Accessories
Sheenwill International (Hong Kong) Limited,Hong Kong,"Unit 3, 12/F, Block B, Hoi Luen Industrial Centre, 55 Hoi Yuen Road, Kwun Tong, Kowloon, Hong Kong",85223649997,www.digpro-studio.com,1D-E12,
Wing Fung Optical International Limited,Hong Kong,"Unit 2A, 10/F, Sunbeam Centre, 27 Shing Yip Street, Kwun Tong, Kowloon, Hong Kong",85223455086,www.wingfung.com,GH-L04,Branded Optical Products
Arts Studio Limited,Hong Kong,"Unit 8, 3/F, Sunbeam Centre, 27 Shing Yip Street, Kwun Tong, Kowloon, Hong Kong",85223435223,www.artstudiohk.com,GH-J01,
Stepper Eyewear Limited,Hong Kong,"Room 308, 3/F, Sunbeam Centre, 27 Shing Yip Street, Kwun Tong, Kowloon, Hong Kong",85223435223,www.steppereyewear.com,GH-J01,
Concept Eyewear Manufacturer Limited,Hong Kong,"Unit 9, 7/F, Westley Square, 46-48 Hoi Yuen Road, Kwun Tong, Kowloon, Hong Kong",85223431338,www.concepteyewear.com,1E-D30,Fashion Glasses
Globe International Limited,Hong Kong,"Unit 5, 2/F, New Commercial Centre, 19 On Sum Street, Sha Tin, New Territories, Hong Kong",85223325666,www.globe.com.hk,1CON-078,Auto-refractor
Allied Optical International Co. Limited,Hong Kong,"Unit 601, 6/F, Kwong Sang Hong Ctr, 151 Hoi Bun Rd, Kwun Tong, Kowloon, Hong Kong",85223325361,www.allied-int.com,1E-D36,Polycarbonate Frame
Gensun International Limited,Hong Kong,"Room 11, 12/F, Shun Fat Industrial Building, 17 Wang Hoi Road, Kowloon Bay, Kowloon, Hong Kong",85223318173,www.gensun.com.cn,1E-C12,
Icare (Hong Kong) Company Limited,Hong Kong,"Unit 4, 9/F, Hilder Centre, 2 Sung Ping Street, Hung Hom, Kowloon, Hong Kong",85223114366,www.icareoptic.com.hk,1E-A10,Fashion Glasses
"Fashion View Optical Co., Limited",Hong Kong,"5/F, Jaffe Mansion, 216-222A Jaffe Road, Wan Chai, Hong Kong",85223075028,,1D-F41,Fashion Sunglasses
Kaon Vision,Hong Kong,"Unit 6, 10/F, Block B, Hong Nin House, Hong Yat Court, Lin Tak Road, Lam Tin, Kowloon, Hong Kong",85223059812,,1C-G12,Industrial Eyewears
Kuo & Yang Industrial (HK) Limited,Hong Kong,"Unit B7, 10/F, How Ming Fty Bldg, 99 How Ming St, Kwun Tong, Kowloon, Hong Kong",85223044044,www.wynist.com,1D-G35,
South China Optical Industries Co,Hong Kong,"Unit A, 21/F, Kwai Bo Industrial Building, 40 Wong Chuk Hang Road, Wong Chuk Hang, Hong Kong",85222910061,,1D-E06,Spectacles
Panda Eyeworks (HK) Limited,Hong Kong,"Unit A, 11/F , Tower 1, 9A Kennedy Road, Wan Chai, Hong Kong",85222910061,,1C-G29,Fashion Glasses
TUV Rheinland Hong Kong Limited,Hong Kong,"Unit 3-4, 11/F, Fou Wah Ind Bldg, 10-16 Pun Shan St, Tsuen Wan, New Territories, Hong Kong",85221921538,https://www.tuv.com/greater-china/en/,1D-F10,Quality Inspection &amp
OTT Industries Pty Limited,Hong Kong,"17/F, Siu Ying Commercial Building, 151-153 Queen's Road Central, Central, Hong Kong",85221913683,,1D-F05,Metal Glasses Frames
"Topyu Packaging Co., Ltd.",Hong Kong,"1501, B2, Grand Millennium Plaza, Queen's Road Central, Sheung Wan, Hong Kong",85221527388,www.topyucase.com,1D-F38,Eyeglasses Cases
Argus Vision International Limited,Hong Kong,"Unit E, 15/F, West Gate Tower, 7 Wing Hong Street, Cheung Sha Wan, Kowloon, Hong Kong",85221483978,www.ags.com.tw,1D-D30,Ski Goggles
H.K Chaoxin Optical Company Limited,Hong Kong,"11/F, Front Block, Hang Lok Building, 130 Wing Lok Street, Sheung Wan, Hong Kong",85221363363,www.chaoxinoptical.com,1D-A16,Fashion Glasses
"Rox Eyewear Co., Limited",Hong Kong,"Unit 3, 8/F, Chevalier House, 45-51 Chatham Road South, Tsim Sha Tsui, Kowloon, Hong Kong",85221361626,,1E-C41,Spectacles
Eyepopper Design Limited,Hong Kong,"Flat H407, PMQ, 35 Aberdeen Street, Central, Hong Kong",85221355590,www.eyepopperdesign.com,GH-E40,Branded Optical Products
Country Hill Technology Industrial Limited,Hong Kong,"Unit A1-2, 10/F, Summit Building, 30 Man Yue Street, Hung Hom, Kowloon, Hong Kong",85221170941,www.xenotex-vision.com,1E-C09,Eyeglasses Lenses
Power Bloom Ltd.,Hong Kong,"Unit A2, 10/F, Fuk On Fty Building, 1123 Canton Road, Mong Kok, Kowloon, Hong Kong",85221115990,www.powerbloom.com.hk/tc,GH-K04,Branded Optical Products
"Polytouch Co., Ltd.","Korea, Republic Of","108-1, Hyeopseok-ri, Namcheon-myeon, Gyeongsan-si, Gyeongsangbuk-do, Korea",82538116008,www.polytouch.co.kr,M2-A04,Branded Contact Lens
HUBE Eyewear,"Korea, Republic Of","3/F, 399, Dalseocheon-Ro, Seo-Gu, Daegu, Korea",82533830402,www.liinta.com,GH-F06,Branded Optical Products
Bando Optical Corp.,"Korea, Republic Of","237, Nowon-Ro, Bukgu, Daegu, 41501, Korea",82533545100,www.bandooptical.com,GH-F37,Branded Optical Products
Fantom Optical Co,"Korea, Republic Of","40, Obong-Ro, 24-Gil, Buk-Gu, Daegu, Korea",82533541945,www.fantomoptical.com,,Branded Spectacle Frame
Daejin Industry,"Korea, Republic Of","#111-2, Nowon-2-Ga, Buk-Gu, Daegu, Korea",82533512272,,1C-E07,Spectacles
Dk Medivision Co Ltd,"Korea, Republic Of","23, Busong 1-Gil, Jiksan-Eup, Seobuk-Gu, Cheonan-Si, Chungcheongnam-Do, 31038, Korea",82415830234,www.dkmv.co.kr,M2-A11,Branded Contact Lens
"Neo Vision Co., Ltd.","Korea, Republic Of","#1705, 17/F, U-Tower, 1029 Yeongdeok-Dong, Giheung-Gu, Yongin-Si, Gyeonggi-Do, 16950, Korea",82316275506,www.neolens.co.kr,M2-A01,Branded Contact Lens
"Hug Ozawa Co., Ltd.",Japan,"19-8-1, Shimokogita-cho, Fukui-city, Fukui, Japan",81776870890,www.hugozawa.jp,GH-G32,Branded Optical Products
"Sugimotokei Co., Ltd",Japan,"Takahashi Bld. 2/F-Kita, 1-3112, Seiwa, Fukui-Shi, Fukui, 918-8239, Japan",81776431347,www.sugimoto-kei.jp,GH-B35,Branded Spectacles
Yamauchi Matex Corporation,Japan,"2-22, Tonyacho, Fukui City, 918-8231, Japan",81776255600,www.matex.co.jp/en,1E-B13,Spectacle Frame Components
Pearl Corporation,Japan,"21-11 Fuyuki, Koto-ku, Tokyo, 1350041, Japan",81336429227,www.pearlnet.co.jp,1C-A13,Spectacle Parts
Digicrystal Pty Ltd,Australia,"Unit 5, 200 Woodpark Road, Smithfield, New South Wales, 2164, Australia",61297571892,www.brilliant-vision.com,1D-F02,Fashion Glasses
Supervision Optimax Sdn Bhd,Malaysia,"Lot 38, Jalan BPR 9/2, Putra Industrial Park, Bukit Rahman Putra, Sungai Buloh, Selangor, 40160, Malaysia",60361452399,www.supervision.com.my,M2-A15,Branded Contact Lens
EMS Grivory,Switzerland,"Via Innovativa 1, Domat / Ems, 7013, Switzerland",41816327160,www.emsgrivory.com,1E-B15,Fashion Sunglasses
MV SRL,Italy,"Via Pra Fontana 11, Valdobbiadene Treviso, 31049, Italy",39423975472,www.mvsrl.eu,1D-E07,Spectacles
Divel Italia s.p.a.,Italy,"Via Verde 5/A, Calderara Di Reno, Bologna, 40012, Italy",39051721651,www.divelitalia.it,1D-G06,Eyeglasses Lenses
Revert Srl,Italy,"Via Tagliapietra, 22, I-32100, Belluno BL, Italy",39043730084,www.polar.it,,Spectacles
Martini Occhiali Srl,Italy,"Via Loreto, 38, 32040, Lozzo Di Cadore - BL, Italy",39043576600,www.martiniocchiali.it,,Fashion Glasses
IOVES Spa,Italy,"Via Dell Industria 9, Lozzo di Cadore, Belluno, Italy",39043576321,www.ioves.com,,Fashion Glasses
Luxol s.r.l.,Italy,"Loc. S. Anna, Lozzo Di Cadore, Belluno, 32040, Italy",39043576123,www.luxol.it,,Fashion Glasses
"Etnia Barcelona, S.L.",Spain,"Enric Morera, 42-44. Planta 2. Local A, Esplugues de Llobregat, Barcelona, 08950, Spain",34934735085,www.etniabarcelona.com,GH-G10,
Grand Vision Optics Ver Sport S.L.,Spain,"C/ Ciudad Real, 6, Pozuelo De Alarcon, Madrid, 28223, Spain",34648053877,https://gvo-optic.com/en/,GH-E03,Branded Optical Products
L'Amy Group,France,"216 Rue De La Republique, Morez, 39400, France",33613215458,www.lamygroup.com,,Spectacles
JF REY,France,"74 Route Des Camoins, Marseille, 13011, France",33491296230,www.jfrey.fr,,Combination Frame
Modern Optique,France,"14 Impasse Marcours, Oyonnax, 01106, France",33474770082,www.paragraphe.com,,Fashion Glasses
Julbo SAS,France,"ZA Rue Lacuzon, Longchaumois, 39400, France",33384341414,www.julbo.com,,Cycling Goggles
Oxibis Group,France,"8 Rue De La Carronnee, Morbier, 39400, France",33384330616,www.oxibis-group.com,,Spectacles
Minima SAS,France,"4, Avenue Louis Delage, 91310 Linas, France",33164498439,www.minima.fr,GH-B12,Branded Optical Products
ACEP,France,"88 Rue Jouffroy D'Abbans, Paris, 75017, France",33146451518,www.opticvideo.com,,E-Business Solution Provider
Lac De Chine,France,"45 Avenue, Victor Hugo, Batiment 262, Aubervilliers, 93300, France",33143523077,,1D-C16,Spectacles
Conant Optical Inc,USA,"2255 Sewell Mill Road, Marietta Ga, GA 30062, United States",17705097860,,1D-E15,Plastic Lenses
Ocuco Inc,USA,"13135, 66th Street North, Largo, Florida, 33773, USA",16477226532,www.ocuco.com/labs,1A-A08,Data Processing
Mirage Eyewear Inc,USA,"521 Coralridge Place, City of Industry, CA 91746, USA",16263362100,mirageeyewear.com,1D-A02,Spectacles
Smart Vision Labs,USA,"902 Boradway, Floor 7, Suite 2, New York, NY 10010, USA",12127966124,smartvisionlabs.com,1CON-058,Auto-refractor
Interojo Inc.,"Korea, Republic Of","28 & 25 Sandan-Ro, 15, Beon-Gil, Pyeongtaek-Si, Gyeonggi-Do, 17744, Korea",8227096642,eng.interojo.com/,M2-A17,Branded Contact Lens
DM Link Inc.,"Korea, Republic Of","#202, 22, Songpa-Daero 20-Gil, Songpa-Gu, Seoul, 06039, Korea",8225643514,www.dmlink.kr,1D-F36,Trade Services &amp
Emsley Eyewear Manufacturer,Singapore,"60 Kaki Bukit Place, 09-10 Eunos Techpark, 415979, Singapore",6567410378,www.emsley.com,1D-B15,Fashion Glasses
G.B. Srl,Italy,"Localita' Cima Gogna Z.I. 56, Auronzo di Cadore - BL, 32041, Italy",3904359878,www.gb-eyewear.it,,
"Brightlook Optical Co., Limited",Hong Kong,"Unit 5A, 14/F, Lucky Centre, 165-171 Wan Chai Road, Wan Chai, Hong Kong",,,1D-B30,Fashion Sunglasses
