name,country,companyAddress,telephone,website,boothNumber,productCategory
Taiwan Character Brand Licensing Association,Taiwan,"#15, Lane 2, Haoganger Road, Xinzhuang District, New Taipei City, 242, Taiwan",,www.dnaxcat.net,M4-A03,
Broadteck (Dongguan) Co. Ltd,China,"4-6F, Block, Xin Zhu Road, Song Shan Lake, Dongguan, Guangdong, 523000, China",,www.broadteck.cn,GH-E34,Licensing Agency
Brands United Limited,Hong Kong,"Unit A2-3, 15/F, TML Tower, 3 Hoi Shing Road, Tsuen Wan, New Territories, Hong Kong",,www.brandsunitedltd.com,GH-F10,Licensing Agency
Fullhouse World International Limited,Hong Kong,"10/F, Southeast Ind Bldg, 611-619 Castle Peak Road, Tsuen Wan, New Territories, Hong Kong",,www.fullhouseworld.com,M4-B19,Licensor
Studio Button,"Korea, Republic Of","102-1801, 104, Jeseok-ro, Nam-gu, Gwangju, 61702, Korea",,,GH-C24,Licensor
MEASAT BROADCAST NETWORK SYSTEMS SDN BHD,Malaysia,"1st floor, GenNext, All Asia Broadcast Centre, Technology Park Malaysia, Bukit Jalil, Kuala Lumpur, 57000, Malaysia",,www.astro.com.my,GH-M31,Licensor
"Hestia Design Creative Co., Ltd",Taiwan,"No.19, Ln. 360, Yongchun E. Rd., Nantun Dist., Taichung City, 408, Taiwan",8860424751919,,M4-A24,
"SHIBUDI CO., LTD",Taiwan,"4F., No.39-2, Aly.57, Ln.12, Sec.3, Bade Rd., Songshan Dist., Taipei City, 105, Taiwan",8860287911499,,M4-A75,
"Character Expert Co., Ltd.",Taiwan,"10F.-6, No.14, Ln.609, Sec.5, Chongxin Rd., Sanchong Dist., New Taipei City, 24159, Taiwan",8860277168800,,M4-A31,
Stunden Creative Agency,Taiwan,"3F., No.295, Ruiguang Rd., Neihu Dist., Taipei City, 114, Taiwan",8860227914832,,M4-A48,Licensor
"Jiangxi Chinese Media Art Co., Ltd",China,"No. 291 Fu River North Road, East Lake District, Nanchang, Jiangxi, 330008, China",8679186653993,www.jxjiyazhai.com,GH-S00,Design Services &amp
Guilin Museum,China,"Guilin Museum, Ping-gui Xi Road, Lingui District, Guilin, Autonomous Region, 541199, China",8677336802820,www.guilinmuseum.org.cn,GH-G45,Licensor
"Anitime Animation Studio Co., Ltd.",China,"Rm706-707, Block E, Zhongke Innovation Plaza, Keji Road 2, Songshan Lake, Dongguan City, Guangdong, China",8676923078019,www.anitime.cn,GH-S00,Licensor
"Dongguan City Shangzhengtang Agilawood Development Co., Ltd",China,"No. 6, Qiangwu Street, East District, Dongguan City, Guangdong, 523000, China",8676922631866,www.sztchina.com,GH-G31,Licensor
"Nanhao Rattan Art Gallery, Nanhai, Foshan City",China,"Yanbu Furniture City, Dali Town, Nanahai District, Foshan City, Guangdong Province, 528248, China",8675785726277,www.rattankingdom.com,GH-G33,Licensor
Puzzle Animation Studio Limited,China,,8675588393081,www.puzzleanimation.com,GH-S00,Licensor
"Shenzhen RideIP Information Technology Co., Ltd",China,"Room 910, Science & Research Building, Tsqinghua Information Harbour, North Zone, High-Tech Park, Nanshan District, Shenzhen City, 5 China",8675586132600,www.rideip.com,GH-F34,Legal Service
Fantawild Animation Inc.,China,"15F, Huaqiang Building, No. 16 Keyan Rd., Nanshan District, Shenzhen, 518057, China",8675586109920,www.fantawild.com,GH-E22,Licensor
"Shenzhen Broad Link Cultural & Creative Co., Ltd.",China,"1st-2nd, West Building, St. Helen Shenzhen Bauhinia, Qiaocheng, 518040, China",8675582830233,www.hellokongzi.com,GH-G14,Licensor
"Shenzhen ShengShi Colorful Culture Communication Co., Ltd",China,"47A, Fortune Building, Fuhua Road, Futian District, Shenzhen, 518026, China",8675582785452,,GH-F46,Licensor
"Shenzhen DADI Animation Media Co., Ltd",China,"Block B 301, No.108 Lijia Road, Henggang Street, Longgang District, Shenzhen, 518000, China",8675582394901,www.maxpush.com,GH-G28,Design Services &amp
"Shenzhen Decare Copyright Agency Co., Ltd",China,"308, 3F, Wantong Building, No.3002 Sungang East Road, Luohu District, Shenzhen, Guangdong, China",8675582339681,,GH-G24,Legal Service
Invest Luohu,China,"2903 Luohu Business Center, No.2028 Shennan East Road, Luohu, Shenzhen, 518000, China",8675582201125,,GH-G16,Licensor
Shenzhen Babycat Culture Industry Co. Ltd,China,,8675528715990,www.babycat.top,GH-G16,Licensor
Force Wood Company Limited,China,"National Animation Base A312(B), 2008 Yijing Road, Luohu District, China",8675526600670,www.forcewood.com,GH-S00,Licensor
Shenzhen Curio World,China,"No.168, Xinxiu Road, Luohu, Shenzhen, 518003, China",8675525668808,www.szcurio.com,GH-G26,Design Services &amp
"Shenzhen Gmond Jewelry Co., Ltd.",China,"25F The Gold Plaza, No.89 Beili North Road, Luohu, Shenzhen, 518020, China",8675525639999,www.gmond.com,GH-G18,Licensor
"Shenzhen Shuibei Wanshan Jewellery P.D Co., Ltd.",China,"10F, A Block West, Wan-Shan Jewelry Garden, No.42 Tianbei 4th Road, Luohu, Shenzhen, 518020, China",8675525634558,,GH-G20,Advertising Services
HONG KONG MINI Mini-Fashion(Shenzhen) Technology Limited,China,"3F-302-303, The Gold Plaza, Beili North Road, Cui Zhu Subdistrict, Luo Hu District, Shenzhen Cit China",8675525628731,,GH-S00,Licensor
"Shenzhen Happy Animation Co., Ltd",China,"Radio and Television, A301-A304, A314, A317, A321- Yijing Road, Luohu District, Shenzhen, 2008, China",8675525405315,www.happyanimation.com.cn,GH-G16,Advertising Services
"Shenzhen Qizheng Trademark Agency Co., Ltd.",China,,8675525108006,www.sztrademark.com,GH-S00,Legal Service
"Shenzhen Copyright Service Center Co., Ltd",China,"2F Wangtong Building, No.3002 Sungang Road, Luohu District, Shenzhen, Guangdong, 518000, China",8675525100350,www.szcpcc.com,GH-G22,Legal Service
"Shantou Yuantu Plastic Industry Co., Ltd.",China,"No.9, Maqi Road, Donglong Residential Quarter, Xincuo Villag, Longhu District, Shantou City, Guangdong, 515041, China",8675488828992,yuantubox.1688.com,GH-E46,Licencee
"Hunan Yogsun Animation Technology Co., Ltd.",China,"Building NO.1-3 XiangShuiXiYuan, No.319 XinLian Road, Tianxin District, Changsha, Hunan Province, China",8673189827888,www.yogsun.com,GH-S00,Licensor
"Changsha Stopwatch Culture Media Co., Ltd.",China,"Room C014-1, 4th floor, Lugu Information Port, No.658 Lugu Road, Yuelu District, Changsha City, Hunan Province, China",8673189790355,www.miaobiaowh.com,GH-S00,Licensor
"Hunan Golden Eagle Cartoon Co., Ltd.",China,"Joycity Block 6/F, ST-Tropez Hotel, Changsha City, Hunan Province, 410000, China",8673185281027,www.maijimaiji.cn,GH-F44,Licensor
"Hunan Shanxi Culture Co., Ltd",China,"35/F Building 1, Block B1E1, No.68 Qinglan Road, Kaifu District, Changsha City, Hunan Province, 410 China",8673182259929,www.shanxiwenhua.com,GH-S00,Licensor
"Fujian Kungfu Chicken Animation Co., Ltd",China,"No.16, District D, Fuzhou Software Park, Fuzhou, Fujian, 350001, China",8659188516721,linff@animol.com,3B-B13,Licensor
"Fuzhou Teamcool Network Technology Co., Ltd.",China,"A1005, Zero to One Pioneer Park, No.7, Longitudinal Road, No.1 Cangshan, Fuzhou, Fujian, 350002, China",8659187668534,www.teamcool.cn,3B-B11,Licensing Agency
"Fuzhou One Vision Cultural Communication Co., Ltd",China,"Room 89, 3rd Floor, Beida Building, No.19 Hualin Road, Gulou District, Fuzhou, Fujian, 350001, China",8659183711751,www.windfish.cn,3B-B09,Licensing Agency
"Hangzhou A.U Cultural Creativity Co., Ltd.",China,"Building 9, South Bank, Middle Block, Xianghu Financial Town Phase 2, Xiaoshan District, Hangzhou, Zhejiang Province, China",8657182813859,www.66uu.cn,GH-S00,Licensor
"Hangzhou Yinuo Animation Co., Ltd.",China,"Room 602, Building 1, No.4028 Nanhuan Road, Binjiang District, Hangzhou, Zhejiang, China",8657156073955,www.ynuo.cn,GH-F42,Licensor
"Qingdao Aero Inflatable Co., Ltd",China,"63-405, No.702 Shanhe Road, Qingdao, Shandong, China",8653280969367,,GH-F49,Licencee
Shandong Cultural Creative Design Industry Association,China,"Unit 2, 7/F Qilu Culture Creative Base, 101 Shun Feng Lu, Lixia Qu, Jinan Shi, Shandong, 250101, China",8653186960661,www.scidia.com,GH-F35,Advertising Services
Shandong Provincial Department of Culture and Tourism,China,"No.59, Heping Road, Jinan, Shandong, 250000, China",8653186568859,,GH-F33,Licensor
Jinan Publishing LLC.,China,"No.1, Er Huan Road (South), Jinan City, Shandong, 250002, China",8653186131707,www.jnpub.com,GH-F37,Advertising Services
Shandong Huadeng Cultural Creativity Co. Ltd.,China,"Block 311, Block A, 253 Nanxinzhuang West Road, Central District, Jinan City, Shandong Province, 2 China",8653183161800,www.minglishenghuo.com,GH-F41,Licensor
Shandong AcmewaZ Electronic Commerce Limited,China,"Quanzhou Yayuan Business Building 711, Central District, Jinan City, Shandong Province, China",8653168961441,www.acmewaz.com,GH-S00,Licensor
"Changsha power bird Culture Communication Co., Ltd.",China,"4 Building, Hefeng Computer City, 167 Jiefang East Road, Furong district, Changsha, China",8618942532828,,GH-S00,Licensor
Gold Valley Films,China,"Room 1501, No.119 Shuiyin Road, Yuexiu District, Guangzhou, Guangdong, China",8618819167054,www.goldvalleyfilms.com,GH-S00,Licensor
Hunan Cultural and Creative Ltd.,China,,8618711086678,hnwc.voc.com.cn,GH-S00,Licensor
"Shenzhen DD Family Animation Culture Co., Ltd.",China,,8618688978369,,GH-S00,Licensor
"Changsha Joywii Entertainment Technology Co., Ltd.",China,"Room 301, Building B, No. 28, Lutian Road, Yuelu District, Changsha City, Hunan Province, China",8618673242833,,GH-S00,Licensor
"The Brothers Huaman Cartoon Co., Ltd.",China,"Room 28025, building 1, B1E1 district, beichen delta, kaifu district, changsha city, huna China",8618613968805,www.huamanxd.cn,GH-S00,Licensor
"Hunan Caohua Interactive Network Technology Co., Ltd.",China,"Room 506, Building A3, Lugu Enterprise Square, Wenxuan Road, Yuelu District, Changsha, Hunan Province, China",8618608417351,www.caohua.com,GH-S00,Licensor
"Shandong Meizai Cultural Communication Co., Ltd.",China,"Room 101, 2/F, Unit 4, 146 Lixia Road, Lixia District, Jinan, Shandong, 250014, China",8618605311655,www.zhanghongmeiart.com,GH-F39,Advertising Services
"vivo Mobile Communication Co., Ltd",China,"BBK Building, No.89 An'De St., MeiLin Road, Futian District, Shenzhen, 518049, China",8618511306537,www.vivo.com,GH-F32,Licensor
"Hunan Brilliant Sheng Culture Technology Co., Ltd.",China,"Unit 312, Jiang Yang Beichen, Kaifu District, Changsha, Hunan, China",8618229922754,,GH-S00,Licensor
Dujiangyan Choochoo Technology Ltd.,China,"Building 5, Baiguo Lane, No. 245 Jianshe Road, Dujiangyan City, Chengdu, Sichuan, China",8618208138951,www.babopanda.com,GH-S00,Licensor
Guangzhou Galactic CulturaTech Inc.,China,"No. 8, building 11, Shibei Industrial Road, Dashi street, Panyu District, Guangzhou, China",8618202001984,,GH-S00,Licensor
PMC Communications,China,"604-2, Dah Sing Bank Building Parking Lot, Renmin N Rd., Guangzhou, China",8618027283911,www.pmc.com.cn,GH-S00,Licensor
Hunan Province Animation Games Association,China,"9th floor, B1E1 Building, No. 1500 Xiangjiang North Road, Changsha, Hunan Province, China",8618007311091,,GH-S00,Licensor
"Shandong Wanli Cultural Creativity Co., Ltd",China,"Room A1 - 101, China Meike Pioneer Park, Changqing District, Jinan City, Shandong Province, China",8617862952918,www.wanli2015.com,GH-S00,Licensor
"Shenzhen Sun Animation Co., Ltd.",China,"No.901-902 Tower B, Xinghe World, Yabao Road, Longgang District, Shenzhen City, China",8617665282566,sun-culture.com,GH-S00,
"Hunan SMJM Media Co., Ltd",China,"Software Building, No.662 Lugu Road, Changsha, Hunan, China",8615974126578,www.smjm.cn,GH-S00,Licensor
"Shandong Oriental Culture Communication Co., Ltd.",China,"22 Minsheng Street, Jinan, Shandong Province, China",8615853135696,wwww.df-huachuang.com,GH-S00,Licensor
"Dayshine Brand Consultancy Co., Ltd.",China,"401 Creative Park, T8, Futian Dist., Shenzhen, China",8615817974461,www.juanjuan2009.com,GH-S00,Licensor
"Jiutianxing (Hunan) Cultural Communication CO., LTD.",China,"8 Floor, Building B, M1 group, JinRongKeJiYuan, YinPen South Road, Yuelu District, Hunan Province, China",8615811105107,www.9tx.me,GH-S00,Licensor
"Changde Chuangyuan Digital Technology Co., Ltd.",China,"Xingyu Lin Chuangke Street, Wuling District, Changde City, Hunan, China",8615674250833,www.dongmangame.com,GH-S00,Licensor
"Shandong Quanyun Lishan Cultural Communication Co., Ltd.",China,"Floor 2, No.7 Building, Qilu Culture and Creativit No.101 Shunfeng Road, Gaoxin District, Jinan, Shandong, China",8615165035602,www.quanyun.com,GH-S00,Licensor
"Shandong Huayi Sculpture Art Co., Ltd.",China,"No.8857 Nanhuan Road, Linqu County, Weifang City, Shandong Province, China",8615065681659,www.huayidiaosu.com,GH-S00,Licensor
"Guangzhou Kudao Culture Communication Co., Ltd.",China,"510000, Room 3047 Building B, 18 Liyuan Road Tianhe District, Guangzhou Guangdong China",8613926028512,,GH-S00,Licensor
Jiangxi Zhongzhi New Economic Industry Development Co Ltd,China,"11/F Building 1, Nanchang Virtual Reality VB Indus Jiulonghu Avenue, Honggutan New District, Nangchang City, Jiangxi Province, 330000, China",8613805358222,,GH-S00,Licensor
"China Navigator Animation and Media Co., Ltd",China,"10/F Yannong Entrepreneurship Building, Lusong Road, Yuelu District, Changsha City, China",8613687306605,,GH-S00,Licensor
"Hengxin Shambala Kids (Guangzhou) Cultural Industry Development Co., Ltd.",China,"Room 3303-3305, Floor 33, One Bravo, No.1 Jinsui Road, Zhujiang New Town, Tianhe District, Guangzhou, Gua China",8613642741169,www.huawen-group.com,GH-S00,Licensor
"Beijing Dream Castle Culture Co., Ltd.",China,"No.907-909, Haidian Technology Bldg., No.3 Zhongguancun South Ave., Haidian Dist., Beijing, China",8613600083384,,GH-S00,Licensor
"Hunan Nine Dragon Culture Communication Co., Ltd.",China,"No. 1 Building 25B, Sifangping Jinfan District, Kaifu District, Changsha City, Changsha, China",8613574142208,,GH-S00,Licensor
"Guangzhou Byment Cultural Communication Co., Ltd.",China,"30 Floor, Gaozhi Building, No.120 Huangpu Dadaoxi Road, Tianhe District, Guangzhou, Guangdong, China",8613570317771,www.bmcomic.com,GH-S00,Licensor
"Hunan Limsam Network Technology Co., Ltd.",China,"Room 201, building 1, changfang tianyi future city shuguang middle road, yuhua district, changsha city, hunan province, China",8613548710967,www.limsam.cn,GH-S00,Licensor
"Dongguan TSSKY Anime Co., Ltd.",China,"A, lumber mill, Shilong Town, Dongguan, China",8613539040005,www.goodtimemega.com,GH-S00,Licensor
Pihotrain,China,"3A-7 Shenzhen Bay Venture Capital Building, Shenzhen Software Industrial Base, No. 11 Keyuan R Shenzhen, China",8613423702541,www.pihotrain.com,GH-S00,Licensor
"Shandong Qingzhong Enterprise Marketing Planning Co., Ltd.",China,"Weiwu Object Testing Museum, East Court of Shihuyuan Museum, Weifang City, Shandong Province, China",8613356787987,www.qzoneplus.com,GH-S00,Licensor
Yantai Halftoys Ltd,China,"20th-21st Building, No.69 Futao Road, Fushan Area,Yantai City, 265500, China",8613305356627,www.half-toy.com,GH-S00,Licensor
Hunan Yeedia Culture Communication Company,China,"Room 384, No. 1 Duck Paving Road, Kaifu District, Changsha City, Hunan Province, Hong Kong",8613080505004,www.yeedia.com,GH-S00,Licensor
"CLICK! Licensing Asia, Limited",Hong Kong,"11/F, Dah Sing Life Building, 99-105 Des Voeux Road, Central, Hong Kong",8526329141031,www.clicklicensingasia.com,GH-L02,Licensing Agency
redio,"Korea, Republic Of","6F, 541, Gukchaebosang-ro, Jung-gu, Daegu, Republic of Korea",8201073190602,www.poundcakecat.com,GH-D22,Licensor
INVOYA,Indonesia,"Kerinci, No.42 Pondok Cabe Udik, Pamulang Tangerang Selatan Banten, 15418, Indonesia",6287884662525,www.invoya.com,GH-A33,Advertising Services
DQ Entertainment (International) Limited,India,"644 Aurora Colony Road No.3, Banjara Hills Hyderabad, 500034, India",914023553726,www.dqentertainment.com,GH-H07,Licensor
"Island Animation Co., Ltd.",Taiwan,"5F., No. 291-3, Jingwu Rd., North Dist., Taichung City, 404, Taiwan",886953636560,www.smallisland.tw,M4-A53,Licensor
E*group,Taiwan,"1F., No.30, Furong St., Shilin Dist., Taipei City, 111, Taiwan",886925672167,www.facebook.com/Egroup.HandMade/,M4-A67,Licensor
Japan-Style Yi Hao Co,Taiwan,"No. 696-8, Sec.2m Huanzhong Rd., Xitun Dist., Taichung City, 407, Taiwan",886424528888,,M4-A23,
"Clever Brand Design Co., Ltd.",Taiwan,"No.229, Liming E. St., Nantun Dist., Taichung City, 40873, Taiwan",886423822896,www.lotudit.com,M4-A70,Licensor
"IN2 creation Co., Ltd.",Taiwan,"1F., No.19, Dayou E. St., Xitun Dist., Taichung City, 40759, Taiwan",886423178687,,M4-A73,
"INDOT IMAGE CO., LTD",Taiwan,"1F., No. 17, Bo'ai St., Yonghe Dist., New Taipei City, 234, Taiwan",886289216363,www.indot.com.tw,M4-A38,
"Woolito Animation Co., Ltd",Taiwan,"2F.-3, No.171, Zhongyang Rd., Xindian Dist., New Taipei City, 231, Taiwan",886289136815,www.woolito.com,M4-A62,Design Services &amp
"Shungei Int'l Co., Ltd",Taiwan,"Rm. 213, 2F., Guanghua Hall, No. 1, Sec. 3, Zhongxiao E. Rd., Taipei City, 106, Taiwan",886287728991,www.easys.com.tw,M4-A15,
"62ICON CO., LTD.",Taiwan,"6F., No. 174, Sec. 1, Zhongshan Rd., Yonghe Dist., New Taipei City, 234, Taiwan",886286603038,www.62icon.com,M4-A56,Licensor
"Sun Lin International Art Co., Ltd",Taiwan,"2F. -2, No.8, Denggong Rd., Tamsui Dist., New Taipei City, 251, Taiwan",886286311896,www.redbubble.com/people/sunlin-art,M4-A87,Design Services &amp
"indeego Co., Ltd",Taiwan,"12F-2, No. 390, Zhonghe Rd., Zhonghe Dist., New Taipei City, 23574, Taiwan",886229299860,www.indeemag.com,M4-A63,Advertising Services
"Modern Design Management Consultant Co., Ltd.",Taiwan,"8F., No. 159, Fuhe Rd., Yonghe Dist., New Taipei City, 234, Taiwan",886229230887,,M4-A79,
Forfun Culture & Creativity Inc.,Taiwan,"15F. -2, No.343, Zhonghe Rd., Yonghe Dist., New Taipei City, 234, Taiwan",886229205555,www.forfun.tw,M4-A21,Licensing Agency
SambarDeer TEK.,Taiwan,"2F., No. 174, Sec. 5, Yanping N. Rd., Shilin Dist., Taipei City, 111, Taiwan",886228165122,,M4-A19,Licensor
ISFOR Creative Corp.,Taiwan,"4F., No.34, Ln. 216, Shalun Rd., Tamsui Dist., New Taipei City, 251, Taiwan",886228058322,www.isfor.com.tw,M4-A68,Advertising Services
"Bright Ideas For Life Co., Ltd.",Taiwan,"3F., No.99, Sec. 2, Dunhua S. Rd., Da'an Dist., Taipei City, 106, Taiwan",886227845588,aaronchang@brightideas.com.tw,M4-A91,Design Services &amp
"YongRui Co., Ltd",Taiwan,"14F., No.204, Sec. 3, Zhongxiao E. Rd., Da' an Dist., Taipei City, 106, Taiwan",886227751551,,M4-A85,Licensor
Big Intellectual Inc.,Taiwan,"9F., No.168, Sec.4, Xnyi Rd., Da'an Dist., Taipei City, 106, Taiwan",886227709591,www.bigsworld.com,M4-A83,Design Services &amp
PRESIDENT CHAIN STORE CORP.,Taiwan,"2F,No.65, Dongxing Rd., Xinyi Dist., Taipei City, 110, Taiwan",886227478711,www.openopen.com.tw,M4-A59,Licensor
Jiihao Life and Culture Development Inc,Taiwan,"No.9, Ln. 574, Fujin St., Songshan Dist., Taipei City, 105, Taiwan",886227458911,www.jiihao.com,M4-A43,Licensing Agency
Taiwan Trade Center,Taiwan,"10F, 333 Klung Road, Sec. 1, Taipei, 11012, Taiwan",886227255200,www.taitra.org.tw,M4-A11,Public Relations ( PR )
Windmill Publishing Co Ltd,Taiwan,"No.23-1, Ln. 392, Fude 1st Rd., Xizhi Dist., New Taipei City, 221, Taiwan",886226959502,www.windmill.com.tw,M4-A05,Licensor
Uei Shiang Co Ltd,Taiwan,"2F., No.81, Rixin St., Shulin Dist., New Taipei City, 238, Taiwan",886226813110,www.uei-shiang.com,M4-A05,
So-net Entertainment Taiwan Limited,Taiwan,"11F., Building E, No. 19-13. San Chung Road, Taipei, 115, Taiwan",886226553551,www.so-net.net.tw,M4-A51,Licensing Agency
JUMP-MEDIA INC.,Taiwan,"10F., No. 105, Zhonzi St., Neihu Dist., Taipei City, 114, Taiwan",886226270918,www.jump-media.com,M4-A41,
"Friendly Land Creative. Co., Ltd",Taiwan,"6F., No.49, Sec 3, Zhongshan N. Rd., Zhongshan Dist., Taipei, 104, Taiwan",886225952117,www.friendly-lany.com,M4-A05,
SIGONO,Taiwan,"9th Floor, No.31, Section 2, Zhongshan North Road, Zhongshan District, Taipei, 10450, Taiwan",886225819896,www.sigono.com,M4-A27,
U&S studio,Taiwan,"2F., No. 23, Ln. 362, Minsheng W. Rd., Datong Dist., Taipei City, 103, Taiwan",886225597687,chimoz.com,M4-A81,Licensor
"Tong Li Publishing Co., Ltd.",Taiwan,"10F, No.8, Sec.2, Chengde Road, Taipei City, 103, Taiwan",886225587277,www.tongli.com.tw,M4-A05,Publishing
Wowcreative Workshop,Taiwan,"No. 15, Lane 107, Nanjing West Road, Datong District, Taipei City, 103, Taiwan",886225562956,,M4-A09,Licensor
"Ching Win Publishing Co., LTD.",Taiwan,"3F, No.36, Sec.1, Chang-An East Road, Taipei, 10442, Taiwan",886225414234,www.ching-win.com.tw,M4-A05,Licensor
emmaAparty,Taiwan,"4F.-2, No.63, Neijiang St., Wanhua Dist., Taipei City, 108, Taiwan",886225317557,www.facebook.com/emmaAparty/,M4-A32,
"Studio Ilya Animation, Intl.",Taiwan,"4F, No.361, Songjiang Road, Taipei City, 104, Taiwan",886225170807,,M4-A17,Licensor
HIM International Music Inc.,Taiwan,"15 Floor, No. 135, Sec 2, Jian Guo N. Road, Taipei City, 104, Taiwan",886225121919,www.him.com.tw,M4-A47,Licensor
"CommonWealth Education Media and Publishing Co., Ltd.",Taiwan,"11F., No.96, Sec. 1, Jianguo N. Rd., Zhongshan Dist., Taipei City, 104, Taiwan",886225092880,,M4-A13,Licensor
Chinese Animation & Comic Publishers Association,Taiwan,"Room 502-D.5F, No. 131, Songjiang Road, Taipei, 10485, Taiwan",886225023270,www.ccpa.org.tw,M4-A05,Licensor
Cite Publishing Ltd,Taiwan,"10F., No.141, Sec.2, Minsheng E Rd., Taipei City, 104, Taiwan",886225007600,www.spp.com.tw,M4-A05,Licensing Agency
Rod Creative,Taiwan,"1F., No. 12, Ln. 9, Linsen N. Rd., Zhongzheng Dist., Taipei City, 100, Taiwan",886223910072,,M4-A65,Design Services &amp
"Cheeseip Co., Ltd.",Taiwan,"7F-15, No.57, Sec. 1, Chongqing S. Rd., Zhongzheng Dist., Taipei City, 100, Taiwan",886223700177,weido.cyberbiz.co,M4-A35,Licensor
Yu-Sheng Animation Studio,Taiwan,"8F.-13, No.68, Sec. 4, Roosevelt Rd., Zhongzhen Dist., Taipei City, 100, Taiwan",886223620071,www.yusheng-animation.com.tw,M4-A05,
National Museum of History,Taiwan,"49, Rd., Nan-Hai, Taipei City, 10066, Taiwan",886223610270,www.nmh.gov.tw,M4-A55,Licensor
"ADORE MARKETING CO., LTD.",Taiwan,"No. 13, Ln. 17, Sec. 2, Xinyi Rd., Zhongzheng Dist., Taipei City, 10057, Taiwan",886223560693,www.adoremkt.com,M4-A20,Licensor
"STARRING IDEAS INC., LTD.",Taiwan,"6F.-10, No.91, Sec. 2, Changsha St., Wanhua Dist., Taipei City, 108, Taiwan",886223146398,www.facebook.com/blues.bear,M4-A29,Licensor
ArtCat Creative Corp.,Taiwan,"20F.-2, No.82, Zhongzheng Road, Zhonghe Dist., New Taipei City, 235, Taiwan",886222457405,www.calvinkiki.com,M4-A89,Licensor
"Universe Business Co., Ltd.",Taiwan,"Rm.2, 6F., No.1, Ln 14, Daguan Road, Xindian District, New Taipei City, 231, Taiwan",886222135219,www.licensingandbranding.com,M4-A01,Advertising Services
"Chin Ho Li Co., Ltd.",Taiwan,"No. 26, Qionglin South Rd., Alley 8, Lane 103, New Taipei City, 242, Taiwan",886222062999,,M4-A39,
"Wisdom House Culture Industry Group Co., Ltd - China",China,"Room 705, 6/F, Yinchuan IBI Incubation Center II, No.490 Ning An Da Jie, Jinfeng, Yinchuan, 750002, China",869515670808,www.wisdompalace.net,GH-G49,Licensor
"Zigong Tie-dye Art & Craft Co., Ltd",China,"No.3 Luchangba, Tongxing Road, Ziliujing, Sichuan Province, 643000, China",868132108461,www.zgzaran.cn,GH-S05,Licensor
Wuyuan Tiantang Cultural Tourism(Group)Co. Ltd,China,"No.245 Wengong North Road, Ziyang Town, Wuyuan county, Shangrao city, Jiangxi Province, 333200, China",867937418506,,GH-S00,Marketing Communications
The Museum of Guangxi Zhuang Autonomous Region,China,"The Museum of Guangxi Zhuang Autonomous Region, No. 34 of Minzu Avenue, Qingxiu District, Nanning, Guangxi, 530022, China",867712707051,www.gxmuseum.cn,GH-G41,
Anthropology Museum of Guangxi,China,"11 Qinghuan Road, Nanning, Guangxi, 530028, China",867712024779,www.amgx.org,GH-G43,Design Services &amp
"Zhuhai Bangni Culture Communication Co., Ltd.",China,,867568609781,www.zhbncc.com,GH-S00,Licensor
Jiangmen Museum(Jiangmen Wuyi Museum of Overseas Chinese),China,"East of Overseas Chinese Square of Wuyi, Yuanshi Road, Jiangmen City, Guangdong, 529000, China",867503738055,www.jmbwg.com,GH-G37,Licensor
Kai Ping Museum,China,"Building No. 1, The 2nd One of No. 1 Jinshanxi Roa Changsha Sub-district, Kaiping City, Guangdong Province, 529300, China",867502203891,,GH-G39,Public Relations ( PR )
"Changde Huachi Animation Video Media Co., Ltd.",China,"No. 619, Langzhou Road, Wuling District, Changde, Hunan, China",867367774123,www.cdhzdm.com,GH-S00,Licensor
Yangjiang Lacquer Art Institute Limited,China,"No. 93 Chuang Road, Jiangcheng District, Yangjiang, Guangdong, 529500, China",866626795800,www.yjqyy.cn,GH-G29,Licensor
Maritime Silk Road Museum of Guangdong,China,"Nanhai No 1 Road, Shilliyintan, Hailing Island, Yangjiang City, Guangdong, 529535, China",866623681288,www.msrmuseum.com,GH-G35,Licensor
XTone ACG Group,China,"8 Floor, 51 Chengyi North Street, Jimei District, Xiamen City, Fujian Province, 3610 China",865923799379,www.600576.com,3B-B07,Design Services &amp
"Anhui Grand Azalea Culture Development Co., Ltd",China,"Yingshanhong Grand View Garden, Yuexi County, Anhui Province 246600, China",865562188759,www.yshdgy.cn,GH-G47,Licensor
"Weifang Keyuan Digital Science and Technology Co., Ltd.",China,"4th Floor, Block B, Software Park Incubator Buildi Weifang University of Science and Technology, Shouguang City, Weifang City, Shandong Province, 2 China",865365107027,www.kyjt.net,GH-F43,Design Services &amp
"Yantai Bafen Culture & Art Exchange and Consulting Co., Ltd.",China,"C3-2F, National Advertising Creative Industry Park No.7 Tong Shi Road, Yantai, 264002, China",865356731155,www.ytbafen.com,GH-F45,Design Services &amp
"Laizhou More Than Chocolate Co., Ltd.",China,"Pinglidian Town, Laizhou City, Shandong Province, 261414, China",865352620777,www.morethanchocolate.com.cn,GH-F33,Design Services &amp
"Shaanxi Yoyoluming Creative Culture Communication Co., Ltd.",China,"10th Floor, East New Century Plaza, No.7 Huoju Road, Berlin District, Xi'An, Shaanxi, 710001, China",862982697637,www.yoyolnming.cn,GH-S00,Marketing Communications
"Chengdu XiaoLin Culture Communication Co., Ltd.",China,"Min Town Second Phase 4th Floor, No. 9 Kuixinglou Street, Qingyang District, Chengdu, 610014, China",862887323658,www.xlcy.me,GH-S01,Licensor
"Dufu Thatched Cottage Museum, Chengdu",China,"No. 37 Tsing Hua Road, Qingyang District, Chengdu, 610000, China",862887319258,www.cddfct.com/main.html,GH-S13,Licensor
Jinsha Site Museum,China,"No.2, Jinsha Site Road, Qingyang District, Chengdu, Sichuan, 610000, China",862887303571,www.jinshasitemuseum.com,GH-S11,Licensor
Chengdu Zhen Ai Giant Panda Culture Communication Co. Limited,China,"4105 Building B, Easthope Tianxiang Square, Chengdu, Sichuan, 610000, China",862886938888,www.gogopandart.com,GH-S21,Design Services &amp
Chengdu Huazhen and Qiang Cultural Museum,China,"No.58, Jin Ma Street, Qingyang District, Chengdu, Sichuan, 610000, China",862886929695,www.zqxy.china.com,GH-S09,Licensing Agency
Sichuan Provincial Library,China,"No.4, West Ren Min Road, Chengdu, Sichuan Province, 610015, China",862886658933,www.sclib.org,GH-S07,Public Relations ( PR )
Art Creativity Global,China,"1709, No.2 Zongfu Road, Jinjiang District, Chengdu, Sichuan Province, 6100 China",862885951975,www.ACGORG.com,GH-S19,Licensor
Chengdu Wuhou Shrine,China,"No.231 Wuhouci Street, Chengdu, Sichuan 610000, China",862885552397,www.wuhouci.net.cn,GH-S15,Licensor
Chengdu Museum,China,"No.1 Xiaohe street, Qingyang district, Chengdu, Sichuan, China",862862915579,www.cdmuseum.com,GH-S17,Licensor
Sichuan South Silk Road Culture Communication Company Limited,China,"12 groups of Mingyue Village, Ganxi Town, Pujiang County, Chengdu, 610000, China",862862528999,,GH-S03,Licensor
"Wuhan Golden Laser Co., Ltd",China,"Jinyun Building, No. 6 Shiqiao 1st Road, Jiangan District, Wuhan City, Hubei Province, 4300 China",862785697560,www.wanou1.com,GH-H01,Publishing
Chongqing Today Magazine Company Ltd.,China,"81-1 Zhongshan 4th Road, Yuzhong District, Chongqing City 400020, China",862363896935,www.jrcq.cn,GH-F48,Advertising Services
Information Office of Chongqing Municipal People's Government,China,"No.232 Renmin Road, Yuzhong District, Chongqing Shi, 400020, China",862363895218,www.cq.gov.cn,GH-F48,Licensor
Shanghai Yuewen Information Technology Co. Ltd.,China,"4F, Building 6, 690 Bibo Rd., Zhangjiang Hi-tech Park, Shanghai, 201203, China",862161870500,www.yuewen.com,GH-K16,Licensor
"Dargaud Group (Shanghai) Co., Ltd",China,"Room 2203, Bridge 8-1, 10 Jianguo Middle Road, Huangpu District, Shanghai 200021, China",862160752067,groupedargaud.cn,GH-F40,Licensor
"Jimmy S.P.A. (SHANGHAI) Co., Ltd",China,"Room 1504, JingWei Department, 10 ShunChang Road, HuangPu District, Shanghai, 200021, China",862154257360,www.jimmyspa.com,GH-G08,Licensor
WITZONE,China,"Room 222,No 2 building, Lane 721, Lingshi Road, Zhabei District, Shanghai, 200040, China",862151688016,,GH-F38,Licensor
"Guangzhou Taize Animation Design Co., Ltd",China,"No.704-705, Building 11, The Great Creative Indust Shibei Industrial Road, Shek Street, Panyu, Guangzhou City, Guangdong Province, China",862084302115,,GH-S00,
Creative Power Entertaining,China,"4F, Block 1, No.20 Taihegang Road, Yuexiu District, Guangzhou, China",862083829735,www.22dm.com,GH-S00,Licensor
"Happytoon Co., Ltd",China,"4/F, Building 2, 134 XiHua Road, Li Wan District, Guangzhou, 510170, China",862083299276,www.happytoon.cn,GH-E44,Licensor
"Guangzhou Lotta Animation Design Co., Ltd",China,"Room 204 & 206, Building 4, Qixi Creative Centre, No. 24 Xinyi Road, Liwan district, Guangzhou, 510000, China",862081618321,www.gzlotta.com,GH-E40,Licensor
Dreamland Market Technology,China,"22 East Street C215, No. 310 Yuangang Road, Tianhe District, Guangzhou City, Guangdong Provinc China",862038936415,www.acgvr.com/arjdxnzb/virtual.html,GH-F36,Licensor
Guangdong Animation & Comic Industry Association,China,"Donlord International Hotel5, North 63, Guangzhou Avenue, Guangzhou, 510000, China",862038632731,www.gdaa9.com,GH-S00,Public Relations ( PR )
Guangdong Winsing Company Limited,China,"28/F, South Office Tower, Suntec Plaza, 193 Guangzhou Avenue, Guangzhou, 510075, China",862037635953,www.winsing.net,GH-F22,Licensor
"Guangzhou Howie and Landau Technology Co., Ltd.",China,"the 2nd, No.3 Jinkeng, Gongyequ Road, Caotang Village, Nancun Town, Panyu District, Guan China",862023838228,www.hmlt.net,GH-S00,Licensor
The Pipilu Company (Beijing) Limited,China,"902-3, Office Building D, Sanlitun SOHO, No.8 Gongtibei Road, Beijing, China",861085803500,www.pipilu.com,GH-F28,Publishing
The Palace Museum,China,"Jingshan Qian Jie, No. 4, The Palace Museum., Beijing, 100009, China",861085007764,,GH-F16,Licensor
NMC (Beijing) Cultural Industry Development Center,China,"100006, 16 East Chang'an Avenue, Beijing China",861065119875,www.chnmuseum.cn,GH-E16,Licensor
Mitang Culture & Creative Company Limited,China,"204, 2/F, No.9, Kong Gang Rong Hui Yuan, Houshayu, Shunyi District, Beijing City, 101399, China",861060407949,,3B-B01,Licensor
Huace Group,China,"Building A203 Laijin Creative Business Park Suite, No.1 Balizhuangdongli, Chaoyang District, Beijing, 100026, China",861059790050,www.huacemedia.com,GH-G02,Licensor
Maro Studio Inc.,"Korea, Republic Of","#801, 60, Songam-ro, Nam-gu, Guangju Metroplitan City, 61740, Korea",827086687696,www.marostudio.net,GH-C34,Licensor
PNICOMPANY Co Ltd,"Korea, Republic Of","PNICOMPANY Building, 245-2, Cheomdan-ro, Jeju-si, Jeju, 63309, Korea",827086105333,www.pnicompany.com,GH-C27,Licensor
Eyescream Studio,"Korea, Republic Of","#701, CGI Center, Songam-ro 60, Nam-gu, Gwang-ju, 61740, Korea",827082399131,www.eyescream.tv,GH-C40,Licensor
Soul Creative,"Korea, Republic Of","Room 1204 Digital Empire, 1130 Beoman-ro, Geumcheun-gu, Seoul, 08595, Korea",827082321800,www.soulcreative.co.kr,GH-E35,Licensor
Navy Co.,"Korea, Republic Of","#301, 60, Jejung-ro, Nam-gu, Gwangju, 61640, Korea",827077217234,www.studionavy.com,GH-C38,Design Services &amp
"ArtLicensing Co., Ltd","Korea, Republic Of","202-1208 Chunui Technopark2, 18, 198 Beon-gil, Bucheo-ro Wonmi-gu, Bucheon-si, Gyeonggi-do, Korea",827076906934,www.artlicensing.co.kr,GH-D21,Licensing Agency
BARUCK,"Korea, Republic Of","311F, 80, Hwanggeum-ro, 109 beon-gil, Gimpo-si, Gyeonggi-do, 10048, Korea",827075428787,www.mimidebichon.com,GH-D23,Publishing
Nanum Communication Co Ltd,"Korea, Republic Of","#301, 40 Beodeul-ro, Dongnam-gu Cheonan si, Chungcheongnam-do 31131, Korea, Republic Of",827050010260,www.ssangunnie.co.kr,GH-C33,Marketing Communications
Seven Sloth,"Korea, Republic Of","56-5, Bangbae-ro, 28-gil, Seocho-gu, Seoul, 06586, Korea",827048081212,,GH-E25,Licensor
Map Co.,"Korea, Republic Of","109, 136 Jiksanro, Jiksan-Eup, Seobuk-gu, Cheonan City, Chungnam, 31035, Korea",827046240930,www.doitmap.com/en,GH-C35,Design Services &amp
XrisP,"Korea, Republic Of","254 Neungdong-ro, Gwangjin-gu, Seoul, 04990, Korea",827043194944,www.xisp.com,GH-E29,Licensor
"Jeisha Co., Ltd","Korea, Republic Of","9-10 Hyeonchung-ro 6-gil, Nam-gu, Daegu, 42453, Korea",827043006980,www.mrdonothing.com,GH-D24,Licensor
Culture Planet,"Korea, Republic Of","2310, KDB Bldg., 268 Cheonbyeonjwa-ro, Seo-gu, Gwangju, 61926, Korea",827041933163,ctplanet.kr,GH-C22,Licensing Agency
"Grafizix Co., Ltd.","Korea, Republic Of","3/F, 71, Toegye-ro, 20-gil, Jung-gu, Seoul, 04629, Korea",827041375072,www.grafizix.com,GH-E27,Licensor
"Studio Fishiker Co., Ltd","Korea, Republic Of","57, Jejung-ro, Nam-gu, Gwangju, 61642, Korea",827041073630,blog.naver.com/fishiker3020,GH-C36,Licensor
"ICONIX Co., Ltd","Korea, Republic Of","64, Pangyo-ro, 255 Beon-gil, Bundang-gu, Seongnam-si, Gyeonggi-do, 13486, Korea",823180602610,www.iconix.co.kr,GH-D14,Licensing Agency
Studio.Bugaboo,"Korea, Republic Of","3-14, Donggyo-ro, 27-gil, Mapo-gu, Seoul, 03993, Korea",821093392572,studio-bugaboo.com,3B-B22,Media
Studio Sangdan,"Korea, Republic Of","#106 Gwangju Contents B.1, 60 Jejung-ro, nam-gu, Gwangju, Korea",821086126844,,GH-C26,Licensor
Studio Lux,"Korea, Republic Of","#302, 60, Jejung-ro, namgu, Gwanju, 61640, Korea",821071023368,,GH-C39,Licensor
Goldframe,"Korea, Republic Of","Room 302, 60 Jejung-ro, nam-gu, Gwangju, 61640, Korea",821038411151,www.goldframe.tv,GH-C28,Licensor
Cityline & PetitKworld,"Korea, Republic Of","201 Ho 138, Hamnamdaero, Yongsangu, Seoul, 138726, Korea",821026676992,www.petitkworld.co.kr,GH-D40,Legal Service
Kotshin,"Korea, Republic Of","213, 2 Beodeul-ro, Dongnam-gu, Cheonan-si, Chungcheongnamdo, 31129, Korea",820188187022,www.kotshin.com,GH-C31,Licensor
ARTMU,"Korea, Republic Of","214, 2 Beodeu-ro, Dongnam-gu, Cheonan-si, Chungcheongnam-do, 31229, Korea",820172411028,www.artmu.kr,GH-C29,Licensor
Atelier Alice,Japan,"4-18-8 Tokura, Kokubunji-shi, Tokyo, 185-0003, Japan",819063401193,www.atelieralice.jp,GH-A32,Licensor
"San-Byte Creative Japan Co., Ltd.",Japan,"308, No.29m Wakamiya-cho, Shinjuku-ku, Tokyo, 162-0827, Japan",818053336737,www.sanbytecreative.com,GH-B25,Licensing Agency
Windrider Studio,Indonesia,"Krukah, Selatan 73, Surabaya, 60245, Indonesia",628121747582,www.windriderstudio.com,GH-A31,Design Services &amp
CV.Educa Sisfomedia Indonesia,Indonesia,"Jalan Gilingrejo, No.10 Gendonggan, Kec.Tingkir, Kota.Salatiga, Jawa, Tengah, 50743, Indonesia",622986031005,www.educastudio.com,GH-A29,Design Services &amp
PT Sakamanunggal Adi Perkasa,Indonesia,"JL Hanglekir, Raya No.148, Jakarta Selatan Oki Jakarta, 12120, Indonesia",622172796646,,GH-A27,Licensor
Pt Nura Kreasi Kreatif,Indonesia,"JL Gaharu II, No. 20 Jakarta, Selatan, 12430, Indonesia",622127654388,www.tahilalats.com,GH-A25,Licensor
Badan Ekonomi Kreatif Republik Indonesia,Indonesia,"Gedung Kementerian BUMN, Lt 15, Jl. Merdeka Selatan No. 13, Jakarta Pusat – 10110, Indonesia",622121202363,,GH-A27,
Smiley World Ltd,United Kingdom,"Unit 401 Lafone House, The Leather Market, 11/13 Weston St, SE1 3ER, London",442073788231,www.smiley.com,,Design Services &amp
HEAD Sport GmbH,Austria,"Wuhrkopfweg 1, 6921 Kennelbach, Austria",435574608440,head.com,,Licensor
Rose O'Neill Kewpie International Intellectual Property Limited,Taiwan,"1F., No.4, Aly. 6, Ln. 642, Zuoying Avenue, Zuoying Dist., Kaohsiung City, 813, Taiwan",88676106996,www.kewpie-love.com.tw,M4-A93,Marketing Communications
Ever Glory Publishing Co Ltd,Taiwan,"1F., No.25, Xinping Rd., South Dist., Tainan City, 702, Taiwan",88662657951,www.egmanga.com.tw,M4-A05,Licensor
AOYI Brand Design Co Ltd,Taiwan,"No.1, Ln. 109, Xixian 1st St., West Central Dist., Tainan City, 700, Taiwan",88662580815,,M4-A44,
"Jingko Co., Ltd.",Taiwan,"N. 12-2, L. 130, Sec. 2, Zhongshan E. Rd., Xinwu Dist., Taoyuan City, 327, Taiwan",88634776000,www.facebook.com/HelloPileBo/,M4-A77,Licensor
"PYI PYI FAMILY GIFTS CO., LTD.",Taiwan,"1F, No.37, Jing Feng St., Chung Li City, Taoyuan Hsien, 32079, Taiwan",88634662925,www.pyi-pyi.com.tw,M4-A05,Design Services &amp
"Quemolica Co., Ltd.",Taiwan,"1F., No.541, Daye Rd., Beitou Dist., 112, Taiwan",88622897779,www.pinkoi.com/store/shis,M4-A69,Licensor
Wing Art Workshop,Hong Kong,"1544, 15/F, Hoi Tai Factory Estate, Tsing Yeung Circuit, Tuen Mun, New Territories, Hong Kong",85298841635,www.lolohoihoi.com,M4-B23,Advertising Services
SPARX CREATIVE LTD,Hong Kong,"Room 407,Tower B, New Mandarin Plaze, 14 Science Museum Road, Tsim Sha Tsui, Kowloon, Hong Kong",85298709365,www.sparxcreativeltd.com,CR-A18,Licensor
Aurora Create,Hong Kong,"14/F, China Hong Kong Tower, 8 Henessy Road, Wan Chai, Hong Kong",85298469163,,CR-A34,Licensor
"Hongkong Skynet Co., Limited",Hong Kong,"Unit 4, 6/F, Global Gateway Twr, 63 Wing Hong St, Cheung Sha Wan, Kowloon, Hong Kong",85298342104,www.skynetasia.com,GH-A02,Licensor
Walado Limited,Hong Kong,"Unit 6, 9/F, 588-592 Castle Peak Road, Hong Kong",85298335890,www.walado.com,CR-A16,Licensor
Quire Limited,Hong Kong,"3/F, Room D, King Wan Industrial Building, 54 Hung To Road, Kwun Tong, Kowloon, Hong Kong",85298109086,www.quire-online.com,CR-A17,Licensor
Rikki Mobile Limited,Hong Kong,"Unit1306,13/F, Bonham Circus, 40 Bonham Strand, Sheung Wan, Hong Kong, Hong Kong",85297334497,www.capsubeans.com,CR-A24,Licensor
B1GB1OCK creation,Hong Kong,"Unit B, 9/F, Winbase Ctr, 208-220 Queen's Rd C, Sheung Wan, Hong Kong",85296684549,tinbot.com.hk,CR-A33,Licensor
Yogurt Studio Ltd.,Hong Kong,"Room F, 14/F, Block 17, Chevalier Garden, Ma On Shan, New Territories, Hong Kong",85296410880,illusfairhk.com,M4-B07,Licensing Agency
Colorholic Gossip,Hong Kong,"RM 603, 6/F, DIP-CITA Centre,F, 63 Tai Yip Road, Kowloon Bay, Kowloon, Hong Kong",85295867846,www.colorholicgossip.com,CR-A08,Licensor
Paper Box Design Workshop,Hong Kong,"Unit 11, 19/F, Blk A, Ping Chi Hse, Tai Ping Estate, 8 Po Ping Rd, Sheung Shui, New Territories, Hong Kong",85295517856,www.siukaukau.com,3B-B04,Licensor
Deep Heart International Company,Hong Kong,"Room C, G/F, 120 Lo Wai Road, Tsuen Wan, New Territories, Hong Kong",85295077770,www.gee-kingdom.com,CR-A03,Licensor
Success Link Limited,Hong Kong,"12/F, Bel Trade Comm Bldg, 1-3 Burrows St, Wan Chai, Hong Kong",85294326690,www.successlinkltd.com,GH-A15,Licensing Agency
Blow Creation,Hong Kong,"2/F Foong Shan Mansion, 23 Tai Koo Shing Road, Tai Koo Shing, Hong Kong, Hong Kong",85293269780,www.blowcreation.com,CR-A40,Licensor
Amy Chai is drawing ...,Hong Kong,"10/F, Room 1011, 41 Heung Yip Road, Wong Chuk Hang, Hong Kong, Hong Kong",85293164054,www.facebook.com/amychaiisdrawing,CR-A11,Licensor
Gifted Asia Limited,Hong Kong,"Unit 5, 32/F, W50, 50 Wong Chuk Hang Road, Wong Chuk Hang, Hong Kong Island, Hong Kong",85293121209,www.CHIC-KEN.world,CR-A09,Licensor
Artspirit Creative Company Limited,Hong Kong,"Unit B4, 10/F, Jone Mult Fty Buidling, 169 Wai Yip Street, Kwun Tong, Kowloon, Hong Kong",85293080913,www.hkartspirit.com,M4-C01,Licensor
Pixel Fairy International Holdings Limited,Hong Kong,"38E, Block 6, Tseung Kwan O Plaza, 1 Tong Tak Street, Tseung Kwan O, New Territories, Hong Kong",85292299936,,CR-A35,Licensor
Marrow Production Limited,Hong Kong,"Unit B6, 9/F, Ph 1, Kaiser Estate, 37-45 Man Yue St, Hung Hom, Kowloon, Hong Kong",85292215601,www.marrowproduction.com,CR-A39,Licensor
Ryan Lee Fitness Company Limited,Hong Kong,"G/F, 12 Sik On Street, Wan Chai, Hong Kong, Hong Kong",85292127767,www.facebook.com/Rumbbell/,CR-A29,Licensor
Nikopicto Limited,Hong Kong,"Unit A, 14/F, Kiu Fu Comm Bldg, 300-306 Lockhart Rd, Wan Chai, Hong Kong",85292123546,www.nikopicto.com,CR-A06,Licensor
Empire International Licensing & Merchandising (HK) Limited,Hong Kong,"3rd Floor, 302, Sharp Street West 3, Wan Chai, Hong Kong",85291681773,www.empiremultimedia.com,GH-B02,Licensing Agency
Dimple,Hong Kong,"UNIT4,9/F,Block A,Hoplite Industrial Centre, 3-5 Wang Tai Road, Kowloon Bay, Kowloon, Hong Kong",85290510852,www.catneverdie.com,CR-A01,Licensor
Global Icons Asia Pacific Limited,Hong Kong,"23/F, Tesbury Ctr, 28 Queen's Rd E, Wan Chai, Hong Kong",85290255137,www.globalicons.com,GH-M01,Licensing Agency
Postgal Workshop,Hong Kong,"Unit 3, 6/F, Siu Wai Ind Ctr, 29-33 Wing Hong St, Cheung Sha Wan, Kowloon, Hong Kong",85281056088,www.din-dong.net,M4-C12,Licensor
iPlay Brand Management Company Limited,Hong Kong,"Unit 2, 8/F, China Insurance Group Bldg, 141 Des Voeux Rd C, Central, Hong Kong",85269582043,www.iplaybm.com,M4-B15,Licensing Agency
MIQ Image Company Limited,Hong Kong,"10/F, The Wave, 4 Hing Yip St, Kwun Tong, Kowloon, Hong Kong",85268988866,www.miqimiqi.com,CR-A04,Licensor
3space Limited,Hong Kong,"21G, 26 Kimberley Road, Tsim Sha Tsui, Kowloon, Hong Kong",85268218219,,CR-A28,Licensor
3 Kingdoms Cultural & Creative Industries Limited,Hong Kong,"1903, Clifford Centre, 782 Cheung Sha Wan Road, Kowloon, Hong Kong, Hong Kong",85268186689,,CR-A19,Licensor
Underthepillow Limited,Hong Kong,"Unit C15, 14/F, Chiu Tat Fty Bldg, 108-110 King Fuk St, San Po Kong, Kowloon, Hong Kong",85268017168,www.underthepillow.com.hk,M4-C07,Licensor
AN+ STUDIO,Hong Kong,"20/F, Room 2016, Hei Tung House, Fu Tung Estate, Tung Chung, New Territories, Hong Kong",85266203611,,CR-A26,Licensor
Plastic Thing Limited,Hong Kong,"Room I, 12/F, Yip Win Factory Building, 10 Tsun Yip Lane, Kwun Tong, Kowloon, Hong Kong",85264335081,www.plastic-thing.com,M4-B31,Licensor
Reverieki Limited,Hong Kong,"Room 2015, ITC, 11-19 Sha Tsui Road, Tsuen Wan, New Territories, Hong Kong",85263725788,www.reverieki.com,CR-A23,Licensor
HEXA Labs Limited,Hong Kong,"5/F, Room E10, Mai Gar Industrial Building, Wai Yip Street, Kwun Tong, Kowloon, Hong Kong",85262370809,hexalabs.hk,CR-A07,Licensor
Bulbble Inc. Limited,Hong Kong,"Room 1006, Wealth Commercial Centre, 48 Kwong Wa Street, Mongkok, Kowloon, Hong Kong",85262239819,www.bulbbleinc.com,CR-A31,Licensor
Dreamingfrees Company,Hong Kong,"11/F, Room 1116, Fortune Commercial Building, 362 Sha Tsui Road, Tsuen Wan, New Territories, Hong Kong",85260268769,www.dreamingfrees.com,CR-A21,Licensor
Sugar Ink Company,Hong Kong,"L5-11, Jockey Club Creative Arts Centre, 30 Pak Tin Street, Shek Kip Mei, Kowloon, Hong Kong",85260149148,www.lampei.com,CR-A22,Licensor
Concept Champion Limited,Hong Kong,"Rm 1501, 15/F, Easey Commercial Building, 253-261 Hennessy Road, Wanchai, Hong Kong, Hong Kong",85255949363,,CR-A14,Licensor
Cherry Production House,Hong Kong,"P. O. Box 74337, Kowloon Central Post Office, Yau Ma Tei, Kowloon, Hong Kong",85254915801,www.cherrycwb.com,CR-A12,Licensor
Nothing Serious,Hong Kong,"Unit C, 1/F, Block 8, Avon Park, 15 Yat Ming Road, Fanling, New Territories, Hong Kong",85254226749,nothingserious.hk,CR-A36,Licensor
International Licensing Industry Merchandisers' Association Limited,Hong Kong,"Unit B, 12/F Hang Seng Causeway Bay Building, 28 Yee Wo Street, Causeway Bay, Hong Kong",85239180625,www.licensing.org/china,GH-A35,Public Relations ( PR )
Sumart New-Tech Limited (SUM ART),Hong Kong,"Room 2512, Langham Place Office Tower, 8 Argyle Street, MongKok, Kowloon, Hong Kong",85238037443,www.sumarthk.com,CR-A13,Licensor
Unbox Brands Limited,Hong Kong,"Unit F2, 1/F, Hung Cheong Fty Bldg, 3 Kwong Cheung Street, Cheung Sha Wan, Kowloon, Hong Kong",85237096690,www.unbox.industries,M4-B33,Licensing Agency
Asian Licensing Association Limited,Hong Kong,"Flat B, 21/F, Wing Cheong Commerical Building, 19-25 Jervois Street, Sheung Wan, Hong Kong",85235946723,www.ala.org.hk,M4-E01,Licensing Agency
Lai Yuen Company Limited,Hong Kong,"23/F, Global Trade Square, 21 Wong Chuk Hang Road, Wong Chuk Hang, Hong Kong",85235858815,laiyuen.hk,M4-B21,Licensor
SHIBAINC LIMITED,Hong Kong,"Room 03, 5th Floor, On Tat Ind. Bldg., 3-5 Pat Tat Street, San Po Kong, Kowloon, Hong Kong",85235655029,www.SHIBAinc.com,CR-A30,Licensor
RDP Asia Limited,Hong Kong,"Unit 14, 25/F, North Twr, China Aerospace Twr, Concordia Plaza, 1 Science Museum Rd, Tsim Sha Tsui, Kowloon, Hong Kong",85235250086,www.rdp-creative.com,3B-B12},Licencee
T & C Environmental Material Limited,Hong Kong,"Unit F, 29/F, TG Place, 10 Shing Yip Street, Kwun Tong, Kowloon, Hong Kong",85234682966,,3B-B02,Licensor
FM Projects Limited,Hong Kong,"Unit 506, 5/F, Tower 1 Harbour Centre, 1 Hok Cheung Street, Hung Hom, Hong Kong",85234619434,www.monopolydreams.com,GH-M09,Media
Muse Communication (H.K.) Limited,Hong Kong,"20/F, Sang Woo Bldg, 227-228 Gloucester Rd, Wan Chai, Hong Kong",85234263588,www.e-muse.com.tw,GH-C14,Licensing Agency
Gz Art-Land (Hong Kong) Company Limited,Hong Kong,"Unit 1, 23/F, Futura Plaza, 111-113 How Ming St, Kwun Tong, Kowloon, Hong Kong",85231651638,www.yzav.net,GH-A10,Licensing Agency
Camsing Brand Management (Group) Company Limited,Hong Kong,"16/F, Cheung Kong Ctr, 2 Queen's Rd C, Central, Hong Kong",85231588163,www.camsingglobal.com,GH-A09,Licensor
People On Board Social Enterprise Limited,Hong Kong,"H304, Block B, PMQ, 35 Aberdeen Street, Central, Central, Hong Kong, Hong Kong",85231580674,www.pob.hk,CR-A38,Licensor
Long Wise Inc. Limited,Hong Kong,"Unit D, 20/F, Mai Luen Ind Bldg, 23-31 Kung Yip St, Kwai Chung, New Territories, Hong Kong",85231070878,www.longwiseinc.com,GH-H20,Licensing Agency
"Intellectual Property Department, HKSAR Government",Hong Kong,"24&25/F, Wu Chung Hse, 213 Queen's Rd E, Wan Chai, Hong Kong",85229616833,www.ipd.gov.hk,M4-B29,
K&C Hong Kong Limited,Hong Kong,"Unit A, 5/F, Good Year Ind Bldg, 119-121 How Ming St, Kwun Tong, Kowloon, Hong Kong",85229540686,,3B-B06,Licensor
K & C Asia Limited,Hong Kong,"Unit A, 5/F, Good Year Ind. Bldg., 119-121 How Ming Street, Kwun Tong, Kowloon, Hong Kong, Hong Kong",85229540686,www.kncproduction.com,CR-A32,Licensor
AT Licensing & Merchandising Limited,Hong Kong,"Unit C, 22/F, Infotech Ctr, 21 Hung To Rd, Kwun Tong, Kowloon, Hong Kong",85229476097,www.atlicensing.com,GH-A21,Licensing Agency
Animation International Limited,Hong Kong,"23/F, Times Twr, 391-407 Jaffe Rd, Wan Chai, Hong Kong",85229116671,,GH-K02,Licensing Agency
"International Management Group (Overseas), LLC",Hong Kong,"Unit 3-8, 26/F, Blk B, Dorset Hse, Taikoo Place, 979 King's Rd, Quarry Bay, Hong Kong",85228940288,www.imglicensing.com,GH-H02,Licensing Agency
Bliss Concepts Limited,Hong Kong,"8/F, S U P Twr, 75-83 King's Rd, North Point, Hong Kong",85228921230,www.mcdull.hk,M4-C04,Media
China Patent Agent (Hong Kong) Limited,Hong Kong,"22/F, Great Eagle Ctr, 23 Harbour Rd, Wan Chai, Hong Kong",85228284688,www.cpahkltd.com,M4-B17,Licensing Consultancy
Asia Animation Limited,Hong Kong,"Unit 16, 8/F, Peninsula Ctr, 67 Mody Rd, Tsim Sha Tsui, Kowloon, Hong Kong",85227283738,www.asiaanimation.net,GH-H12,Licensor
Art Century,Hong Kong,"Shop 3B, Caribbean Square, Tung Chung, New Territories, Hong Kong",85227175818,www.facebook.com/mallobbe,3B-B08,Media
Multiman Limited,Hong Kong,"Unit A, 2/F, St Francis Mansion, 4-6 St Francis Street, Wan Chai, Hong Kong",85226821068,www.devilrobots.com.hk,M4-C11,Licensor
Blessings Production Services,Hong Kong,"5B, 5/F, Free Trade Centre, 49 Tsun Yip Street, Kwun Tong, Kowloon, Hong Kong",85225758833,www.littleangelannie.com,CR-A37,Licensor
Setoping Workshop Limited,Hong Kong,"Unit F, 7/F, Heng Seng Ind Bldg, 185-187 Wai Yip St, Kwun Tong, Kowloon, Hong Kong",85225680378,www.happiplayground.com,GH-B12,Licensor
Japan External Trade Organization,Hong Kong,"Unit 1, 40/F, Hopewell Ctr, 183 Queen's Rd E, Wan Chai, Hong Kong",85225264067,www.jetro.go.jp/en/,GH-A28,Marketing Communications
Rightman Publishing Limited,Hong Kong,"Unit A, 2/F, Cheung Lee Ind Bldg, 9 Cheung Lee St, Chai Wan, Hong Kong",85225158787,www.rightman.net,M4-B01,Marketing Communications
"Mighty Brands Co., Limited",Hong Kong,"Unit 1, 13/F, Blk A, Ming Pao Ind Ctr, 18 Ka Yip St, Chai Wan, Hong Kong",85225152775,www.mightymedia.com.tw,GH-E10,Licensing Agency
PPW Sports & Entertainment (HK) Limited,Hong Kong,"21/F, Cornell Ctr, 50 Wing Tai Rd, Chai Wan, Hong Kong",85225050299,www.ppwgroup.com,GH-B09,Licensing Agency
MediaLink Animation International Limited,Hong Kong,"Unit 1, 10/F, Tower 1, South Seas Centre, 75 Mody Road, Tsim Sha Tsui, Kowloon, Hong Kong",85225034980,www.medialink.com.hk,GH-C02,Licensing Agency
ENS Global Marketing Limited,Hong Kong,"Unit A6, 25/F, TML Twr, 3 Hoi Shing Rd, Tsuen Wan, New Territories, Hong Kong",85224699599,b-duck.com,GH-N02,Licensing Agency
Level - 5 Abby Hong Kong Limited,Hong Kong,"Unit 2, 7/F, Kwun Tong View, 410 Kwun Tong Rd, Kwun Tong, Kowloon, Hong Kong",85224469230,www.level5abby.com,GH-B16,Advertising Services
Interasia & Associates (Holdings) Company Limited,Hong Kong,"Unit B6, 22/F, TML Twr, 3 Hoi Shing Rd, Tsuen Wan, New Territories, Hong Kong",85224082110,www.asialicense.com,GH-E02,Licensing Agency
Gift Concept Products Limited,Hong Kong,"Unit D, 6/F, Reason Group Twr, 403-413 Castle Peak Rd - Kwai Chung, Kwai Chung, New Territories, Hong Kong",85224028696,www.marcusnmarcus.com,M4-B11,Licensor
Janistar Limited,Hong Kong,"Unit 6, 1/F, Blk A, Tonic Ind Ctr, 26 Kai Cheung Rd, Kowloon Bay, Kowloon, Hong Kong",85223894300,,3B-B16,Licensing Agency
Taibon Company Limited,Hong Kong,"Unit 8, 11/F, Alexandra Ind Bldg, 27 Wing Hong St, Cheung Sha Wan, Kowloon, Hong Kong",85223892336,,GH-N17,Licencee
Quickfine Investments Limited,Hong Kong,"35/F Laws Commercial Plaza, 788 Cheung Sha Wan Road, Lai Chi Kok, Kowloon, Hong Kong",85223711829,,GH-M04,Licensor
Beautiful Gate Studio,Hong Kong,"Unit 10, 12/F, Wealth Comm Ctr, 42-56 Kwong Wa St, Mong Kok, Kowloon, Hong Kong",85223683369,www.amazingcats.net,CR-A25,Licensor
China Animation Media Production Limited,Hong Kong,"House 1, Regent's Park, 326 Kung Um Rd, Yuen Long, New Territories, Hong Kong",85223561818,cignational.com,M4-B25,Licensor
Laser Art Studio Limited,Hong Kong,"Unit D-E, 6/F, Valiant Ind Ctr, 2-12 Au Pui Wan St, Sha Tin, New Territories, Hong Kong",85223491193,www.laser-art.com,M4-B05,Licencee
MTV Hong Kong Limited,Hong Kong,"Unit 5B, 15/F, Twr A, Manulife Financial Ctr, 223 Wai Yip St, Kwun Tong, Kowloon, Hong Kong",85223138017,nick-asia.com,GH-J02},Licensor
Azona (HK) Limited,Hong Kong,"Room 1807-11, 18/F.,Tins Enterprises Centre, 777 Lai Chi Kok Road, Cheung Sha Wan, Hong Kong",85223077800,www.tobyblack.com,GH-F02,Licensor
Chiilaku Limited,Hong Kong,"Unit D2, 9/F, Victorious Fty Bldg, 33A-37A Tseuk Luk Street, San Po Kong, Kowloon, Hong Kong",85223013328,www.chiilaku.com,CR-A20,Licensor
Global Brands Group Asia Limited (CAA-GBG),Hong Kong,"9/F, Lifung Tower, 868-888 Cheung Sha Wan Road, Cheung Sha Wan, Kowloon, Hong Kong",85223003030,www.caa-gbg.com,GH-D02,Licensing Agency
Sanrio Global Asia Limited,Hong Kong,"16/F, AXA Twr, Landmark East, 100 How Ming St, Kwun Tong, Kowloon, Hong Kong",85222685514,,GH-A16,Marketing Communications
HKB International (HK) Company Limited,Hong Kong,"Unit E1, 6/F, Wing Hin Fty Bldg, 31-33 Ng Fong St, San Po Kong, Kowloon, Hong Kong",85221918382,,GH-N01,Accounting Service
Kings (HK) International Limited,Hong Kong,"Unit A, 2/F, Ray Ctr, 88 Hung To Rd, Kwun Tong, Kowloon, Hong Kong",85221158188,www.kingshk.com.hk,3B-B10,Design Services &amp
ARTPQ Co Ltd,"Korea, Republic Of","306, 213-3, Cheomdan-ro, Jejusi, Jeju, 63309, Korea",82647577966,www.mongni.co.kr,GH-C21,Licensor
Jeju Film & Culture Industry Promotion Agency,"Korea, Republic Of","82, Sinsan-ro, Jeju-si, Jeju-do 63270, Korea",82647277800,jejufc.or.kr,GH-C21,
Collabo Studio,"Korea, Republic Of","505, Art Space IAa 21, Jungang-ro, 14-gil, Jeju-do, 63169, Korea",82647210884,www.qoomza.com,GH-C25,Design Services &amp
RH Studio,"Korea, Republic Of","#210, Gwangju Contents Business incubation Center, 60 Jejung-ro, Nam-gu, Gwangju, 61640, Korea",82626532165,,GH-C30,Licensor
Gwangju Information and Culture Industry Promotion agency (GITCT),"Korea, Republic Of","3F, Gwangju CGI Center, 60, SongAm-ro, Nam-gu, Gwangju, 61740, Republic of Korea",82626102460,www.gitct.or.kr,GH-C22,
ROMPACK,"Korea, Republic Of","801 Dongsankwan, Keimyung Univeristy, 104 Myeongdeok-ro Namgu, Daegu, 42403, Korea",82536250827,www.rompack.co.kr,GH-D30,Licensor
"XIONPLUS Co.,Ltd","Korea, Republic Of","303, SMBA, 20 Jeonghungro, Dalseogu, Daegu, 42818, Korea",82535221030,www.xionplus.co.kr,GH-D28,Licensor
RISEONE,"Korea, Republic Of","3-20, DongBukRo55Gil, Buk-Gu, Daegu, 41529, Korea",82534271050,www.caropy.com,GH-D26,Licensor
DANDESIGN Inc.,"Korea, Republic Of","3F, Kallia Building, Sincheondong-ro, Suseong-gu, Daegu, 42159, Korea",82533269524,www.anatoy.com,GH-D32,Licensor
ANIMOTION,"Korea, Republic Of","47 Jurye-ro, Sasang-gu Busan, Korea Global Village, 203, Korea",82513201513,www.dsu-animotion.com,GH-D34,Licensor
Chungnam Culture Technology Industry Agency (CTIA),"Korea, Republic Of","6F, 15-1 Eunhaeng-gil, Donguam-gu, Cheonan-Si, Chungnam, 06164, Korea",82415900904,www.cckl.kr,GH-C29,Licensor
CLOCKHOUSE,"Korea, Republic Of","#1105, 202-Dong Chunui Techno Park II, Bucheon-ro(St.) 198 bungil 18, Wonmi-gu, Bucheon-si, Gyeonggi-do, 14557, Korea",82326268573,www.studioclock.co.kr,GH-D31,Licensor
"Conz Co., Ltd","Korea, Republic Of","Suite 1514, 202 Dong, Chunui Technopark2, Bucheneon-ro (St) 198 Bungil 18, Wonmi-gu, Bucheon-si, Gyeonggi-do, 420-857, Korea",82326238595,www.conz.kr,GH-D29,Licensing Agency
Gyeonggi Content Agency (GCA),"Korea, Republic Of","9F, 202-Dong Chunui Techno Park II, Bucheon-ro(St.) 198bungil 18, Wonmi-gu, Bucheon-si, Gyeonggi-do, 14557, Korea",82326238083,export.gcon.or.kr/bms,GH-D36,Licensor
Tori Design,"Korea, Republic Of","202-1403, Chunui Technopark2, 18, Bucheon-ro, 198 Beon-ji, Bucheon-si, Gyeonggi-do, 14557, Korea",82326129445,www.toriro.com,GH-D39,Design Services &amp
HSn (Hyungseul Networks),"Korea, Republic Of","37-23, Hoedong-gil, Paju-si, Gyeonggi-do, 10881, Korea",82319552359,www.hspub.co.kr,GH-D25,Licencee
Crzone Creative,"Korea, Republic Of","Room 1220, Daewoo Maison Livre, 750-1 Janghang2-dong, 11 Sandong-gu, Goyang-si, Gyeonggi-do, 10364, Korea",82319044223,www.crzone.com,GH-D33,Licensor
Designseol,"Korea, Republic Of","39, Bagumul 3-gil, Sangrok-gu, Ansan-si, Gyeonggi-do, 15492, Korea",82314171095,www.ddung.net,GH-D37,Licensor
Ray69,"Korea, Republic Of","#611B, 9/F, Central Biz Tower, 1283 Yiue-dong, Yeongtong-gu, Suwon City, Gyeonggi-do, 16229, Korea",82312538654,www.ray69.com,GH-D35,Design Services &amp
Sweet Monster Inc.,"Korea, Republic Of","3F Garak-mall Hall 2, 932 Yangjae-daero, Song-pagu, Seoul, 05699, Korea",82269782239,www.sweetmonster.co.kr,GH-E37,Design Services &amp
Pastel World,"Korea, Republic Of","323 Nonhyeonro, Gangnam-gu, 06257, Korea",82269205260,www.pastelworld.kr,GH-E31,Licensing Agency
Korea Creative Content Agency & Coex,"Korea, Republic Of","513 Yeongdong-daero, Gangnam-gu, Seoul, 06164, Korea",82260008572,www.characterfair.kr,3B-B18,Licensing Agency
Seoul Business Agency,"Korea, Republic Of","Seoul Animation Center, 16/F, 28 Sogong-ro, Jung-gu, Seoul, 04631, Korea",82234558363,www.sba.seoul.kr / www.spp.kr,GH-D38,Media
Kvision Inc.,"Korea, Republic Of","Hyundai, 41 Tower Bldg., #2608 Yangcheon-gu, Mokdong-dongro293, Seoul, 158723, Korea",82232859008,www.k-vision.com,GH-E21,Licensing Agency
COMMA STUDIO INC.,"Korea, Republic Of","#302, The Rubens Valley, 1 Gasan Digital, 1-ro, Geumcheon-gu, Seoul, 08594, Korea",82232810910,www.commastudio.co.kr,GH-E33,Licensor
Taktoon Enterprise,"Korea, Republic Of","804 Art Center, 47 Heukseok-ro, Dongjak-gu, Seoul, 06911, Korea",82232805822,www.taktoon.com,GH-D40,Media
"Hiroshima Home Television Co., Ltd",Japan,"19-2 Hakushima-kitamachi, Naka-ku, Hiroshima City, Hiroshima, 730-8552, Japan",81822217137,www.home-tv.co.jp,GH-B36,Media
"Fuekinori Kogyo Co., Ltd.",Japan,"2-62 Takefuchihigashi, Yao-shi, Osaka, 581-0053, Japan",81667093735,www.fueki.co.jp,GH-B30,Licensor
Kamio Japan Inc.,Japan,"SENBA FUJII-BLDG 7F, 2-2-9, MINAMI-KYUHOJIMACHI,CHUO-KU, OSAKA, 541-0058, Japan",81662648820,www.kamiojapan.jp,GH-B33,Licensor
"FUTABA CO., LTD",Japan,"4-10 SHIRAKANE2CHOME, SHOWA-KU, NAGOYA, AICHI, 466-0058, Japan",81528821671,www.futabanenga.com/futaba/,GH-B31,Licensor
Tatsunoko Production Co Ltd,Japan,"Musashino YS Bldg. 2F, 1-19-3 Nakacho, Musashino-shi Tokyo, 180-0006, Japan",81422389091,www.tatsunoko.co.jp,GH-B35,Licensor
Studio Hamunovision,Japan,"Sato-building 7F, Nihonbashi Kodenmatyo 17-9 chuo-ku, Tokyo, 103-0001, Japan",81366616990,hamunovision.com,GH-A32,Design Services &amp
Naomi Ido,Japan,"#117, 2-1-56, Tatsumi, Koto-Ku, Tokyo, 135-0053, Japan",81364570833,naomi-ido.com/ccbb_top.html,GH-A32,Licensor
"POPLAR Publishing Co., Ltd.",Japan,"Sumitomo Fudosan Kojimachi First Bldg., 4-2-6 Kojimachi, Chiyoda-Ku, 102-85-9, Tokyo",81358778104,www.poplar.co.jp/foreignRights/,GH-B29,Licensor
Sony Music Entertainment (Japan) Inc.,Japan,"Midtown Tower 9-7-1, Akasaka, Mirato-ku, Tokyo, 107-6214, Japan",81357868210,www.sme.co.jp,GH-A22,Design Services &amp
Sony Creative Products Inc.,Japan,"Midtown Tower 9-7-1 Akasaka, Minato-Ku, Tokyo, 107-6214, Japan",81357868169,www.scp.co.jp,GH-A22,Licensing Agency
TV Tokyo Communications Corporation,Japan,"4F Sumitomo Shin-Toranomon Building, 4-3-9 Toranomon, Minato-ku, 105-0001, Japan",81357333888,txcom.jp/eng/,GH-B32,Licensing Agency
Shenzhen Kaida Co. Ltd,Japan,"No.705 Lions Mansion, Hachobori 4-14-1-705, Chuo-ku, Tokyo, 104-0032, Japan",81355349969,www.pctbuy.com,GH-A26,Licensing Agency
"Tsuburaya Productions Co., Ltd",Japan,"24F Shibuya Garden Tower, 16-17 Nampeidai-cho, Shibuya-ku, Tokyo, 150-0036, Japan",81354897862,www.tsuburaya-prod.co.jp,GH-B37,Licensor
Character Brand Licensing Association,Japan,"2-10, Kanda-Ogawamachi, Chiyoda-ku, Tokyo, 101-8323, Japan",81352808105,www.cbla.jp,GH-A32,Public Relations ( PR )
Aniplex Inc,Japan,"4-5 Rokubancho, Chiyoda-ku, Tokyo, 102-8353, Japan",81352118031,www.aniplex.co.jp,GH-A22,Licensor
"Sanrio Far East Company, Ltd.",Japan,"1-6-1 Osaki, Shinagawa-ku, Tokyo, 141-0032, Japan",81337798479,www.sanrio.co.jp/fareast/eng/,GH-B34,Licensing Agency
"Sekiguchi Co., Ltd",Japan,"5-3-27 Nishi-shinkoiwa, Katsushika-ku, Tokyo, 124-0025, Japan",81336973939,www.sekiguchi.co.jp,GH-B22,Licensor
"Nippon Animation Co., Ltd",Japan,"Uhb Ginza Building 11-14, Ginza 7-chome, Chuo-ku, Tokyo, 104-0061, Japan",81335745931,www.nipponanimation.com,GH-B28,Licensor
"Capcom Co., Ltd.",Japan,"3-1-3 Uchihirano-machi, Chuo-ku, Osaka, 540-0037, Japan",81333400735,www.capcom.com,GH-B38,Licensor
Mindworks Entertainment Inc.,Japan,"#805-6-20, Rokubancho, Chiyoda-ku, Tokyo, 102-0085, Japan",81332637851,mindworks-ent.jp,GH-A26,Licensing Agency
Sanyo Bussan Company Limited,Japan,"1-3-5, Nihombashi, Chuo-ku, Tokyo, 103-0027, Japan",81332413401,www.sanyobussan.co.jp,GH-B40,Licensor
Arwama Company Limited,Thailand,"15/20 Ratchapruek Road, Bangraknoi Mueng Nonthaburi, Nonthaburi 11000, Thailand",66915429954,www.warbieyama.com,GH-M22,Licensor
Holen Co Ltd,Thailand,"574/2 Phaholyothin 30, Changdrakasem Chatuchak, Bangkok, 10900, Thailand",66909946559,www.holenhello.com,GH-M12,Design Services &amp
Giggle Garage Sdn Bhd,Malaysia,"4806-1-10 Central Business District 2, Jalan Perdana, Cyber 12, Cyberjaya, Selangor, 63000, Malaysia",60383226288,gigglegarage.com,GH-M37,Licensor
Animonsta Studios,Malaysia,"L1-01, L1-02 & L1-03, Coplace 3, Block 3740, Persiaran Apec, Cyber 8, 63000 Cyberjaya, Selangor, Malaysia",60383222225,www.monsta.com,GH-M19,Licensor
Malaysia Digital Economy Corporation,Malaysia,"MSC Headquaters, 2360 Persiaran APEC, Cyberjaya, Selangor, 63000, Malaysia",60383153000,www.mdec.my,GH-M19,Licensor
Viz International,Malaysia,"Lot 2A, Jalan SS 13/2, Petaling Jaya, Selangor, 46200, Malaysia",60379572932,www.viz.com.my,GH-M35,Licensor
Inspidea,Malaysia,"G-G-03A, Glomac Square, Jalan SS 6/16A, Petaling Jaya, Selangor, 47301, Malaysia",60378809934,www.inspidea.com,GH-M33,Licensor
Animasia Studio Sdn Bhd,Malaysia,"No.2 & 4, Jalan Sri Jati 2, Taman Sri Jati, Off Jalan Puchong, Kuala Lumpur, 58200, Malaysia",60377846987,www.animasia-studio.com,GH-M25,Licensor
Media Prima,Malaysia,"Sri Pentas, 3, Persiaran Bandar Utama, Petaling Jaya, Selangor, 47800, Malaysia",60376213219,mediaprima.com.my,GH-M23,Licensor
Safe Tree Sdn Bhd,Malaysia,"B2-12-1 Dataran Niaga Sungai Besi, Midfields Square East, Jalan 11/108C, 57100, Malaysia",60164588800,www.facebook.com/Pocotee,GH-M41,Licensor
Perfetti Van Melle,Spain,"Carrer de Les Masies 16, Pol. Ind Sector Serra, Sant Esteve Sesrovires, Barcelona, 08635, Spain",34937739300,www.pvmlicensing.com,,Licensor
Dorna Sports S.L,Spain,C/ Príncipe de V Madrid 28002 Spain,34934738494,www.motogp.com,,Licensor
"Tokidoki, Llc",USA,"5655 West Adams Blvd, Los Angeles, California, 90016, USA",13239300555,www.tokidoki.it,GH-N13,Licensor
Bin Bin Design,Taiwan,"5F., No. 19, Ln. 23, Minyou E. Rd., Taoyuan Dist., Taoyuan City, 330, Taiwan",8863460931,www.facebook.com/humanbeing720,M4-A71,Licensor
Asia IP Exchange,Hong Kong,"38/F, Office Tower, Convention Plaza, 1 Harbour Road, Wan Chai, Hong Kong",8521830668,www.asiaipex.com,M4-C05,
MESE Co. Ltd,"Korea, Republic Of","Suite 502, ACE Techno Tower No.5, 20, Digital - RO 31- Gilguro-Gu, Seoul, 08380, South Korea",8228526171,www.mochimochi.co.kr,3B-B24,Marketing Communications
Gabia,"Korea, Republic Of","670, Daewangpangyo-ro, Seongnam-si, Gyeonggi-do, 13494, Korea",8228293892,www.amoo.co.kr,GH-D27,Licensor
"ANYZAC Co., Ltd.","Korea, Republic Of","Rm 115, Namsan BD, 131 Sopa-ro, Jung-gu, Seoul, 04629, Korea",8227801382,www.anyzac.com,GH-D40,Licensor
Clearart Design,"Korea, Republic Of","1005, 2, Biwol-gil, Jeju-si, Jeju-do, 63134, Korea",8227471400,www.biba-ri.com,GH-C23,Design Services &amp
Vooz Inc.,"Korea, Republic Of","Vooz Building, 20 Bomgumsa-ro, 50-gil, Gangnam-gu, 06144, Korea",8225685086,www.vooz.co.kr,GH-D40,Licensor
"Picto Studio Co., Ltd","Korea, Republic Of","70, Samil-dearo, 2-gil, Jung-gu, Seoul, 04627, Korea",8225480852,www.pictostudio.net,GH-E39,Licensor
Studio W.Baba,"Korea, Republic Of","1806, 268, Cheongbyeonjwa-ro, Seo-gu, Gwangju, 61925, Korea",8223329457,www.studiobaba.com,GH-C37,Marketing Communications
Design Egg,"Korea, Republic Of","1/F, 65 yeonnam-ro, 3-gil, Mapo-gu, Seoul, 03991, Korea",8223325723,www.designegg.tv,GH-E23,Licensing Agency
Thai Broadcasting Company Limited,Thailand,"99 Moo 2 Bangpoon, Muang Pathumthani, Pathumthani, 12000, Thailand",6628332145,www.studioshopworkpoint.com,GH-M06,Licensor
The Monk Studios Co Ltd,Thailand,"50/1 Patanakarn 17, Pattanakarn Road, Suanluang, Bangkok, 10250, Thailand",6627172075,www.themonkstudio.com,GH-M24,Licensor
Tiga Company Limited,Thailand,"65/215-216 Chamnan Phenjait, Buiness Center 26th Floor Rama9 Road, Huaykwang, Bangkok, 10310, Thailand",6626431855,www.tiga.co.th,GH-M14,Licensor
"Vithita Animation Co., Ltd",Thailand,"955 Soi Suthiporn, Prachasongkroh Road, Dindaeng, Bangkok, 10400, Thailand",6626419400,www.vithita.com,GH-M08,Design Services &amp
"2Spot Communications Co., Ltd",Thailand,"20/F, Srijulsup Building, 44 Ramai Road, Bangkok, 10330, Thailand",6626138503,www.2spotstudio.com,GH-M28,Design Services &amp
Xhabition Studio,Thailand,"217 Soi Suanplu 6, Sathon 3 Road, Tungmahamek, Sathon, Bangkok, 10120, Thailand",6622864281,xhabition.net,GH-M26,Licensor
"Liffolab Co., Ltd",Thailand,"318 DOB Building, Rama 4 Road, Mahapreutaram, Bangrak, Bangkok, 10500, Thailand",6622383588,www.liffolab.com,GH-M18,Design Services &amp
Thai Animation & Computer Graphics Association,Thailand,"128/61 6th Fl, Paya Tai Plaza Bld., Phaya Thai Rd., Ratchathewee, Bangkok, 10400, Thailand",6621293106,,GH-M30,Licensor
Sweet Summer Company Limited,Thailand,"Pradipat Road, Phaya Thai sub-area Phaya Thai Area, Bangkok, 10400, Thailand",6621174663,www.sweet-summer.com,GH-M16,Licensor
Tomogram Studio Co Ltd,Thailand,"10/29 Ladprao35/1, Chankasem, Chatuchak, Bangkok, 10900, Thailand",6621036285,www.tomogramstudio.com,GH-M10,Licensor
Mighty Jaxx International Pte Ltd,Singapore,"Prosper House, 101 Geylang Lorong 23 #08-04, 388399, Singapore",6598200286,mightyjaxx.rocks,3B-B14,Licencee
Art-Zoo Private Limited,Singapore,"2 Alexandra Road, Delta House #07-06, 159919, Singapore",6568780298,www.artzooworld.com,GH-J16,Licensor
Sessom Asia Pte Limited,Singapore,"Suite 06-12, Crescent @Kallang, 47 Kallang Pudding, 349318, Singapore",6564937128,www.sessomasia.com,GH-A01,Licensing Agency
Active Works Company Limited,Hong Kong,"4/F, 3 Nng Foo St, Hong Kong",,www.active.works,M4-C14,Licensing Agency
Art Cycle Group,Hong Kong,"Unit 2302, 23/F, New World Tower 1, 18 Queen's Road, Central, Hong Kong, Hong Kong",,www.canbot.com,CR-A02,Licensor
MY LITTLE PRODUCTION LIMITED,Hong Kong,"Unit 9043, 9/F, Block B, Chung Mei Ctr, 15-17 Hing Yip St, Kwun Tong, Kowloon, Hong Kong",,www.brownieandronnie.com,CR-A10,Licensor
Messy Desk Limited,Hong Kong,"Rm 612, 6/F, CITA Training Centre, 63 Tai Yip Street, Kowloon Bay, Kowloon, Hong Kong",,www.messy-desk.com,CR-A15,Licensor
Nearko Limited,Hong Kong,"10/F, Room 1017, 41 Heung Yip Road, Wong Chuk Hang, Hong Kong, Hong Kong",,www.facebook.com/JourneySweet/?ref=bookmar,CR-A05,Licensor
Studio Alva,Hong Kong,"17/F, Room A5, Mai On Industrial Building, 17 Kung Yip Street, Kwai Chung, New Territories, Hong Kong",,www.rabbitmint.com,CR-A27,Licensor
Green Room Ltd,Japan,,,www.kawamazy.com,GH-A32,Licensor
"Guangzhou Shaochengcun Stucco Relief Arts Co., Ltd",China,"3, 138 Jianshebei Road, Xinhua Street, Huadu Qu, Guangzhou, Guangdong, 510800, China",,,GH-G27,Licensor
Jinan Jineng Education Technology Co. Ltd.,China,"63-1, Yuhan Road, Shizhong Dist., Jinan City, Shandong Province, 250 China",,,GH-F47,Licensor
Lemona Design Inc.,Japan,,,lemonsugar.jp,GH-A32,Licensor
Rinrin (Cioccomoca),Japan,,,cioccomoca.com,GH-A32,Licensor
"Yi Jian Yu Zhou Beijing Culture Co., Ltd",China,,,,GH-E28,Licensor
