name,country,companyAddress,telephone,website,boothNumber,productCategory,
Myicellar Limited,Hong Kong,"Unit A, 12/F, North Cape Comm Bldg, 388 King's Rd, North Point, Hong Kong",852-91489919,www.myicellar.com, boothNumber: 3E-C27," Japanese Wine / Sake, Wine, Chinese Liquor / Baijiu",
IEC-Berlin GmbH & Co. KG,Germany,"Torstr - 124, 10119 Berlin, Germany",49-30-2839390,www.iecberlin.de, boothNumber: 3D-B02," Wine, Sparkling Wine, Spirits",
Business France,France,"77 Boulevard Saint Jacques, 75014 Paris, France",,www.businessfrance.fr/, boothNumber: 3G-A24,,
Canadian Food Exporters Association,Canada,"895 Don Mills Road, Bldg 2, Suite 900, Toronto, Ontario M3C1W3, Canada",1-416-4453747,www.cfea.com, boothNumber: 3C-E02,,
ICEX Spain Trade and Investment,Spain,"278 Paseo de La Castellana, 28046 Madrid, Spain",34-91-3491921,www.foodswinesfromspain.com, boothNumber: 3D-B07," Wine, Sparkling Wine, Beer, Spirits, Brandy ",
Setubal Peninsula Wines,Portugal,"Rua Padre Manuel Caetano 26, Palmela, Setubal 2950-253, Portugal",351--212337100,, boothNumber: 3C-E10, Wine,
Oriental Pearl (Hong Kong) Limited,Hong Kong,"86 Kwong Pan Tin, Route Twisk, Tsuen Wan, N.T., Hong Kong",852-24901010,www.opl.hk, boothNumber: 3E-B02," Packaging Services, Wine Storage &amp;  Logistics, Wine Labelling, Wine Investment, Wine, Sparkling Wine, Champagne, Spirits, Whisky , Cooking Oil",
Rastignac (HK) Limited,Hong Kong,"Unit 1, 2/F, Sing Win Fty Bldg, 15-17 Shing Yip St, Kwun Tong, Kowloon, Hong Kong",852-22154180,www.rastignac.com, boothNumber: 3E-A02," Alcoholic Beverages, Wine, Spirits, Brandy ",
SCEA Ph Et A LE GRIX DE LA SALLE,France,"Chateau Le Grand Verdus, Sadirac, Gironde, 33670, France",33--556305090,www.chateaulegrandverdus.com, boothNumber: 3F-F02, Wine,
Ballande Et Meneret,France,"17 Cours Du Medoc, Bordeaux, 33000, France",33--556292944,ballande-meneret.com, boothNumber: 3G-A01,,
Cave De Saint Chinian,France,"Route De Sorteilho, 34360 Saint-Chinian, France",33--467382848,www.cave-saintchinian.com, boothNumber: 3G-B11, Wine,
Caves da Montanha,Portugal,"Rua Adriano Henriques, 12, 3780-218 Anadia, Aveiro, Portugal",351--231512260,www.cavesdamontanha.pt, boothNumber: 3C-F20, Wine,
Cotes De Bordeaux,France,"1 Cours Du XXX Juillet, Bordeaux, 33000, France",33--0556002199,www.bordeaux-cotes.com, boothNumber: 3F-F18, Wine,
Earl Vignobles H Lhuillier,France,"11 Les Gaussens, 33240 Verac, France",33--557844801,www.chateau-fleurhautgaussens.com, boothNumber: 3G-A27, Wine,
Gunther Schlink Gmbh,Germany,"Maler-Muller-Str. 58, 55545 Bad Kreuznach, Germany",49-671-2138,www.guenther-schlink.de, boothNumber: 3D-B02,,
Les Vignerons Reunis De Monsegur,France,"1 Grand Champ, 33580 Le Puy, Aquitaine, France",33--556616185,www.cave-de-monsegur.com, boothNumber: 3G-A12, Wine,
Manzwine,Portugal,"Rua Rui Teles Palhinha, No. 3 -s2 ESQ, 2744-015 Porto Salvo, Portugal",351--914990931,www.manzwine.com, boothNumber: 3C-F20, Wine,
Prima Vinae,France,"5 Rue Du Chateau, Chassagne Montrachet, 21190, France",33--380219864,primavinae.com, boothNumber: 3G-A10," Wine, Sparkling Wine",
Syndicat Des Bordeaux Et Bordeaux Superieur,France,"1 route de Pasquina, 33750 Beychac Et Caillau, France",33--557979048,https://www.planete-bordeaux.fr/en, boothNumber: 3G-A13, Trade Association &amp, Media
Taste of Nova Scotia,Canada,"#240 - 33 Ochterloney Street, Dartmouth, Nova Scotia B2Y 4P5, Canada",1-902-4929291 ext 111,www.tasteofnovascotia.com, boothNumber: 3C-E02, Wine,
Weinmanufaktur Albert Glas Inh. Dominik Glas,Germany,"Raiffeisenstrasse 35, 76879 Essingen, Germany",49-6347-6601,www.albert-glas.de, boothNumber: 3D-B02,,
Weinmanufaktur Frey GmbH,Germany,"Weedegasse 10, 55234, Ober-Florsheim, Rheinland-Pfalz, Germany",49--6735941272,www.frey-wines.com, boothNumber: 3D-B02,,
Wine Partners,France,"18 Parc De La Fontaine, Salleboeuf, Bordeaux, 33370, France",33--620689024,, boothNumber: 3F-F04, Wine,
Leung Yick Company Limited,Hong Kong,"Unit 4, 18/F, Eastern Harbour Ctr, 28 Hoi Chak St, Quarry Bay, Hong Kong",852-25988034,www.leungyick.com, boothNumber: 3E-B11," Baijiu, Wine, Sparkling Wine, Spirits, Vodka, Brandy , Tequila, Chinese Liquor / Baijiu",
MC Group,Hong Kong,"Unit A, 3/F, Unison Ind Bldg, 7 Sun Yip St, Chai Wan, Hong Kong",852-25422281,www.winemc.com, boothNumber: 3G-A10," Wine, Sparkling Wine, Champagne, Spirits, Brandy ",
On Excel Fine Wines Limited,Hong Kong,"Unit 1, 13/F, The Sun's Group Ctr, 200 Gloucester Rd, Wan Chai, Hong Kong",852-25221618,www.onexcelfinewines.com, boothNumber: 3E-C02, Wine,
Sake Culture Exchange Association,Hong Kong,"Unit A, 6/F, Eastern Flower Ctr, 22-24 Cameron Rd, Tsim Sha Tsui, Kowloon, Hong Kong",852-23661785,www.sakecea.com, boothNumber: 3E-D13, Japanese Wine / Sake,
European Garnacha/Grenache Quality Wines,France,"C/O Break Events France, 4 square La Fontaine, Paris, 75016, France",33-6-52376388,www.garnachagrenache.com, boothNumber: 3G-C02, Wine,
Honour Success Trading Ltd,Hong Kong,"Room 806, Alliance Building, 130-136 Connaught Road Central, Sheung Wan, Hong Kong",852-93252532,www.laimao.com.hk, boothNumber: 3E-C30," Spirits, Chinese Liquor / Baijiu",
Adega De Palmela,Portugal,"Rua Da Adega Cooperativa, Palmela, 2950-401, Portugal",351-21-2337020,www.acpalmela.pt, boothNumber: 3C-E10,,
Adega de Pegoes,Portugal,"Rua Pereira Caldas, 1, 2985-158 Pegoes Velhos, Portugal",351--962840524,www.cooppegoes.pt, boothNumber: 3C-E10,,
Biotiful Wines,France,"2 Bis Rue Du Stand, Auxerre, Yonne, 89000, France",33-3-86472721,, boothNumber: 3G-A12," Wine, Sparkling Wine, Champagne, Beer",
Bwine,France,"Chateau de Seguin, CS80101, Lignan De Bordeaux, France",33--557971975,www.bwine-bordeaux.com, boothNumber: 3G-A11, Wine,
Casa Ermelinda Freitas,Portugal,"Rua Manuel Joao Freitas, 2965-595 Fernando Po, Portugal",351-265-988000,www.ermelindafreitas.pt, boothNumber: 3C-E10,,
Cave du Marmandais,France,"La Vieille Eglise, Cocumont, Nouvelle-Aquitaine, 47250, France",33-5-53945021,, boothNumber: 3F-F10, Wine,
Champagne Georges Vesselle,France,"16 Rue Des Postes 51150 Bouzy, 51150 Champagne, France",33--0326570015,www.champagne-vesselle.fr, boothNumber: 3G-B05, Champagne,
Champagne Paul Goerg,France,"30 rue du general leclerc Vertus, 51130, France",33--0680140968,, boothNumber: 3G-A20, Wine,
Chantovent,France,"Quai Du Port Au Vin, Languedoc, 78970, France",33-1-30985920,, boothNumber: 3G-A06, Wine,
Cognac Peyrat,France,"7 Avenue Marechal Leclerc, Cognac, Charente, 16100, France",33--556811616,www.maisonpeyrat.com, boothNumber: 3G-B01, Spirits,
Demazet Vignobles,France,"457 Avenue Aristide Briand, Morieres-Les-Avignon, 84310, France",33--490226563,www.demazet.com, boothNumber: 3G-B05, Wine,
Distillerie Vinet-Delpech SAS,France,"3 Impasse Felix Chartier, BP 12, 17520 Brie Sous Archiac, France",33--546700466,www.vinet-delpech.com, boothNumber: 3F-F12, Spirits,
Domaines Francis Abecassis,France,"Domaine De Chez Maillard, 1 route du Menager, 16440 CLAIX, France",33--545663572,www.abecassis-cognac.com/en/home/, boothNumber: 3G-A14, Wine,
Dopff & Irion,France,"1 Cour du Chateau de Riquewihr, 68340 RIQUEWIHR, France",33--389479251,www.dopff-irion.com, boothNumber: 3G-B07,,
Dubos Freres,France,"26 Cours Xavier Arnozan, Bordeaux Cedex, 33024, France",33-6-62963114,www.dubos.com, boothNumber: 3G-B01, Wine,
FDL,France,"Za Rue Montgolfier, Prahecq, Deux Sevres, 79230, France",33--549321515,www.fdlois.fr, boothNumber: 3F-F08, Wine,
Fiwine Bordeaux,France,"2 rue Georges Guynemer, 33290 Blanquefort, Gironde, 33290, France",33--556680545,www.finestwine.com, boothNumber: 3G-A05," Wine, Sparkling Wine, Spirits",
GIE Chateaux en Chine,France,"2 place de La Bourse, Bordeaux Cedex, 33076 Bordeaux, France",33--557880764,www.gie-bordeaux.com, boothNumber: 3G-A17, Wine,
J.J. Mortier,France,"62 Boulevard Pierre 1er, 33000 Bordeaux, France",33--556511313,www.mortier.com, boothNumber: 3G-A20, Wine,
LD Vins,France,"4-8 Quai De Brazza, Za De Brazza, Bordeaux, 33100, France",33--557807639,www.ldvins.com, boothNumber: 3G-A25, Wine,
Le Monde Des Crus,France,"11 rue Prunier, Bordeaux, 33300, France",33--0557193434,, boothNumber: 3F-F24," Packaging Services, Wine Bottling, Wine Tourism, Wine Labelling",
Les Vignobles Gayrel,France,"103 Av Foch, BP4, 81600 Gaillac, Tarn, France",33-5-812105,www.lesvignoblesgayrel.fr, boothNumber: 3F-F02," Alcoholic Beverages, Wine, Sparkling Wine",
Milhade,France,"5 Lyonnat, 33570 Lussac, Gironde, France",33-5-57554897,www.chateaulyonnat.com/chine/index.php, boothNumber: 3G-A09," Wine, Spirits",
Mouchao,Portugal,"Herdade do Mouchao, Casa Branca, Sousel, 7470-158 Portugal",351--268539228,http://www.mouchao.pt/, boothNumber: 3C-F20," Wine, Sparkling Wine, Spirits, Vodka, Brandy ",
PFAFF - La Cave de Vignerons de Pfaffenheim,France,"5 rue du Chai, 68250 Pfaffenheim, France",33--389785516,www.pfaffenheim.com, boothNumber: 3G-B07," Wine, Sparkling Wine",
Quinta das Arcas,Portugal,"Rua Central de Lomba, 4440-392 Sobrado-Valongo, Portugal",351--224157810,www.quintadasarcas.com, boothNumber: 3C-F20, Wine,
Ravoire & Fils,France,"340 Rue du Remoulaire, 13300, Salon De Provence, France",33--490730110,www.ravoire-fils.com, boothNumber: 3G-A18, Wine,
STIC,France,"66 rue Jean, Baptiste Lebas, 59200 Tourcoing, France",33--687746147,www.sticwine.fr, boothNumber: 3G-B19, Wine,
Sainte Famille Wines Ltd,Canada,"11 Dudley Park Lane, Falmouth, Nova Scotia B0P 1L0, Canada",1--9027988311,www.st-famille.com, boothNumber: 3C-E02, Wine,
Sivipa,Portugal,"EN 379, Km 34,7 Sitio da lage, Palmela, Estremadura, 2950-302, Portugal",351--212351264,www.sivipa.pt, boothNumber: 3C-E10,,
The Wine Merchant,France,"Parc d'Activites du Mirail - Bat. G, 23 avenue du Mirail, Artigues pres Bordeaux, 33370, France",33--557543939,www.the-wine-merchant.com, boothNumber: 3G-A22, Wine,
Vignerons Proprietes Associes,France,"32 Route de La Cave, 30420 Calvisson, France",33-6-15224989,www.myvpa.fr, boothNumber: 3G-B13, Wine,
Vignobles Vellas,France,"Chemin Transide et Cabrie, BP 8, Teyran, 34820, France",33-20459222-620459222 ext 6204,www.vellas.fr, boothNumber: 3G-B17," Packaging Services, Wine Bottling, Wine Labelling",
Vins Et Passions Sas,France,"Vins et Passions, 125 Quai des Chartrons, Bordeaux, Nouvelle Aquitaine, 33300, France",33-5-56678899,http://www.vins-passions.com/en/home/, boothNumber: 3F-F14," Wine, Spirits, Vodka, Brandy ",
Weingut Hubertushof,Germany,"Moselweinstr.12, 54349 Trittenheim, Germany",49-6507-7124,www.hubertushof-trittenheim.de, boothNumber: 3D-B02,,
Wine Around,France,"9 Rue De Conde, 33000 Bordeaux, France",33--0619337081,www.wine-around.com, boothNumber: 3G-A21, Wine,
Fritz Windisch Gmbh & Co. Kg,Germany,"Gaustrabe 54, 55278 Mommenheim, Germany",49-6138-8085,www.werther-windisch.de, boothNumber: 3D-B02,,
Anthocyane - Chateau Rousselle,France,"1 Lieu Dit Rousselle, Chateau Rousselle, Saint Ciers De Canesse, 33710, France",33-6-0557421662,www.chateaurousselle.com, boothNumber: 3F-F28, Wine,
East Power Vins Limited,Hong Kong,"Unit U, 24/F, Ph 2, Goldfield Ind Bldg, 144-150 Tai Lin Pai Rd, Kwai Chung, New Territories, Hong Kong",852-23109711,www.epvins.com, boothNumber: 3E-C20," Wine, Sparkling Wine, Champagne, Spirits",
Famille Dubois Distribution,France,"13 Les Bertrands, Reignac, Gironde, 33860, France",33-5-57324027,www.chateaulesbertrands.com, boothNumber: 3F-F06, Wine,
Maison Le Star,France,"ZAE de l'Arbalestrier, BP43, Pineuilh, 33220, France",33-5-57419150,www.maisonlestar.com, boothNumber: 3G-A14, Wine,
Partidor- Vitisvintage,France,"3 Chemin De Chollet, Arbanats, Gironde, 33280, France",33--556674778,vitisvintage.com, boothNumber: 3G-A07, Wine,
"Vignes Secretes - Dumont, Dorland & Clauzel",France,"Chateau La Tuiliere, Saint-Ciers-De-Canesse, F-33710, France",33-0-609038962,vignes-secretes.com, boothNumber: 3G-A27, Wine,
Vignobles Galineau,France,"1 Moulin de Favereau, Bordeaux, Gironde, 33790, Francew",33--687714774,, boothNumber: 3G-A08, Wine,
Wine's Link Ltd,Hong Kong,"26/F, AIA Financial Ctr, 712 Prince Edward Rd E, San Po Kong, Kowloon, Hong Kong",852-23171100,wines-link.com, boothNumber: 3E-D02," Baijiu, Wine, Sparkling Wine, Champagne, Spirits, Whisky , Chinese Liquor / Baijiu",
Ambrosia,France,"Chateau Maucamps, Macau - 19 Avenue De La Liberation, Margaux, Aquitaine, 33460, France",33-7-86977536,www.ambrosia.fr, boothNumber: 3G-A02, Wine,
Atlantic Resources Partnership Inc.,Canada,"372 Starboard Drive, Halifax, B3M0L4, Nova Scotia, Canada",1-902-4184884,http://www.atlantic-resources.ca/, boothNumber: 3C-E02, Spirits,
CACL,Canada,"6073 Forestglen Crescent, Ottawa, K1C 5N6, Ontario, Canada",1--6134154744,www.cacl.net, boothNumber: 3C-F05B, Wine,
Cad' Export,France,"29, Rue Champagne, Le Passage, Nouvelle-Aquitaine, 47520, France",33--778817717,, boothNumber: 3G-A23," Wine, Sparkling Wine",
"Camolas & Matos, Lda",Portugal,"Rua Dr. Bernardo Teixeira Botelho 66, 2950-290 Palmela, Portugal",351--212350677,www.adegacamolas.pt/, boothNumber: 3C-E10, Wine,
Cave de Ribeauville,France,"2 Route de Colmar, Ribeauville, 68150, France",33--0389732032,, boothNumber: 3G-A10, Wine,
Chateau Jean Faux,France,"Chateau Jean Faux, 33350, France",33-557-400385,http://www.chateaujeanfaux.com/, boothNumber: 3G-A13, Wine,
Chateau de Lionne,France,"Chateau de Lionne, 33720, France",33-06-52192029,https://www.chateaudelionne.net/, boothNumber: 3G-A13, Wine,
Deffarge Danger,France,"1235 Route De Couin, St Antoine De Breuilh, Dordogne, 24230, France",33-5-53275558,www.moulincaresse.com, boothNumber: 3F-F26, Wine,
Fernao Po - Winery,Portugal,"CCI 2402 Fernando Po, Palmela, 2965-545 Aguas de Moura, Setubal, Portugal",351-91-1902178,http://www.fernaopo.pt/en/, boothNumber: 3C-E10, Wine,
La Tour du Tourril,France,"Chemin des Matelles, 11200, France",33-468-913689,www.chateautourril.fr, boothNumber: 3G-B13, Wine,
Louis Vialard,France,"20 Rue De La Riviere, Pauillac, Gironde, 33250, France",33-5-56595813,www.vialard.com, boothNumber: 3F-F22, Wine,
Petite Riviere Vineyards,Canada,"1300 Italy Ceoss rd, Lunenburg County, B4V6R2, Nova Scotia, Canada",1-902-2400833,http://www.petiterivierevineyards.ca/, boothNumber: 3C-E02, Wine,
Quinta da Raza,Portugal,"Peneireiros - Veade, Celorico de Basto, 4890-571, Braga,Portugal",351--255368159,http://www.quintadaraza.pt/pt/, boothNumber: 3C-F20, Wine,
SOBOVI,France,"76 Quai de Paludate, Bordeaux, France",33-05-557807738,, boothNumber: 3G-A10,,
Sarl C. Collovray & J-L Terrier,France,"181 route de Macon, 71960, France",33--385358651,collovrayterrier.com, boothNumber: 3G-A18, Wine,
Sarl Vins Chety,France,"5 Mercier, 33710, France",33--648352120,chateau-mercier.fr, boothNumber: 3F-F18, Wine,
Scea Le Bousquet,France,"3 Tauzinat Est, Saint-Christophe Des Bardes, Nouvelle-Aquitaine, 33330, France",33-5-57744307,https://www.chateaulagrangere.com, boothNumber: 3F-F28, Wine,
Univitis,France,"Les Leves, Les Leves et Thoumeyragues, Nouvelle Aquitaine, 33220, France",33--0557560202,, boothNumber: 3G-A19, Wine,
Vignobles Denis Lafon,France,"Bracaille 1, Cars, 33390, France",33--557423304,www.denislafon.com, boothNumber: 3F-F18, Wine,
Vignobles Lobre,France,"Lieu Dit Jamin, 33580, France",33--556715510,, boothNumber: 3G-A13, Wine,
Viniverde SA,Portugal,"Avenida Fernao Magalhaes - Lugar de Agrelos, Ponte da Barca, 4980-601, Viana do Castelo, Portugal",351--258455084,www.viniverde.pt, boothNumber: 3C-F20, Wine,
Viveau,Canada,"800-1888 Brunswick St., Halifax, B3J 3J8, Nova Scotia, Canada",1-902-2200082,www.drinkviveau.com, boothNumber: 3C-E02, Spirits,
Weingut Im Zwoelberich Hartmut Heintz,Germany,"Schuetzenstrasse 14, 55450 Langenlonsheim, Germany",49-1749-919410,www.zwoelberich.de, boothNumber: 3D-B02,,
August Ernst GmbH & Co. KG,Germany,"Industriestr 27-29, 23843 Bad Oldesloe, Germany,",49-4531-8070,www.august-ernst.de, boothNumber: 3D-B02,,
Adega Coop. Vermelha,Portugal,"EN 115, Vermelha 2550-545, Portugal",351--916135912,http://www.mundus.pt/, boothNumber: 3C-F20, Wine,
Affentaler Winzer eG,Germany,"Betschgraeblerplatz, 77815 Buehl-Eisental, Germany",49-7223-9898 ext 13,www.affentaler.de, boothNumber: 3D-B02,,
Knyphausen GmbH & Co. KG,Germany,"Erbacher Str. 26, 65346 Eltville, Germany",49-6123-790710,, boothNumber: 3D-B02,,
PVM AG / Weingut meine Freiheit,Germany,"Hausener Weg 29, 60489 Frankfurt, Germany",49-4969-788088060,www.weingutmeinefreiheit.de, boothNumber: 3D-B02,,
Patriarche,France,"78 route de Challanges, 21200 Beaune, France",33--380245345,www.patriarche.com, boothNumber: 3G-C14,,
Staatlicher Hofkeller,Germany,"Residenzplatz 3, 97070 Wuerzburg, Germany",49-931-3050923,www.hofkeller.de, boothNumber: 3D-B02,,
"Weingut Dohlmuhle, Fam. Stutz GbR",Germany,"An der Dohlmuhle 7, 55237, Flonheim, Germany",49-06734-94100,, boothNumber: 3D-B02,,
Weingut Nagelsforst GmbH & Co KG,Germany,"Nagelsforst 1, Baden-Baden, 76534, Germany",49-07221-35550,, boothNumber: 3D-B02,,
Weingut Schumann - Nagler GBR,Germany,"Nothgottesstr 29, 65366 Geisenheim, Germany",49--67225214,www.schumann-naegler.de, boothNumber: 3D-B02,,
CASTEL,France,"21-24 rue Georges Guynemer, 33295 Blanquefort Cedex, France,",33--2133632691,www.groupe-castel.com, boothNumber: 3G-C14, Wine,
Einig - Zenzen Gmbh & Co. Kg,Germany,"Carl-Friedrich-Benz-Str. 8, 56759 Kaisersesch, Germany",49-265-399070,www.eizen.de, boothNumber: 3D-B02,,
Janke Zeltwanger Wine Consultancy,Germany,"Auf dem Kies 3, 67273 Weisenheim am Berg, Germany",49-171-4265505,www.top-wines.de, boothNumber: 3D-B02,,
Les Grands Chais de France,France,"1 rue de la Division Leclerc, 67290 Petersbach, France",33--0368048022,www.groupegcf.com, boothNumber: 3G-C18," Alcoholic Beverages, Wine, Sparkling Wine, Champagne, Spirits, Vodka, Brandy , Tequila",
Monte Da Ravasqueira,Portugal,"Monte da Ravasqueira, 7040-121 Arraiolos, Alentejo, Portugal",351--26200214,www.ravasqueira.com, boothNumber: 3C-F20, Wine,
Ozen Holdings Ltd,Canada,"811-6081 No 3 Road, Richmond, British Columbia V6Y 2B2, Canada",1--6047839556,www.ozenbiz.com, boothNumber: 3C-F07, Wine,
Quinta Do Piloto Vinhos Lda,Portugal,"R Helena Cardoso, Quinta Do Piloto, 2950-131 Palmela, Portugal",351--212333030,www.quintadopiloto.pt, boothNumber: 3C-E10,,
Steinhart Distillery Limited,Canada,"5963 Highway 245, Antigonish, Nova Scotia B2G 2L1, Canada",1-902-8635530,www.steinhartdistillery.com, boothNumber: 3C-E02, Spirits,
Weingut Georg Mueller Stiftung,Germany,"Eberbacher Str. 7 - 9, 65347 Hattenheim, Germany",49-6723-2020,www.georg-mueller-stiftung.de, boothNumber: 3D-B02,,
Weingut Rappenhof,Germany,"Bachstrasse 47, 67577 Alsheim, Germany",49-6249-4015,www.weingut-rappenhof.de, boothNumber: 3D-B02,,
Weingut Wilhelm Sitzius,Germany,"Naheweinstrabe 87, 55450 Langenlonsheim, Rhineland - Pfalz, Germany",49-670-41309,www.sitzius.com, boothNumber: 3D-B02,,
My Cellar French Wine Ltd,Hong Kong,"2306A, Well Fung Industrial Center, 68 Ta Chung Ping Stre Kwai Chuen, N.T., Hong Kong",852-24289955,http://www.mycellarhk.com/, boothNumber: 3E-C19," Japanese Wine / Sake, Wine, Sparkling Wine, Champagne, Spirits",
Royal Orchid Wine (Hong Kong) Company Limited,Hong Kong,"Suite 3607, 36/F, Skyline Tower, 39 Wang Kwong Rd, Kowloon Bay, Kowloon, Hong Kong",852-24083090,www.royalorchid.com.hk, boothNumber: 3E-B20," Alcoholic Beverages, Wine, Sparkling Wine, Champagne",
Wiseville (Asia-Pacific) Limited,Hong Kong,"Unit 1, 34/F, Cable TV Twr, 9 Hoi Shing Rd, Tsuen Wan, New Territories, Hong Kong",852-24112006,www.wiseville.com.hk, boothNumber: 3E-B19,,
Pelee Island Winery,Canada,"455 Seacliff Drive, Kingsville, Ontario, N0R 1G0, Canada",1--5197336551,www.peleeisland.com, boothNumber: 3C-F05A, Wine,
Taiwan Tobacco & Liquor Corporation,Taiwan,"No. 4, Sec 1, Nanchang Rd, Taipei, Taiwan",886-2-23214567,www.ttl.com.tw, boothNumber: 3E-C37," Wine, Beer, Whisky , Chinese Liquor / Baijiu",
Cooperativa Agricola Sto. Isidro de Pegoes CRL,Portugal,"Rua Pereira Caldas, 1, 2985-158 Pegoes Velhos, Setubal, Portugal",351--265898860,www.cooppegoes.pt, boothNumber: 3C-F20," Wine, Sparkling Wine, Spirits",
Badischer Winzerkeller eG,Germany,"Zum Kaiserstuhl 16, 79206 Breisach am Rhein, Germany",49-7667-900 ext 0,www.badischer-winzerkeller.de, boothNumber: 3D-B02,,
Golden Glory Ford Limited,Hong Kong,"Unit 06, 11/FI, K83, 83 Tai Lin Pai Road, Kwai Chung, Kowloon, Hong Kong",852-24280896,www.ggfhk.com, boothNumber: 3E-E23," Wine Glasses &amp; Glassware, Bar Accessories, Cocktail Shakers, Ice / Wine Buckets, Wine / Can Coolers",
CAP - Confederacao dos Agricultores de Portugal,Portugal,"Rua Mestre Lima de Freitas, 1, 1549-012 Lisboa, Portugal",351-21-7100040,http://www.cap.pt/, boothNumber: 3C-F20, Wine,
Gifu Prefectural Government,Japan,"2-1-1 Yabutaminami, Gifu 5008570, Japan",81-58-2728090,, boothNumber: 3D-C20, Japanese Wine / Sake,
Southern United States Trade Association (Susta),USA,"701 Poydras Street, Suite 3845, New Orleans, LA 70139, USA",1-504-5686010,www.susta.org, boothNumber: 3C-D01," Wine, Spirits",
Tottori Federation of Small Business Associations,Japan,"1-96, Tomiyasu, Tottori 6800845, Japan",81-857-266671,, boothNumber: 3E-A01, Japanese Wine / Sake,
Elegant Fine Wine (H.K.) Limited,Hong Kong,"Unit 6a, 14/F, Nanyang Plaza, 57 Hung To Rd, Kwun Tong, Kowloon, Hong Kong",852-23884880,www.efwhk.com, boothNumber: 3E-B26, Wine,
AF Trade Limited,Hong Kong,"Unit B2, 7/F, Wah Shing Ind Bldg, 18 Cheung Shun St, Cheung Sha Wan, Kowloon, Hong Kong",852-28035220,www.aft-liquor.com/, boothNumber: 3CON-076," Wine Education, Alcoholic Beverages, Spirits, Whisky ",
Australian Wines Wholesale Centre,Hong Kong,"Flat 4, 10/f, Goldfield Ind Centre, 1 Sui Wo Road, Fo Tan, Hong Kong",852-39968249,australiawines.com.hk, boothNumber: 3E-B28, Wine,
Casa Vinho HK Limited,Hong Kong,"Unit 5, 3/F, Wing Fat Ind Bldg, 12 Wang Tai Rd, Kowloon Bay, Kowloon, Hong Kong",852-27566098,www.casavinhohk.com, boothNumber: 3E-C08," Wine, Sparkling Wine, Spirits, Tequila",
Europa,Hong Kong,"Unit 2502-C, 25/F, Wing Fung Ind Bldg, 40-50 Sha Tsui Rd, Tsuen Wan, New Territories, Hong Kong",852-22058080,www.gvwine.com, boothNumber: 3E-A34," Wine, Sparkling Wine, Whisky , Brandy ",
Japous Square Limited,Hong Kong,"Unit B2, 11/F, Loyong Court Comm Bldg, 212-220 Lockhart Rd, Wan Chai, Hong Kong",852-98098600,www.japous.com, boothNumber: 3E-D10," Preserved Food, Processed Food, Japanese Wine / Sake, Alcoholic Beverages, Wine, Sparkling Wine, Confectionary &amp; Snacks, Nut / Kernel / Bean Snacks",
Liquid Gold Corporation Limited,Hong Kong,"Flat 8-9 & 15, 21/F, 1 Hung To Road, Kwun Tong, Hong Kong",852-27555110,www.liquidgold.com.hk, boothNumber: 3E-A20," Japanese Wine / Sake, Spirits, Whisky ",
Maison A.E.Dor,France,"Z.I de Souillac, allee des Trois Jeannettes, Jarnac 16200, France",33--545368868,www.aedor.com, boothNumber: 3G-D01," Spirits, Brandy ",
Million Base International Ltd,Hong Kong,"Unit H, 5/F, Yue Cheung Ctr, 1-3 Wong Chuk Yeung St, Sha Tin, New Territories, Hong Kong",852-31880598,, boothNumber: 3E-D07, Japanese Wine / Sake,
Bodegas Gardel S.L.,Spain,"Calle Toledo N.2, Las Mesas, Cuena, Spain",34--622841026,, boothNumber: 3D-B30, Wine,
Hyogo Prefectural Government,Japan,"5-10-1, Shimoyamate-dori, Chuo-ku, Kobe, Hyogo 650-8567, Japan",81-78-3623328,web.pref.hyogo.lg.jp/fl/index.html, boothNumber: 3D-D23, Japanese Wine / Sake,
Marrenon,France,"la tour d'Aigues, 84240, France",33-4-90072734,www.marrenon.com,, Wine,
Redsip Limited Company,Hong Kong,"Redsip 9/F Cyberport 3, Core F, 100 Cyberport Road, Hong Kong, Hong Kong",852-62596100,www.redsip.co, boothNumber: 3E-D20, Trade Association &amp, Media
Suntime Grand Cellar (Hong Kong) Limited,Hong Kong,"No.24, Somerset Road, Kowloon Tong, Hong Kong",852-23772886,suntimefood.com, boothNumber: 3E-D19," Japanese Wine / Sake, Wine",
Morande Wine Group,Chile,"Santelices 2830, Isla de Maipo, Santiago 7590000, Chile",56-9-76097102,www.chileangrapegroup.com, boothNumber: 3C-E20," Alcoholic Beverages, Wine, Sparkling Wine",
Qingdao Kenny's Commercial & Trading Co. Ltd,Mainland China,"No.123A, Shinan District, Qingdao, China",86-532-13605324018,, boothNumber: 3G-D27, Wine,
TGD Consolidations Asia (HK) Ltd,Hong Kong,"Unit 1-2, 19/F, Seapower Ctr, 73-77 Lei Muk Rd, Kwai Chung, New Territories, Hong Kong",852-24280558,ww.tgd.fr, boothNumber: 3E-D36, Wine Storage &amp,  Logistics
Wine Quality,Greece,"Episkopi, Naoussa 59200, Greece",30-2332-044274,, boothNumber: 3E-A29, Wine,
Anun Wines,Chile,"Dario Urzua 2085, Providencia, Santiago, 7500000, Chile",56-2-23265681,www.anunwines.com, boothNumber: 3C-F19, Wine,
Asian Wine Producers Association,Thailand,"17/8 Sukhumvit Soi 6, Sukhumvit Road, Klongtoey, Bangkok 10110, Thailand",66-2-6521522,www.asianwinesassociation.com, boothNumber: 3C-F10," Wine, Sparkling Wine",
"Australian Wine Supply Group Pty.,Ltd.",Australia,"24 Beulah Road, Norwood, SA 5067, Australia",61-8-83646532,, boothNumber: 3C-E01, Wine,
Bunnamagoo Estate,Australia,"603 Henry Lawson Drive, Mudgee, NSW 2850, Australia",61--400504057,www.bunnamagoowines.com.au, boothNumber: 3C-D02, Wine,
Japan Metalware Industrial Association,Japan,"Tsubame Chanbers of Commerce & Industry, Higashiouta6856, Tsubame city 959-1215, Niigata, Japan",81--256634116,, boothNumber: 3D-D19," Ice / Wine Buckets, Wine / Can Coolers",
Salena Estate Wines,Australia,"837 Bookpurnong Road, Loxton Berri, SA 5333, Australia",61-8-8584 ext 1333,www.salenaestate.com.au, boothNumber: 3C-E09, Wine,
The Gilbert Family Wine P/L,Australia,"PO BOX 773, Mudgee, NSW 2850, Australia",61-2-63731371,, boothNumber: 3C-E07A, Wine,
Vina Siegel S.A.,Chile,"Fundo San Elias S/N, Palmilla, VI Region, Chile",56-72-2823836,www.siegelvinos.com, boothNumber: 3C-F25A, Wine,
Wines by Geoff Hardy,Australia,"327 Hunt Rd, McLaren Vale, South Australia 5171, Australia",61-8-83832700,www.winesbygeoffhardy.com.au, boothNumber: 3C-E11, Wine,
Winestate Publishing Pty Ltd,Australia,"81 King William Road, Unley, Adelaide, SA 5061, Australia",61-8-83579277,www.winestate.com.au, boothNumber: 3C-D10," Trade Association &amp; Media, Wine",
"Move On Fine Wines Co., Limited",Hong Kong,"18/F, Rykadan Capital Twr, 135 Hoi Bun Rd, Kwun Tong, Kowloon, Hong Kong",852-37084340,, boothNumber: 3E-C25," Baijiu, Wine",
Australian Trendy Savour Winery Co.,Hong Kong,"Unit 6, 9/F, W668, Nos. 668/680, Castle Peak Road, Kowloon, Hong Kong",852-90799978,, boothNumber: 3E-B24, Wine,
Axisys Technology Consulting Ltd,Hong Kong,"Rm.18b, 10/F, Goldfield Industrial Centre, 1 Sui Wo Road, Fo Tan,",852-26901926,, boothNumber: 3E-D26,,
"Hong Kong Vinternet International Trading Co., Limited",Hong Kong,"RM 1502 (38), Easey Comm Bldg, 253-261 Hennessy Road, Wanchai, Hong Kong",852-95449405,, boothNumber: 3E-D23, Wine,
House Wines Limited,Hong Kong,"16/F, The Executive Centre, The Hong Kong Club Bldg, 3A Chater Rd, Central, Hong Kong",852-61326319,, boothNumber: 3E-B25, Wine,
Open Bottle (Hong Kong) Limited,Hong Kong,"14/F, Cheung Lee Industrial Building, 9 Cheung Lee Street, Chai Wan, Hong Kong",852-25421166,www.openbottle.com.hk, boothNumber: 3E-A24," Alcoholic Beverage, Japanese Wine / Sake, Wine Storage &amp;  Logistics, Soju, Yellow Wine, Trade Association &amp; Media, Baijiu, Alcoholic Beverages, Wine, Sparkling Wine, Champagne, Spirits, Vodka, Whisky , Brandy , Chinese Liquor / Baijiu",
THE WINE LINK ASIA LTD,Hong Kong,"Unit 1104, 11/F, Crawford House, 70 Queen's Road Central, Central, Hong Kong",852-96658515,www.thewinelink.net, boothNumber: 3E-D25," Wine, Sparkling Wine",
Vantec Hitachi Transport System (HK) Ltd,Hong Kong,"Unit 6-10, 5/F, Delta Hse, 3 On Yiu St, Sha Tin, New Territories, Hong Kong",852-27800099,www.hitachi-transportsystem.com/en/, boothNumber: 3E-E19, Wine Storage &amp,  Logistics
Bless Team Limited,Hong Kong,"Room 1202, On Hong Commercial Building, 145 Hennessy Road, Wan Chai, Hong Kong",852-57038319,www.MiMi-Beer.com, boothNumber: 3CON-072, Beer,
Lion Rock Brewery Ltd,Hong Kong,"Unit 1, 14/F, Man Shing Industrial Building, 307-311 Castle Peak Kwai Chung, Hong Kong",852-63080105,www.lionrockbeers.com/eng/index.html, boothNumber: 3CON-071, Beer,
Smash Ltd,Hong Kong,"Flat B, 6/F, Teda Building, 87 Wing Lok Street, Sheung Wan, Hong Kong",852-63170800,www.smashbeers.com, boothNumber: 3CON-070, Beer,
TV Brewing Company Limited,Hong Kong,"Unit 5, 7/F, Block 2, Nan Fung Industrial City, No. 18 Tin Hau Road, Tuen Mun, N.T., Hong Kong",852-98476838,, boothNumber: 3CON-069, Beer,
WINE-INVEST LIMITED,Hong Kong,"15/F, Tower 2, Admiralty Centre, 18 Harcourt Road, Admiralty, Hong Kong",852-52387878,wine-invest.hk, boothNumber: 3E-D27," Wine Investment, Wine",
Hing Lung Food Place Limited,Hong Kong,"Room 1602, 16/F, Hing Lung Commercial Building, 68-74 Bonham Strand, Sheung Wan, Hong Kong",852-25415072,www.sake.com.hk, boothNumber: 3E-B16," Japanese Wine / Sake, Wine",
Hong Kong Wine Ltd,Hong Kong,"RM 711, L7/F, The Metropolis Mall, Metropolis Drive, Hung Hom, Kowloon, Hong Kong",852-23830219,www.hkwineltds.com/, boothNumber: 3E-B31," Alcoholic Beverages, Wine, Sparkling Wine, Champagne, Brandy ",
Maitre De Vin Limited,Hong Kong,"12/F, Blk 3, Tai Ping Ind Ctr, 53 Ting Kok Rd, Tai Po, New Territories, Hong Kong",852-95546075,www.maitredevin.com, boothNumber: 3E-D24," Wine Glasses &amp; Glassware, Wine Bag, Bar Accessories, Corkscrews, Decanters, Wine / Can Coolers, Wine Racks, Wine Stoppers",
Patek Wines Cellar Company Limited,Hong Kong,"Unit 11, 9/F, Chinachem Golden Plaza, 77 Mody Rd, Tsim Sha Tsui, Kowloon, Hong Kong",852-36919184,www.patekwines.com.hk, boothNumber: 3E-B23, Wine,
Vinottle Wines Limited,Hong Kong,"Unit 8, 1/F, Blk A, Cambridge Plaza, 188 San Wan Rd, Sheung Shui, New Territories, Hong Kong",852-28850937,www.vinottle.com, boothNumber: 3E-E07," Wine, Champagne",
WineWorld Xplorer,Hong Kong,"7/F, Times Twr, 391-407 Jaffe Rd, Wan Chai, Hong Kong",852-25606238,www.wwxplorer.com, boothNumber: 3E-C23," Wine Storage &amp;  Logistics, Wine Investment, Wine, Sparkling Wine, Champagne",
Atticus Wines Estates,Australia,"37 Mount View Terrace, Mount Pleasant WA 6153, Australia",61--413218328,www.chapmangrove.com.au, boothNumber: 3C-E07B, Wine,
Birrificio Otus Srl,Italy,"Via Fonderia Rumi, 7 Seriate",39--3485386400,www.birrificiootus.com, boothNumber: 3CON-065, Beer,
Descas Pere & Fils,France,"65 Quai de Brazza, 33100 Bordeaux, France",33--0557541414,www.descas.com, boothNumber: 3G-C12, Wine,
Filibuster Barells LLC,USA,"1200 9th St. NW, Washington DC 20001",1-202-2891414,filibusterbourbon.com/, boothNumber: 3C-D07, Spirits,
Gun Bay Wines and Spirits Pty Ltd,South Africa,"10 Sleepy Hollow Lane, Noordhoek, Cape Town, South Africa, Republic Of",27-72-2668208,www.gunbay.co.za, boothNumber: 3C-F26, Wine,
Hangzhou Miao Biological Technology Co. Ltd,Mainland China,"51008, 178 Qiutao Road, Shangcheng District, Hangzhou City, Zhejiang Province, China",86-571-18768175829,, boothNumber: 3G-F01, Yellow Wine,
Marc Brugaliere Wine Selection Ltd,France,"22 Av Francis Vals, 11370 Leucate, France",,, boothNumber: 3G-C06,,
Mestrezat Grands Crus,France,"1 rue de la Seigliere, Bordeaux 33800, France",33--0557572553,, boothNumber: 3G-D11, Wine,
Obolon PrJSC,Ukraine,"Bogatyrska Str. 3, Kiev 04212, Ukraine",380-44-3541911 ext 2736,, boothNumber: 3CON-067, Beer,
Sun Valley Exports,Australia,"77 Batswater Rd, Rushcutters Bay, New South Wales 2011, Australia",61-468-493494,www.sunvalleyexports.com.au, boothNumber: 3C-D08, Wine,
"Tatricia Glass Co.,Ltd",Taiwan,"No.14-30, Tian Fu Road, Tian Fu Li San Hsai, Taipei, 238, Taiwan",886-2-62922656,, boothNumber: 3E-E21," Wine Glasses &amp; Glassware, Bar Accessories, Decanters, Wine / Can Coolers, Wine Racks",
The Red Kangaroo Wine Company,Australia,"P.O. Box 242, Warragul, Victoria 3820, Australia",61-40-7882749,www.redkangaroowine.com, boothNumber: 3C-D04, Wine,
Uncle Nearest,USA,"3125 Highway, 231 N Shelbyville, TN, 37160, USA",1-44-07802254484,unclenearest.com/, boothNumber: 3C-D09, Spirits,
Viner International,USA,"2214 Bee Creek Rd Spicewood, TX 78669, Texas, USA",1-713-5400799,www.vinerinternational.com/, boothNumber: 3C-D11, Spirits,
Casa Santos Lima - Companhia das Vinhas S.A,Portugal,"Quinta da Boavista, Aldeia Galega da Merceana, Alenquer 2580-081, Portugal",351-26-3760621,casasantoslima.com, boothNumber: 3C-F14," Wine, Sparkling Wine",
Darwin Vineyards,Chile,"Roger de Flor N. 2736 Dato 71, Las Condes, Santiago, Chile",56-224-054100,www.darwinvineyards.com, boothNumber: 3C-F23, Wine,
"Explotaciones Hnos. Delgado, S.L.",Spain,"Villarrobledo 37, 13630 Socuellamos, Ciudad Real, Spain",34--926699107,www.bodegaehd.com, boothNumber: 3D-C31," Wine, Sparkling Wine",
Transcosmos Inc,Japan,"3-25-18, Shibuya, Shibuya-ku, Tokyo 150-8530, Japan",81-3-43631111,transcosmos.com, boothNumber: 3D-D21, Japanese Wine / Sake,
Vina Echeverria,Chile,"Vinedos la Estancia S/N, Molina 3380000, Chile",56-9-75588416,www.echewine.com, boothNumber: 3C-E26A, Wine,
Vina Maria S.L.,Spain,"13610 Campo de Criptana, Ciudad Real, Cdad. Real, Spain",34-926-180009,www.vinamaria.es, boothNumber: 3D-C29," Wine, Spirits, Whisky , Brandy ",
Bodegas Castillejo de Robledo,Spain,"Carretera de Castillejo a Langa s/n Soria, Castillejo de Robledo, Soria 42328, Spain",34-671-228446,www.bodegascastillejo.com, boothNumber: 3D-C27, Wine,
Carolina Wine Brands,Chile,"Til Til 2228, Macul, Santiago, Chile",86-021-62480041,carolinawinebrands.com/, boothNumber: 3C-F25B, Wine,
Grand Cru Cellar International Limited,Hong Kong,"Room 1513, One Harbourfont, 18 Tak Funk Street, Hunghom, Kowloon, Hong Kong",852-28773668,www.gccellar.com, boothNumber: 3E-D14," Wine, Sparkling Wine, Champagne",
Hong Hai Xin (HK) Printing and Gifts Company,Hong Kong,"Unit 10, 10/F, Blk D, Tung Fat Bldg, 45-61 Kam Ping St, North Point, Hong Kong",852-23429980,www.honghaixin.com, boothNumber: 3E-E27," Packaging Services, Wine Labelling",
Hong Kong Wine Vault,Hong Kong,"6/F, Ha Lung Ind Bldg, 52 Wong Chuk Hang Rd, Wong Chuk Hang, Hong Kong",852-28701800,www.winevault.com.hk, boothNumber: 3E-C24," Alcoholic Beverages, Wine, Sparkling Wine, Champagne",
Lammershoek Winery,South Africa,"Aprilskloof,P aardeberg, Malmesbury, Western Cape 7300, South Africa, Republic Of",27-22-4822835,www.lammershoek.co.za, boothNumber: 3C-F28B, Wine,
Liquid Gold Development Strategy Company Limited,Hong Kong,"Shop 17, B/F, Prosperity Bldg, 59A-61C Tung Choi St, Mong Kok, Kowloon, Hong Kong",852-69350318,www.lgds.com.hk, boothNumber: 3E-C12, Sparkling Wine,
Matetic Wine Group,Chile,"Avenida Vitacura 5250, Vitacura, Santiago, Chile",56-2-26111501,matetic.com/, boothNumber: 3C-F28A, Wine,
Milestone Beverages HK Ltd,Hong Kong,"Shop 4-7, 158A Connaught Road West, Sai Ying Pun, Hong Kong",852-98203377,, boothNumber: 3E-C14," Wine, Sparkling Wine, Spirits",
Nobel Chile SpA,Chile,"Los Refugios 19000 Parcela 90 Lo Barnechea, Region Metropolitana, Santiago, Chile",56-9-78750024,www.nobelchile.com, boothNumber: 3C-E26B, Wine,
Norwegian Food & Beverages Co Limited,Hong Kong,"Rm 805, 8/F, Kenning Industrial Bldg., 19 Wang Hoi Road, Kowloon Bay, Kowloon, Hong Kong",852-21914591,www.norwegiancider.com, boothNumber: 3E-D12, Alcoholic Beverage,
Palinda Wines (H.K.) Limited,Hong Kong,"Unit 10, 4/F, Twr 1, Harbour Ctr, 1 Hok Cheung St., Hung Hom, Kowloon, Hong Kong",852-27742838,www.palinda.com, boothNumber: 3E-E11," Wine, Sparkling Wine",
Santos & Seixo,Portugal,"Rua Prof. Henrique de Barros, Nr. 4, 1o A Edificio Sagres, Prior Velho Lisboa, Portugal 2685-338",351-21-8222308,http://www.santoseseixo.pt/, boothNumber: 3D-A11, Wine,
Simma Wine & Vineyards spa,Chile,"Rosario Norte 615 Of 2102, Las Condes, Santiago, Chile",56-2-27258836,simmavineyards.cl, boothNumber: 3C-E24, Wine,
Winemap Trading Ltd,Hong Kong,"Unit 4, 9/F, Fook Yip Bldg, 53-57 Kwai Fung Crescent, Kwai Chung, New Territories, Hong Kong",852-60538132,winemap.hk, boothNumber: 3E-D37," Baijiu, Wine, Champagne",
Savhuset Are AB,Sweden,"Storsjostraket 15 F, Ostersund 83134, Sweden",46-70-5632660,www.savhuset.com, boothNumber: 3C-E08," Sparkling Wine, Spirits",
Sharab Import & Distribution Company,Hong Kong,"Unit 909, 9/F, Hong Kong Plaza, 188 Connaught Road West, Western District, Hong Kong",852-64468370,www.sharabhk.com, boothNumber: 3CON-066," Alcoholic Beverages, Beer",
Aceo Ltd,United Kingdom,"No 9 The Old Barn, Highnam Business Centre, Gloucester GL2 8DN, United Kingdom",44-1452-762024,, boothNumber: 3D-D29," Spirits, Vodka, Whisky , Tequila",
Alarcon Enterprise Limited,Hong Kong,"Unit 3, 5/F, Texwood Plaza, 4-6 How Ming St, Kwun Tong, Kowloon, Hong Kong",852-31021383,www.alarconenterprise.com, boothNumber: 3E-E15," Alcoholic Beverages, Sparkling Wine",
Cantina Colli Euganei s.c.a.,Italy,"314, Via Marconi, Vo' euganeo, 35030, Italy",39--0499940011,,," Wine, Sparkling Wine",
DFV Fine Wines Limited,Hong Kong,"5th Floor, Yue Xiu Industrial Building, 87 Hung To Road, Kwun Tong, Kowloon, Hong Kong",852-35496165,www.dfv.com.hk, boothNumber: 3E-C10,,
Ever Hill (Hong Kong) Limited,Hong Kong,"Unit A, 21/F, Ph 2, Vigor Ind Bldg, 49-53 Ta Chuen Ping St, Kwai Chung, New Territories, Hong Kong",852-23047088,, boothNumber: 3E-D08," Alcoholic Beverages, Wine, Sparkling Wine",
Fin Leaf Wines Ltd.,Hong Kong,"Rm. 3112, 31/F, Cable TV Tower, 9 Hoi Shing Rd, Tsuen Wan, New Territories, Hong Kong",852-35950658,www.finleafwines.com, boothNumber: 3E-E05," Alcoholic Beverages, Wine, Sparkling Wine, Champagne, Spirits",
Fremantle International Limited,Hong Kong,"Unit G, 10/F, Blk 3, Golden Dragon Ind Ctr, 172-180 Tai Lin Pai Rd, Kwai Chung, New Territories, Hong Kong",852-34283568,www.fremantle.com.hk/site_fremantle/, boothNumber: 3E-D11," Wine Glasses &amp; Glassware, Decanters, Wine, Sparkling Wine, Champagne, Spirits",
House of Fine Wines Limited,Hong Kong,"Unit 8E, 8/F, Wang Kwong Ind Bldg, 45 Hung To Road, Kwun Tong, Kowloon, Hong Kong",852-23454377,www.hofws.com, boothNumber: 3E-B34,,
Kwong Tai Hong Sealand Products Co Ltd,Hong Kong,"G/F, Kian Nan Mansion, 81-85 Bonham Strand West, Sheung Wan, Hong Kong",852-25446846,www.kwongtaihong.com.hk, boothNumber: 3E-B09, Wine,
Liquid Bless Company Limited,Hong Kong,"Room 35, 21/F, Block D, Wah Lok Industrial Centre, 31-35 Shan Mei Street, Fotan, Shatin, New Territories, Hong Kong",852-31623962,liquidbless.com.hk, boothNumber: 3E-D09, Wine,
Maple International Enterprise Ltd,Hong Kong,"Unit 10, 3/F, Kowloon Bay Ind Ctr, 15 Wang Hoi Rd, Kowloon Bay, Kowloon, Hong Kong",852-29888122,www.maple.hk, boothNumber: 3E-D06, Wine,
T&A Fine Wine Company Ltd,Hong Kong,"Unit B, 15/F, Cameron Plaza, 23 Cameron Rd, Tsim Sha Tsui, Kowloon, Hong Kong",852-51206557,http://www.tafinewines.com.hk/, boothNumber: 3E-C33, Wine,
Winfield Enterprise,Hong Kong,"Unit 4B, 2/F, Wah Shing Ctr, 11 Shing Yip St, Kwun Tong, Kowloon, Hong Kong",852-27951735,, boothNumber: 3E-B27, Wine,
Bodega Otazu,Spain,"Senorio de Otazu s/n, 31174, Pamplona, Navarra, Spain",34-948-329200,otazu.com, boothNumber: 3D-B32," Wine, Sparkling Wine",
Estrella Galicia,Spain,"Jose Maria Rivera Corral 6, A Coruna, Galicia 15008, Spain",34-981-901906,http://www.riveraeurope.com/en/portada/, boothNumber: 3D-B34," Alcoholic Beverage, Wine, Beer",
Hong Kong Bright & Beyond Group Limited,Hong Kong,"Unit 3, 2/F, Tesbury Ctr, 28 Queen's Rd E, Wan Chai, Hong Kong",852-21693876,www.hkbnbg.com, boothNumber: 3E-C28, Wine,
Shin Group Corporation Limited,Hong Kong,"Flat/Rm E 3/F, Capital Trade Centre, 62 Tsun Yip Street, Kwun Tong, Hong Kong",852-28659112,, boothNumber: 3E-A10," Japanese Wine / Sake, Alcoholic Beverages, Spirits, Whisky ",
Edrington Hong Kong Limited,Hong Kong,"Unit 2-7, 12/F, Exchange Tower, 33 Wang Chiu Rd, Kowloon Bay, Kowloon, Hong Kong",852-28317314,, boothNumber: 3CON-SC1, Whisky ,
CN Logistics Ltd,Hong Kong,"13/F Park Sun Building 97-107 Wo Yi Hop Road Kwai Chung, New Territories, Hong Kong",852-29432006,www.cnlogistics.com.hk,,,
Wing Chun Gift Boxes Product (HK) Co Ltd,Hong Kong,"Unit B, 8/F, Shun Luen Factory Building, 86 To Kwa Wan Rd., To Kwa Wan, Kowloon, Hong Kong",852-23335087,www.wing-chun.com.hk,,,
Kyto Trading,Hong Kong,"Flat B, 5/F., Wing Yu Building, 31-33 Bonham Strand West, Sheung Wan, Hong Kong",852-65861417,www.kytotrading.com,,,
Jovenstars International Logistics (Hong Kong) Limited,Hong Kong,"9/F, Wyler Centre Phase II, 192-200 Tai Lin Pai Road, Kwai Chung, N.T., Hong Kong",852-24101818,www.jovenstarslogistics.com.hk,,,
