name,country,companyAddress,telephone,website,boothNumber,productCategory
Fablinen Exports,India,"D- 420 Defence Colony, 1st Floor, NCT of Delhi, New Delhi 110024 India",,,3B-C16,Bed Linens
Export Promotion Council for Handicrafts,India,"EPCH House Plot No.1, PKT-6&7, Sector C, LSC Vasant Kunj, New Delhi 110070, India",,www.epch.in,3B-D13,
"Jiande Xiehe Home Textiles Co., Ltd.",China,"Huang Li Yang Development Qiantan Town, Jiande City, Hangzhou, Zhejiang, China",,,3B-E19,Carpet
"Qingdao Weirui Textile & Garment Co., Ltd.",China,"Room 102, Unit 2, Building 28, Haier East City, No.16, Liaoyang Road, Qingdao, Shandong, China",,,3B-E11,Baby Bedding Set
Xuzhou Yonghe Home Textile Factory,China,"Room 1108 Building C, Wanda Plaza, Yunlong District, Xuzhou, Jiangsu 221004, China",,www.yhsilk.com,3B-E02,Baby Bedding Set
"Ezunited Enterprise Co., Ltd",China,"Room 1208, Ba Qi Er Road, Tian He, Guangzhou, Guangdong, China",,,3B-F09,Curtains
"Dongguan Jiamingda Household Textile Co., Ltd.",China,"No.3, Fuxin Road, 3rd Village, Baisha Community Humen Town, Dongguan, Guangdong, China",86076985192076,www.jiamingda.com,3B-F19,Towels
Ceejay International,India,"4/75 A Viharika, Baluganj, Agra, Uttar Pradesh 282001, India",9115624000338,,3B-E31,
Texmart Exports,India,"26 Vivekananda Nagar, Sengunthapuram 9th Cross, Karur, Tamil Nadu 639002, India",9104324233396,,3B-B17,Baby Quilt
Indian Linen Company,India,"R/D. B-31, Shanti Kunj, Behind D-3 Vasant Kunj, New Delhi, Delhi 110070, India",9101126896830,,3B-D11,Bath Mats
Shenzhen Monde Enterprise Development Company Ltd,China,"No.3 Min An Street, Yongkou Industry Zone, Houjie Town, Dongguan, Guangdong 523947, China",8676985999930,www.mondelinen.com,3B-E05,Cleaning Cloths
"Foshan Huarui Economic and Trade Co., Ltd.",China,"Room 503, Block D, Tongji Square, 66 Tongji Road, Chancheng District, Foshan, Guangdong, China",8675783353077,,3B-D38,Tapestry
"Zhejiang Over-Boundary (Group) Co., Ltd",China,"No.666 Yong Zai Road, Pujiang, Jinhua, Zhejiang 322200, China",8657989389361,,3B-B03,Pillow Cases
Pujiang County Shengkai Textile Factory,China,"No.18 Xiang Bei Road, Xianhua Street, Pujiang, Jinhua, Zhejiang 322200, China",8657989385826,,3B-A08,
"Pujiang Yihui Arts & Crafts Co., Ltd.",China,"No.8 Bao Zhang Road, Pujiang Economic Development Zone, Pujiang, Jinhua, Zhejiang 322200, China",8657989375902,,3B-A04,Bed Linens
Yiwu Peiyuan Houseware Factory,China,"No.2 Fuhua Road, Heyetang Industrial, Yiwu, Zhejiang, China",8657985859881,,3B-E20,Baby Pillow
Zhejiang Pujiang Jinlong Arts & Crafts Company Limited,China,"No.8 Nishan Road, Pujiang Economic Development Zone, Jinhua, Zhejiang 322200, China",8657984200188,,3B-B11,Textile Floor Mat
"Zhejiang Pujiang Tianhe Crafts Co., Ltd.",China,"No.326 Qianfang Road, Economic Development Zone, Pujiang, Jinhua, Zhejiang 322200, China",8657984200035,,3B-B07,Textile Floor Mat
Zhejiang Qianbaihui Home Textile Co Ltd,China,"No.9 Jinshan Road, Pujiang, Jinhua, Zhejiang 322200, China",8657984150602,,3B-A02,Quilts
"Jinhua Juxin Machinery Manufacture Co., Ltd",China,"Caozhai Town East Industrial Zone, _, Jinhua, Zhejiang, China",8657982885508,www.bywycn.com,3B-S06,
"Ningbo Jemo Textile Tech Co., Ltd.",China,"Rm.621, No.11 Yayuan North Road, Haishu District, Ningbo, Zhejiang 315000, China",8657482021296,,3B-F18,Cushion Cases
"Tongxiang Orient Bright Pearl Fashion Bedding Co.,Ltd",China,"No.1 North Street, Nan Ri Town, TongXiang City, Jiaxing, Zhejiang, China",8657388915030,www.obpbedding.com,3B-D36,
Tongxiang Mijia Home Textile Company Limited,China,"Yongxiu Street, Zhouquan Town, Tongxiang, Jiaxing, Zhejiang 314513, China",8657388576188,www.mijiacarpet.com,3B-S10},Machine Woven Rugs
Zhejiang Canyuan Home Textile Company Limited,China,"No.3 Qujiabang Industrial Park, Zhouquan Town, Jiaxing, Zhejiang 314513, China",8657388575555,www.9199.cn/,3B-F32,Quilts
Tongxiang Tengfei Quilt Company Limited,China,"Dongsheng Street, Yima Village, Zhouquan Town, Tongxiang, Jiaxing, Zhejiang 314513, Mainland China",8657388551217,,3B-F30},Bed Linens
Tongxiang Xinsilu Textile Company Limited,China,"No.535 Yongxing Road, Tongxiang, Jiaxing, Zhejiang 314513, China",8657388528967,www.xinsilutex.com,3C-A23,Furniture Fabrics
"Tongxiang Dinor Textile Co., Ltd",China,"No.306 Chuangye Road, Zhouquan Town, Tongxiang, Zhejiang 300000, China",8657388516888,,3B-S09},Furniture Fabrics
"Zhejiang Lizun Home Textile Co., Ltd",China,"Maming Village, Zhouquan Town, Jiaxing, Zhejiang 314513, Mainland China",8657381888101,,3B-F26,Bed Linens
Tongxiang Wendao Textile Company Limited,China,"No.66 Juxian Road, Zhouquan Town, Jiaxing, Zhejiang 314516, China",8657380899886,www.wendaotextile.com,3C-A31,Cushions
Hangzhou Yongrun Commodity Co Ltd,China,"Fengdu Industry Area 2, Pingyao Town, Yuhan District, Hangzhou, Zhejiang, China",8657188521791,www.hz-yongrun.com,3B-S03,
"Zhejiang International Trade & Exhibition Co., Ltd.",China,"18/F Guodu Business Building, No.361 Fengqi Road, Hangzhou, Zhejiang 310003, China",8657187702809,,3B-A05,
"Jinan Huatian Leinuo Trade Co., Ltd",China,"Room 1401, Rongji Building, 168 Huayuan Road, Licheng District, Jinan, Shandong, China",8653181318216,www.jnhtln.com.cn,3B-F07,Baby Quilt
Nantong Wedding Textile Co Ltd,China,"Building A, No.2 Tai Ping Road, Changchuang District, Nantong, Jiangsu 226000, China",8651389077526,,3B-E17,Napkins
Nantong Lu-Ri Trading Company Limited,China,"13/F, Block A, Baianyija Business Center, No.266 Haoxi Road, Nantong, Jiangsu, China",8651381121161,,3B-E15,Bed Linens
"Changshu Yongs Textiles Co., Ltd.",China,"No.116, Meibei Road, Meili Town, Changshu, Suzhou, Jiangsu 215511, China",8651252878299,www.yongstextile.com,3B-F05,Baby Quilt
Changshu Zhengtai Textiles Company Limited,China,"9-1# Jiulong Road, Southeast Development Zone, Changshu, Shajiabang, Suzhou, Jiangsu 215500, China",8651252593256,www.cszttex.com,3B-F23,Carpet
"Yangzhou Lvrui Imp & Exp Co., Ltd.",China,"No.32 South Qinyou Road, Guangling Industrial Park, Yangzhou, Jiangsu 225004, China",8618852515298,www.lvrui.net,3B-E10,Bath Mats
"Anhui Longtai Home Textile Co., Ltd.",China,"718 Binhu Xindicheng, Baohe District, Hefei, Anhui 230601, China",8617756989313,,3B-E04,Rug
"Jinhua Feima Bag Co., Ltd",China,"Rm.203, Building B, 116 Wuzhou Street, Wucheng District, Jinhua, Zhejiang, China",8615558678589,,3B-S05,
"Tongxiang SP Textile Co., Ltd",China,"No.488 Yongxin North Road, Zhouquan Town, Tonxiang, Jiaxing, Zhejiang 314513, China",8615268191801,,3C-A25,Furniture Fabrics
"Tongxiang Haomeijia Bedding Co., Ltd",China,"BaQiao Village, Zhouquan Town, Tongxiang, Jiaxing, Zhejiang, Mainland China",8613867315191,,3B-F24,General Filling
Pujiang Do Bedding Company Limited,China,"No.81 Bailian Road, Xianhua Street, Pujiang, Jinhua, Zhejiang 322200, China",8613777505818,,3B-A12,Quilts
"Jinhua Ivy Home Textile Co., Ltd.",China,"A1311#, 518# Shuanglong south Road, Jinhua, Zhejiang, China",8613355790801,www.ivytextile.com,3B-D24,
"Zhejiang Ruibohui Silk Co., Ltd",China,"No.8 Beijiugo, Baoqiao Village, Zhouquan Town, Tongxiang, Jiaxing, Zhejiang 314513, China",8613305836296,www.ruibohuisilk.com,3B-F28},Bed Linens
"Jinhua Credit Import & Export Co., Ltd.",China,"300 Beishan Road, _, Jinhua, Zhejiang, China",8613282933507,,3B-S04,
Zhejiang Jupeng Drinkware Co Ltd,China,"Second Floor of 20 Buildings, Jiangjia Village, Sumeng Township, Jinhua, Zhejiang, China",8613173875097,,3B-S07,
"Shaoxing Yunbo Textile Technology Co., Ltd.",China,"West, Floor 2, Building 7, Guanhuyan Village, Qixian Sub-District, Keqiao District, Shaoxing City, Zhejiang, China",8613065773133,,3B-D18,Mattress
"Jian Rong Tex-Dye Co., Ltd",China,"Qiu Gung Cun Ind. Area, Long Xi Town, Bo Luo County, Hui Zhou City, Guangdong, China",8607526867200,www.farreachholdings.com,3B-D12,Baby Quilt
Gourav Exports,India,"17, Radha Kunj, Kamla Nagar, Kamla Nagar, Arga, Uttar Pradesh 282005, India",919837044453,www.gouravexports.com,3B-E27,Carpet
Extra Weave,India,"130-L, Model Town, Panipat, Haryana 132103, India",919812238919,,3B-E28,Carpet
Shri Krishna Home Furnishing,India,"Malik Place Lane, Sector 29 Part II Huda, Panipat, Haryana 132103, India",919812055749,http://shrikrishnaindia.com,3B-A20,Carpet
M/s Shrinathji Overseas,India,"Plot No.66-67, Sector-25 Huda Part I, Panipat, Haryana 132103, India",919812025895,,3B-C17,Baby Bedding Set
Balaji Loomtex,India,"4/208 Pathshala Road, Khekra, Baghpat, Uttar Pradesh 250101, India",919810167751,balajiloomtex.com,3B-D07,Rug
Ava International,India,"47 Hari Om Nagar, Marris Road, Aligarh, Uttar Pradesh 202001",919557188400,www.homedekors.com,3B-D02,Carpet
Sri Laxmi Export,India,"#648, Allwin Nagar, Karur, Tamil Nadu 639002, India",919443143908,www.srilaxmiexport.com,3B-B22,Cleaning Cloths
Airwill Home Collections Private Limited,India,"SF.No:170/A1A1A Pugalur Road, Opp. Naval Nagar, Vennamalai (PO), Karur, Tamil Nadu 639006, India",919344408212,http://airwillhomecollections.com,3B-B18,Cleaning Cloths
Mats n More,India,"Valavanadu Pollethai P O Kalavoor, _, Alappuzha, Kerala 688522, India",917025762631,www.matsnmore.in,3B-F27,Rug
Fibre World,India,"No.XVIII/1269, Post Box No.4643, Cullen Road, Alleppey, Keral 688012, India",,www.fibreworldindia.com,3B-C07,Rug
D.C. Mills (P) Ltd,India,"Valavanadu, Kalavoor PO, Alleppey 688 522, Kerala, India",914772253166,,3B-D19,Rug
Kerala Balers Private Limited,India,"A S Road, Alleppey, _, Kerala 688007, India",914772243454,www.karan-group.com,3B-B02,Carpet
Handloom Export Promotion Council,India,"34, Cathedral Garden Road, Nungambakkam, Chennai, Tamil Nadu 600034, India",914428278879,www.hepcindia.com,3B-A18,
Kpm Overseas,India,"12, PKT Complex, Periyar Nagar, 2nd Croww West, Karur, Tamil Nadu 639,002, India",914324274741,www.kpm.co.in,3B-C22,Terry Towel
Pranav Textile Creations Private Limited,India,"44 Ramakrishnapuran East, _, Karur, Tamil Nadu 639001, India",914324239137,www.manjuexp.com,3B-A24,Cleaning Cloths
Nandhi Fabrics,India,"34 Kamarajapuram East, _, Karur, Tamil Nadu 639002, India",914324237577,www.nandhifabrics.com,3B-B24,Cleaning Cloths
Acacia Concepts,India,"95 B 2 Ganapath Ingar, Arika Ram Palayam, L N S Post, Karur, Tamilnadu 639002, India",914324236168,http://acaciaconcepts.in,3B-B25,Cleaning Cloths
Aiswaryam Home Collection,India,"466 Vaiyapuri, Nagar 2nd Cross, Senguthapuram Post, Karur, Tamil Nadu 639002, India",914324235666,www.aiswaryam.in,3B-B15,Cleaning Cloths
ML Exports,India,"7A Ramakrishnapvram, First Cross, Karur, Tamil Nadu 639001, India",914324235577,www.mlexports.in,3B-B21,Napkins
Subra Tex,India,"40 Ramakrishnapuram North, _, Karur, Tamil Nadu 639001, India",,www.subratex.com,3B-C14,Cleaning Cloths
Vennila Tex Exports,India,"14 Sengunthapuram, First Cross, Karur, Tamil Nadu 639002, India",914324234216,www.vennilatexexports.com,3B-A16,Cleaning Cloths
Sri Arasu Tex,India,"34C, 34C/1 Kamarajapuram East, _, Karur, Tamil Nadu, India",914324233551,www.sriarasutex.com,3B-A26,Cleaning Cloths
Image Styles,India,"23D Vivekananda Nagar, Sengunthapuram 11th Cross, Karur, Tamil Nadu 639002, India",914324232878,www.imagestyles.co.in,3B-F21,Coasters
Prabas Exports,India,"#59 9 D Ramakrishnapuram, 50 Feet Road, Karur, Tamil Nadu 639001, India",914324232566,www.prabasexports.com,3B-A22,Cleaning Cloths
Balaji Fabriccs,India,"117-I, Kamarajapuram North, Karur, Tamil Nadu 639001, India",914324232107,www.balajifabriccs.com,3B-B19,Terry Towel
Sri Eesan International,India,"19, 50 Feet Road, Ramakrishnapuram, Karur, Tamil Nadu 639001, India",,www.srieesan.com,3B-C20,Oven Gloves
Hombella,India,"NO55/1B Vivekanandha Nagar, Main Road, 12th Cross Sengunthapuram, Karur, Tamil Nagu 639002, India",914324231331,www.homebella.com,3B-A17,Placemats
Lakshmi A Traders,India,"83A Kamarajapuram North, _, Karur, Tamil Nadu 639002, India",914324230443,www.lakshmiatraders.com,3B-B23,Waist Aprons
Sapana Polyweave Pvt.Ltd.,India,"230, Guru Gobind Singh Ind. Estate, Off. Western Express Highway, Goregaon East, Mumbai, Maharashtra 400063, India",912226850143,sapanamats.com,3B-F20,Carpet
Nirmal International,India,"M. A. S. D. Public School Road, Near toll Plaza, Panipat, Haryana, 132103, India",911803206301,,3B-E24,Carpet
Craftex India,India,"18KM Bahadurgarh - Jhajjar Road, VPO Kablana, State Highway no. 22, Distt Jhajjar, Haryana, Bahadurgarh 124104, India",911251271602,www.craftex.in,3B-C02,Carpet
Condor,India,"261-262 Udyog Vihar, Phase-6, Sector -37, Gurgaon, Haryana 122001, India",911244006088,condor.co.in,3B-F06,Duvet Products
J C Merchandising Pvt Ltd,India,"B-22 Sector-8, _, Noida, Uttar Pardesh 201301, India",911204235940,,3B-A19,Cushions
P S Pack Solutions Pvt Ltd,India,"J-64 Sector-63, _, Noida, Uttar Pardesh 201301, India",911204235940,,3B-A21,Cushions
Seer Global Ltd,India,"C797 New Friends Colony, _, New Delhi, 110025, India",911204229999,www.seerglobal.com,3B-C11,Napkins
P&G Enterprises Private Limited,India,"D-135, Okhla Industrial Area, Phase-1, New Delhi, Delhi 110020, India",911166605951,www.pghomefurnishing.com,3B-C21,Duvet Products
PNG Furnishings Pvt. Ltd.,India,"D-135, Okhla Industrial Area, Phase-1, New Delhi, New Delhi 110020, India",911166605951,www.pghomefurnishing.com,3B-C19,Duvet Products
Kaaya International,India,"A 40 Adhyapak Nagar, _, Nangloi, Delhi 110041, India",911165900011,,3B-D17,Rug
Comnet Exhibitions Pvt Ltd,India,"217-B (2nd Floor), okhla Industries Estated Phase III, _, New Delhi 110020, India",911142795055,www.comnetexhibitions.com,3B-A07,
Worldex India Exhibition & Pomotion Pvt. Ltd,India,"F-10, First Floor, Kalakaji, New Delhi, Delhi 110019, India",911141802119,www.worldexindia.com,3B-A09,
Preeti Exports,India,"268 Sant Nagar, East of Kailash, New Delhi, 110065 India",911130255000,,3B-D21,Textile Floor Mat
"Hi-Wendy Int'l Co., Ltd.",Taiwan,"5F-2, No. 540-1, Huacheng Rd, Sinjhuang District, New Taipei City 24252, Taiwan",886229944415,www.hiwendy.com.tw,3B-F12,Cushions
"Jun Xing Knitting Commodity Co., Ltd.",China,"Chengnan Industrial Area, Huicheng, Xinhui District, Jiangmen, Guangdong, China",867506674978,,3B-E22,Mosquito Net
Zibo Hengyuan Textile Co Ltd,China,"No.1077 Sichou Road, Zhoucun, Zibo, Shandong 255300, China",865336173826,,3B-D14,Baby Towels
Nanjing Codeal Corp. Ltd.,China,"378 East Zhongshan Road, _, Nanjing, Jiangsu 210002, China",862584537156,www.nj-codeal.com,3B-D20,Pillows
"Guangzhou Mingjie Household Products Co., Ltd.",China,"No.15 Gutang Industrial Zone, Letong Village, Xinhua Town, Huadu District, Guangzhou City, Guangdong, China",862036906773,mingjiepu.en,3B-E21,Pillows
"I&S Co., Ltd.","Korea, Republic Of","172 Hojuk Hwasanro, Oksan-myeon, Heungdeok-gu, Cheongju-si, Chungcheongbuk-do 363-912, Korea",827040884312,www.ianes.com,3B-C08,Carpet
Ministry of Textile Industry of Turkmenistan,Turkmenistan,"Garashysyzlyk Ave 96, 74400 Turkmenistan",99365856573,,3B-D16,Baby Bedding Set
KRS Exports and Imports,India,"Second Floor 2 781 Crystal Tower, Main Road, Nemmara Palakkad, Kerala 678508, India",91967011566,www.krsexports.in,3B-B20,Carpet
Urban Decor,Hong Kong,"Flat A, 9/F, Tower 8, K City, 7 Muk Ning St, Kowloon City, Kln, Hong Kong",85262909543,,3B-F02,Cushions
Wellead Smart Home Limited,Hong Kong,"Room 1502, B2 Grand Millennium Plaza (Lower Block), 181 Queen's Road Central, Hong Kong",85232033993,www.wellead.net.cn,3B-F14,Bath Mats
Mauriello (HK) Ltd,Hong Kong,"3/F, Yau Shun Bldg, 50 D'aguilar St, Central, Hong Kong",85228683308,,3B-S01,
J & L Ind'l Ltd,Hong Kong,"Room 702, 7/F, Tung Che Commercial Centre, 246 Des Voeux Road West, Sai Ying Pun, Hong Kong",85228156270,www.towelingmill.com,,
King Long Textile Ltd,Hong Kong,"Rm 5, 15/Floor, Block B, Tung Chun Ind, Bldg., 11-13 Tai Yuen Street, Kwai Chung, N.T., Hong Kong",85226957621,www.kinglongtextile.com.hk,,
Paramount Manufacturing Group Ltd,Hong Kong,"Unit C, 21/F, 235 Wing Lok Street Trade Ctr, 235 Wing Lok St, Sheung Wan, Hong Kong",85225220693,www.pmgrouphk.com,3B-F01,Napkins
J-Tex (HK) Co Ltd,Hong Kong,"Unit B, 3/F, Yam Hop Hing Ind Bldg, 40-44 Kwai Wing Rd, Kwai Chung, New Territories, Hong Kong",85224390818,www.j-tex.com.hk,3B-E01,Duvet Products
Rise Max Industrial Limited,Hong Kong,"13A, Block 2, Hoi Hong Building, 43 Tit Shu Street, Tai Kok Tsui, Kowloon, Hong Kong",85223990570,www.risemax.com.hk,3B-E08,Oven Gloves
Maizy Manufacturing Limited,Hong Kong,"Unit B, 6/F, Alexandra Ind Bldg, 27 Wing Hong St, Cheung Sha Wan, Kln, Hong Kong",85223696060,www.maizy.com,3B-S02,
Casablanca Hong Kong Limited,Hong Kong,"5/F, Yan Hing Ctr, 9-13 Wong Chuk Yeung St, Sha Tin, New Territories, Hong Kong",85223511933,www.casablanca.com.hk,3B-D22,Baby Quilt
Mei Kai Industries (Hong Kong) Limited,Hong Kong,"Unit 3, 11/F, Chung Ying Bldg, 20-20A Connaught Rd W, Sheung Wan, Hong Kong",85221897380,www.meikai.en.alibaba.com,3B-F03,Bib Aprons
Vinayak Exports,India,"Gora para, Fatehpur Sikri, Agra, Uttar Pradesh 283110, India",9111046167,,3B-E23,
HOK SPRL,Belgium,"CHAUSSEE DE BRUXELLES 4 BOITE 4, GENAPPE, _, 1470, BELGIUM",3223183463,hok.world.com,3B-F22,Carpet
