name,country,companyAddress,telephone,website,boothNumber,productCategory
Paidel Watch Co Ltd,Taiwan,"6F, No.8 Jiankang Road, Zhonghe District, New Taipei City 235, Taiwan",,www.paidel.com,3D-A01,Brandname Watches
Guangzhou Weide Watch Co Ltd,China,"3/F, Blg No.2, Wangshi E-commerce Creative Park, No. 128 Huangshi West Road, Baiyun District, Guangzhou, Guangdong, China",,www.weidewatch.com,1CON-SO,Brandname Watches
"Shenzhen Brigada Watch Co., Ltd",China,"Fourth Floor, Building D, Gushi Huawan Industrial Park, Xixiang, Baoan District, Shenzhen, Guangdong, China",,www.brigada.cn,1CON-SO,Chronograph Watch
Shenzhen Rarone Watch Industry Co Ltd,China,"3/F, No.1 Chongqing Road, Fuyong Town, Bao'an District, Shenzhen, Guangdong 518103, China",,www.rarone.com,1CON-SO,Brandname Watches
Fat Tat Lee Watch Company Limited,Hong Kong,"Unit 16-18, 22/F, New Tech Plaza, 34 Tai Yau St, San Po Kong, Kowloon, Hong Kong",,http://www.ftlwatch.com/,1CON-SO,Men Watch
Shaze Luxury Retail Private Limited,India,"4th Floor Harchandrai House, 81 Maharshi Karve Road, Marine Lines Mumbai, Maharashtra 400002, India",9102249266266,www.shaze.in,1CON-SO,Designer Watches
"NJY Science And Technology Co., Ltd",China,"#202 Jia Da R&D Buildig Lobby B, 5 Songpingshan Road, Nan Shan Disctrict, Shenzhen, Guangdong 518057, China",8675586932663,www.microwear.com,3D-A26,Smartwatches
Fiyta Sales Co Ltd,China,"18/F, Fiyta Hi-Tech Bldg, Gao-xin Road South, Shenzhen, Guangdong 518057, China",8675586013885,www.fiyta.com.cn,1CON-SO,Electronic Watch
"Shenzhen Xinkeying Digital Co., Ltd.",China,"Room 17I , Block A, Huaqiang Square, Huaqiang North Road, Futian District, Shenzhen, Guangdong, China",8675583551339,www.dtone.cc,1CON-SO,Smartwatches
"Shenzhen Starking Clocks and Watches Co., Ltd.",China,"13/F, Starking Mansion, Starking Science Park, Fangyuan Rd, Gongming, Shenzhen, Guangdong 518000, China",8675583412301,www.starkingwatch.com,3E-D20,Quartz Analogue Watch
Shenzhen Ju Yuan De Technology Co Ltd,China,"Fuling Building 610, Qiaonan Commercial District, Qiatou Community Fuyong Town, BaoAn District, Shenzhen, Guangdong 518103, China",8675533160769,www.zanezun.com,1CON-SO,Brandname Watches
Shenzhen Berny Industrial Co Ltd,China,"BERNY Bldg, JinAn Rd, Time Vally, GuangMing District, Shenzhen, Guangdong 518106, China",8675526644488,www.bernygroup.com,1CON-SO,Quartz Analogue Watch
Shenzhen 2Win Tech Limited,China,"3rd Building, Heshuikou Second Industrial Zone, Gongming Town, Guangming District, Shenzhen, Guangdong, China",8675523196970,www.bobobird.com,1CON-SO,Ladies Watch
"Guangdong Yongle Media Advertising Co., Ltd.",China,"No.11 Cloud Road Show, Luogang District, Guangzhou, Guangdong 510000, China",8675523031848,www.yonghongzb.com,1CON-SO,Quartz Analogue Watch
Shenzhen Toleda Digital Technologies Co Ltd,China,"Block B1, Jindida Tech Park, Longhua District, Shenzhen, Guangdong 518109, China",8615919971704,www.toledatech.com,1CON-SO,Ladies Watch
"Guangzhoushi Naviforce Watch Co., Ltd.",China,"Shop A036, Wangjiao Watch Centre, Zhanxi Road, Yuexiu District, Guangzhou, Guangdong, China",8615813311233,,1CON-SO,Liquid Crystal Analogue Watch
Haberdashers Inc,"Korea, Republic Of","2F, 15, Donggyo-ro 36-gil, Mapo-gu, Seoul 03982, Korea",8207047050201,www.paulvice.co.kr,3D-A09,Quartz Analogue Watch
Mavlian International Co.,Lebanon,"Bourj Hamoud Armenia Str, Sradarabad Bldg, Ground Flr, Beirut 00961, Lebanon",961101241249,www.claudiakochwatches.com,1CON-SO,Quartz Analogue Watch
Laora Trading Co Ltd,Taiwan,"1F, No.102, Lane 155, Gongyi Road, West District, Taichung City 403, Taiwan",886423023311,hhtp://www.ogival-watch.com/Home,1CON-SO,Chronograph Watch
"Xiamen Zery Electronic Co., Ltd.",China,"2/F, 9A Building, Pulisheng Industrial Zone, South Guangxing Road, Jimei District,Xiamen, Xiamen China",865925059525,www.zeryinc.com,1CON-SO,Quartz Analogue Watch
"Tianjin Seagull Watch Co., Ltd.",China,"No.199 Huanhenan Road, Airport Economic Area, Tianjin Shi, Tianjin 300308, China",862258676879,www.sea-gullmall.cn,3E-D26,Brandname Watches
Shanghai Watch Ind Co Ltd,China,"Room 511, No.340 Huoshan Road, _, Shanghai 200082, China",862165459520,www.shwatch.cn,3E-D25,Brandname Watches
Guangzhou Geren Accessories Co Ltd,China,"No.53, 3rd Floor, 11th Street, Lingnan Int'l E-Business Industry Zone, Panyu District, Guangzhou, Guangdong, China",862039186658,www.besseronwatch.com,1CON-SO,Ladies Watch
Kono Corporation Ltd,"Korea, Republic Of","Rm.A-1104, Kabul Great Valley-A, 32, Digital-ro, 9-gil, Geumcheon-Gu, Seoul, 08512, Korea",827088593693,http://mangosteen.co.kr,1CON-SO,Quartz Analogue Watch
"Houseenhows Co., Ltd.","Korea, Republic Of","Kabul Great Valley-A Room#1002, 32, Digital-ro 9-gil, Geumcheon-Gu, Seoul, Korea",827088593079,www.eurotime.kr,1CON-SO,Quartz Analogue Watch
"Hmdc Co., Ltd.","Korea, Republic Of","4F, Chunho Total B/D 229-1, Gucheonmyeon-ro Kangdong-gu, _, Seoul, Korea",827070186410,www.harrymason.co.kr,1CON-SO,Designer Watches
Mr. Challenge Company Limited,"Korea, Republic Of","2nd Floor, 699-1, Ttukseom-ro, Gwangjingu, Seoul, Korea",821086841851,www.vowood.com,1CON-SO,Quartz Analogue Watch
"Christian Mode Co., Ltd","Korea, Republic Of","303 Suntec city 2, 52 Sagimakgol-ro, Jungwon-gu, Sungnam-si, Gyunggi-do, Suwon, Korea",820317374626,,3E-A01,Skeleton Mechanical Watch
Sinclair Harding (UK) Ltd,United Kingdom,"Rhillips House, Chapel Lane Emle4, Huddersfield, HD8 9ST, United Kingdom",441924840666,www.clockmakers.com,3D-B41,Desk
Meccanica Grezza Di Flavio Oreda,Italy,"Carnovali Road N.30, _, Bergamo 24126, Italy",393519850850,www.meccanicagrezza.com,1CON-SO,Designer Watches
The Rooster Factory,France,"49 Rue Des Tables Clandiennes, _, _, Lyon 69001 France",330630535760,http://dwyt-watch.com,1CON-SO,
Michel Herbelin,France,"9 Rue De La 1ere Armee, B.P. 30, _, Charquemont 25140, France",330381686767,www.michel-herbelin.com,3D-D37,Chronograph Watch
Franceclat,France,"22 Avenue, Franklin Roosevelt, _, Paris 75008 France",330153772900,http://franceclat.fr,3D-C40,Chronograph Watch
Universal Clock & Watch Co Ltd,Taiwan,"No.12, Lane 72, Ma Miao St.1, Kuei Jen District, Tainan City 71105, Taiwan",88662391285,www.uwatches.com.tw,1CON-SO,Chronograph Watch
Christian Paul Sydney Limited,Hong Kong,"Room 1705, 17/F, Wang Cheoun Enterprises Centre, 65-59 Chai Wan Kok Street, Tsuen Wan, NT, Hong Kong",85298646851,,3C-E18,Designer Watches
BWG Limited,Hong Kong,"Rm.1515J, Grandtech Centre, 8 On Ping St, Shatin, NT, Hong Kong",85296448189,,3E-A07,Designer Watches
"Timeculture Co., Limited",Hong Kong,"Unit 2, 13/F, Int'l Trade Ctr, 11-19 Sha Tsui Rd, Tsuen Wan, New Territories, Hong Kong",85296036776,http://stalingrad.co,1CON-SO,Quartz Analogue Watch
Mazzucato Design Limited,Hong Kong,"Unit C06, 7/F, Wui Wah Fty Bldg, 41 Wing Hong St, Cheung Sha Wan, Kowloon, Hong Kong",85293801477,www.mazzucatowatches.com,1CON-SO,Quartz Analogue Watch
Somethin' Goods,Hong Kong,"Unit 7, 9/F, Twr 2, Silvercord, 30 Canton Rd, Tsim Sha Tsui, Kowloon, Hong Kong",85292386192,www.crafterblue.com,1CON-SO,Brandname Watches
H Innovations Company Limited,Hong Kong,"Unit 4, 18/F, Eastern Harbour Ctr, 28 Hoi Chak St, Quarry Bay, Hong Kong",85290399009,www.hidwatch.com,1CON-SO,Designer Watches
Medix Quartz Industries Ltd,Hong Kong,"Unit 4B, 7/F, Blk C, Hong Kong Ind Ctr, 489-491 Castle Peak Rd, Cheung Sha Wan, Kowloon, Hong Kong",85270722093,www.medix.com.hk,3E-D38,Brandname Watches
Masera Design Ltd,Hong Kong,"Unit H2, 3/F, Effort Ind Bldg, 2-8 Kung Yip St, Kwai Chung, New Territories, Hong Kong",85262233280,www.maseradesign.com,3C-E15,Designer Watches
Mira Watch International Ltd,Hong Kong,"Unit 1-7, 18/F, Twr 2, Metroplaza, 223 Hing Fong Rd, Kwai Chung, New Territories, Hong Kong",85237937000,www.coinwatch.ch,3D-B33,Quartz Analogue Watch
Big Time Rush Limited,Hong Kong,"Unit 1905, 19/F, Boss Commercial Centre, 28 Ferry Street, Jordan, Kowloon, Hong Kong",85237493399,www.audazwatches.com,1CON-SO,Jewelled-lever Automatic Watch
Saber Time Company Limited,Hong Kong,"Flat 09, 21/F, The Galaxy, 313-317 Castle Peak Rd, Kwai Chung, NT, Hong Kong",85237050273,,1CON-SO,Quartz Analogue Watch
Ten Ten One Ten Limited,Hong Kong,"Unit 1A, 18/F, Wah Sing Industrial Building, 12-14 Wah Sing Street, Kwai Chung, NT, Hong Kong",85236160454,ttot.com.hk/,1CON-SO,Brandname Watches
Exclamation Limited,Hong Kong,"Unit 2-3, 11/F, Blk B, Wing Kut Ind Bldg, 608 Castle Peak Rd, Cheung Sha Wan, Kowloon, Hong Kong",85235830198,https://www.jowissa.com,1CON-SO,
Guss Limited,Hong Kong,"Unit 10/B, 9/F, Block A, Hang Wai Industrial Centre, 6 Kin Tai Street, Tuen Mun, New Territories, Hong Kong",85235686165,www.cemeo.hk,1CON-SO,Quartz Analogue Watch
Modern Concept Watch Limited,Hong Kong,"Unit A-B, 15/F, Sun Ying Industrial Centre, 9 Tin Wan Close, Aberdeen, Hong Kong",85235639240,www.giorgiofedon1919-watch.com,3D-C12,Quartz Analogue Watch
Ice Universal Limited,Hong Kong,"Unit 10, 18/F, Star House, 3 Salisbury Road, Tsim Sha Tsui, Kowloon, Hong Kong",85231885909,www.ice-watch.com,1CON-SO,Quartz Analogue Watch
Gifvinn Watch Co Limited,Hong Kong,"Unit 1, 11/F, Hang Seng Castle Peak Road Bldg, 339 Castle Peak Rd, Cheung Sha Wan, Kowloon, Hong Kong",85230696923,www.jollie.cn,1CON-SO,Quartz Analogue Watch
Memorigin Watch Company Limited,Hong Kong,"Unit 4, 8/F, Ph I, Chai Wan Ind City, 60 Wing Tai Rd, Chai Wan, Hong Kong",85229760108,www.memorigin.com,1CON-SO,Brandname Watches
Success Ever Timepieces Limited,Hong Kong,"Unit 1106, 11/F, Fook Yip Bldg, 53-57 Kwai Fung Crescent, Kwai Chung, NT, Hong Kong",85228920882,www.leonardwatch.com.hk,1CON-SO,Quartz Analogue Watch
Chill Design Limited,Hong Kong,"Flat 1, 17/F, Waterloo Plaza, 53-55 Waterloo Road, Mongkok, Kln, Hong Kong",85228659838,www.florianisdiamond.com,1CON-SO,Quartz Analogue Watch
Jacques Farel Limited,Hong Kong,"Workshop 4, 17/F, Kodak House II, 39 Healthy Street East, North Point, Hong Kong",85228540030,www.jacquesfarel.com,1CON-SO,Solar Watch
Tunlees Watch Mfg. (H.K.) Co. Limited,Hong Kong,"Flat 01, 16/F, Trendy Centre, 682 Castle Peak Road, Lai Chi Kok, Kowloon, Hong Kong",85227967311,,1CON-SO,Designer Watches
Xin Long Da Watches Industry (Hong Kong) Limited,Hong Kong,"Flat/Rm 2B, Blk.C, 2F, Hong Kong Ind Center, 489-491 Castle Peak Rd, Cheung Sha Wan, Kln, Hong Kong",85227865438,www.davena.net,3D-A06,Electronic Watch
Wealthy Shiny Limited,Hong Kong,"Unit 610, 6/F, Brill Plaza, 82-84 Tokwawan Rd, To Kwa Wan, Kln, Hong Kong",85227800866,www.fouette.co,3E-E37,Ladies Watch
Cheerful Global Marketing Limited,Hong Kong,"Unit 16B, 2/F, Inno Ctr, 72 Tat Chee Ave, Yau Yat Tsuen, Kowloon, Hong Kong",85227631303,www.guylarochetimepieces.com,1CON-SO,Brandname Watches
HK Huatai Business Limited,Hong Kong,"Unit 5, 10/F, Ho King Comm Ctr, 2-16 Fa Yuen St, Mong Kok, Kowloon, Hong Kong",85227500702,www.difeini.cn,1CON-SO,Quartz Analogue Watch
Kentex Craft Limited,Hong Kong,"Unit 4, 11/F, Sun Cheong Ind Bldg, 2-4 Cheung Yee St, Cheung Sha Wan, Kowloon, Hong Kong",85227446881,www.kentex-jp.com,1CON-SO,Jewelled-lever Automatic Watch
Silcon Watch Co Ltd,Hong Kong,"Unit F, 11/F, Centre 600, 82 King Lam St, Lai Chi Kok, Kln, Hong Kong",85227442287,www.a-tekwatch.com,1CON-SO,Quartz Analogue Watch
Prince Jewellery and Watch Company,Hong Kong,"Unit 11-16, 17/F, Star Hse, 3 Salisbury Rd, Tsim Sha Tsui, Kowloon, Hong Kong",85227300488,www.princejewellerywatch.com,3E-WBP,
Como Milano International Ltd.,Hong Kong,"Unit 109, 1/F, Mirror Tower, 61 Mody Rd, Tsimshatsui East, Kln, Hong Kong",85227246188,www.como-milano.com,1CON-SO,Ladies Watch
Pyxis Enterprises (H.K.) Limited,Hong Kong,"Rm.1301, East Ocean Ctr, 98 Granville Rd, Tsim Sha Tsui, Kowloon, Hong Kong",85227226868,www.pyxis-time.com,1C-B02,Brandname Watches
Soho Time,Hong Kong,"Unit 23, 4/F, Hankow Centre, 5-15 Hankow Road, Tsim Sha Tsui, Kowloon, Hong Kong",85227211718,,1CON-SO,
Tutima (Hong Kong) Ltd,Hong Kong,"14/F, Federal Ctr, 77 Sheung On St, Chai Wan, Hong Kong",85225585132,www.bocciatitanium.com,3D-B02,Brandname Watches
Time Spec Industrial (Hong Kong) Company Limited,Hong Kong,"Unit 7, 17/F, Twr A, Regent Ctr, 63 Wo Yi Hop Rd, Kwai Chung, New Territories, Hong Kong",85224852342,www.carl-von-zeyten.de,3E-C38,Quartz Analogue Watch
Infantry Co Limited,Hong Kong,"Unit A, 6/F, Blk 2, Wah Fung Ind Ctr, 33-39 Kwai Fung Crescent, Kwai Chung, New Territories, Hong Kong",85224399499,www.infantryco.com,1CON-SO,Designer Watches
Time Box & Concepts Limited,Hong Kong,"Unit B3, 8/F, TML Tower, 3 Hoi Shing Rd, Tsuen Wan, New Territories, Hong Kong",85224293828,www.xpedawatch.com,1CON-SO,Quartz Analogue Watch
Acestar Concept Limited,Hong Kong,"Unit 11, 10/F, Twr A, Hunghom Comm Ctr, 39 Ma Tau Wai Rd, Hung Hom, Kowloon, Hong Kong",85224129333,www.acestarconcept.com,1CON-SO,Chronograph Watch
Ocean Voice Time-Tech Limited,Hong Kong,"Unit 17, 6/F, Worldwide Ind Ctr, 43-47 Shan Mei St, Sha Tin, New Territories, Hong Kong",85223881680,www.amoinetz.com,1CON-SO,Designer Watches
Richburry Ltd,Hong Kong,"Room 2103, 21/F, Peninsula Square, 18 Sung On St, Hunghom, Kln, Hong Kong",85223569300,www.daumier.watch,3D-B22,
Anpassa Watch Company,Hong Kong,"Unit 3, 2/F, Shing Yip Ind Bldg, 19-21 Shing Yip St, Kwun Tong, Kowloon, Hong Kong",85223041098,www.anpassawatch.com,1CON-SO,Skeleton Mechanical Watch
Wise Leader Limited,Hong Kong,"Unit E, 11/F, Wing Cheung Ind Bldg, 109 How Ming St, Kwun Tong, Kowloon, Hong Kong",85221872300,,1CON-SO,Designer Watches
Boue Manresa Company Ltd.,Hong Kong,"30/F, New Treasure Ctr, 10 Ng Fong St, San Po Kong, Kowloon, Hong Kong",85218028484,raketa-shop.com,3E-D37,Mechanical Hands &amp; Digital Watch
Muhan Company,"Korea, Republic Of","201-1,36-10, Sangdo-ro 34-gil, Dongjak-gu, Seoul 06965, Korea",82236637377,www.scorpion-watch.com,1CON-SO,Solar Watch
Julius Company Limited,"Korea, Republic Of","3 Floor, 331, Majang-ro, Seongdong-gu, Seoul 133-815, Korea",82222467888,www.thejulius.com,1CON-SO,Quartz Analogue Watch
Guardo,Poland,"86/210, Hoza Street, Warsaw, Mazovian 00-682, Poland",48609004143,guardowatches.com,1CON-SO,Quartz Analogue Watch
LE CHIC,Poland,"Block, Bokserska 62A, Warsaw, Mazowiekie, 02-145, Poland",48502076189,www.hornavan.eu,3D-A17,Designer Watches
Adriatica PR&A Watch SAGL,Switzerland,"Centro Monda 4, _, _, 6528 Camorino, Switzerland",41918807085,www.adriaticawatches.ch,1CON-SO,Quartz Analogue Watch
D. Candaux Sarl,Switzerland,"Rue Du Village 24, _, _, Le Solliat 1347, Switzerland",41794258585,www.dcandaux.watch,3D-B37,Jewelled-lever Watch
Watche Sarl,Switzerland,"8 Rue Jean-Gabriel Eynard, _, Geneva 1205, Switzerland",41783367916,www.watche.ch,3D-S03,Designer Watches
SILVANA,Switzerland,"Rue Des Tilleuls 12, La Chaux De Found, _, 2300 Switzrerland",41329688678,www.sillvana.com,3D-S12,Quartz Analogue Watch
Atlantic Watch Production Ltd,Switzerland,"Solothurnstrasse 44, _, _, Lengnau 2543, Switzerland",41326251888,www.atlantic-watches.ch,3D-S04,Chronograph Watch
BF Time SA,Switzerland,"Rue Centrace 47, Moutier, _, 2740 Switzerland",41324946040,www.manager-watches.com,1CON-SO,Quartz Analogue Watch
Soprod,Switzerland,"Rue Des Ecureuils N1, _, _, Les Reussilles 2722 Switzerland",41324869000,http://soprod.com,3D-S06,
Andre Mouche SA,Switzerland,"Route De France 81A, _, _, Fahy 2916, Switzerland",41324766286,www.andremouche.swiss,1CON-SO,Quartz Analogue Watch
Rhodior SA,Switzerland,"109 Chemin Du Pont Du Centenaire, CP92, Plan-Les-Ouates 1228, Switzerland",41227944602,greco-geneve.com,3D-S05,Designer Watches
Nic SA,Switzerland,"7 Avenue Krieg, _, 1208 Geneve, Switzerland",41227326242,www.mathey-tissot.com,3D-S10,Brandname Watches
Pilo & Co Sa,Switzerland,"11 Fabourg De Cruseilles, _, Carouge 1227, Switzerland",41223280112,www.pilo-watches.com,3D-S07,Quartz Analogue Watch
Hora Nova Sarl,Switzerland,"Residences De La Cote 50, _, _, Morges 1110, Switzerland",41219632470,www.vincent-calhbrese.ch,3D-A38,Jewelled-lever Watch
Murano,Switzerland,"Avenue De La Concorde 18, _, Chavannes, 1022 Switzerland",41216374777,https://watch.muranoglass-technology.ch,1CON-SO,Jewelled-lever Watch
John-M Flaux Sarl,France,"1 Chemin Des Verjoulots, _, _, Besancon 25000, France",33632439900,www.john-mikael-flaux.com,3D-B39,Desk
Pierre Lannier Sarl,France,"16 Route De dossenheim, Ernolsheim Les SHVERNE, 67330, France",33388703939,pierre-lannier.fr,3D-C32,Quartz Analogue Watch
Pequignet Horlogerie,France,"1 Rue du Bief, 25503 Morteau Cedex, France",33381679010,www.pequignet.com,1CON-SO,Chronograph Watch
SMB SAS,France,"Rue Des Maurapans, Zac Valentin BP 87504, Besancon Cedex 9, Doubs 25075, France",33381484868,,3E-A38,Quartz Analogue Watch
Weisz Group,Netherlands,"Heijermanlaan 47A, _, 1422 GV Uithoorn, The Netherlands",31206794633,www.weiszgroup.com,3D-C31,Quartz Analogue Watch
Shenzhen Smart Care Technology Limited,China,"The 3rd Floor, Block B3, Junfeng Zhongcheng Smart Manufacture & Invovation Yonghe Rd, Heping Community, Fuhai Street, Baoan D Shenzhen, Guangdong 518100, China",8627915058,,1CON-SO,Bluetooth Smart Watch
Matthias Naeschke Spiel - Und Floetenuhren GmbH,Germany,"Fliederstr. 7, _, 72401 Haigerloch, Germany",4974742613,www.matthias-naeschke.de,3D-A42,Pendulum Clock
Carl Engelkemper GmbH & Co. KG,Germany,"Lindberghweg 144, 48155 Muenster, Germany",4925166030,www.abeler-soehne.de,1CON-SO,Quartz Analogue Watch
Overdrive Watches,Qatar,,,www.overdrivewatches.com,1CON-SO,Quartz Analogue Watch
Academie Horlogere des Createurs Independants,Switzerland,"Les Residences dela Cote 50, _, 1110 Morges, Switzerland",,www.ahci.ch,3D-A44,Jewelled-lever Watch
