Name,Booth_no,Address,City,Country,website,Contact_no,product,url
Calhoun Super Structure,1133,,Tara,Canada,https://calhounsuperstructure.com,,Storage Buildings,https://s23.a2zinc.net/clients/apwa/snow20/Public/eBooth.aspx?IndexInList=13&FromPage=Exhibitors.aspx&ParentBoothID=&ListByBooth=true&BoothID=100609&fromFeatured=1
J.A. Larue Inc.,245,,Quebec,Canada,http://www.jalarue.com,,Sweepers Blowers,https://s23.a2zinc.net/clients/apwa/snow20/Public/eBooth.aspx?IndexInList=51&FromPage=Exhibitors.aspx&ParentBoothID=&ListByBooth=true&BoothID=100720&fromFeatured=1
Commercial Vehicle Group,530,,New Albany,United States,http://www.roadwatch.com,,,https://s23.a2zinc.net/clients/apwa/snow20/Public/eBooth.aspx?IndexInList=21&FromPage=Exhibitors.aspx&ParentBoothID=&ListByBooth=true&BoothID=100677&fromFeatured=1
American Highway Products,838,,Bolivar,United States,http://www.ahp1.com,,Pavement Repair/Equipment,https://s23.a2zinc.net/clients/apwa/snow20/Public/eBooth.aspx?IndexInList=0&FromPage=Exhibitors.aspx&ParentBoothID=&ListByBooth=true&BoothID=100789
Black Cat Wear Parts,1323,,Edmonton,Canada,http://www.blackcatwearparts.com,,Blades Plows,https://s23.a2zinc.net/clients/apwa/snow20/Public/eBooth.aspx?IndexInList=1&FromPage=Exhibitors.aspx&ParentBoothID=&ListByBooth=true&BoothID=100593
"Bonnell Industries, Inc.",349,,Dixon,United States,http://www.bonnell.com,,Anti-Icing Blades Deicers Dump Truck Bodies Hydraulics Lighting Plows Spreaders Trucks Under Bodies,https://s23.a2zinc.net/clients/apwa/snow20/Public/eBooth.aspx?IndexInList=2&FromPage=Exhibitors.aspx&ParentBoothID=&ListByBooth=true&BoothID=100778
Bosch Rexroth Canada,739,,Welland,Canada,http://www.boschrexroth.ca/cs,,Anti-Icing Electronics Hydraulics Spreaders Other,https://s23.a2zinc.net/clients/apwa/snow20/Public/eBooth.aspx?IndexInList=3&FromPage=Exhibitors.aspx&ParentBoothID=&ListByBooth=true&BoothID=100645
Boschung America,1232,,New Castle,United States,http://www.boschungamerica.com,,Anti-Icing Chemicals Deicers Melting,https://s23.a2zinc.net/clients/apwa/snow20/Public/eBooth.aspx?IndexInList=4&FromPage=Exhibitors.aspx&ParentBoothID=&ListByBooth=true&BoothID=100600
BOSS Snowplow,139,,Iron Mountain,United States,www.bossplow.com,,,https://s23.a2zinc.net/clients/apwa/snow20/Public/eBooth.aspx?IndexInList=5&FromPage=Exhibitors.aspx&ParentBoothID=&ListByBooth=true&BoothID=100915
"BriteSpan Building Systems, Inc.",629,,Lucknow,Canada,www.britespanbuildings.com,,,https://s23.a2zinc.net/clients/apwa/snow20/Public/eBooth.aspx?IndexInList=6&FromPage=Exhibitors.aspx&ParentBoothID=&ListByBooth=true&BoothID=100829
BSM Technologies,1022,,Toronto,Canada,http://www.bsmtechnologies.com,,Computers and Software Fleet Management Mapping Vehicle Maintenance Other,https://s23.a2zinc.net/clients/apwa/snow20/Public/eBooth.aspx?IndexInList=7&FromPage=Exhibitors.aspx&ParentBoothID=&ListByBooth=true&BoothID=100570
Bucher Municipal,1249,,Revello,Italy,https://winter.buchermunicipal.com/en,,Anti-Icing Blades Blowers Deicers Spreaders Sweepers,https://s23.a2zinc.net/clients/apwa/snow20/Public/eBooth.aspx?IndexInList=8&FromPage=Exhibitors.aspx&ParentBoothID=&ListByBooth=true&BoothID=100597
Bulk Storage Inc.,515,,Beecher,United States,www.bulkstorageinc.com,,,https://s23.a2zinc.net/clients/apwa/snow20/Public/eBooth.aspx?IndexInList=9&FromPage=Exhibitors.aspx&ParentBoothID=&ListByBooth=true&BoothID=100853
Buyers Products Company,301,,Mentor,United States,http://www.buyersproducts.com,,Anti-Icing Electronics Hydraulics Lighting Other Plows Spreaders Tarps Towing,https://s23.a2zinc.net/clients/apwa/snow20/Public/eBooth.aspx?IndexInList=10&FromPage=Exhibitors.aspx&ParentBoothID=&ListByBooth=true&BoothID=100888
"C2Logix, Inc.",520,,Clearwater,United States,http://www.C2Logix.com,,Computers and Software Consulting/Engineering Services Fleet Management Mapping Plows Sweepers,https://s23.a2zinc.net/clients/apwa/snow20/Public/eBooth.aspx?IndexInList=11&FromPage=Exhibitors.aspx&ParentBoothID=&ListByBooth=true&BoothID=100680
CalAmp,1228,,Irvine,United States,www.calamp.com,,,https://s23.a2zinc.net/clients/apwa/snow20/Public/eBooth.aspx?IndexInList=12&FromPage=Exhibitors.aspx&ParentBoothID=&ListByBooth=true&BoothID=100876
Calhoun Super Structure,1133,,Tara,Canada,https://calhounsuperstructure.com,,Storage Buildings,https://s23.a2zinc.net/clients/apwa/snow20/Public/eBooth.aspx?IndexInList=13&FromPage=Exhibitors.aspx&ParentBoothID=&ListByBooth=true&BoothID=100609
Cargill  Road Safety,1023,,North Olmsted,United States,http://www.cargilldeicing.com,,Anti-Icing Deicers Melting Safety,https://s23.a2zinc.net/clients/apwa/snow20/Public/eBooth.aspx?IndexInList=14&FromPage=Exhibitors.aspx&ParentBoothID=&ListByBooth=true&BoothID=100616
Carlson Software Inc.,1134,,Maysville,United States,www.carlsonsw.com,,,https://s23.a2zinc.net/clients/apwa/snow20/Public/eBooth.aspx?IndexInList=15&FromPage=Exhibitors.aspx&ParentBoothID=&ListByBooth=true&BoothID=100788
Cartegraph,1033,,Dubuque,United States,,,,https://s23.a2zinc.net/clients/apwa/snow20/Public/eBooth.aspx?IndexInList=16&FromPage=Exhibitors.aspx&ParentBoothID=&ListByBooth=true&BoothID=100567
Castlebar Corporation,518,,Canton,United States,castlebar.us,,,https://s23.a2zinc.net/clients/apwa/snow20/Public/eBooth.aspx?IndexInList=17&FromPage=Exhibitors.aspx&ParentBoothID=&ListByBooth=true&BoothID=100682
CEJN North America,1038,,Gurnee,United States,http://www.cejn.com,,Consulting/Engineering Services Hydraulics,https://s23.a2zinc.net/clients/apwa/snow20/Public/eBooth.aspx?IndexInList=18&FromPage=Exhibitors.aspx&ParentBoothID=&ListByBooth=true&BoothID=100940
Certified Cirus Control Systems,701,,Brooklyn Park,United States,http://www.certifiedcirus.com,,Anti-Icing Computers and Software Electronics Hydraulics Spreaders,https://s23.a2zinc.net/clients/apwa/snow20/Public/eBooth.aspx?IndexInList=19&FromPage=Exhibitors.aspx&ParentBoothID=&ListByBooth=true&BoothID=100900
"CFA Software, Inc.",1018,,Addison,United States,http://www.cfasoftware.com,,Computers and Software Fleet Management Vehicle Maintenance,https://s23.a2zinc.net/clients/apwa/snow20/Public/eBooth.aspx?IndexInList=20&FromPage=Exhibitors.aspx&ParentBoothID=&ListByBooth=true&BoothID=100749
Commercial Vehicle Group,530,,New Albany,United States,http://www.roadwatch.com,,,https://s23.a2zinc.net/clients/apwa/snow20/Public/eBooth.aspx?IndexInList=21&FromPage=Exhibitors.aspx&ParentBoothID=&ListByBooth=true&BoothID=100677
Compass Minerals,833,,Overland Park,United States,www.hwysalt.com,,,https://s23.a2zinc.net/clients/apwa/snow20/Public/eBooth.aspx?IndexInList=22&FromPage=Exhibitors.aspx&ParentBoothID=&ListByBooth=true&BoothID=100638
CompassCom,626,,Centennial,United States,https://compasscom.com,,Anti-Icing Blowers Computers and Software Environmental Equipment/Services Fleet Management Mapping Plows Safety Spreaders Sweepers,https://s23.a2zinc.net/clients/apwa/snow20/Public/eBooth.aspx?IndexInList=23&FromPage=Exhibitors.aspx&ParentBoothID=&ListByBooth=true&BoothID=100662
Concord Road Equipment Mfg. Inc.,547,,Painesville,United States,www.concordroadequipment.com,,,https://s23.a2zinc.net/clients/apwa/snow20/Public/eBooth.aspx?IndexInList=24&FromPage=Exhibitors.aspx&ParentBoothID=&ListByBooth=true&BoothID=100666
"DEL Hydraulics, Inc.",733,,Buffalo,United States,www.delhydraulics.com,,,https://s23.a2zinc.net/clients/apwa/snow20/Public/eBooth.aspx?IndexInList=25&FromPage=Exhibitors.aspx&ParentBoothID=&ListByBooth=true&BoothID=100859
DewEze Mfg,1028,,Harper,United States,http://www.deweze.com,,Hydraulics,https://s23.a2zinc.net/clients/apwa/snow20/Public/eBooth.aspx?IndexInList=26&FromPage=Exhibitors.aspx&ParentBoothID=&ListByBooth=true&BoothID=100614
Doosan Bobcat Inc.,823,,West Fargo,United States,www.doosan.com,,,https://s23.a2zinc.net/clients/apwa/snow20/Public/eBooth.aspx?IndexInList=27&FromPage=Exhibitors.aspx&ParentBoothID=&ListByBooth=true&BoothID=100864
Electrotechnics Corporation,410,,Marshall,United States,,,Safety Signs Other,https://s23.a2zinc.net/clients/apwa/snow20/Public/eBooth.aspx?IndexInList=28&FromPage=Exhibitors.aspx&ParentBoothID=&ListByBooth=true&BoothID=100849
"EnviroTech Services, Inc.",511,,Greeley,United States,http://www.envirotechservices.com,,Anti-Icing Chemicals Deicers,https://s23.a2zinc.net/clients/apwa/snow20/Public/eBooth.aspx?IndexInList=29&FromPage=Exhibitors.aspx&ParentBoothID=&ListByBooth=true&BoothID=100740
ESCO Corporation,832,,Portland,United States,http://www.escocorp.com,,Blades,https://s23.a2zinc.net/clients/apwa/snow20/Public/eBooth.aspx?IndexInList=30&FromPage=Exhibitors.aspx&ParentBoothID=&ListByBooth=true&BoothID=100636
Everest Equipment Co.,339,,Ayer's Cliff,,pmackey@everestequipment.com,,,https://s23.a2zinc.net/clients/apwa/snow20/Public/eBooth.aspx?IndexInList=31&FromPage=Exhibitors.aspx&ParentBoothID=&ListByBooth=true&BoothID=100697
Evolution Edges,422,,Elmira,United States,http://www.evolutionedges.com,,Blades Plows,https://s23.a2zinc.net/clients/apwa/snow20/Public/eBooth.aspx?IndexInList=32&FromPage=Exhibitors.aspx&ParentBoothID=&ListByBooth=true&BoothID=100797
Fair Manufacturing Inc.,507,,Yankton,United States,http://www.fairmfg.com,,Blowers Dump Truck Bodies,https://s23.a2zinc.net/clients/apwa/snow20/Public/eBooth.aspx?IndexInList=33&FromPage=Exhibitors.aspx&ParentBoothID=&ListByBooth=true&BoothID=100741
Falcon RME,407,,Freeland,United States,http://www.falconrme.com,,Pavement Repair/Equipment,https://s23.a2zinc.net/clients/apwa/snow20/Public/eBooth.aspx?IndexInList=34&FromPage=Exhibitors.aspx&ParentBoothID=&ListByBooth=true&BoothID=100557
Federal Signal,741,,University Park,United States,http://www.fedsig.com,,Lighting,https://s23.a2zinc.net/clients/apwa/snow20/Public/eBooth.aspx?IndexInList=35&FromPage=Exhibitors.aspx&ParentBoothID=&ListByBooth=true&BoothID=100644
Flight Manufacturing Corp.,517,,Princeton,United States,https://www.flightmfg.com/,,,https://s23.a2zinc.net/clients/apwa/snow20/Public/eBooth.aspx?IndexInList=36&FromPage=Exhibitors.aspx&ParentBoothID=&ListByBooth=true&BoothID=100854
Flink Company,722,,Streator,United States,www.flinkplows.com,,,https://s23.a2zinc.net/clients/apwa/snow20/Public/eBooth.aspx?IndexInList=37&FromPage=Exhibitors.aspx&ParentBoothID=&ListByBooth=true&BoothID=100830
Fluid Film,919,,South San Francisco,United States,http://www.fluid-film.com,,Chemicals Lubrication Trucks Under Bodies Vehicle Maintenance,https://s23.a2zinc.net/clients/apwa/snow20/Public/eBooth.aspx?IndexInList=38&FromPage=Exhibitors.aspx&ParentBoothID=&ListByBooth=true&BoothID=100746
FOCUS Fleet and Fuel Management Inc.,527,,Sherbrooke,Canada,http://www.focusoptimization.com,,Computers and Software Fleet Management Mapping Plows Spreaders Vehicle Maintenance,https://s23.a2zinc.net/clients/apwa/snow20/Public/eBooth.aspx?IndexInList=39&FromPage=Exhibitors.aspx&ParentBoothID=&ListByBooth=true&BoothID=100791
"FORCE America, Inc.",933,,Burnsville,United States,http://www.forceamerica.com,,Anti-Icing Electronics Fleet Management Hydraulics Mapping,https://s23.a2zinc.net/clients/apwa/snow20/Public/eBooth.aspx?IndexInList=40&FromPage=Exhibitors.aspx&ParentBoothID=&ListByBooth=true&BoothID=100626
"Frost Control Systems, Inc.",1222,,South Bend,United States,,,Deicers Electronics Environmental Equipment/Services Safety Anti-Icing Computers and Software Consulting/Engineering Services,https://s23.a2zinc.net/clients/apwa/snow20/Public/eBooth.aspx?IndexInList=41&FromPage=Exhibitors.aspx&ParentBoothID=&ListByBooth=true&BoothID=100873
Godwin Group,1239,,Dunn,United States,http://www.goodroadsinc.com,,Blades Dump Truck Bodies Hydraulics Plows Spreaders Tarps,https://s23.a2zinc.net/clients/apwa/snow20/Public/eBooth.aspx?IndexInList=42&FromPage=Exhibitors.aspx&ParentBoothID=&ListByBooth=true&BoothID=100599
Great Lakes Chloride,1330,,Warsaw,United States,www.glchloride.com,,,https://s23.a2zinc.net/clients/apwa/snow20/Public/eBooth.aspx?IndexInList=43&FromPage=Exhibitors.aspx&ParentBoothID=&ListByBooth=true&BoothID=100589
GVM Inc Snow Division,622,,Biglerville,United States,www.gvminc.com,,,https://s23.a2zinc.net/clients/apwa/snow20/Public/eBooth.aspx?IndexInList=44&FromPage=Exhibitors.aspx&ParentBoothID=&ListByBooth=true&BoothID=100665
"Henderson Products, Inc.",1015,,Manchester,United States,http://www.hendersonproducts.com,,Anti-Icing Dump Truck Bodies Plows Spreaders Under Bodies,https://s23.a2zinc.net/clients/apwa/snow20/Public/eBooth.aspx?IndexInList=45&FromPage=Exhibitors.aspx&ParentBoothID=&ListByBooth=true&BoothID=100618
Henke Manufacturing Corp.,1439,,Leavenworth,United States,http://www.henkemfg.com,,Anti-Icing Blades Deicers Dump Truck Bodies Plows Spreaders Trucks,https://s23.a2zinc.net/clients/apwa/snow20/Public/eBooth.aspx?IndexInList=46&FromPage=Exhibitors.aspx&ParentBoothID=&ListByBooth=true&BoothID=100582
HighCountry Spray Systems,340,,Conifer,United States,www.highcountryis.com,,,https://s23.a2zinc.net/clients/apwa/snow20/Public/eBooth.aspx?IndexInList=47&FromPage=Exhibitors.aspx&ParentBoothID=&ListByBooth=true&BoothID=100564
Holder Tractors Corporation,533,,Embrun,Canada,www.holdertractors.com,,,https://s23.a2zinc.net/clients/apwa/snow20/Public/eBooth.aspx?IndexInList=48&FromPage=Exhibitors.aspx&ParentBoothID=&ListByBooth=true&BoothID=100676
Innovative Surface Solutions,743,,Glenmont,United States,http://www.innovativecompany.com,,Anti-Icing Chemicals Deicers Pavement Repair/Equipment,https://s23.a2zinc.net/clients/apwa/snow20/Public/eBooth.aspx?IndexInList=49&FromPage=Exhibitors.aspx&ParentBoothID=&ListByBooth=true&BoothID=100734
"InterClean Equipment, LLC",1035,,Ypsilanti,United States,http://www.interclean.com,,Chemicals Vehicle Maintenance Other,https://s23.a2zinc.net/clients/apwa/snow20/Public/eBooth.aspx?IndexInList=50&FromPage=Exhibitors.aspx&ParentBoothID=&ListByBooth=true&BoothID=100612
J.A. Larue Inc.,245,,Quebec,Canada,http://www.jalarue.com,,Sweepers Blowers,https://s23.a2zinc.net/clients/apwa/snow20/Public/eBooth.aspx?IndexInList=51&FromPage=Exhibitors.aspx&ParentBoothID=&ListByBooth=true&BoothID=100720
K&K Systems Inc,406,,Tupelo,United States,http://k-ksystems.com,,Electronics Other Safety Signs Traffic Control,https://s23.a2zinc.net/clients/apwa/snow20/Public/eBooth.aspx?IndexInList=52&FromPage=Exhibitors.aspx&ParentBoothID=&ListByBooth=true&BoothID=100929
"KIMCO USA, INC.",915,,Marshall,United States,http://www.kimcousa.com,,Deicers Loaders Safety Storage Buildings Other,https://s23.a2zinc.net/clients/apwa/snow20/Public/eBooth.aspx?IndexInList=53&FromPage=Exhibitors.aspx&ParentBoothID=&ListByBooth=true&BoothID=100744
"KM International, Inc.",723,,North Branch,United States,http://www.kminternational.com,,Pavement Repair/Equipment,https://s23.a2zinc.net/clients/apwa/snow20/Public/eBooth.aspx?IndexInList=54&FromPage=Exhibitors.aspx&ParentBoothID=&ListByBooth=true&BoothID=100648
"K-Tech Specialty Coatings, Inc.",534,,Ashley,United States,http://www.ktechcoatings.com,,Anti-Icing Deicers,https://s23.a2zinc.net/clients/apwa/snow20/Public/eBooth.aspx?IndexInList=55&FromPage=Exhibitors.aspx&ParentBoothID=&ListByBooth=true&BoothID=100736
Kueper North America LLC,1130,,Charleston,United States,www.kueperblades.com,,,https://s23.a2zinc.net/clients/apwa/snow20/Public/eBooth.aspx?IndexInList=56&FromPage=Exhibitors.aspx&ParentBoothID=&ListByBooth=true&BoothID=100787
L3Harris Technologies,523,,Salt Lake City,United States,http://www.L3Driver.com,,Consulting/Engineering Services Education Fleet Management Safety,https://s23.a2zinc.net/clients/apwa/snow20/Public/eBooth.aspx?IndexInList=57&FromPage=Exhibitors.aspx&ParentBoothID=&ListByBooth=true&BoothID=100683
Laserline Mfg Inc.,614,,Redmond,United States,www.laserlinemfg.com,,,https://s23.a2zinc.net/clients/apwa/snow20/Public/eBooth.aspx?IndexInList=58&FromPage=Exhibitors.aspx&ParentBoothID=&ListByBooth=true&BoothID=100850
"Little Falls Machine, Inc.",923,,Little Falls,United States,http://www.fallsplows.com,,,https://s23.a2zinc.net/clients/apwa/snow20/Public/eBooth.aspx?IndexInList=59&FromPage=Exhibitors.aspx&ParentBoothID=&ListByBooth=true&BoothID=100627
"M.S. Foster & Associates, Inc.",731,,Michigan City,United States,http://www.msfoster.com,,Anti-Icing Electronics Lifts Lighting Signs Tire Chains Other,https://s23.a2zinc.net/clients/apwa/snow20/Public/eBooth.aspx?IndexInList=60&FromPage=Exhibitors.aspx&ParentBoothID=&ListByBooth=true&BoothID=100646
Machineries Pronovost Inc,338,,St-Tite,Canada,http://www.pronovost.qc.ca,,Blowers Plows,https://s23.a2zinc.net/clients/apwa/snow20/Public/eBooth.aspx?IndexInList=61&FromPage=Exhibitors.aspx&ParentBoothID=&ListByBooth=true&BoothID=100565
MacLean Engineering & Marketing Co. Ltd.,839,,Owen Sound,Canada,http://www.macleanengineering.com,,Anti-Icing Blades Blowers Plows Spreaders Sweepers,https://s23.a2zinc.net/clients/apwa/snow20/Public/eBooth.aspx?IndexInList=62&FromPage=Exhibitors.aspx&ParentBoothID=&ListByBooth=true&BoothID=100783
Mailhot Industries USA Inc,1231,,Nashua,United States,www.mailhotindustries.com,,,https://s23.a2zinc.net/clients/apwa/snow20/Public/eBooth.aspx?IndexInList=63&FromPage=Exhibitors.aspx&ParentBoothID=&ListByBooth=true&BoothID=100601
Metal Pless Inc.,1339,,Plessisville,Canada,http://www.metalpless.com,,Blades,https://s23.a2zinc.net/clients/apwa/snow20/Public/eBooth.aspx?IndexInList=64&FromPage=Exhibitors.aspx&ParentBoothID=&ListByBooth=true&BoothID=100781
Milliken & Company,623,,Spartanburg,United States,http://www.chemical.milliken.com,,Anti-Icing Chemicals Melting Paint,https://s23.a2zinc.net/clients/apwa/snow20/Public/eBooth.aspx?IndexInList=65&FromPage=Exhibitors.aspx&ParentBoothID=&ListByBooth=true&BoothID=100826
Mohawk Lifts,1431,,Amsterdam,United States,http://www.mohawklifts.com,,Fleet Management Hydraulics Lifts Safety Vehicle Maintenance Other,https://s23.a2zinc.net/clients/apwa/snow20/Public/eBooth.aspx?IndexInList=66&FromPage=Exhibitors.aspx&ParentBoothID=&ListByBooth=true&BoothID=100583
"Monroe Truck Equipment, Inc.",329,,Monroe,United States,http://www.monroetruck.com,,Anti-Icing Blades Deicers Dump Truck Bodies Plows Spreaders Tarps Under Bodies,https://s23.a2zinc.net/clients/apwa/snow20/Public/eBooth.aspx?IndexInList=67&FromPage=Exhibitors.aspx&ParentBoothID=&ListByBooth=true&BoothID=100698
"Morton Salt, Inc.",633,,Chicago,United States,http://www.mortonsalt.com,,,https://s23.a2zinc.net/clients/apwa/snow20/Public/eBooth.aspx?IndexInList=68&FromPage=Exhibitors.aspx&ParentBoothID=&ListByBooth=true&BoothID=100661
Muncie Power Products,927,,Muncie,United States,http://www.munciepower.com,,Hydraulics,https://s23.a2zinc.net/clients/apwa/snow20/Public/eBooth.aspx?IndexInList=69&FromPage=Exhibitors.aspx&ParentBoothID=&ListByBooth=true&BoothID=100623
New Leader Manufacturing,1223,,Cedar Rapids,United States,http://www.newleader.com,,Anti-Icing Deicers Dump Truck Bodies Fleet Management Melting Plows Spreaders Trucks,https://s23.a2zinc.net/clients/apwa/snow20/Public/eBooth.aspx?IndexInList=70&FromPage=Exhibitors.aspx&ParentBoothID=&ListByBooth=true&BoothID=100603
Nordic Plow LLC,1438,,WEST CHICAGO,United States,http://nordicplow.com,,Anti-Icing Blades Dump Truck Bodies Education Environmental Equipment/Services Fleet Management Pavement Repair/Equipment Plows Trucks Vehicle Maintenance,https://s23.a2zinc.net/clients/apwa/snow20/Public/eBooth.aspx?IndexInList=71&FromPage=Exhibitors.aspx&ParentBoothID=&ListByBooth=true&BoothID=100782
Nordik Blades,223,,Asbestos,Canada,www.nordikblades.com,,,https://s23.a2zinc.net/clients/apwa/snow20/Public/eBooth.aspx?IndexInList=72&FromPage=Exhibitors.aspx&ParentBoothID=&ListByBooth=true&BoothID=100722
"NSC Minerals, Ltd.",1238,,Saskatoon,Canada,http://www.nscminerals.com,,Deicers Melting,https://s23.a2zinc.net/clients/apwa/snow20/Public/eBooth.aspx?IndexInList=73&FromPage=Exhibitors.aspx&ParentBoothID=&ListByBooth=true&BoothID=100598
Occidental Chemical Corporation,1014,,Ludington,United States,http://www.OxyCalciumChloride.com,,Anti-Icing Chemicals Deicers,https://s23.a2zinc.net/clients/apwa/snow20/Public/eBooth.aspx?IndexInList=74&FromPage=Exhibitors.aspx&ParentBoothID=&ListByBooth=true&BoothID=100747
Ochoco Mfg. Corp (OMCO),1139,,Prineville,United States,www.omco-mfg.com,,,https://s23.a2zinc.net/clients/apwa/snow20/Public/eBooth.aspx?IndexInList=75&FromPage=Exhibitors.aspx&ParentBoothID=&ListByBooth=true&BoothID=100608
Onspot Automatic Tire Chains,1123,,North Vernon,United States,http://www.onspot.com,,Tire Chains,https://s23.a2zinc.net/clients/apwa/snow20/Public/eBooth.aspx?IndexInList=76&FromPage=Exhibitors.aspx&ParentBoothID=&ListByBooth=true&BoothID=100869
Perma-Patch,618,,Baltimore,United States,http://www.permapatch.com,,,https://s23.a2zinc.net/clients/apwa/snow20/Public/eBooth.aspx?IndexInList=77&FromPage=Exhibitors.aspx&ParentBoothID=&ListByBooth=true&BoothID=100852
Peterbilt Motors Company,939,,Denton,United States,www.peterbilt.com,,,https://s23.a2zinc.net/clients/apwa/snow20/Public/eBooth.aspx?IndexInList=78&FromPage=Exhibitors.aspx&ParentBoothID=&ListByBooth=true&BoothID=100935
Precision Concrete Cutting,834,,Provo,United States,http://www.safesidewalks.com,,Safety,https://s23.a2zinc.net/clients/apwa/snow20/Public/eBooth.aspx?IndexInList=79&FromPage=Exhibitors.aspx&ParentBoothID=&ListByBooth=true&BoothID=100633
Professional Snowfighter's Association,616,,Iowa City,United States,,,,https://s23.a2zinc.net/clients/apwa/snow20/Public/eBooth.aspx?IndexInList=80&FromPage=Exhibitors.aspx&ParentBoothID=&ListByBooth=true&BoothID=100851
"R.L. Parsons & Son Equipment Co., Inc.",702,,West Jefferson,United States,www.bomfordcenter.com,,,https://s23.a2zinc.net/clients/apwa/snow20/Public/eBooth.aspx?IndexInList=81&FromPage=Exhibitors.aspx&ParentBoothID=&ListByBooth=true&BoothID=100898
RHOMAR Industries Inc.,415,,Springfield,United States,http://www.rhomar.com,,,https://s23.a2zinc.net/clients/apwa/snow20/Public/eBooth.aspx?IndexInList=82&FromPage=Exhibitors.aspx&ParentBoothID=&ListByBooth=true&BoothID=100696
Roads & Bridges Magazine,1026,,Arlington Heights,United States,http://www.roadsbridges.com,,Advertising/Publication/Associations,https://s23.a2zinc.net/clients/apwa/snow20/Public/eBooth.aspx?IndexInList=83&FromPage=Exhibitors.aspx&ParentBoothID=&ListByBooth=true&BoothID=100568
Routesmart Technologies,624,,Columbia,United States,http://www.routesmart.com,,Computers and Software Other,https://s23.a2zinc.net/clients/apwa/snow20/Public/eBooth.aspx?IndexInList=84&FromPage=Exhibitors.aspx&ParentBoothID=&ListByBooth=true&BoothID=100664
RPM Tech Inc.,414,,Laval,Canada,http://www.rpmtechgroup.com,,Blowers Plows,https://s23.a2zinc.net/clients/apwa/snow20/Public/eBooth.aspx?IndexInList=85&FromPage=Exhibitors.aspx&ParentBoothID=&ListByBooth=true&BoothID=100808
SkyHawk Telematics,615,,Oakville,Canada,http://www.skyhawktelematics.com,,Computers and Software Fleet Management Mapping,https://s23.a2zinc.net/clients/apwa/snow20/Public/eBooth.aspx?IndexInList=86&FromPage=Exhibitors.aspx&ParentBoothID=&ListByBooth=true&BoothID=100985
Skyline Construction,647,,Dubuque,United States,,,,https://s23.a2zinc.net/clients/apwa/snow20/Public/eBooth.aspx?IndexInList=87&FromPage=Exhibitors.aspx&ParentBoothID=&ListByBooth=true&BoothID=100649
Smith Fertilizer & Grain,538,,Knoxville,United States,http://www.sfgroadmaintenance.com,,Anti-Icing Deicers Environmental Equipment/Services,https://s23.a2zinc.net/clients/apwa/snow20/Public/eBooth.aspx?IndexInList=88&FromPage=Exhibitors.aspx&ParentBoothID=&ListByBooth=true&BoothID=100674
Snap-Tite Culvert Lining,735,,Louisville,United States,http://www.culvert-rehab.com,,Pavement Repair/Equipment Stormwater Equipment/Services,https://s23.a2zinc.net/clients/apwa/snow20/Public/eBooth.aspx?IndexInList=89&FromPage=Exhibitors.aspx&ParentBoothID=&ListByBooth=true&BoothID=100860
SNI Solutions,311,,Geneseo,United States,http://www.snisolutions.com,,,https://s23.a2zinc.net/clients/apwa/snow20/Public/eBooth.aspx?IndexInList=90&FromPage=Exhibitors.aspx&ParentBoothID=&ListByBooth=true&BoothID=100846
"Sourcewell, formerly NJPA",830,,Staples,United States,https://www.sourcewell-mn.gov,,,https://s23.a2zinc.net/clients/apwa/snow20/Public/eBooth.aspx?IndexInList=91&FromPage=Exhibitors.aspx&ParentBoothID=&ListByBooth=true&BoothID=100637
Swenson Products Inc,715,,Lindenwood,United States,www.swensonproducts.com,,,https://s23.a2zinc.net/clients/apwa/snow20/Public/eBooth.aspx?IndexInList=92&FromPage=Exhibitors.aspx&ParentBoothID=&ListByBooth=true&BoothID=100651
SWS Warning Lights inc.,438,,Niagara Falls,Canada,https://www.warninglightsinc.com/,,,https://s23.a2zinc.net/clients/apwa/snow20/Public/eBooth.aspx?IndexInList=93&FromPage=Exhibitors.aspx&ParentBoothID=&ListByBooth=true&BoothID=100931
Teconer - The KRS Sales Group,938,,Plymouth,United States,http://www.teconer.com,,Consulting/Engineering Services Environmental Equipment/Services Melting,https://s23.a2zinc.net/clients/apwa/snow20/Public/eBooth.aspx?IndexInList=94&FromPage=Exhibitors.aspx&ParentBoothID=&ListByBooth=true&BoothID=100785
Tenco Inc.,215,,St-Valerien-de-Milton,Canada,http://www.tenco.ca,,Blowers Dump Truck Bodies Plows Spreaders Trucks,https://s23.a2zinc.net/clients/apwa/snow20/Public/eBooth.aspx?IndexInList=95&FromPage=Exhibitors.aspx&ParentBoothID=&ListByBooth=true&BoothID=100805
Trackless Vehicles Ltd.,233,,Courtland,Canada,www.tracklessvehicles.com,,,https://s23.a2zinc.net/clients/apwa/snow20/Public/eBooth.aspx?IndexInList=96&FromPage=Exhibitors.aspx&ParentBoothID=&ListByBooth=true&BoothID=100704
Trimble,1031,,Westminster,United States,http://www.loadritescales.com,,Computers and Software Consulting/Engineering Services Electronics Environmental Equipment/Services Fleet Management Loaders Other,https://s23.a2zinc.net/clients/apwa/snow20/Public/eBooth.aspx?IndexInList=97&FromPage=Exhibitors.aspx&ParentBoothID=&ListByBooth=true&BoothID=100613
Unique Paving Materials Corp.,1327,,Cleveland,United States,http://www.uniquepavngmaterials.com,,Pavement Repair/Equipment,https://s23.a2zinc.net/clients/apwa/snow20/Public/eBooth.aspx?IndexInList=98&FromPage=Exhibitors.aspx&ParentBoothID=&ListByBooth=true&BoothID=100592
Valley Blades Limited,514,,Waterloo,Canada,http://www.valleyblades.com,,Blades,https://s23.a2zinc.net/clients/apwa/snow20/Public/eBooth.aspx?IndexInList=99&FromPage=Exhibitors.aspx&ParentBoothID=&ListByBooth=true&BoothID=100686
Ventrac By Venture Products Inc.,1415,,Orrville,United States,http://www.ventrac.com,,Blowers Location Equipment Plows Sweepers,https://s23.a2zinc.net/clients/apwa/snow20/Public/eBooth.aspx?IndexInList=100&FromPage=Exhibitors.aspx&ParentBoothID=&ListByBooth=true&BoothID=100586
Verizon Connect,1233,,San Diego,United States,https://www.verizonconnect.com/,,Fleet Management Location Equipment Mapping Safety Vehicle Maintenance,https://s23.a2zinc.net/clients/apwa/snow20/Public/eBooth.aspx?IndexInList=101&FromPage=Exhibitors.aspx&ParentBoothID=&ListByBooth=true&BoothID=100602
"Viking-Cives Midwest, Inc.",1039,,Oran,United States,www.vikingcives.com,,,https://s23.a2zinc.net/clients/apwa/snow20/Public/eBooth.aspx?IndexInList=102&FromPage=Exhibitors.aspx&ParentBoothID=&ListByBooth=true&BoothID=100569
Virage Simulation,1423,,Montreal,Canada,https://viragesimulation.com/snowplow-simulator-vs600m/,,Education Safety,https://s23.a2zinc.net/clients/apwa/snow20/Public/eBooth.aspx?IndexInList=103&FromPage=Exhibitors.aspx&ParentBoothID=&ListByBooth=true&BoothID=100880
Western Products/SnowEx Products,607,,Milwaukee,United States,http://www.douglasdynamics.com,,Anti-Icing Deicers Plows Spreaders,https://s23.a2zinc.net/clients/apwa/snow20/Public/eBooth.aspx?IndexInList=104&FromPage=Exhibitors.aspx&ParentBoothID=&ListByBooth=true&BoothID=100563
"Wille North America, Inc.",519,,Stitsville,Canada,http://www.willenorthamerica.com,,,https://s23.a2zinc.net/clients/apwa/snow20/Public/eBooth.aspx?IndexInList=105&FromPage=Exhibitors.aspx&ParentBoothID=&ListByBooth=true&BoothID=100855
"Winter Equipment Co., Inc.",1314,,Willoughby,United States,http://www.winterequipment.com,,Blades Plows Under Bodies,https://s23.a2zinc.net/clients/apwa/snow20/Public/eBooth.aspx?IndexInList=106&FromPage=Exhibitors.aspx&ParentBoothID=&ListByBooth=true&BoothID=100764
Yeu Patch LLC,925,,Englewood,United States,http://thumppad.com,,Pavement Repair/Equipment,https://s23.a2zinc.net/clients/apwa/snow20/Public/eBooth.aspx?IndexInList=107&FromPage=Exhibitors.aspx&ParentBoothID=&ListByBooth=true&BoothID=100624
ZiGong International Marketing,1129,,Houston,United States,,,,https://s23.a2zinc.net/clients/apwa/snow20/Public/eBooth.aspx?IndexInList=108&FromPage=Exhibitors.aspx&ParentBoothID=&ListByBooth=true&BoothID=100872
