Name,Booth_no,Address,City,Country,website,Contact_no,product,url
5-Cell Technologies,3025,6823 Theall Rd Ste A,"Houston,Â",United States,,832-666-8940,,https://s36.a2zinc.net/clients/sme/Houstex2021/Public/eBooth.aspx?IndexInList=0&FromPage=Exhibitors.aspx&ParentBoothID=&ListByBooth=true&BoothID=316861
ABIS Inc,1539,1415 North Loop W Ste 1200,"Houston,",United States,http://www.abiscorp.com,713-680-2247,,https://s36.a2zinc.net/clients/sme/Houstex2021/Public/eBooth.aspx?IndexInList=1&FromPage=Exhibitors.aspx&ParentBoothID=&ListByBooth=true&BoothID=316730
Abrasive Warehouse & Equipment LP,1302,1221 N Post Oak Road,"Houston,Â",United States,http://www.abrasivewarehouse.com,713-715-7100,,https://s36.a2zinc.net/clients/sme/Houstex2021/Public/eBooth.aspx?IndexInList=2&FromPage=Exhibitors.aspx&ParentBoothID=&ListByBooth=true&BoothID=316833
Adase Sales & Marketing,"1303, 1315",5819 Grande Gables Dr,"Richmond,Â",United States,,832-606-9458,,https://s36.a2zinc.net/clients/sme/Houstex2021/Public/eBooth.aspx?IndexInList=3&FromPage=Exhibitors.aspx&ParentBoothID=&ListByBooth=true&BoothID=320386
Air Pollution Control Specialists,2740,PO Box 1277,"League City,",United States,http://www.airpollutioncontrol.net,281-332-7935,,https://s36.a2zinc.net/clients/sme/Houstex2021/Public/eBooth.aspx?IndexInList=4&FromPage=Exhibitors.aspx&ParentBoothID=&ListByBooth=true&BoothID=316804
AJ Rod Co Ltd,2035,5011 Navigation Blvd,"Houston,Â",United States,http://www.ajrodco.com,713-921-6111,,https://s36.a2zinc.net/clients/sme/Houstex2021/Public/eBooth.aspx?IndexInList=5&FromPage=Exhibitors.aspx&ParentBoothID=&ListByBooth=true&BoothID=316768
Alliance For American Manufacturing,1422,711 D St NW Fl 3,"Washington,",United States,http://www.americanmanufacturing.org,202-393-3430,,https://s36.a2zinc.net/clients/sme/Houstex2021/Public/eBooth.aspx?IndexInList=6&FromPage=Exhibitors.aspx&ParentBoothID=&ListByBooth=true&BoothID=316717
Allied Machine & Engineering,2108,120 Deeds Dr,"Dover,",United States,http://www.alliedmachine.com,330-343-4283,,https://s36.a2zinc.net/clients/sme/Houstex2021/Public/eBooth.aspx?IndexInList=7&FromPage=Exhibitors.aspx&ParentBoothID=&ListByBooth=true&BoothID=316772
Ambrell Induction Heating Solutions,1442,1655 Lyell Ave,"Rochester,",United States,http://www.ambrell.com,585-889-9000,,https://s36.a2zinc.net/clients/sme/Houstex2021/Public/eBooth.aspx?IndexInList=8&FromPage=Exhibitors.aspx&ParentBoothID=&ListByBooth=true&BoothID=316721
AMS Automation,2135,7308 W. Little York,"Houston,",United States,http://www.amsautomation.net,713-460-8881,,https://s36.a2zinc.net/clients/sme/Houstex2021/Public/eBooth.aspx?IndexInList=9&FromPage=Exhibitors.aspx&ParentBoothID=&ListByBooth=true&BoothID=316776
Applegate EDM Inc,1310,2405 Squire Place,"Farmers Branch,",United States,http://www.applegateedm.com,972-488-8997,,https://s36.a2zinc.net/clients/sme/Houstex2021/Public/eBooth.aspx?IndexInList=10&FromPage=Exhibitors.aspx&ParentBoothID=&ListByBooth=true&BoothID=316835
ARC Specialties Inc,1515,1730 Stebbins Dr,"Houston,",United States,http://www.arcspecialties.com,713-631-7575,,https://s36.a2zinc.net/clients/sme/Houstex2021/Public/eBooth.aspx?IndexInList=11&FromPage=Exhibitors.aspx&ParentBoothID=&ListByBooth=true&BoothID=316971
Arrow Industrial Equipment,1215,2019 Sandydale Ln,"Houston,Â",United States,http://www.arrowindustrial.net,713-690-4001,,https://s36.a2zinc.net/clients/sme/Houstex2021/Public/eBooth.aspx?IndexInList=12&FromPage=Exhibitors.aspx&ParentBoothID=&ListByBooth=true&BoothID=316701
Arzell Inc,1415,13622 Kluge Rd,"Cypress,",United States,http://www.arzell.com,281-213-4085,,https://s36.a2zinc.net/clients/sme/Houstex2021/Public/eBooth.aspx?IndexInList=13&FromPage=Exhibitors.aspx&ParentBoothID=&ListByBooth=true&BoothID=316715
Bass Tool & Supply Inc,2103,2300 Fairway Park Dr,"Houston,",United States,http://www.basstool.com,713-682-1889,,https://s36.a2zinc.net/clients/sme/Houstex2021/Public/eBooth.aspx?IndexInList=14&FromPage=Exhibitors.aspx&ParentBoothID=&ListByBooth=true&BoothID=316770
Behringer Saws Inc,2421,721 Hemlock Rd,"Morgantown,Â",United States,http://www.behringersaws.com,610-286-9777,,https://s36.a2zinc.net/clients/sme/Houstex2021/Public/eBooth.aspx?IndexInList=15&FromPage=Exhibitors.aspx&ParentBoothID=&ListByBooth=true&BoothID=316784
Big Ass Fans,1206,2348 Innovation Dr,"Lexington,",United States,http://www.bigassfans.com,859-233-1271,,https://s36.a2zinc.net/clients/sme/Houstex2021/Public/eBooth.aspx?IndexInList=16&FromPage=Exhibitors.aspx&ParentBoothID=&ListByBooth=true&BoothID=316700
BIG Kaiser Precision Tooling Inc,2113,2600 Huntington Blvd,"Hoffman Estates,",United States,http://www.bigkaiser.com,224-770-2921,,https://s36.a2zinc.net/clients/sme/Houstex2021/Public/eBooth.aspx?IndexInList=17&FromPage=Exhibitors.aspx&ParentBoothID=&ListByBooth=true&BoothID=316774
Brush Research Manufacturing Co,2010,4642 Floral Dr,"Los Angeles,Â",United States,http://www.brushresearch.com,323-261-2193,,https://s36.a2zinc.net/clients/sme/Houstex2021/Public/eBooth.aspx?IndexInList=18&FromPage=Exhibitors.aspx&ParentBoothID=&ListByBooth=true&BoothID=316763
BUWW Coverings Inc,1240,4462 Boeing Dr,"Rockford,Â",United States,http://www.buww.com,815-962-2899,,https://s36.a2zinc.net/clients/sme/Houstex2021/Public/eBooth.aspx?IndexInList=19&FromPage=Exhibitors.aspx&ParentBoothID=&ListByBooth=true&BoothID=316826
Carbide and Supply,2834,4311 Fm 2351 Rd,"Friendswood,",United States,http://www.carbideandsupply.com,281-819-8000,,https://s36.a2zinc.net/clients/sme/Houstex2021/Public/eBooth.aspx?IndexInList=20&FromPage=Exhibitors.aspx&ParentBoothID=&ListByBooth=true&BoothID=316924
Carmex Precision Tools LLC,2735,2075 State Hwy 175,"Richfield,",United States,http://www.carmexusa.com,262-628-5030,,https://s36.a2zinc.net/clients/sme/Houstex2021/Public/eBooth.aspx?IndexInList=21&FromPage=Exhibitors.aspx&ParentBoothID=&ListByBooth=true&BoothID=316870
Caron Engineering Inc,2112,116 Willie Hill Rd,"Wells,",United States,https://www.caroneng.com,207-646-6071,,https://s36.a2zinc.net/clients/sme/Houstex2021/Public/eBooth.aspx?IndexInList=22&FromPage=Exhibitors.aspx&ParentBoothID=&ListByBooth=true&BoothID=316773
Centaur Precision Tools Inc,1608,13098 SW 133rd Ct,"Miami,Â",United States,http://www.centaurtools.com,305-232-1496,,https://s36.a2zinc.net/clients/sme/Houstex2021/Public/eBooth.aspx?IndexInList=23&FromPage=Exhibitors.aspx&ParentBoothID=&ListByBooth=true&BoothID=316735
CGTech,2012,9000 Research Dr,"Irvine,",United States,http://www.cgtech.com,949-753-1050-203,,https://s36.a2zinc.net/clients/sme/Houstex2021/Public/eBooth.aspx?IndexInList=24&FromPage=Exhibitors.aspx&ParentBoothID=&ListByBooth=true&BoothID=316764
Chem Logic,2915,8503 El Rey Blvd,"Austin,Â",United States,,512-426-5728,,https://s36.a2zinc.net/clients/sme/Houstex2021/Public/eBooth.aspx?IndexInList=25&FromPage=Exhibitors.aspx&ParentBoothID=&ListByBooth=true&BoothID=316812
Cline Tool,2502,"9830 Tanner Rd., Suite C","Houston,",United States,http://www.clinetool.com,832-767-2401,,https://s36.a2zinc.net/clients/sme/Houstex2021/Public/eBooth.aspx?IndexInList=26&FromPage=Exhibitors.aspx&ParentBoothID=&ListByBooth=true&BoothID=316786
Closed Loop Recycling,2008,5555 Manchester Ave,"Saint Louis,",United States,http://closedlooprecycling.us,888-873-3645,,https://s36.a2zinc.net/clients/sme/Houstex2021/Public/eBooth.aspx?IndexInList=27&FromPage=Exhibitors.aspx&ParentBoothID=&ListByBooth=true&BoothID=316762
Crescent Gage,2641,3809 Melcer Dr,"Rowlett,Â",United States,http://www.crescentgage.com,972-475-4265,,https://s36.a2zinc.net/clients/sme/Houstex2021/Public/eBooth.aspx?IndexInList=28&FromPage=Exhibitors.aspx&ParentBoothID=&ListByBooth=true&BoothID=316794
Dal-Air Investment Castings,1742,591 Industrial Blvd PO Box 280,"Point,Â",United States,http://www.dalaircasting.com,903-598-2226,,https://s36.a2zinc.net/clients/sme/Houstex2021/Public/eBooth.aspx?IndexInList=29&FromPage=Exhibitors.aspx&ParentBoothID=&ListByBooth=true&BoothID=316751
Darex LLC,1506,210 E Hersey St,"Ashland,",United States,http://www.darex.com,541-201-7911,,https://s36.a2zinc.net/clients/sme/Houstex2021/Public/eBooth.aspx?IndexInList=30&FromPage=Exhibitors.aspx&ParentBoothID=&ListByBooth=true&BoothID=316724
Dorian Tool International,2613,615 County Road 219,"East Bernard,Â",United States,http://www.doriantool.com,979-282-2861,,https://s36.a2zinc.net/clients/sme/Houstex2021/Public/eBooth.aspx?IndexInList=31&FromPage=Exhibitors.aspx&ParentBoothID=&ListByBooth=true&BoothID=316791
Doringer Cold Saws,1913,13400 Estrella Ave,"Gardena,Â",United States,http://www.doringer.com,310-366-7766,,https://s36.a2zinc.net/clients/sme/Houstex2021/Public/eBooth.aspx?IndexInList=32&FromPage=Exhibitors.aspx&ParentBoothID=&ListByBooth=true&BoothID=316756
DropsA USA,3002,6645 Burroughs Ave,"Sterling Hts,Â",United States,http://www.dropsausa.com,586-566-1540,,https://s36.a2zinc.net/clients/sme/Houstex2021/Public/eBooth.aspx?IndexInList=33&FromPage=Exhibitors.aspx&ParentBoothID=&ListByBooth=true&BoothID=316850
Dxp Enterprises Inc,2521,7272 Pinemont Dr,"Houston,",United States,http://www.dxpe.com,713-996-4700,,https://s36.a2zinc.net/clients/sme/Houstex2021/Public/eBooth.aspx?IndexInList=34&FromPage=Exhibitors.aspx&ParentBoothID=&ListByBooth=true&BoothID=316789
ECi Software Solutions,1326,4400 Alliance GatewayFreeway,"Fort Worth,",United States,http://www.ECiM1.com,817-662-3483,,https://s36.a2zinc.net/clients/sme/Houstex2021/Public/eBooth.aspx?IndexInList=35&FromPage=Exhibitors.aspx&ParentBoothID=&ListByBooth=true&BoothID=316844
Ecoroll Tool Technology Corp,2917,502 Techne Center Dr Ste C,"Milford,Â",United States,http://www.ecoroll.com,513-248-4700,,https://s36.a2zinc.net/clients/sme/Houstex2021/Public/eBooth.aspx?IndexInList=36&FromPage=Exhibitors.aspx&ParentBoothID=&ListByBooth=true&BoothID=316813
EJ Company,2820,400 Bryant Ln,"Woodbury,Â",United States,www.ejcompany.com,615-904-5590,,https://s36.a2zinc.net/clients/sme/Houstex2021/Public/eBooth.aspx?IndexInList=37&FromPage=Exhibitors.aspx&ParentBoothID=&ListByBooth=true&BoothID=316806
EMAG LLC,2321,38800 Grand River Ave,"Farmington Hills,Â",United States,http://www.emag.com,248-477-7440,,https://s36.a2zinc.net/clients/sme/Houstex2021/Public/eBooth.aspx?IndexInList=38&FromPage=Exhibitors.aspx&ParentBoothID=&ListByBooth=true&BoothID=316780
Fitz-Rite Products Inc,1738,1122 Naughton Dr,"Troy,Â",United States,http://www.fitzrite.com,248-528-8440,,https://s36.a2zinc.net/clients/sme/Houstex2021/Public/eBooth.aspx?IndexInList=39&FromPage=Exhibitors.aspx&ParentBoothID=&ListByBooth=true&BoothID=316749
Flexbar Machine Corp,2311,250 Gibbs Rd,"Islandia,",United States,http://www.flexbar.com,631-582-8440,,https://s36.a2zinc.net/clients/sme/Houstex2021/Public/eBooth.aspx?IndexInList=40&FromPage=Exhibitors.aspx&ParentBoothID=&ListByBooth=true&BoothID=320515
Flow International Corp,1942,23500 64th Ave S,"Kent,Â",United States,http://www.FlowWaterjet.com,253-850-3500,,https://s36.a2zinc.net/clients/sme/Houstex2021/Public/eBooth.aspx?IndexInList=41&FromPage=Exhibitors.aspx&ParentBoothID=&ListByBooth=true&BoothID=316926
Geneva Capital LLC,2038,1311 Broadway St,"Alexandria,",United States,http://www.gogc.com,320-762-8400,,https://s36.a2zinc.net/clients/sme/Houstex2021/Public/eBooth.aspx?IndexInList=42&FromPage=Exhibitors.aspx&ParentBoothID=&ListByBooth=true&BoothID=316769
Gradient Lens Corporation,1706,207 Tremont St Ste 1,"Rochester,",United States,http://www.gradientlens.com,585-235-2620,,https://s36.a2zinc.net/clients/sme/Houstex2021/Public/eBooth.aspx?IndexInList=43&FromPage=Exhibitors.aspx&ParentBoothID=&ListByBooth=true&BoothID=316746
Greenleaf Corp,1521,18695 Greenleaf Dr,"Saegertown,Â",United States,http://www.greenleafcorporation.com,814-763-2915,,https://s36.a2zinc.net/clients/sme/Houstex2021/Public/eBooth.aspx?IndexInList=44&FromPage=Exhibitors.aspx&ParentBoothID=&ListByBooth=true&BoothID=316727
Guhring Inc,1434,1445 Commerce Ave,"Brookfield,",United States,http://www.guhring.com,262-784-6730,,https://s36.a2zinc.net/clients/sme/Houstex2021/Public/eBooth.aspx?IndexInList=45&FromPage=Exhibitors.aspx&ParentBoothID=&ListByBooth=true&BoothID=316718
H & O Die Supply Inc,1203,7200 Interstate 20,"Kennedale,Â",United States,http://www.hodie.com,817-985-0040,,https://s36.a2zinc.net/clients/sme/Houstex2021/Public/eBooth.aspx?IndexInList=46&FromPage=Exhibitors.aspx&ParentBoothID=&ListByBooth=true&BoothID=316829
H & R Mfg and Supply Inc,2312,12400 Rose Rd,"Willis,Â",United States,http://www.hrmfg.com,936-856-5529,,https://s36.a2zinc.net/clients/sme/Houstex2021/Public/eBooth.aspx?IndexInList=47&FromPage=Exhibitors.aspx&ParentBoothID=&ListByBooth=true&BoothID=316777
Haimer USA,1921,134 E Hill St,"Villa Park,",United States,http://www.haimer-usa.com,630-833-1500,,https://s36.a2zinc.net/clients/sme/Houstex2021/Public/eBooth.aspx?IndexInList=48&FromPage=Exhibitors.aspx&ParentBoothID=&ListByBooth=true&BoothID=316757
Hannsa Precision,2815,46 Hwan-Gong Rd Yung-Kang,"Tainan,",Taiwan,http://www.hannsa.tw,+886 62335611,,https://s36.a2zinc.net/clients/sme/Houstex2021/Public/eBooth.aspx?IndexInList=49&FromPage=Exhibitors.aspx&ParentBoothID=&ListByBooth=true&BoothID=316838
Har-Bach Marketing Inc,2727,218 Richey Rd,"Houston,Â",United States,http://www.fitupgear.com,281-440-1725,,https://s36.a2zinc.net/clients/sme/Houstex2021/Public/eBooth.aspx?IndexInList=50&FromPage=Exhibitors.aspx&ParentBoothID=&ListByBooth=true&BoothID=316801
HEULE Precsion Tools,1543,131 Commerce Dr,"Loveland,",United States,http://www.heuletool.com,513-860-9900,,https://s36.a2zinc.net/clients/sme/Houstex2021/Public/eBooth.aspx?IndexInList=51&FromPage=Exhibitors.aspx&ParentBoothID=&ListByBooth=true&BoothID=316732
Hillary Machinery Inc,1815,1825 Summit Ave Ste 207,"Plano,Â",United States,http://www.hillaryinc.com,877-902-3751,,https://s36.a2zinc.net/clients/sme/Houstex2021/Public/eBooth.aspx?IndexInList=52&FromPage=Exhibitors.aspx&ParentBoothID=&ListByBooth=true&BoothID=316836
HORN USA Inc,2003,320 Premier Ct S Ste 205,"Franklin,",United States,http://www.hornusa.com,615-771-4100,,https://s36.a2zinc.net/clients/sme/Houstex2021/Public/eBooth.aspx?IndexInList=53&FromPage=Exhibitors.aspx&ParentBoothID=&ListByBooth=true&BoothID=316761
Hyd-Mech Group Ltd,1435,PO Box 1659,"Woodstock,",Canada,http://www.hydmech.com,519-537-2103,,https://s36.a2zinc.net/clients/sme/Houstex2021/Public/eBooth.aspx?IndexInList=54&FromPage=Exhibitors.aspx&ParentBoothID=&ListByBooth=true&BoothID=316847
Imagenet Consulting LLC,1212,913 N Broadway Ave,"Oklahoma City,",United States,http://www.imagenetconsulting.com,405-232-1264,,https://s36.a2zinc.net/clients/sme/Houstex2021/Public/eBooth.aspx?IndexInList=55&FromPage=Exhibitors.aspx&ParentBoothID=&ListByBooth=true&BoothID=316916
Industrial Solutions & Innovation LLC,2435,4425 Mustang Rd,"Alvin,",United States,http://www.industrialsolutions-llc.com,281-824-0356,,https://s36.a2zinc.net/clients/sme/Houstex2021/Public/eBooth.aspx?IndexInList=56&FromPage=Exhibitors.aspx&ParentBoothID=&ListByBooth=true&BoothID=316785
InspectionXpert Corporation,2939,PO Box 1660,"Apex,Â",United States,https://inspectionxpert.com,800-379-0322,,https://s36.a2zinc.net/clients/sme/Houstex2021/Public/eBooth.aspx?IndexInList=57&FromPage=Exhibitors.aspx&ParentBoothID=&ListByBooth=true&BoothID=316818
J&M Distribution,2909,2993 Siesta View Dr,"Kissimmee,Â",United States,http://www.amazingstim.com,702-467-1525,,https://s36.a2zinc.net/clients/sme/Houstex2021/Public/eBooth.aspx?IndexInList=58&FromPage=Exhibitors.aspx&ParentBoothID=&ListByBooth=true&BoothID=316811
J&S Machine Inc,2447,W6009 490th Ave,"Ellsworth,",United States,http://www.jsmachine.com,715-273-3376,,https://s36.a2zinc.net/clients/sme/Houstex2021/Public/eBooth.aspx?IndexInList=59&FromPage=Exhibitors.aspx&ParentBoothID=&ListByBooth=true&BoothID=316976
Jamet Inc.,1535,8616 County Road 528,"Burleson,Â",United States,http://www.jamet.com,817-295-1661,,https://s36.a2zinc.net/clients/sme/Houstex2021/Public/eBooth.aspx?IndexInList=60&FromPage=Exhibitors.aspx&ParentBoothID=&ListByBooth=true&BoothID=316729
Japan Machine Tools Corp,2334,10171 Olga Ln,"Houston,Â",United States,http://www.japanmachinetools.net,713-939-7263,,https://s36.a2zinc.net/clients/sme/Houstex2021/Public/eBooth.aspx?IndexInList=61&FromPage=Exhibitors.aspx&ParentBoothID=&ListByBooth=true&BoothID=316865
JW Winco Inc,1734,2815 S Calhoun Rd,"New Berlin,Â",United States,https://www.jwwinco.com/en-us/home,800-877-8351,,https://s36.a2zinc.net/clients/sme/Houstex2021/Public/eBooth.aspx?IndexInList=62&FromPage=Exhibitors.aspx&ParentBoothID=&ListByBooth=true&BoothID=316748
Kardex Remstar,2827,41 Eisenhower Dr,"Westbrook,",United States,http://www.kardexremstar.com,800-639-5805,,https://s36.a2zinc.net/clients/sme/Houstex2021/Public/eBooth.aspx?IndexInList=63&FromPage=Exhibitors.aspx&ParentBoothID=&ListByBooth=true&BoothID=316808
Kasto Inc,2603,3002 Venture Ct,"Export,Â",United States,http://www.kastoinc.com,724-325-5600,,https://s36.a2zinc.net/clients/sme/Houstex2021/Public/eBooth.aspx?IndexInList=64&FromPage=Exhibitors.aspx&ParentBoothID=&ListByBooth=true&BoothID=316790
Kays Engineering/DeHoff/Eldorado,1635,900 Industrial Dr,"Marshall,",United States,http://www.kays-dehoff.com,660-886-9929,,https://s36.a2zinc.net/clients/sme/Houstex2021/Public/eBooth.aspx?IndexInList=65&FromPage=Exhibitors.aspx&ParentBoothID=&ListByBooth=true&BoothID=316739
Kyzen Corporation,1228,430 Harding Industrial Dr,"Nashville,Â",United States,http://www.kyzen.com,615-831-0888,,https://s36.a2zinc.net/clients/sme/Houstex2021/Public/eBooth.aspx?IndexInList=66&FromPage=Exhibitors.aspx&ParentBoothID=&ListByBooth=true&BoothID=316899
Laserline Inc,1339,1800 Wyatt Dr Ste 9,"Santa Clara,",United States,http://www.laserline-inc.com,408-834-4660,,https://s36.a2zinc.net/clients/sme/Houstex2021/Public/eBooth.aspx?IndexInList=67&FromPage=Exhibitors.aspx&ParentBoothID=&ListByBooth=true&BoothID=316709
Marketing Manufacturing Technology,2403,7811 Legend Cove Court,"Houston,Â",United States,http://www.mmtusa.net,832-721-7504,,https://s36.a2zinc.net/clients/sme/Houstex2021/Public/eBooth.aspx?IndexInList=68&FromPage=Exhibitors.aspx&ParentBoothID=&ListByBooth=true&BoothID=316782
MC Machinery Systems Inc,2413,85 Northwest Point Blvd,"Elk Grove Village,",United States,http://www.mcmachinery.com,630-616-5920,,https://s36.a2zinc.net/clients/sme/Houstex2021/Public/eBooth.aspx?IndexInList=69&FromPage=Exhibitors.aspx&ParentBoothID=&ListByBooth=true&BoothID=316783
Metal Cutting Specialists,2121,7208 Gessner Rd,"Houston,",United States,http://www.metalcuttingusa.com,713-466-8545,,https://s36.a2zinc.net/clients/sme/Houstex2021/Public/eBooth.aspx?IndexInList=70&FromPage=Exhibitors.aspx&ParentBoothID=&ListByBooth=true&BoothID=316775
Metaltech Service Center,2929,9915 Monroe Rd,"Houston,Â",United States,http://www.metaltechsc.com,713-991-5100,,https://s36.a2zinc.net/clients/sme/Houstex2021/Public/eBooth.aspx?IndexInList=71&FromPage=Exhibitors.aspx&ParentBoothID=&ListByBooth=true&BoothID=316816
Mitsubishi Electric Automation Inc,1935,500 Corporate Woods Pkwy,"Vernon Hills,Â",United States,https://us.mitsubishielectric.com/fa/en,847-478-2309,,https://s36.a2zinc.net/clients/sme/Houstex2021/Public/eBooth.aspx?IndexInList=72&FromPage=Exhibitors.aspx&ParentBoothID=&ListByBooth=true&BoothID=316759
Mitutoyo America Corp,3026,965 Corporate Blvd,"Aurora,Â",United States,https://www.mitutoyo.com,630-820-9666,,https://s36.a2zinc.net/clients/sme/Houstex2021/Public/eBooth.aspx?IndexInList=73&FromPage=Exhibitors.aspx&ParentBoothID=&ListByBooth=true&BoothID=316862
MLC CAD Systems,1615,4625 W William Cannon Dr Bld #5,"Austin,",United States,https://www.mlc-cad.com,512-288-8511,,https://s36.a2zinc.net/clients/sme/Houstex2021/Public/eBooth.aspx?IndexInList=74&FromPage=Exhibitors.aspx&ParentBoothID=&ListByBooth=true&BoothID=316738
Modula Inc,1503,90 Alfred A Plourde Pkwy,"Lewiston,",United States,http://www.modula.us,207-440-5100,,https://s36.a2zinc.net/clients/sme/Houstex2021/Public/eBooth.aspx?IndexInList=75&FromPage=Exhibitors.aspx&ParentBoothID=&ListByBooth=true&BoothID=316723
Monster Tool Co Inc,2935,2470 Ash St Ste 1,"Vista,Â",United States,http://www.monstertool.com,760-477-1000,,https://s36.a2zinc.net/clients/sme/Houstex2021/Public/eBooth.aspx?IndexInList=76&FromPage=Exhibitors.aspx&ParentBoothID=&ListByBooth=true&BoothID=316817
NIS,2315,9527 FM 379,"Navasota,",United States,http://www.nistx.com,936-825-7368,,https://s36.a2zinc.net/clients/sme/Houstex2021/Public/eBooth.aspx?IndexInList=77&FromPage=Exhibitors.aspx&ParentBoothID=&ListByBooth=true&BoothID=316779
Nordfab Ducting,1321,150 Transit Ave,"Thomasville,",United States,http://www.nordfab.com,336-821-0801,,https://s36.a2zinc.net/clients/sme/Houstex2021/Public/eBooth.aspx?IndexInList=78&FromPage=Exhibitors.aspx&ParentBoothID=&ListByBooth=true&BoothID=316704
NSK America Corp,3007,1800 Global Pkwy,"Hoffman Estates,",United States,http://www.nskamericacorp.com,847-843-7664,,https://s36.a2zinc.net/clients/sme/Houstex2021/Public/eBooth.aspx?IndexInList=79&FromPage=Exhibitors.aspx&ParentBoothID=&ListByBooth=true&BoothID=316875
NTK Cutting Tools,2822,46929 Magellan Dr.,"Wixom,",United States,http://www.ntkcuttingtools.com,248-668-0100,,https://s36.a2zinc.net/clients/sme/Houstex2021/Public/eBooth.aspx?IndexInList=80&FromPage=Exhibitors.aspx&ParentBoothID=&ListByBooth=true&BoothID=316807
OASIS Inspection Systems,1335,110 Sleepy Hollow Drive,"Middletown,",United States,http://oasisinspectionsystem.com,302-449-0199,,https://s36.a2zinc.net/clients/sme/Houstex2021/Public/eBooth.aspx?IndexInList=81&FromPage=Exhibitors.aspx&ParentBoothID=&ListByBooth=true&BoothID=316708
Oasis Scientific Inc,2642,3110 Wade Hampton Blvd Ste 18,"Taylors,Â",United States,http://www.oasisscientific.com,864-469-0919,,https://s36.a2zinc.net/clients/sme/Houstex2021/Public/eBooth.aspx?IndexInList=82&FromPage=Exhibitors.aspx&ParentBoothID=&ListByBooth=true&BoothID=316934
Ohio Tool Works Corp,1802,1374 Enterprise Parkway,"Ashland,Â",United States,http://www.ohiotoolworks.com,419-281-3700,,https://s36.a2zinc.net/clients/sme/Houstex2021/Public/eBooth.aspx?IndexInList=83&FromPage=Exhibitors.aspx&ParentBoothID=&ListByBooth=true&BoothID=316752
OMAX Corp,2513,21409 72nd Ave S,"Kent,",United States,https://www.omax.com,253-872-2300,,https://s36.a2zinc.net/clients/sme/Houstex2021/Public/eBooth.aspx?IndexInList=84&FromPage=Exhibitors.aspx&ParentBoothID=&ListByBooth=true&BoothID=316788
OSG USA INC,2907,1945 West Walnut Hill Lane,"Irving,Â",United States,http://www.osgtool.com,800-837-2223,,https://s36.a2zinc.net/clients/sme/Houstex2021/Public/eBooth.aspx?IndexInList=85&FromPage=Exhibitors.aspx&ParentBoothID=&ListByBooth=true&BoothID=316810
Palladium Control Systems Llc,2034,7115 Belgold St.,"Houston,",United States,http://www.palladiumrobotics.com,844-762-6849,,https://s36.a2zinc.net/clients/sme/Houstex2021/Public/eBooth.aspx?IndexInList=86&FromPage=Exhibitors.aspx&ParentBoothID=&ListByBooth=true&BoothID=316767
Perfection Global LLC,2738,2550 Arthur Ave,"Elk Grove Vlg,",United States,http://www.perfectionmachinery.com,847-427-3333,,https://s36.a2zinc.net/clients/sme/Houstex2021/Public/eBooth.aspx?IndexInList=87&FromPage=Exhibitors.aspx&ParentBoothID=&ListByBooth=true&BoothID=316803
Praxair Distribution Inc.,1527,7000 High Grove Blvd,"Burr Ridge,",United States,http://www.praxairdirect.com,800-772-9247,,https://s36.a2zinc.net/clients/sme/Houstex2021/Public/eBooth.aspx?IndexInList=88&FromPage=Exhibitors.aspx&ParentBoothID=&ListByBooth=true&BoothID=316728
Process Environments I Ltd LLP,1343,400 Hobbs Rd.,"League City,Â",United States,http://www.peillp.com,281-316-2500,,https://s36.a2zinc.net/clients/sme/Houstex2021/Public/eBooth.aspx?IndexInList=89&FromPage=Exhibitors.aspx&ParentBoothID=&ListByBooth=true&BoothID=316711
PROFAX / LENCO,3029,1603 N Main St,"Pearland,",United States,http://www.profax-lenco.com,281-485-6258,,https://s36.a2zinc.net/clients/sme/Houstex2021/Public/eBooth.aspx?IndexInList=90&FromPage=Exhibitors.aspx&ParentBoothID=&ListByBooth=true&BoothID=316913
Qualichem Metal Working Fluids,2734,2003 Salem Industrial Dr,"Salem,",United States,http://www.qualichem.com,540-375-6700,,https://s36.a2zinc.net/clients/sme/Houstex2021/Public/eBooth.aspx?IndexInList=91&FromPage=Exhibitors.aspx&ParentBoothID=&ListByBooth=true&BoothID=316802
Quantum Machinery Group,2303,10270 Birtcher Dr,"Mira Loma,Â",United States,www.quantummachinery.com,909-476-8007,,https://s36.a2zinc.net/clients/sme/Houstex2021/Public/eBooth.aspx?IndexInList=92&FromPage=Exhibitors.aspx&ParentBoothID=&ListByBooth=true&BoothID=316778
Radwell International Inc,2949,3401 Ave. E East,"Arlington,",United States,http://www.radwell.com,940-999-1922,,https://s36.a2zinc.net/clients/sme/Houstex2021/Public/eBooth.aspx?IndexInList=93&FromPage=Exhibitors.aspx&ParentBoothID=&ListByBooth=true&BoothID=316918
RedLine Tools,3003,15150 25th Ave N,"Plymouth,Â",United States,http://www.redlinetools.com,800-791-7542,,https://s36.a2zinc.net/clients/sme/Houstex2021/Public/eBooth.aspx?IndexInList=94&FromPage=Exhibitors.aspx&ParentBoothID=&ListByBooth=true&BoothID=316851
Reliable EDM Inc,1710,6940 Fulton St,"Houston,Â",United States,http://www.reliableedm.com,800-947-3336,,https://s36.a2zinc.net/clients/sme/Houstex2021/Public/eBooth.aspx?IndexInList=95&FromPage=Exhibitors.aspx&ParentBoothID=&ListByBooth=true&BoothID=316747
Renishaw Inc,1607,1001 Wesemann Drive,"West Dundee,",United States,http://www.renishaw.com,847-286-9953,,https://s36.a2zinc.net/clients/sme/Houstex2021/Public/eBooth.aspx?IndexInList=96&FromPage=Exhibitors.aspx&ParentBoothID=&ListByBooth=true&BoothID=316734
Rex Supply Co,2703,14751 Kirby Drive,"Pearland,",United States,http://www.rex-supply.com,713-222-2251,,https://s36.a2zinc.net/clients/sme/Houstex2021/Public/eBooth.aspx?IndexInList=97&FromPage=Exhibitors.aspx&ParentBoothID=&ListByBooth=true&BoothID=316795
Rohm Products Of America,1903,2500 Northlake Drive,"Suwanee,",United States,http://www.rohm-products.com,770-963-8440,,https://s36.a2zinc.net/clients/sme/Houstex2021/Public/eBooth.aspx?IndexInList=98&FromPage=Exhibitors.aspx&ParentBoothID=&ListByBooth=true&BoothID=316753
Rosedale Products Inc,2903,3730 W Liberty Rd,"Ann Arbor,Â",United States,http://www.rosedaleproducts.com,734-665-8201,,https://s36.a2zinc.net/clients/sme/Houstex2021/Public/eBooth.aspx?IndexInList=99&FromPage=Exhibitors.aspx&ParentBoothID=&ListByBooth=true&BoothID=316809
Sage Automation Inc,1640,4925 Fannett Rd,"Beaumont,",United States,http://www.sagerobot.com,409-842-8040,,https://s36.a2zinc.net/clients/sme/Houstex2021/Public/eBooth.aspx?IndexInList=100&FromPage=Exhibitors.aspx&ParentBoothID=&ListByBooth=true&BoothID=316742
Sanco Sales Inc,2723,PO Box 892,"Crandall,",United States,http://www.sancosales.com,214-679-9417,,https://s36.a2zinc.net/clients/sme/Houstex2021/Public/eBooth.aspx?IndexInList=101&FromPage=Exhibitors.aspx&ParentBoothID=&ListByBooth=true&BoothID=316800
Sauter North America Inc,2814,1116 Centre Road,"Auburn Hills,",United States,http://www.sauter-feinmechanik.com,734-207-0900,,https://s36.a2zinc.net/clients/sme/Houstex2021/Public/eBooth.aspx?IndexInList=102&FromPage=Exhibitors.aspx&ParentBoothID=&ListByBooth=true&BoothID=316827
Savage Saws,1239,31 Commerce St,"East Haven,",United States,http://savagesaws.com,203-468-4100,,https://s36.a2zinc.net/clients/sme/Houstex2021/Public/eBooth.aspx?IndexInList=103&FromPage=Exhibitors.aspx&ParentBoothID=&ListByBooth=true&BoothID=316880
Schunk Inc,1627,211 Kitty Hawk Dr,"Morrisville,",United States,http://www.us.schunk.com,919-767-1997,,https://s36.a2zinc.net/clients/sme/Houstex2021/Public/eBooth.aspx?IndexInList=104&FromPage=Exhibitors.aspx&ParentBoothID=&ListByBooth=true&BoothID=316825
Shape Design Technologies Inc,2925,6723 Theall Rd Ste A,"Houston,",United States,http://www.shapedesigntechnologies.com,281-781-7187,,https://s36.a2zinc.net/clients/sme/Houstex2021/Public/eBooth.aspx?IndexInList=105&FromPage=Exhibitors.aspx&ParentBoothID=&ListByBooth=true&BoothID=316815
Shars Tool Co,1820,840 Equity Dr,"Saint Charles,",United States,http://www.shars.com,630-443-6822,,https://s36.a2zinc.net/clients/sme/Houstex2021/Public/eBooth.aspx?IndexInList=106&FromPage=Exhibitors.aspx&ParentBoothID=&ListByBooth=true&BoothID=316866
SIC Marking USA Inc,3040,137 Delta Dr,"Pittsburgh,",United States,http://www.sicmarking.com,412-487-1165,,https://s36.a2zinc.net/clients/sme/Houstex2021/Public/eBooth.aspx?IndexInList=107&FromPage=Exhibitors.aspx&ParentBoothID=&ListByBooth=true&BoothID=316892
Simplify Solutions LLC,1238,22 Hethlon Rd,"Canterbury,",United States,http://www.simplifysolutionsllc.com,281-460-9848,,https://s36.a2zinc.net/clients/sme/Houstex2021/Public/eBooth.aspx?IndexInList=108&FromPage=Exhibitors.aspx&ParentBoothID=&ListByBooth=true&BoothID=316901
SMW Autoblok Corp,1927,285 Egidi Dr,"Wheeling,Â",United States,http://www.smwautoblok.com,847-215-0951,,https://s36.a2zinc.net/clients/sme/Houstex2021/Public/eBooth.aspx?IndexInList=109&FromPage=Exhibitors.aspx&ParentBoothID=&ListByBooth=true&BoothID=316758
Southwestern Gage Inc,3021,3151 Commonwealth Dr,"Dallas,",United States,http://www.southwesterngage.com,214-358-5151,,https://s36.a2zinc.net/clients/sme/Houstex2021/Public/eBooth.aspx?IndexInList=110&FromPage=Exhibitors.aspx&ParentBoothID=&ListByBooth=true&BoothID=316898
Star CNC Machine Tools,1502,375 Bennett Rd,"Elk Grove Vlg,",United States,http://www.starcnc.com,847-437-8300,,https://s36.a2zinc.net/clients/sme/Houstex2021/Public/eBooth.aspx?IndexInList=111&FromPage=Exhibitors.aspx&ParentBoothID=&ListByBooth=true&BoothID=316722
Starrett Company,3015,121 Crescent St,"Athol,Â",United States,http://www.starrett.com,978-249-3551,,https://s36.a2zinc.net/clients/sme/Houstex2021/Public/eBooth.aspx?IndexInList=112&FromPage=Exhibitors.aspx&ParentBoothID=&ListByBooth=true&BoothID=316856
Stor-Loc Corp,1221,880 N WASHINGTON AVE,"Kankakee,",United States,http://www.storloc.com,800-786-7562,,https://s36.a2zinc.net/clients/sme/Houstex2021/Public/eBooth.aspx?IndexInList=113&FromPage=Exhibitors.aspx&ParentBoothID=&ListByBooth=true&BoothID=316839
Sumitomo Electric Carbide Inc,1225,1001 E Business Center Dr,"Mt Prospect,Â",United States,http://sumicarbide.com/,847-635-0044,,https://s36.a2zinc.net/clients/sme/Houstex2021/Public/eBooth.aspx?IndexInList=114&FromPage=Exhibitors.aspx&ParentBoothID=&ListByBooth=true&BoothID=316840
Sunnen Products Co,2503,7910 Manchester Rd,"Saint Louis,",United States,http://www.sunnen.com,314-781-2100,,https://s36.a2zinc.net/clients/sme/Houstex2021/Public/eBooth.aspx?IndexInList=115&FromPage=Exhibitors.aspx&ParentBoothID=&ListByBooth=true&BoothID=316787
Super Duty Fans,2739,5800 Granite Pkwy Ste 250,"Plano,",United States,http://www.superdutyfans.com,972-898-4680,,https://s36.a2zinc.net/clients/sme/Houstex2021/Public/eBooth.aspx?IndexInList=116&FromPage=Exhibitors.aspx&ParentBoothID=&ListByBooth=true&BoothID=316871
Swoosh Technologies,1324,1422 Elbridge Payne Rd,"St. Louis,",United States,http://www.swooshtech.com,314-549-8110,,https://s36.a2zinc.net/clients/sme/Houstex2021/Public/eBooth.aspx?IndexInList=117&FromPage=Exhibitors.aspx&ParentBoothID=&ListByBooth=true&BoothID=316843
Techni Waterjet A GMM Group Company,1909,15301 W 109th St,"Lenexa,",United States,http://www.techniwaterjet.com,913-827-7047,,https://s36.a2zinc.net/clients/sme/Houstex2021/Public/eBooth.aspx?IndexInList=118&FromPage=Exhibitors.aspx&ParentBoothID=&ListByBooth=true&BoothID=316754
Thermtech,1639,301 Travis Ln,"Waukesha,Â",United States,http://www.thermtech.net,262-549-1878,,https://s36.a2zinc.net/clients/sme/Houstex2021/Public/eBooth.aspx?IndexInList=119&FromPage=Exhibitors.aspx&ParentBoothID=&ListByBooth=true&BoothID=316741
Third Coast Gage & Calibration,1610,702 County Road 129,"Alvin,",United States,http://www.thirdcoastgage.com,832-569-2046,,https://s36.a2zinc.net/clients/sme/Houstex2021/Public/eBooth.aspx?IndexInList=120&FromPage=Exhibitors.aspx&ParentBoothID=&ListByBooth=true&BoothID=316736
THK America Inc,2946,200 Commerce Dr,"Schaumburg,",United States,http://www.thk.com,847-310-5818,,https://s36.a2zinc.net/clients/sme/Houstex2021/Public/eBooth.aspx?IndexInList=121&FromPage=Exhibitors.aspx&ParentBoothID=&ListByBooth=true&BoothID=316923
Tom Paine Group,2621,PO Box 2152,"Mansfield,",United States,http://www.tompainegroup.com,817-296-6258,,https://s36.a2zinc.net/clients/sme/Houstex2021/Public/eBooth.aspx?IndexInList=122&FromPage=Exhibitors.aspx&ParentBoothID=&ListByBooth=true&BoothID=316792
Tool-Flo Manufacturing Inc,2335,7803 Hansen Rd,"Houston,Â",United States,http://www.toolflo.com,713-941-1080,,https://s36.a2zinc.net/clients/sme/Houstex2021/Public/eBooth.aspx?IndexInList=123&FromPage=Exhibitors.aspx&ParentBoothID=&ListByBooth=true&BoothID=316781
True Cut Edm Inc,1541,2003 W State St,"Garland,Â",United States,http://www.truecutedm.com,972-278-9889,,https://s36.a2zinc.net/clients/sme/Houstex2021/Public/eBooth.aspx?IndexInList=124&FromPage=Exhibitors.aspx&ParentBoothID=&ListByBooth=true&BoothID=316731
UNISIG,2721,N58W14630 Shawn Cir,"Menomonee Falls,Â",United States,http://www.unisig.com,262-252-3802,,https://s36.a2zinc.net/clients/sme/Houstex2021/Public/eBooth.aspx?IndexInList=125&FromPage=Exhibitors.aspx&ParentBoothID=&ListByBooth=true&BoothID=316799
Urrea Professional Tools,3009,5150 Service Center Dr,"San Antonio,",United States,http://www.urreaprofessionaltools.com,210-734-8703,,https://s36.a2zinc.net/clients/sme/Houstex2021/Public/eBooth.aspx?IndexInList=126&FromPage=Exhibitors.aspx&ParentBoothID=&ListByBooth=true&BoothID=316876
US Shop Tools,2635,1340 S Allec St,"Anaheim,Â",United States,http://www.usshoptools.com,800-243-7701,,https://s36.a2zinc.net/clients/sme/Houstex2021/Public/eBooth.aspx?IndexInList=127&FromPage=Exhibitors.aspx&ParentBoothID=&ListByBooth=true&BoothID=316793
USA Borescopes,1740,2061 Bearden Rd,"Clarksville,",United States,http://www.USABorescopes.com,931-362-3304,,https://s36.a2zinc.net/clients/sme/Houstex2021/Public/eBooth.aspx?IndexInList=128&FromPage=Exhibitors.aspx&ParentBoothID=&ListByBooth=true&BoothID=316750
Vargus USA,2715,PO Box 1698,"Janesville,Â",United States,http://www.vargususa.com,608-756-4930,,https://s36.a2zinc.net/clients/sme/Houstex2021/Public/eBooth.aspx?IndexInList=129&FromPage=Exhibitors.aspx&ParentBoothID=&ListByBooth=true&BoothID=316796
Verisurf Software Inc,2921,4907 E. Landon Dr.,"Anaheim,",United States,http://www.verisurf.com,714-970-1683,,https://s36.a2zinc.net/clients/sme/Houstex2021/Public/eBooth.aspx?IndexInList=130&FromPage=Exhibitors.aspx&ParentBoothID=&ListByBooth=true&BoothID=316814
Vollmer Of America,2818,105 Broadway St,"Carnegie,",United States,http://www.vollmer-group.com,412-278-0655,,https://s36.a2zinc.net/clients/sme/Houstex2021/Public/eBooth.aspx?IndexInList=131&FromPage=Exhibitors.aspx&ParentBoothID=&ListByBooth=true&BoothID=316805
WTO USA,1914,13900 S Lakes Dr Ste F,"Charlotte,Â",United States,http://www.wto-usa.com,704-714-7765,,https://s36.a2zinc.net/clients/sme/Houstex2021/Public/eBooth.aspx?IndexInList=132&FromPage=Exhibitors.aspx&ParentBoothID=&ListByBooth=true&BoothID=316837
Yamazen Inc,2021,510 E Corporate Drive,"Lewisville,",United States,http://www.yamazen.com/,800-882-8558,,https://s36.a2zinc.net/clients/sme/Houstex2021/Public/eBooth.aspx?IndexInList=133&FromPage=Exhibitors.aspx&ParentBoothID=&ListByBooth=true&BoothID=316766
YG-1 Tool Co,1603,730 Corporate Woods Pkwy,"Vernon Hills,Â",United States,www.yg1usa.com,847-634-3700,,https://s36.a2zinc.net/clients/sme/Houstex2021/Public/eBooth.aspx?IndexInList=134&FromPage=Exhibitors.aspx&ParentBoothID=&ListByBooth=true&BoothID=316733
ZEISS Industrial Quality Solutions,1702,6250 Sycamore Ln N,"Maple Grove,Â",United States,http://www.zeiss.com/metroogy,763-744-2400,,https://s36.a2zinc.net/clients/sme/Houstex2021/Public/eBooth.aspx?IndexInList=135&FromPage=Exhibitors.aspx&ParentBoothID=&ListByBooth=true&BoothID=316745
Zerust Corrosion Solutions,1511,4201 Woodland Rd,"Circle Pines,",United States,https://www.zerust.com,763-225-6600,,https://s36.a2zinc.net/clients/sme/Houstex2021/Public/eBooth.aspx?IndexInList=136&FromPage=Exhibitors.aspx&ParentBoothID=&ListByBooth=true&BoothID=316726
Zoller Inc,3034,3900 Research Park Dr,"Ann Arbor,",United States,http://www.zoller-usa.com,734-332-4851,,https://s36.a2zinc.net/clients/sme/Houstex2021/Public/eBooth.aspx?IndexInList=137&FromPage=Exhibitors.aspx&ParentBoothID=&ListByBooth=true&BoothID=316888
Zygo Corp,2719,21 Laurel Brook Rd,"Middlefield,Â",United States,www.zygo.com,800-994-6669,,https://s36.a2zinc.net/clients/sme/Houstex2021/Public/eBooth.aspx?IndexInList=138&FromPage=Exhibitors.aspx&ParentBoothID=&ListByBooth=true&BoothID=316798
