Name,Booth_no,Address,City,Country,website,Contact_no,product,url,
3M,"812, 37, 38, 39",,"St. Paul,",United States,http://www.3m.com/displayfilms,,Anti-Reflection Coatings AR,https://s23.a2zinc.net/clients/palisades/sid2020/Public/eBooth.aspx?IndexInList=0&FromPage=Exhibitors.aspx&ParentBoothID=&ListByBooth=true&BoothID=100517,
Abrisa Technologies,1132,,"Santa Paula,",United States,http://www.abrisatechnologies.com,,Anti-Reflection Coatings Filters Glass for Displays Optical Components Optical Films and Coatings Polarizers Protective Films Thin Films,https://s23.a2zinc.net/clients/palisades/sid2020/Public/eBooth.aspx?IndexInList=1&FromPage=Exhibitors.aspx&ParentBoothID=&ListByBooth=true&BoothID=100583,
"Acrowise Electronics Co., Ltd",1511,,"New Taipei City,",Taiwan,http://www.acrowise.com.tw/_en/index.php,,,https://s23.a2zinc.net/clients/palisades/sid2020/Public/eBooth.aspx?IndexInList=2&FromPage=Exhibitors.aspx&ParentBoothID=&ListByBooth=true&BoothID=100527,
Admesy B.V.,400,,"Ittervoort,",Netherlands,http://www.admesy.com,,Photometers Test and Measurement Equipment,https://s23.a2zinc.net/clients/palisades/sid2020/Public/eBooth.aspx?IndexInList=3&FromPage=Exhibitors.aspx&ParentBoothID=&ListByBooth=true&BoothID=100707,
"Advanced Link Photonics, Inc.",507,,"Tustin,",United States,http://www.alpincorp.com,,Anti-Reflection Screens Automotive,https://s23.a2zinc.net/clients/palisades/sid2020/Public/eBooth.aspx?IndexInList=4&FromPage=Exhibitors.aspx&ParentBoothID=&ListByBooth=true&BoothID=100696,
"AGC, Inc.","1112, 40",,"Chiyoda-ku,",Japan,http://www.agc.com/en/index.html,,Anti-Reflection Coatings Chemical Suppliers Digital Signage Filters Glass for Displays Optical Components Thin Films,https://s23.a2zinc.net/clients/palisades/sid2020/Public/eBooth.aspx?IndexInList=5&FromPage=Exhibitors.aspx&ParentBoothID=&ListByBooth=true&BoothID=100515,
"Ajinomoto Fine-Techno Co., Inc,",325,,"Cupertino,",United States,https://www.aft-website.com/en,,,https://s23.a2zinc.net/clients/palisades/sid2020/Public/eBooth.aspx?IndexInList=6&FromPage=Exhibitors.aspx&ParentBoothID=&ListByBooth=true&BoothID=100380,
"Ampire Co., Ltd.",414,,"New Taipei CIty ,",Taiwan,http://www.ampire.com.tw/en/index.asp,,,https://s23.a2zinc.net/clients/palisades/sid2020/Public/eBooth.aspx?IndexInList=7&FromPage=Exhibitors.aspx&ParentBoothID=&ListByBooth=true&BoothID=100710,
"Apex Display International, Ltd.",310,,"Shenzhen,",China,http://www.sz-apex.net,,3D AR,https://s23.a2zinc.net/clients/palisades/sid2020/Public/eBooth.aspx?IndexInList=8&FromPage=Exhibitors.aspx&ParentBoothID=&ListByBooth=true&BoothID=100531,
"APP Co., Ltd.",1506,,"Hwasung,",Korea (South),http://www.applasma.com,,AMOLED Displays MicroLEDs OLED Devices and Displays Oxide TFTs Thin Films,https://s23.a2zinc.net/clients/palisades/sid2020/Public/eBooth.aspx?IndexInList=9&FromPage=Exhibitors.aspx&ParentBoothID=&ListByBooth=true&BoothID=100602,
"ASTRODESIGN, Inc.",1412,,"San Jose,",United States,http://www.astrodesign.co.jp/english,,Test and Measurement Equipment,https://s23.a2zinc.net/clients/palisades/sid2020/Public/eBooth.aspx?IndexInList=10&FromPage=Exhibitors.aspx&ParentBoothID=&ListByBooth=true&BoothID=100526,
AUO,"828, 23, 24",,"Hsinchu Science Park,",Taiwan,http://www.auo.com,,AMOLED Displays Automotive,https://s23.a2zinc.net/clients/palisades/sid2020/Public/eBooth.aspx?IndexInList=11&FromPage=Exhibitors.aspx&ParentBoothID=&ListByBooth=true&BoothID=100653,
Avantama AG,327,,"Staefa,",Switzerland,https://avantama.com,,OLED Materials Optical Films and Coatings Phosphors Quantum Dots Thin Films,https://s23.a2zinc.net/clients/palisades/sid2020/Public/eBooth.aspx?IndexInList=12&FromPage=Exhibitors.aspx&ParentBoothID=&ListByBooth=true&BoothID=100660,
BenQ Materials Corp.,"1532, 32",,"Taoyuan,",Taiwan,http://benqmaterials.com/index.php,,AMOLED Displays Anti-Reflection Coatings Anti-Reflection Screens Automotive,https://s23.a2zinc.net/clients/palisades/sid2020/Public/eBooth.aspx?IndexInList=13&FromPage=Exhibitors.aspx&ParentBoothID=&ListByBooth=true&BoothID=100590,
"BOE Technology Group Co., Ltd.",900,,"Beijing,",China,http://www.boe.com/en/index/pei.html,,3D AMOLED Displays AR,https://s23.a2zinc.net/clients/palisades/sid2020/Public/eBooth.aspx?IndexInList=14&FromPage=Exhibitors.aspx&ParentBoothID=&ListByBooth=true&BoothID=100511,
BOE Varitronix Limited,"25, 26",,"City of Industry,",United States,http://www.boevx.com,,Target MarketAutomotive & Electric Vehicles Industrial,https://s23.a2zinc.net/clients/palisades/sid2020/Public/eBooth.aspx?IndexInList=15&FromPage=Exhibitors.aspx&ParentBoothID=&ListByBooth=true&BoothID=100472,
Bright View Technologies,217,,"Durham,",United States,http://www.brightviewtechnologies.com,,Backlighting Mobile Displays Optical Components Optical Films and Coatings Phosphors Polymer Films Thin Films Ultra-High Resolution Displays,https://s23.a2zinc.net/clients/palisades/sid2020/Public/eBooth.aspx?IndexInList=16&FromPage=Exhibitors.aspx&ParentBoothID=&ListByBooth=true&BoothID=100368,
"Bristol Instruments, Inc.",641,,"Victor,",United States,http://www.bristol-inst.com,,Test and Measurement Equipment,https://s23.a2zinc.net/clients/palisades/sid2020/Public/eBooth.aspx?IndexInList=17&FromPage=Exhibitors.aspx&ParentBoothID=&ListByBooth=true&BoothID=100399,
"C3Nano, Inc.",36,,"HAYWARD,",United States,http://www.C3Nano.com,,AMOLED Displays Chemical Suppliers Emerging Materials Foldable,https://s23.a2zinc.net/clients/palisades/sid2020/Public/eBooth.aspx?IndexInList=18&FromPage=Exhibitors.aspx&ParentBoothID=&ListByBooth=true&BoothID=100483,
Cambrios Film Solutions,"214, 13",,"Taoyuan City,",Taiwan,https://cambrios.com/,,Flexible and e-Paper Foldable,https://s23.a2zinc.net/clients/palisades/sid2020/Public/eBooth.aspx?IndexInList=19&FromPage=Exhibitors.aspx&ParentBoothID=&ListByBooth=true&BoothID=100625,
Cat-i Glass,532,,"South Elgin,",United States,http://www.catiglass.com,,Anti-Reflection Coatings Automotive,https://s23.a2zinc.net/clients/palisades/sid2020/Public/eBooth.aspx?IndexInList=20&FromPage=Exhibitors.aspx&ParentBoothID=&ListByBooth=true&BoothID=100580,
Cerion Nanomaterials,1513,,"Rochester,",United States,http://www.cerionadvancedmaterials.com,,Emerging Materials,https://s23.a2zinc.net/clients/palisades/sid2020/Public/eBooth.aspx?IndexInList=21&FromPage=Exhibitors.aspx&ParentBoothID=&ListByBooth=true&BoothID=100528,
CEVIANS LLC,637,,"Costa Mesa,",United States,http://www.cevians.com/,,Anti-Reflection Screens Automotive,https://s23.a2zinc.net/clients/palisades/sid2020/Public/eBooth.aspx?IndexInList=22&FromPage=Exhibitors.aspx&ParentBoothID=&ListByBooth=true&BoothID=100398,
CFOC (Chenfeng Optronics Corp.),1408,,"Taichung,",Taiwan,http://www.cfoc.com.tw/en_us/,,3D Anti-Reflection Coatings Automotive,https://s23.a2zinc.net/clients/palisades/sid2020/Public/eBooth.aspx?IndexInList=23&FromPage=Exhibitors.aspx&ParentBoothID=&ListByBooth=true&BoothID=100718,
Chasm Advanced Materials,734,,"Canton,",United States,http://www.chasmtek.com,,Digital Signage Display System Integrators Emerging Materials Flexible and e-Paper Foldable,https://s23.a2zinc.net/clients/palisades/sid2020/Public/eBooth.aspx?IndexInList=24&FromPage=Exhibitors.aspx&ParentBoothID=&ListByBooth=true&BoothID=100401,
"Chroma ATE, Inc.",1404,,"Irvine,",United States,https://www.chromaus.com,,Test and Measurement Equipment,https://s23.a2zinc.net/clients/palisades/sid2020/Public/eBooth.aspx?IndexInList=25&FromPage=Exhibitors.aspx&ParentBoothID=&ListByBooth=true&BoothID=100597,
Clarify LLC,1440,,"Tempe,",United States,http://www.clarify.one,,,https://s23.a2zinc.net/clients/palisades/sid2020/Public/eBooth.aspx?IndexInList=26&FromPage=Exhibitors.aspx&ParentBoothID=&ListByBooth=true&BoothID=100435,
"Color Space Technology, Inc.",1624,,"Beijing,",China,http://www.colorsp.com,,Colorimeters Manufacturing Equipment Photometers Source Imaging Goniometers Test and Measurement Equipment,https://s23.a2zinc.net/clients/palisades/sid2020/Public/eBooth.aspx?IndexInList=27&FromPage=Exhibitors.aspx&ParentBoothID=&ListByBooth=true&BoothID=100451,
Colorado Concept Coatings LLC,1629,,"Loveland,",United States,http://www.coloconcept.com,,Anti-Reflection Coatings Deposition Equipment,https://s23.a2zinc.net/clients/palisades/sid2020/Public/eBooth.aspx?IndexInList=28&FromPage=Exhibitors.aspx&ParentBoothID=&ListByBooth=true&BoothID=100666,
"Colorimetry Research, Inc.",235,,"Santa Clarita,",United States,http://www.colorimetryresearch.com,,Colorimeters Photometers,https://s23.a2zinc.net/clients/palisades/sid2020/Public/eBooth.aspx?IndexInList=29&FromPage=Exhibitors.aspx&ParentBoothID=&ListByBooth=true&BoothID=100373,
"Consistent Electronic Materials, Inc.",838,,"Toufen Town,",Taiwan,http://www.consistent-em.com,,3D Chemical Suppliers Flexible and e-Paper Optical Films and Coatings Photolithography Equipment Quantum Dots,https://s23.a2zinc.net/clients/palisades/sid2020/Public/eBooth.aspx?IndexInList=30&FromPage=Exhibitors.aspx&ParentBoothID=&ListByBooth=true&BoothID=100620,
"Corning, Inc.","612, 7, 8",,"Corning,",United States,http://www.corning.com,,AMOLED Displays AR,https://s23.a2zinc.net/clients/palisades/sid2020/Public/eBooth.aspx?IndexInList=31&FromPage=Exhibitors.aspx&ParentBoothID=&ListByBooth=true&BoothID=100516,
"DAESANG S. T Co., Ltd.","1138, 35",,"Seoul,",Korea (South),http://www.daesangst.com,,Polymer Films Thin Films,https://s23.a2zinc.net/clients/palisades/sid2020/Public/eBooth.aspx?IndexInList=32&FromPage=Exhibitors.aspx&ParentBoothID=&ListByBooth=true&BoothID=100415,
Dark Field Technologies,1616,,"Shelton,",United States,http://www.darkfield.com,,AR,https://s23.a2zinc.net/clients/palisades/sid2020/Public/eBooth.aspx?IndexInList=33&FromPage=Exhibitors.aspx&ParentBoothID=&ListByBooth=true&BoothID=100450,
Data Image Corp.,315,,"Winter Park,",United States,http://www.dataimage.com.tw,,,https://s23.a2zinc.net/clients/palisades/sid2020/Public/eBooth.aspx?IndexInList=34&FromPage=Exhibitors.aspx&ParentBoothID=&ListByBooth=true&BoothID=100627,
"Data Modul, Inc.","928, 27",,"Hauppauge,",United States,http://www.data-modul.com,,Digital Signage Haptics High-Dynamic-Range Displays LCDs - Active Matrix Medical Displays OLED Devices and Displays Touch Screens Ultra-High Resolution Displays,https://s23.a2zinc.net/clients/palisades/sid2020/Public/eBooth.aspx?IndexInList=35&FromPage=Exhibitors.aspx&ParentBoothID=&ListByBooth=true&BoothID=100520,
Dexerials Corp.,1333,,"San Jose,",United States,http://www.dexerials.jp/en/,,Anti-Reflection Coatings Anti-Reflection Screens AR,https://s23.a2zinc.net/clients/palisades/sid2020/Public/eBooth.aspx?IndexInList=36&FromPage=Exhibitors.aspx&ParentBoothID=&ListByBooth=true&BoothID=100586,
DigiLens Inc,18,,"Sunnyvale,",United States,http://www.digilens.com,,Target MarketAugmented Reality,https://s23.a2zinc.net/clients/palisades/sid2020/Public/eBooth.aspx?IndexInList=37&FromPage=Exhibitors.aspx&ParentBoothID=&ListByBooth=true&BoothID=100465,
Digital View,420,,"Morgan Hill,",United States,http://www.digitalview.com,,Video Interfaces,https://s23.a2zinc.net/clients/palisades/sid2020/Public/eBooth.aspx?IndexInList=38&FromPage=Exhibitors.aspx&ParentBoothID=&ListByBooth=true&BoothID=100712,
Display Logic USA,401,,"Hauppauge,",United States,http://www.displaylogic.com,,AMOLED Displays Automotive,https://s23.a2zinc.net/clients/palisades/sid2020/Public/eBooth.aspx?IndexInList=39&FromPage=Exhibitors.aspx&ParentBoothID=&ListByBooth=true&BoothID=100613,
DNP,1326,,"San Jose,",United States,http://www.dnpamerica.com/,,Anti-Reflection Coatings AR,https://s23.a2zinc.net/clients/palisades/sid2020/Public/eBooth.aspx?IndexInList=40&FromPage=Exhibitors.aspx&ParentBoothID=&ListByBooth=true&BoothID=100569,
E Ink Corp.,"920, 1",,"Billerica,",United States,http://eink.com,,Flexible and e-Paper Foldable,https://s23.a2zinc.net/clients/palisades/sid2020/Public/eBooth.aspx?IndexInList=41&FromPage=Exhibitors.aspx&ParentBoothID=&ListByBooth=true&BoothID=100622,
E3 Display,19,,"Phoenix,",United States,http://e3displays.com,,Target MarketAutomotive Industrial,https://s23.a2zinc.net/clients/palisades/sid2020/Public/eBooth.aspx?IndexInList=42&FromPage=Exhibitors.aspx&ParentBoothID=&ListByBooth=true&BoothID=100466,
Edge Electronics,422,,"Bohemia,",United States,http://www.edgeelectronics.com,,Anti-Reflection Coatings Anti-Reflection Screens Backlighting Cables Connectors Digital Signage Display System Integrators Drivers and Controllers LCDs - Active Matrix LCDs - Passive Matrix Medical Displays Mobile Displays OLED Devices and Displays Protective Films Reflective Displays Touch Screens Ultra-High Resolution Displays,https://s23.a2zinc.net/clients/palisades/sid2020/Public/eBooth.aspx?IndexInList=43&FromPage=Exhibitors.aspx&ParentBoothID=&ListByBooth=true&BoothID=100713,
"eGalax_eMPIA Technology, Inc.",1533,,"Taipei,",Taiwan,http://www.eeti.com,,Automotive,https://s23.a2zinc.net/clients/palisades/sid2020/Public/eBooth.aspx?IndexInList=44&FromPage=Exhibitors.aspx&ParentBoothID=&ListByBooth=true&BoothID=100589,
ELDIM,1028,,"HEROUVILLE SAINT CLAIR,",France,http://www.eldim.fr,,Colorimeters Laser Inspection System Optical Components Photometers Source Imaging Goniometers Test and Measurement Equipment,https://s23.a2zinc.net/clients/palisades/sid2020/Public/eBooth.aspx?IndexInList=45&FromPage=Exhibitors.aspx&ParentBoothID=&ListByBooth=true&BoothID=100568,
eMagin Corp.,,"1630, 33",,"Hopewell Junction,",United States,http://www.emagin.com,,Product CategoriesAMOLED Displays Near-to-Eye Displays OLED Devices and Displays,https://s23.a2zinc.net/clients/palisades/sid2020/Public/eBooth.aspx?IndexInList=46&FromPage=Exhibitors.aspx&ParentBoothID=&ListByBooth=true&BoothID=100454
EMD / Merck KGaA,512,,"Darmstadt,",Germany,http://www.emdgroup.com/en/expertise/displays.html,,Liquid Crystals OLED Materials Phosphors Quantum Dots,https://s23.a2zinc.net/clients/palisades/sid2020/Public/eBooth.aspx?IndexInList=47&FromPage=Exhibitors.aspx&ParentBoothID=&ListByBooth=true&BoothID=100571,
Emerging Display Technologies,626,,"Irvine,",United States,http://www.edtc.com,,Automotive,https://s23.a2zinc.net/clients/palisades/sid2020/Public/eBooth.aspx?IndexInList=48&FromPage=Exhibitors.aspx&ParentBoothID=&ListByBooth=true&BoothID=100523,
Empyrean Software,1718,,"San Jose,",United States,http://www.empyrean-tech.com,,,https://s23.a2zinc.net/clients/palisades/sid2020/Public/eBooth.aspx?IndexInList=49&FromPage=Exhibitors.aspx&ParentBoothID=&ListByBooth=true&BoothID=100636,
"Europtec USA, Inc.",733,,"Clarksburg,",United States,http://www.europtecusa.com/,,Anti-Reflection Coatings Glass for Displays Optical Films and Coatings,https://s23.a2zinc.net/clients/palisades/sid2020/Public/eBooth.aspx?IndexInList=50&FromPage=Exhibitors.aspx&ParentBoothID=&ListByBooth=true&BoothID=100623,
EVERFINE Corp.,1500,,"HANGZHOU,",China,http://www.everfine.net,,Colorimeters Optical Components Optical Design Software Photometers Software for Displays Source Imaging Goniometers Test and Measurement Equipment,https://s23.a2zinc.net/clients/palisades/sid2020/Public/eBooth.aspx?IndexInList=51&FromPage=Exhibitors.aspx&ParentBoothID=&ListByBooth=true&BoothID=100609,
"Fujitsu Components America, Inc.",633,,"San Jose,",United States,http://www.fujitsu.com/us/services/edevices/components/touchpanels/,,Digital Signage Display System Integrators Drivers and Controllers Mobile Displays Touch Screen Stylus Touch Screens,https://s23.a2zinc.net/clients/palisades/sid2020/Public/eBooth.aspx?IndexInList=52&FromPage=Exhibitors.aspx&ParentBoothID=&ListByBooth=true&BoothID=100592,
Futaba Corp. of America,1226,,"Wixom,",United States,http://www.futaba.com,,Anti-Reflection Coatings Anti-Reflection Screens Automotive,https://s23.a2zinc.net/clients/palisades/sid2020/Public/eBooth.aspx?IndexInList=53&FromPage=Exhibitors.aspx&ParentBoothID=&ListByBooth=true&BoothID=100537,
Gamma Scientific,1035,,"San Diego,",United States,http://www.gamma-sci.com,,AR,https://s23.a2zinc.net/clients/palisades/sid2020/Public/eBooth.aspx?IndexInList=54&FromPage=Exhibitors.aspx&ParentBoothID=&ListByBooth=true&BoothID=100582,
German Pavilion,"1300, 1200, 1206, 1212, 1220",,"Leipzig,",Germany,http://www.lm-international.com,,,https://s23.a2zinc.net/clients/palisades/sid2020/Public/eBooth.aspx?IndexInList=55&FromPage=Exhibitors.aspx&ParentBoothID=&ListByBooth=true&BoothID=100605,
"Global Lighting Technologies, Inc.",426,,"Brecksville,",United States,http://www.glthome.com,,Backlighting,https://s23.a2zinc.net/clients/palisades/sid2020/Public/eBooth.aspx?IndexInList=56&FromPage=Exhibitors.aspx&ParentBoothID=&ListByBooth=true&BoothID=100538,
"Goldengate Quantum Technology Co. Ltd., Shanghai",411,,"Shenzhen,",China,http://www.rayitek.com,,Optical Films and Coatings Polymer Films Thin Films,https://s23.a2zinc.net/clients/palisades/sid2020/Public/eBooth.aspx?IndexInList=57&FromPage=Exhibitors.aspx&ParentBoothID=&ListByBooth=true&BoothID=100533,
"Goworld Display USA, Ltd.",332,,"Bellevue,",United States,http://www.goworld-lcd.us/,,LCDs - Active Matrix LCDs - Passive Matrix Touch Screens,https://s23.a2zinc.net/clients/palisades/sid2020/Public/eBooth.aspx?IndexInList=58&FromPage=Exhibitors.aspx&ParentBoothID=&ListByBooth=true&BoothID=100577,
"Henghao Technology Co., Ltd.",412,,"Taichung,",Taiwan,http://www.henghao.com.tw,,Anti-Reflection Coatings Anti-Reflection Screens Glass for Displays Touch Screens,https://s23.a2zinc.net/clients/palisades/sid2020/Public/eBooth.aspx?IndexInList=59&FromPage=Exhibitors.aspx&ParentBoothID=&ListByBooth=true&BoothID=100705,
Hodogaya Chemical,1034,,"White Plains,",United States,http://www.hodogaya.co.jp/english/,,Chemical Suppliers OLED Materials,https://s23.a2zinc.net/clients/palisades/sid2020/Public/eBooth.aspx?IndexInList=60&FromPage=Exhibitors.aspx&ParentBoothID=&ListByBooth=true&BoothID=100407,
IDC,1233,,"Alpharetta,",United States,http://www.idclcd.com,,Anti-Reflection Screens Automotive,https://s23.a2zinc.net/clients/palisades/sid2020/Public/eBooth.aspx?IndexInList=61&FromPage=Exhibitors.aspx&ParentBoothID=&ListByBooth=true&BoothID=100584,
IDTechEx,505,,"Boston,",United States,http://www.idtechex.com,,3D Consultants Emerging Materials Market Researchers,https://s23.a2zinc.net/clients/palisades/sid2020/Public/eBooth.aspx?IndexInList=62&FromPage=Exhibitors.aspx&ParentBoothID=&ListByBooth=true&BoothID=100695,
ImagineOptix Corporation,935,,"Durham,",United States,www.imagineoptix.com,,,https://s23.a2zinc.net/clients/palisades/sid2020/Public/eBooth.aspx?IndexInList=63&FromPage=Exhibitors.aspx&ParentBoothID=&ListByBooth=true&BoothID=100656,
"INCOM, Inc.",1135,,"Charlton,",United States,http://incomusa.com,,AR,https://s23.a2zinc.net/clients/palisades/sid2020/Public/eBooth.aspx?IndexInList=64&FromPage=Exhibitors.aspx&ParentBoothID=&ListByBooth=true&BoothID=100411,
I-PEX,1400,,"Austin,",United States,http://www.i-pex.com,,Connectors,https://s23.a2zinc.net/clients/palisades/sid2020/Public/eBooth.aspx?IndexInList=65&FromPage=Exhibitors.aspx&ParentBoothID=&ListByBooth=true&BoothID=100607,
"IRYStec Software, Inc.",1634,,"Montreal,",Canada,http://www.irystec.com,,Software for Displays,https://s23.a2zinc.net/clients/palisades/sid2020/Public/eBooth.aspx?IndexInList=66&FromPage=Exhibitors.aspx&ParentBoothID=&ListByBooth=true&BoothID=100455,
Ito America Corp.,415,,"Mesa,",United States,http://www.itousa.com,,Chemical Suppliers Manufacturing Equipment,https://s23.a2zinc.net/clients/palisades/sid2020/Public/eBooth.aspx?IndexInList=67&FromPage=Exhibitors.aspx&ParentBoothID=&ListByBooth=true&BoothID=100629,
Iwatani Corp.,1426,,"Houston,",United States,http://electronic-materials.iwatani.co.jp/eng/index.html,,Optical Components Optical Films and Coatings,https://s23.a2zinc.net/clients/palisades/sid2020/Public/eBooth.aspx?IndexInList=68&FromPage=Exhibitors.aspx&ParentBoothID=&ListByBooth=true&BoothID=100570,
I-Zone,"239, 1538",,"New York,",United States,,,,https://s23.a2zinc.net/clients/palisades/sid2020/Public/eBooth.aspx?IndexInList=69&FromPage=Exhibitors.aspx&ParentBoothID=&ListByBooth=true&BoothID=100669,
JBD,1920,,"Hong Kong,",Hong Kong,http://www.jb-display.com,,MicroLEDs,https://s23.a2zinc.net/clients/palisades/sid2020/Public/eBooth.aspx?IndexInList=70&FromPage=Exhibitors.aspx&ParentBoothID=&ListByBooth=true&BoothID=100651,
"JDI Display America, Inc.","9, 10, 11, 12, 820",,"San Jose,",United States,http://www.j-display.com,,AR,https://s23.a2zinc.net/clients/palisades/sid2020/Public/eBooth.aspx?IndexInList=71&FromPage=Exhibitors.aspx&ParentBoothID=&ListByBooth=true&BoothID=100456,
"JMO Co., LTD",1039,,"Long Hua New District, Shenzhen,",China,,,,https://s23.a2zinc.net/clients/palisades/sid2020/Public/eBooth.aspx?IndexInList=72&FromPage=Exhibitors.aspx&ParentBoothID=&ListByBooth=true&BoothID=100502,
KAY-EE Membrane Keyboard Switch Co. Ltd.,306,,"Guangzhou PRC,",China,,,,https://s23.a2zinc.net/clients/palisades/sid2020/Public/eBooth.aspx?IndexInList=73&FromPage=Exhibitors.aspx&ParentBoothID=&ListByBooth=true&BoothID=100548,
K-MAC,1232,,"Deajeon,",Korea (South),http://www.kmac.com/eng/,,,https://s23.a2zinc.net/clients/palisades/sid2020/Public/eBooth.aspx?IndexInList=74&FromPage=Exhibitors.aspx&ParentBoothID=&ListByBooth=true&BoothID=100585,
Kolon Industries,"320, 15",,"Apex,",United States,http://www.kolonindustries.com/eng/,,Foldable,https://s23.a2zinc.net/clients/palisades/sid2020/Public/eBooth.aspx?IndexInList=75&FromPage=Exhibitors.aspx&ParentBoothID=&ListByBooth=true&BoothID=100536,
"Kunshan Visionox Technology Co., Ltd.","2020, 5A",,"Jiangsu,",China,,,,https://s23.a2zinc.net/clients/palisades/sid2020/Public/eBooth.aspx?IndexInList=76&FromPage=Exhibitors.aspx&ParentBoothID=&ListByBooth=true&BoothID=100652,
Kyocera Display Division,"728, 22",,"Plymouth,",United States,http://www.kyocera-display.com,,LCDs - Active Matrix Projection Displays Touch Screens,https://s23.a2zinc.net/clients/palisades/sid2020/Public/eBooth.aspx?IndexInList=77&FromPage=Exhibitors.aspx&ParentBoothID=&ListByBooth=true&BoothID=100654,
Kyulux,432,,"Fukuoka,",Japan,http://www.kyulux.com,,Emerging Materials OLED Materials,https://s23.a2zinc.net/clients/palisades/sid2020/Public/eBooth.aspx?IndexInList=78&FromPage=Exhibitors.aspx&ParentBoothID=&ListByBooth=true&BoothID=100579,
LETI,410,,"Grenoble,",France,http://www.leti-cea.com,,AR,https://s23.a2zinc.net/clients/palisades/sid2020/Public/eBooth.aspx?IndexInList=79&FromPage=Exhibitors.aspx&ParentBoothID=&ListByBooth=true&BoothID=100704,
"LG Display Co., Ltd.",700,,"Seoul,",Korea (South),http://www.lgdisplay.com,,AMOLED Displays LCDs - Active Matrix LCDs - Passive Matrix Medical Displays Mobile Displays OLED Devices and Displays,https://s23.a2zinc.net/clients/palisades/sid2020/Public/eBooth.aspx?IndexInList=80&FromPage=Exhibitors.aspx&ParentBoothID=&ListByBooth=true&BoothID=100510,
"Liancheng Touch-China Electronics Co.,Ltd",308,,"Longyan City, Fujian Province,",China,,,,https://s23.a2zinc.net/clients/palisades/sid2020/Public/eBooth.aspx?IndexInList=81&FromPage=Exhibitors.aspx&ParentBoothID=&ListByBooth=true&BoothID=100381,
Lincoln Technology Solutions (LTS),636,,"CARY,",United States,http://www.lincolntechsolutions.com,,Anti-Reflection Coatings Anti-Reflection Screens AR,https://s23.a2zinc.net/clients/palisades/sid2020/Public/eBooth.aspx?IndexInList=82&FromPage=Exhibitors.aspx&ParentBoothID=&ListByBooth=true&BoothID=100400,
"Litemax Technology, Inc.",1036,,"Fremont,",United States,http://www.litemax.com,,Anti-Reflection Coatings Automotive,https://s23.a2zinc.net/clients/palisades/sid2020/Public/eBooth.aspx?IndexInList=83&FromPage=Exhibitors.aspx&ParentBoothID=&ListByBooth=true&BoothID=100408,
Luminit LLC,409,,"Torrance,",United States,http://www.luminitco.com,,AR,https://s23.a2zinc.net/clients/palisades/sid2020/Public/eBooth.aspx?IndexInList=84&FromPage=Exhibitors.aspx&ParentBoothID=&ListByBooth=true&BoothID=100385,
"MAC Thin Films, Inc.",321,,"Santa Rosa,",United States,http://www.macthinfilms.com,,Anti-Reflection Coatings Anti-Reflection Screens Filters Glass for Displays Optical Components Optical Films and Coatings,https://s23.a2zinc.net/clients/palisades/sid2020/Public/eBooth.aspx?IndexInList=85&FromPage=Exhibitors.aspx&ParentBoothID=&ListByBooth=true&BoothID=100661,
McScience Inc.,404,,"youngtong, Suwon,",Korea (South),http://www.mcscience.com,,Target MarketAutomotive & Electric Vehicles Measurement,https://s23.a2zinc.net/clients/palisades/sid2020/Public/eBooth.aspx?IndexInList=86&FromPage=Exhibitors.aspx&ParentBoothID=&ListByBooth=true&BoothID=100701,
Microchip Technology Inc.,200,,"San Jose,",United States,https://www.microchip.com/,,,https://s23.a2zinc.net/clients/palisades/sid2020/Public/eBooth.aspx?IndexInList=87&FromPage=Exhibitors.aspx&ParentBoothID=&ListByBooth=true&BoothID=100575,
"Mildex Optical USA, Inc.",333,,"Tempe,",United States,http://www.mildex.com.tw,,Anti-Reflection Coatings Display System Integrators Optical Films and Coatings Polarizers Touch Screens,https://s23.a2zinc.net/clients/palisades/sid2020/Public/eBooth.aspx?IndexInList=88&FromPage=Exhibitors.aspx&ParentBoothID=&ListByBooth=true&BoothID=100649,
MITAS Electronics,1505,,"Round Rock,",United States,http://www.mitaselectronics.com,,Cables,https://s23.a2zinc.net/clients/palisades/sid2020/Public/eBooth.aspx?IndexInList=89&FromPage=Exhibitors.aspx&ParentBoothID=&ListByBooth=true&BoothID=100599,
Mitsubishi Chemical America,16,,"Charlotte,",United States,mitsubishi-chemical.com,,,https://s23.a2zinc.net/clients/palisades/sid2020/Public/eBooth.aspx?IndexInList=90&FromPage=Exhibitors.aspx&ParentBoothID=&ListByBooth=true&BoothID=100463,
"Mitsubishi Electric US, Inc.","520, 21",,"Cypress,",United States,http://us.mitsubishielectric.com/semiconductors/en/,,Anti-Reflection Coatings Anti-Reflection Screens Automotive,https://s23.a2zinc.net/clients/palisades/sid2020/Public/eBooth.aspx?IndexInList=91&FromPage=Exhibitors.aspx&ParentBoothID=&ListByBooth=true&BoothID=100522,
Momentive Performance Materials,,1526,,"Waterford,",United States,http://www.momentive.com,,Product CategoriesAutomotive/Avionic/Marine Displays LEDs MicroLEDs OLED Materials Optical Films and Coatings,https://s23.a2zinc.net/clients/palisades/sid2020/Public/eBooth.aspx?IndexInList=92&FromPage=Exhibitors.aspx&ParentBoothID=&ListByBooth=true&BoothID=100664
"Moxtek, Inc.",340,,"Orem,",United States,http://www.moxtek.com,,Optical Components Polarizers,https://s23.a2zinc.net/clients/palisades/sid2020/Public/eBooth.aspx?IndexInList=93&FromPage=Exhibitors.aspx&ParentBoothID=&ListByBooth=true&BoothID=100384,
Nagase America Corp. California Branch,934,,"Santa Clara,",United States,http://www.nagaseamerica.com,,Anti-Reflection Coatings Anti-Reflection Screens AR,https://s23.a2zinc.net/clients/palisades/sid2020/Public/eBooth.aspx?IndexInList=94&FromPage=Exhibitors.aspx&ParentBoothID=&ListByBooth=true&BoothID=100581,
"Nanocomp Oy, Ltd",405,,"Lehmo,",Finland,http://www.nanocomp.fi,,Backlighting Digital Signage Flexible and e-Paper Optical Films and Coatings Polymer Films Reflective Displays,https://s23.a2zinc.net/clients/palisades/sid2020/Public/eBooth.aspx?IndexInList=95&FromPage=Exhibitors.aspx&ParentBoothID=&ListByBooth=true&BoothID=100549,
Nanosys,1320,,"Milpitas,",United States,http://www.nanosysinc.com,,Emissive Displays High-Dynamic-Range Displays LCDs - Active Matrix MicroLEDs OLED Devices and Displays Optical Components Quantum Dots Ultra-High Resolution Displays,https://s23.a2zinc.net/clients/palisades/sid2020/Public/eBooth.aspx?IndexInList=96&FromPage=Exhibitors.aspx&ParentBoothID=&ListByBooth=true&BoothID=100530,
"Neonode, Inc.	",740,,"San Jose,",United States,http://www.neonode.com,,Automotive,https://s23.a2zinc.net/clients/palisades/sid2020/Public/eBooth.aspx?IndexInList=97&FromPage=Exhibitors.aspx&ParentBoothID=&ListByBooth=true&BoothID=100497,
New Vision Display,6,,"Elgin,",United States,http://www.newvisiondisplay.com,,AMOLED Displays Automotive,https://s23.a2zinc.net/clients/palisades/sid2020/Public/eBooth.aspx?IndexInList=98&FromPage=Exhibitors.aspx&ParentBoothID=&ListByBooth=true&BoothID=100541,
"New Vision Opto-Electronics Company, Ltd.",305,,"Guangzhou,",China,http://newvision-cn.com/,,AMOLED Displays Flexible and e-Paper Foldable,https://s23.a2zinc.net/clients/palisades/sid2020/Public/eBooth.aspx?IndexInList=99&FromPage=Exhibitors.aspx&ParentBoothID=&ListByBooth=true&BoothID=100545,
"Newport Thin Film Laboratory, Inc.",311,,"Chino,",United States,www.newportlab.com,,,https://s23.a2zinc.net/clients/palisades/sid2020/Public/eBooth.aspx?IndexInList=100&FromPage=Exhibitors.aspx&ParentBoothID=&ListByBooth=true&BoothID=100379,
"NIDEK Co., Ltd.",1433,,"Gamagori,",Japan,http://www.nidek-intl.com/product/coating/,,Anti-Reflection Coatings Anti-Reflection Screens Optical Films and Coatings Thin Films,https://s23.a2zinc.net/clients/palisades/sid2020/Public/eBooth.aspx?IndexInList=101&FromPage=Exhibitors.aspx&ParentBoothID=&ListByBooth=true&BoothID=100587,
NKK Switches,1501,,"Scottsdale,",United States,https://www.nkkswitches.com,,Automotive,https://s23.a2zinc.net/clients/palisades/sid2020/Public/eBooth.aspx?IndexInList=102&FromPage=Exhibitors.aspx&ParentBoothID=&ListByBooth=true&BoothID=100608,
nTact,1334,,"Dallas,",United States,http://ntact.com,,Anti-Reflection Coatings Deposition Equipment,https://s23.a2zinc.net/clients/palisades/sid2020/Public/eBooth.aspx?IndexInList=103&FromPage=Exhibitors.aspx&ParentBoothID=&ListByBooth=true&BoothID=100425,
OptoFidelity Oy,1414,,"Tampere,",Finland,http://www.optofidelity.com/,,AMOLED Displays AR,https://s23.a2zinc.net/clients/palisades/sid2020/Public/eBooth.aspx?IndexInList=104&FromPage=Exhibitors.aspx&ParentBoothID=&ListByBooth=true&BoothID=100631,
"Pacific Goal Optronics, Ltd.",1406,,"Yuen Long,",Hong Kong,http://www.pacificgoal.com.hk,,Mobile Displays OLED Devices and Displays Quantum Dots Touch Screens Ultra-High Resolution Displays,https://s23.a2zinc.net/clients/palisades/sid2020/Public/eBooth.aspx?IndexInList=105&FromPage=Exhibitors.aspx&ParentBoothID=&ListByBooth=true&BoothID=100717,
"Photo Research, a JADAK Brand",1136,,"North Syracuse,",United States,http://www.photoresearch.com,,Automotive,https://s23.a2zinc.net/clients/palisades/sid2020/Public/eBooth.aspx?IndexInList=106&FromPage=Exhibitors.aspx&ParentBoothID=&ListByBooth=true&BoothID=100414,
Pilkington North America,228,,"Toledo,",United States,http://www.pilkington.com/na,,Anti-Reflection Coatings Digital Signage Glass for Displays Optical Components Optical Films and Coatings,https://s23.a2zinc.net/clients/palisades/sid2020/Public/eBooth.aspx?IndexInList=107&FromPage=Exhibitors.aspx&ParentBoothID=&ListByBooth=true&BoothID=100658,
Pixel Interconnect,632,,"Tualatin,",United States,http://pixel-interconnect.com,,Consultants Manufacturing Equipment Repair and Maintenance Test and Measurement Equipment,https://s23.a2zinc.net/clients/palisades/sid2020/Public/eBooth.aspx?IndexInList=108&FromPage=Exhibitors.aspx&ParentBoothID=&ListByBooth=true&BoothID=100624,
Pixel Scientific,834,,"Scotts Valley,",United States,http://pixelscientific.com,,,https://s23.a2zinc.net/clients/palisades/sid2020/Public/eBooth.aspx?IndexInList=109&FromPage=Exhibitors.aspx&ParentBoothID=&ListByBooth=true&BoothID=100655,
"PlayNitride, Inc.","201, 14",,"Zhubei City, Hsinchu County,",Taiwan,http://www.playnitride.com,,AR,https://s23.a2zinc.net/clients/palisades/sid2020/Public/eBooth.aspx?IndexInList=110&FromPage=Exhibitors.aspx&ParentBoothID=&ListByBooth=true&BoothID=100574,
"Plessey Semiconductors, Ltd.",2014,,"Plymouth,",United Kingdom,http://www.plesseysemiconductors.com/,,AR,https://s23.a2zinc.net/clients/palisades/sid2020/Public/eBooth.aspx?IndexInList=111&FromPage=Exhibitors.aspx&ParentBoothID=&ListByBooth=true&BoothID=100564,
POLOMO New Materials Technology Development Co.,221,,"dongguan,",China,http://www.powerbond.com.cn,,Chemical Suppliers Emerging Materials,https://s23.a2zinc.net/clients/palisades/sid2020/Public/eBooth.aspx?IndexInList=112&FromPage=Exhibitors.aspx&ParentBoothID=&ListByBooth=true&BoothID=100369,
PPG,1515,,"Pittsburgh,",United States,http://www.ppgindustrialcoatings.com,,Anti-Reflection Coatings Automotive,https://s23.a2zinc.net/clients/palisades/sid2020/Public/eBooth.aspx?IndexInList=113&FromPage=Exhibitors.aspx&ParentBoothID=&ListByBooth=true&BoothID=100632,
Quadrangle Products,535,,"Englishtown,",United States,http://www.quadrangleproducts.com,,Cables Connectors Power Supplies,https://s23.a2zinc.net/clients/palisades/sid2020/Public/eBooth.aspx?IndexInList=114&FromPage=Exhibitors.aspx&ParentBoothID=&ListByBooth=true&BoothID=100392,
Radiant Vision Systems,912,,"Redmond,",United States,http://www.RadiantVisionSystems.com,,Colorimeters Optical Design Software Photometers Source Imaging Goniometers Test and Measurement Equipment,https://s23.a2zinc.net/clients/palisades/sid2020/Public/eBooth.aspx?IndexInList=115&FromPage=Exhibitors.aspx&ParentBoothID=&ListByBooth=true&BoothID=100512,
"Review Display Systems, Inc.",1038,,"Milwaukee,",United States,https://www.review-displays.com,,Anti-Reflection Coatings Anti-Reflection Screens Automotive,https://s23.a2zinc.net/clients/palisades/sid2020/Public/eBooth.aspx?IndexInList=116&FromPage=Exhibitors.aspx&ParentBoothID=&ListByBooth=true&BoothID=100409,
Royole Corporation,31,,"Fremont,",United States,http://www.royole.com,,Target MarketAutomotive & Electric Vehicles Consumer Wearable Technology,https://s23.a2zinc.net/clients/palisades/sid2020/Public/eBooth.aspx?IndexInList=117&FromPage=Exhibitors.aspx&ParentBoothID=&ListByBooth=true&BoothID=100478,
Saint-Gobain,1410,,"San Diego,",United States,http://www.custom-films.com,,Protective Films Reflective Displays Repair and Maintenance Retrofits Thin Films Touch Screens Transparent Displays Ultra-High Resolution Displays Anti-Reflection Coatings Anti-Reflection Screens Automotive,https://s23.a2zinc.net/clients/palisades/sid2020/Public/eBooth.aspx?IndexInList=118&FromPage=Exhibitors.aspx&ParentBoothID=&ListByBooth=true&BoothID=100525,
"San Technology, Inc.	",1126,,"San Diego,",United States,http://www.santechnology.com,,3D Anti-Reflection Coatings Automotive,https://s23.a2zinc.net/clients/palisades/sid2020/Public/eBooth.aspx?IndexInList=119&FromPage=Exhibitors.aspx&ParentBoothID=&ListByBooth=true&BoothID=100519,
"SANAYI System Co., Ltd.",300,,"Incheon,",Korea (South),http://www.sanayisystem.com/eng/index.asp,,3D AMOLED Displays LCDs - Active Matrix Liquid Crystals MicroLEDs OLED Devices and Displays Optical Design Software Software for Displays Touch Screens,https://s23.a2zinc.net/clients/palisades/sid2020/Public/eBooth.aspx?IndexInList=120&FromPage=Exhibitors.aspx&ParentBoothID=&ListByBooth=true&BoothID=100612,
"Saphlux, Inc	",1615,,"Branford,",United States,http://www.saphlux.com,,MicroLEDs Mobile Displays Near-to-Eye Displays Novel Displays Quantum Dots,https://s23.a2zinc.net/clients/palisades/sid2020/Public/eBooth.aspx?IndexInList=121&FromPage=Exhibitors.aspx&ParentBoothID=&ListByBooth=true&BoothID=100634,
"Semiconductor Energy Laboratory Co., Ltd.",1914,,"Atsugi-shi, Kanagawa,",Japan,http://www.sel.co.jp/,,AMOLED Displays OLED Devices and Displays OLED Materials Oxide TFTs Ultra-High Resolution Displays,https://s23.a2zinc.net/clients/palisades/sid2020/Public/eBooth.aspx?IndexInList=122&FromPage=Exhibitors.aspx&ParentBoothID=&ListByBooth=true&BoothID=100722,
Sensel,620,,"Sunnyvale,",United States,http://sensel.com,,Haptics Touch Screens,https://s23.a2zinc.net/clients/palisades/sid2020/Public/eBooth.aspx?IndexInList=123&FromPage=Exhibitors.aspx&ParentBoothID=&ListByBooth=true&BoothID=100521,
SEQENS,1241,,"Saint-Jean sur Richelieu,",Canada,https://www.seqens.com/en/,,,https://s23.a2zinc.net/clients/palisades/sid2020/Public/eBooth.aspx?IndexInList=124&FromPage=Exhibitors.aspx&ParentBoothID=&ListByBooth=true&BoothID=100734,
"Shenzhen AV-Display Co., Ltd.",301,,"SHENZHEN,",China,http://www.av-display.com,,AMOLED Displays Automotive,https://s23.a2zinc.net/clients/palisades/sid2020/Public/eBooth.aspx?IndexInList=125&FromPage=Exhibitors.aspx&ParentBoothID=&ListByBooth=true&BoothID=100576,
"Shenzhen CDTech Electronics, Ltd.",304,,"Shenzhen, Guangdong,",China,http://www.cdtech-lcd.com,,3D Anti-Reflection Screens Display System Integrators LCDs - Active Matrix Plasma Displays Touch Screens Ultra-High Resolution Displays,https://s23.a2zinc.net/clients/palisades/sid2020/Public/eBooth.aspx?IndexInList=126&FromPage=Exhibitors.aspx&ParentBoothID=&ListByBooth=true&BoothID=100547,
"Shenzhen China Star Optoelectronics Technology Co., Ltd.",1100,,"Shenzhen,",China,http://www.szcsot.com/,,Target MarketDigital Signage,https://s23.a2zinc.net/clients/palisades/sid2020/Public/eBooth.aspx?IndexInList=127&FromPage=Exhibitors.aspx&ParentBoothID=&ListByBooth=true&BoothID=100513,
"Shenzhen Jinghua Displays Co., Ltd.",837,,"Shenzhen,",China,http://www.china-lcd.com,,LCDs - Active Matrix LCDs - Passive Matrix Touch Screens,https://s23.a2zinc.net/clients/palisades/sid2020/Public/eBooth.aspx?IndexInList=128&FromPage=Exhibitors.aspx&ParentBoothID=&ListByBooth=true&BoothID=100498,
"Shenzhen PengJi Photoelectricity Co., Ltd.",313,,"Dongguan,",China,http://www.szpjgd.com,,Backlighting LCDs - Active Matrix,https://s23.a2zinc.net/clients/palisades/sid2020/Public/eBooth.aspx?IndexInList=129&FromPage=Exhibitors.aspx&ParentBoothID=&ListByBooth=true&BoothID=100494,
"Shintech, Inc.	",840,,"Kumage,",Japan,http://www.shintech.jp,,AR,https://s23.a2zinc.net/clients/palisades/sid2020/Public/eBooth.aspx?IndexInList=130&FromPage=Exhibitors.aspx&ParentBoothID=&ListByBooth=true&BoothID=100405,
Silvaco,1120,,"Santa Clara,",United States,http://www.silvaco.com,,AMOLED Displays Consultants Emerging Materials Flexible and e-Paper Foldable,https://s23.a2zinc.net/clients/palisades/sid2020/Public/eBooth.aspx?IndexInList=131&FromPage=Exhibitors.aspx&ParentBoothID=&ListByBooth=true&BoothID=100518,
"Solip Tech Co., Ltd",336,,"Daejeon,",Korea (South),http://www.soliptech.com,,Automotive,https://s23.a2zinc.net/clients/palisades/sid2020/Public/eBooth.aspx?IndexInList=132&FromPage=Exhibitors.aspx&ParentBoothID=&ListByBooth=true&BoothID=100382,
"Stemmerich, Inc.",231,,"Saint Louis,",United States,http://www.stemmerich.com,,3D Flexible and e-Paper Glass for Displays Head-Mounted Displays ICs (video,https://s23.a2zinc.net/clients/palisades/sid2020/Public/eBooth.aspx?IndexInList=133&FromPage=Exhibitors.aspx&ParentBoothID=&ListByBooth=true&BoothID=100372,
"Suzhou Shihua New Material Technology Co.,Ltd",436,,"cupertino,",United States,http://www.szshihua.com.cn/en,,Anti-Reflection Coatings AR,https://s23.a2zinc.net/clients/palisades/sid2020/Public/eBooth.aspx?IndexInList=134&FromPage=Exhibitors.aspx&ParentBoothID=&ListByBooth=true&BoothID=100391,
Synaptics,"1541, 29, 30",,"San Jose,",United States,http://synaptics.com,,AR,https://s23.a2zinc.net/clients/palisades/sid2020/Public/eBooth.aspx?IndexInList=135&FromPage=Exhibitors.aspx&ParentBoothID=&ListByBooth=true&BoothID=100508,
Taica North America Corp.,1432,,"Santa Clara,",United States,http://www.taica.co.jp/gel-english/,,3D AMOLED Displays Deposition Equipment,https://s23.a2zinc.net/clients/palisades/sid2020/Public/eBooth.aspx?IndexInList=136&FromPage=Exhibitors.aspx&ParentBoothID=&ListByBooth=true&BoothID=100588,
"TATSUTA ELECTRIC WIRE & CABLE CO, LTD",1239,,"Kizugawa,",Japan,tatuta.com,,,https://s23.a2zinc.net/clients/palisades/sid2020/Public/eBooth.aspx?IndexInList=137&FromPage=Exhibitors.aspx&ParentBoothID=&ListByBooth=true&BoothID=100733,
TDK Corp.,1237,,"Lincolnshire,",United States,http://www.tdk.com,,Haptics Power Supplies,https://s23.a2zinc.net/clients/palisades/sid2020/Public/eBooth.aspx?IndexInList=138&FromPage=Exhibitors.aspx&ParentBoothID=&ListByBooth=true&BoothID=100417,
tesa SE,433,,"Norderstedt,",Germany,http://www.tesa.com/industry/electronics,,Optical Films and Coatings,https://s23.a2zinc.net/clients/palisades/sid2020/Public/eBooth.aspx?IndexInList=139&FromPage=Exhibitors.aspx&ParentBoothID=&ListByBooth=true&BoothID=100578,
"TFD, Inc.",509,,"Anaheim,",United States,http://www.tfdinc.com/,,Anti-Reflection Coatings Emissive Displays Filters OLED Devices and Displays Optical Films and Coatings Thin Films Touch Screens Transparent Displays,https://s23.a2zinc.net/clients/palisades/sid2020/Public/eBooth.aspx?IndexInList=140&FromPage=Exhibitors.aspx&ParentBoothID=&ListByBooth=true&BoothID=100697,
The Dow Chemical Company,326,,"Midland,",United States,http://consumer.dow.com/pcb,,Chemical Suppliers,https://s23.a2zinc.net/clients/palisades/sid2020/Public/eBooth.aspx?IndexInList=141&FromPage=Exhibitors.aspx&ParentBoothID=&ListByBooth=true&BoothID=100566,
ThreeBond International,1420,,"San Jose,",United States,http://www.threebond.com,,Chemical Suppliers Repair and Maintenance,https://s23.a2zinc.net/clients/palisades/sid2020/Public/eBooth.aspx?IndexInList=142&FromPage=Exhibitors.aspx&ParentBoothID=&ListByBooth=true&BoothID=100539,
"Tianma America, Inc.","800, 3, 4",,"Nanshan District,",China,http://www.tianma.com,,AMOLED Displays Foldable,https://s23.a2zinc.net/clients/palisades/sid2020/Public/eBooth.aspx?IndexInList=143&FromPage=Exhibitors.aspx&ParentBoothID=&ListByBooth=true&BoothID=100509,
TJWS Co. Ltd.,501,,"Shenzhen,",China,http://www.jwsgroup.net,,,https://s23.a2zinc.net/clients/palisades/sid2020/Public/eBooth.aspx?IndexInList=144&FromPage=Exhibitors.aspx&ParentBoothID=&ListByBooth=true&BoothID=100699,
TOK,1514,,"Milpitas,",United States,http://www.tok.co.jp/eng,,Chemical Suppliers OLED Materials Optical Films and Coatings,https://s23.a2zinc.net/clients/palisades/sid2020/Public/eBooth.aspx?IndexInList=145&FromPage=Exhibitors.aspx&ParentBoothID=&ListByBooth=true&BoothID=100633,
Topcon Technohouse Corp.,841,,"Tokyo,",Japan,http://www.topcon-techno.co.jp/en/,,Test and Measurement Equipment,https://s23.a2zinc.net/clients/palisades/sid2020/Public/eBooth.aspx?IndexInList=146&FromPage=Exhibitors.aspx&ParentBoothID=&ListByBooth=true&BoothID=100404,
"Toray Industries, Inc",312,,"Chuo-ku,",Japan,https://www.toray.com,,Consultants OLED Materials Optical Films and Coatings Phosphors Polymer Films Thin Films,https://s23.a2zinc.net/clients/palisades/sid2020/Public/eBooth.aspx?IndexInList=147&FromPage=Exhibitors.aspx&ParentBoothID=&ListByBooth=true&BoothID=100628,
Touch International,1520,,"Austin,",United States,http://www.touchinternational.com,,Automotive,https://s23.a2zinc.net/clients/palisades/sid2020/Public/eBooth.aspx?IndexInList=148&FromPage=Exhibitors.aspx&ParentBoothID=&ListByBooth=true&BoothID=100668,
Toyoink Group,1040,,"Santa Clara,",United States,https://www.toyoinkgroup.com/en/index.html,,Emerging Materials OLED Materials Polymer Films Protective Films Thin Films,https://s23.a2zinc.net/clients/palisades/sid2020/Public/eBooth.aspx?IndexInList=149&FromPage=Exhibitors.aspx&ParentBoothID=&ListByBooth=true&BoothID=100410,
TPK Universal Solutions Limited Taiwan Branch,"1816, 2",,"Xiamen, Fujian China,",China,http://cn.tpk.com,,Automotive,https://s23.a2zinc.net/clients/palisades/sid2020/Public/eBooth.aspx?IndexInList=150&FromPage=Exhibitors.aspx&ParentBoothID=&ListByBooth=true&BoothID=100732,
"Uneo, Inc.",1539,,"New Taipei City,",Taiwan,http://www.uneotech.com/uneo/us/,,Flexible and e-Paper Thin Films Touch Screens,https://s23.a2zinc.net/clients/palisades/sid2020/Public/eBooth.aspx?IndexInList=151&FromPage=Exhibitors.aspx&ParentBoothID=&ListByBooth=true&BoothID=100438,
Universal Display Corp.,517,,"Ewing,",United States,https://oled.com/,,AMOLED Displays Chemical Suppliers Flexible and e-Paper OLED Devices and Displays OLED Materials Thin Films Vacuum Equipment,https://s23.a2zinc.net/clients/palisades/sid2020/Public/eBooth.aspx?IndexInList=152&FromPage=Exhibitors.aspx&ParentBoothID=&ListByBooth=true&BoothID=100711,
"USCO America, Inc.",1600,,"Elmhurst,",United States,http://www.uscoamerica.com,,Touch Screens,https://s23.a2zinc.net/clients/palisades/sid2020/Public/eBooth.aspx?IndexInList=153&FromPage=Exhibitors.aspx&ParentBoothID=&ListByBooth=true&BoothID=100611,
"Vacuum Technology, Inc.",307,,"GLOUCESTER,",United States,http://vti-glovebox.com,,3D Deposition Equipment,https://s23.a2zinc.net/clients/palisades/sid2020/Public/eBooth.aspx?IndexInList=154&FromPage=Exhibitors.aspx&ParentBoothID=&ListByBooth=true&BoothID=100546,
Via Optronics,1141,,"Orlando,",United States,http://www.via-optronics.com,,Automotive,https://s23.a2zinc.net/clients/palisades/sid2020/Public/eBooth.aspx?IndexInList=155&FromPage=Exhibitors.aspx&ParentBoothID=&ListByBooth=true&BoothID=100504,
Visionox,500,,"Beijing,",China,http://www.visionox.com,,LEDs Novel Displays OLED Devices and Displays,https://s23.a2zinc.net/clients/palisades/sid2020/Public/eBooth.aspx?IndexInList=156&FromPage=Exhibitors.aspx&ParentBoothID=&ListByBooth=true&BoothID=100514,
Wacker Chemical Corp.,1041,,"Adrian,",United States,http://www.wacker.com,,Automotive,https://s23.a2zinc.net/clients/palisades/sid2020/Public/eBooth.aspx?IndexInList=157&FromPage=Exhibitors.aspx&ParentBoothID=&ListByBooth=true&BoothID=100503,
Wammes & Partner GmbH,,1524,,"Gundersheim,",Germany,http://www.wp-rd.de/modules.php?name=technologie-park,,Product Categories3D Automotive/Avionic/Marine Displays Backlighting Consultants LCDs - Active Matrix Repair and Maintenance,https://s23.a2zinc.net/clients/palisades/sid2020/Public/eBooth.aspx?IndexInList=158&FromPage=Exhibitors.aspx&ParentBoothID=&ListByBooth=true&BoothID=100492
Westar Display Technologies,835,,"Saint Charles,",United States,http://www.westardisplaytechnologies.com,,Colorimeters Drivers and Controllers Photometers Test and Measurement Equipment,https://s23.a2zinc.net/clients/palisades/sid2020/Public/eBooth.aspx?IndexInList=159&FromPage=Exhibitors.aspx&ParentBoothID=&ListByBooth=true&BoothID=100403,
Westboro Photonics,939,,"Ottawa,",Canada,http://www.wphotonics.com,,Colorimeters Photometers Test and Measurement Equipment,https://s23.a2zinc.net/clients/palisades/sid2020/Public/eBooth.aspx?IndexInList=160&FromPage=Exhibitors.aspx&ParentBoothID=&ListByBooth=true&BoothID=100621,
"Wuhan Jingce Electronic Group Co., Ltd.	",406,,"Mountain View,",United States,http://www.wuhanjingce.com,,Colorimeters Manufacturing Equipment Test and Measurement Equipment,https://s23.a2zinc.net/clients/palisades/sid2020/Public/eBooth.aspx?IndexInList=161&FromPage=Exhibitors.aspx&ParentBoothID=&ListByBooth=true&BoothID=100702,
"Xin-Sun Electric Co., Ltd.",1336,,"Kaohsiung, City,",Taiwan,http://www.pg-display.com,,Backlighting Display System Integrators LCDs - Passive Matrix Medical Displays OLED Devices and Displays Touch Screens,https://s23.a2zinc.net/clients/palisades/sid2020/Public/eBooth.aspx?IndexInList=162&FromPage=Exhibitors.aspx&ParentBoothID=&ListByBooth=true&BoothID=100426,
XTPL S.A.,737,,"Wroclaw,",Poland,http://xtpl.com/,,Deposition Equipment,https://s23.a2zinc.net/clients/palisades/sid2020/Public/eBooth.aspx?IndexInList=163&FromPage=Exhibitors.aspx&ParentBoothID=&ListByBooth=true&BoothID=100671,
Yasui Seiki - Mirwec Coating,741,,"BLOOMINGTON,",United States,http://www.mirwecfilm.com,,Anti-Reflection Coatings Consultants Deposition Equipment,https://s23.a2zinc.net/clients/palisades/sid2020/Public/eBooth.aspx?IndexInList=164&FromPage=Exhibitors.aspx&ParentBoothID=&ListByBooth=true&BoothID=100644,
"Yes Optoelectronics Co., Ltd.",220,,"ANSHAN,",China,http://www.yes-lcd.com,,3D Backlighting Flexible and e-Paper LCDs - Passive Matrix Touch Screens,https://s23.a2zinc.net/clients/palisades/sid2020/Public/eBooth.aspx?IndexInList=165&FromPage=Exhibitors.aspx&ParentBoothID=&ListByBooth=true&BoothID=100662,
"Yuasa System Co., Ltd.",232,,"Okayama,",Japan,http://www.yuasa-system.jp/en,,Test and Measurement Equipment,https://s23.a2zinc.net/clients/palisades/sid2020/Public/eBooth.aspx?IndexInList=166&FromPage=Exhibitors.aspx&ParentBoothID=&ListByBooth=true&BoothID=100650,
Zeon Corp.,526,,"Chiyoda,",Japan,http://www.zeonex.com/displays-touch-sensors.aspx,,Optical Films and Coatings,https://s23.a2zinc.net/clients/palisades/sid2020/Public/eBooth.aspx?IndexInList=167&FromPage=Exhibitors.aspx&ParentBoothID=&ListByBooth=true&BoothID=100567,
"Zhejiang SENSING Optronics Co., Ltd.",338,,"Deqing,",China,http://www.light-color.com,,AR,https://s23.a2zinc.net/clients/palisades/sid2020/Public/eBooth.aspx?IndexInList=168&FromPage=Exhibitors.aspx&ParentBoothID=&ListByBooth=true&BoothID=100383,
