Name,Booth_no,Address,City,Country,website,Contact_no,product,url
AccuStrata,616,,"Rockville,",United States,http://www.accustrata.com,,"Analytical Instrumentation Calibration Services Consulting Fittings, Gaskets, Flanges, Seals Gauges, Tubes Process Controllers,Monitors Software Spectrometer Accessories Sputtering Deposition System Thin Film Vacuum Coating",https://s19.a2zinc.net/clients/avs/avs19/Public/eBooth.aspx?IndexInList=0&FromPage=Exhibitors.aspx&ParentBoothID=&ListByBooth=true&BoothID=113472
AdValue Technology LLC,522,,"Tucson,",United States,http://www.advaluetech.com,,"UV VIS Analytical Gauges, Tubes Glassware Materials , Standards Microscopy Sample Manipulation & Heating Spectrometer Accessories Thin Film Vacuum Coating Tubing,Piping,Bellows Assemblies",https://s19.a2zinc.net/clients/avs/avs19/Public/eBooth.aspx?IndexInList=1&FromPage=Exhibitors.aspx&ParentBoothID=&ListByBooth=true&BoothID=113456
AGC Plasma Technology Solutions,427,,"Atlanta,",United States,https://www.agc-plasma.com/,,,https://s19.a2zinc.net/clients/avs/avs19/Public/eBooth.aspx?IndexInList=2&FromPage=Exhibitors.aspx&ParentBoothID=&ListByBooth=true&BoothID=113008
"Agilent Technologies, Vacuum Products Division",800,,"Lexington,",United States,http://www.agilent.com/chem/vacuum,,"Custom Vacuum Systems Gauges, Tubes Leak Detectors Pumps, Equipment, Services & Supplies Vacuum System Accessories Vacuum System Replacement Parts Valves",https://s19.a2zinc.net/clients/avs/avs19/Public/eBooth.aspx?IndexInList=3&FromPage=Exhibitors.aspx&ParentBoothID=&ListByBooth=true&BoothID=113464
AI CARE LLC,510,,"Playa del Rey,",United States,,,,https://s19.a2zinc.net/clients/avs/avs19/Public/eBooth.aspx?IndexInList=4&FromPage=Exhibitors.aspx&ParentBoothID=&ListByBooth=true&BoothID=113053
AIP Publishing,627,,"Melville,",United States,http://scitation.aip.org/content/aip,,Publishers,https://s19.a2zinc.net/clients/avs/avs19/Public/eBooth.aspx?IndexInList=5&FromPage=Exhibitors.aspx&ParentBoothID=&ListByBooth=true&BoothID=113128
"AJA International, Inc.",511,,"North Scituate,",United States,http://www.ajaint.com,,"Custom Vacuum Systems Ion Beam Deposition Systems,Guns Sputtering Deposition System Materials , Standards Magnetron Sputtering Cathodes Magnetron Sputtering Equipment Planar Magnetron Cathods",https://s19.a2zinc.net/clients/avs/avs19/Public/eBooth.aspx?IndexInList=6&FromPage=Exhibitors.aspx&ParentBoothID=&ListByBooth=true&BoothID=113054
American Institute of Physics,508,,"College Park,",United States,http://www.aip.org,,"Publishers Recruiter,Job Placement,Career Services",https://s19.a2zinc.net/clients/avs/avs19/Public/eBooth.aspx?IndexInList=7&FromPage=Exhibitors.aspx&ParentBoothID=&ListByBooth=true&BoothID=113051
Amuneal Mfg Corporation,203,,"Philadelphia,",United States,http://www.amuneal.com,,"Consulting Materials Testing Materials , Standards",https://s19.a2zinc.net/clients/avs/avs19/Public/eBooth.aspx?IndexInList=8&FromPage=Exhibitors.aspx&ParentBoothID=&ListByBooth=true&BoothID=112864
ANCORP,501,,"Williston,",United States,https://ancorp.com,,"Valves Tubing,Piping,Bellows Assemblies Vacuum System Accessories Vacuum System Replacement Parts Bellows Contacts Bellows: Miniature Metal Cleaning Services Couplings: Flexible Shaft Custom Vacuum Systems Fittings, Gaskets, Flanges, Seals Glassware Machining (Bulk and Special) Materials , Standards Thickness Monitors,Measurement",https://s19.a2zinc.net/clients/avs/avs19/Public/eBooth.aspx?IndexInList=9&FromPage=Exhibitors.aspx&ParentBoothID=&ListByBooth=true&BoothID=113407
ANDERSON DAHLEN,407,,"Ramsey,",United States,https://www.andersondahlen.com/applied-vacuum-division,,"Consulting Couplings: Flexible Shaft Custom Vacuum Systems Fittings, Gaskets, Flanges, Seals Gas Control Systems Machining (Bulk and Special) Machining (Repair, Refurb, Mods) Ovens, Vacuum Pumps, Equipment, Services & Supplies Sample Manipulation & Heating Tubing,Piping,Bellows Assemblies Vacuum System Accessories Vacuum System Replacement Parts Valves",https://s19.a2zinc.net/clients/avs/avs19/Public/eBooth.aspx?IndexInList=10&FromPage=Exhibitors.aspx&ParentBoothID=&ListByBooth=true&BoothID=113580
Association of Vacuum Equipment Manufacturers,625,,"Falls Church,",United States,http://www.avem.org,,,https://s19.a2zinc.net/clients/avs/avs19/Public/eBooth.aspx?IndexInList=11&FromPage=Exhibitors.aspx&ParentBoothID=&ListByBooth=true&BoothID=113124
Atlas Technologies,533,,"Port Townsend,",United States,http://www.atlasuhv.com,,"Custom Vacuum Systems Fittings, Gaskets, Flanges, Seals Tubing,Piping,Bellows Assemblies Vacuum System Accessories Vacuum System Replacement Parts Machining (Bulk and Special) Machining (Repair, Refurb, Mods)",https://s19.a2zinc.net/clients/avs/avs19/Public/eBooth.aspx?IndexInList=12&FromPage=Exhibitors.aspx&ParentBoothID=&ListByBooth=true&BoothID=113443
Automated Bonding Technology,512,,"Mesa,",United States,http://www.autobondtech.com,,,https://s19.a2zinc.net/clients/avs/avs19/Public/eBooth.aspx?IndexInList=13&FromPage=Exhibitors.aspx&ParentBoothID=&ListByBooth=true&BoothID=113055
AVS - ASK THE EXPERTS - VAC TECH DIV.,634,,"New York,",United States,http://www.avs.org,,Consulting,https://s19.a2zinc.net/clients/avs/avs19/Public/eBooth.aspx?IndexInList=14&FromPage=Exhibitors.aspx&ParentBoothID=&ListByBooth=true&BoothID=113447
AVS ART ZONE & CONTEST,202,,"New York,",United States,http://www.avs.org,,,https://s19.a2zinc.net/clients/avs/avs19/Public/eBooth.aspx?IndexInList=15&FromPage=Exhibitors.aspx&ParentBoothID=&ListByBooth=true&BoothID=113584
AVS CAREER CENTER,146,,"New York,",United States,http://www.avs.org,,,https://s19.a2zinc.net/clients/avs/avs19/Public/eBooth.aspx?IndexInList=16&FromPage=Exhibitors.aspx&ParentBoothID=&ListByBooth=true&BoothID=113378
AVS CHARGING LOUNGE FOR MOBILE DEVICES,138,,"New York,",United States,http://www.avs.org,,,https://s19.a2zinc.net/clients/avs/avs19/Public/eBooth.aspx?IndexInList=17&FromPage=Exhibitors.aspx&ParentBoothID=&ListByBooth=true&BoothID=112897
AVS Exhibitor Technology Sessions,152,,"New York,",United States,http://www.avs.org,,,https://s19.a2zinc.net/clients/avs/avs19/Public/eBooth.aspx?IndexInList=18&FromPage=Exhibitors.aspx&ParentBoothID=&ListByBooth=true&BoothID=113553
AVS Foosball Tournament,635,,"New York,",United States,http://www.avs.org,,,https://s19.a2zinc.net/clients/avs/avs19/Public/eBooth.aspx?IndexInList=19&FromPage=Exhibitors.aspx&ParentBoothID=&ListByBooth=true&BoothID=113134
AVS Future Sites,733,,"New York,",United States,http://www.avs.org,,,https://s19.a2zinc.net/clients/avs/avs19/Public/eBooth.aspx?IndexInList=20&FromPage=Exhibitors.aspx&ParentBoothID=&ListByBooth=true&BoothID=113469
AVS Membership & Logo Items,734,,"New York,",United States,http://www.avs.org,,,https://s19.a2zinc.net/clients/avs/avs19/Public/eBooth.aspx?IndexInList=21&FromPage=Exhibitors.aspx&ParentBoothID=&ListByBooth=true&BoothID=113193
AVS Publications,626,,"Cary,",United States,http://www.avs.org,,Publishers,https://s19.a2zinc.net/clients/avs/avs19/Public/eBooth.aspx?IndexInList=22&FromPage=Exhibitors.aspx&ParentBoothID=&ListByBooth=true&BoothID=113481
AVS RAFFLE ZONE,735,,"New York,",United States,http://www.avs.org,,,https://s19.a2zinc.net/clients/avs/avs19/Public/eBooth.aspx?IndexInList=23&FromPage=Exhibitors.aspx&ParentBoothID=&ListByBooth=true&BoothID=113194
AVS SPECIAL EVENTS BOOTH,221,,"New York,",United States,http://www.avs.org,,,https://s19.a2zinc.net/clients/avs/avs19/Public/eBooth.aspx?IndexInList=24&FromPage=Exhibitors.aspx&ParentBoothID=&ListByBooth=true&BoothID=112941
"BellowsTech, LLC",333,,"Ormond Beach,",United States,http://www.bellowstech.com,,"Bellows Contacts Bellows: Miniature Metal Couplings: Flexible Shaft Electroforming Services Electroforms: Custom Fittings, Gaskets, Flanges, Seals Tubing,Piping,Bellows Assemblies Vacuum System Accessories Vacuum System Replacement Parts",https://s19.a2zinc.net/clients/avs/avs19/Public/eBooth.aspx?IndexInList=25&FromPage=Exhibitors.aspx&ParentBoothID=&ListByBooth=true&BoothID=112950
BriskHeat Corporation,400,,"Columbus,",United States,http://www.briskheat.com,,"Analytical Analytical Instrumentation Bonding Techniques Calibration Services Custom Vacuum Systems Process Controllers,Monitors Temperature Sensors Vacuum System Accessories",https://s19.a2zinc.net/clients/avs/avs19/Public/eBooth.aspx?IndexInList=26&FromPage=Exhibitors.aspx&ParentBoothID=&ListByBooth=true&BoothID=113574
Bruker Nano Surfaces,717,,"San Barbara,",United States,http://www.bruker.com/nano,,"Materials Testing Thickness Monitors,Measurement Analytical Instrumentation Thin Film Vacuum Coating Scanning Probe Microscopy Systems Microscopy RAMAN Spectroscopy",https://s19.a2zinc.net/clients/avs/avs19/Public/eBooth.aspx?IndexInList=27&FromPage=Exhibitors.aspx&ParentBoothID=&ListByBooth=true&BoothID=113176
"Cosmotec, Inc.",306,,"Mountain View,",United States,http://www.cosmotec.us,,"Analytical Instrumentation Bonding Techniques Custom Vacuum Systems E-Beam Guns Fittings, Gaskets, Flanges, Seals Gas Control Systems Ion , Electron Guns Ion Beam Deposition Systems,Guns Mass Flow Controller,Accessories Materials Testing Spectrometer Accessories Sputtering Deposition System Thin Film Vacuum Coating Vacuum System Accessories Vacuum System Replacement Parts X-Ray Photoelectron Spectrometers",https://s19.a2zinc.net/clients/avs/avs19/Public/eBooth.aspx?IndexInList=28&FromPage=Exhibitors.aspx&ParentBoothID=&ListByBooth=true&BoothID=113402
"CS Clean Solutions, Inc.",614,,"Danbury,",United States,http://www.csclean-usa.com,,"Vacuum System Accessories Pumps, Equipment, Services & Supplies Purification Systems",https://s19.a2zinc.net/clients/avs/avs19/Public/eBooth.aspx?IndexInList=29&FromPage=Exhibitors.aspx&ParentBoothID=&ListByBooth=true&BoothID=113471
Duniway Stockroom Corp.,414,,"Fremont,",United States,https://www.duniway.com,,"Equipment, Used Fittings, Gaskets, Flanges, Seals Gauges, Tubes Leak Detectors Pumps, Equipment, Services & Supplies Tubing,Piping,Bellows Assemblies Vacuum System Accessories Valves",https://s19.a2zinc.net/clients/avs/avs19/Public/eBooth.aspx?IndexInList=30&FromPage=Exhibitors.aspx&ParentBoothID=&ListByBooth=true&BoothID=112997
"Ebara Technologies, Inc.",723,,"Sacramento,",United States,http://www.ebaratech.com,,"Cleaning Services Equipment, Used Fittings, Gaskets, Flanges, Seals Pumps, Equipment, Services & Supplies Tubing,Piping,Bellows Assemblies Vacuum System Accessories Vacuum System Replacement Parts Valves",https://s19.a2zinc.net/clients/avs/avs19/Public/eBooth.aspx?IndexInList=31&FromPage=Exhibitors.aspx&ParentBoothID=&ListByBooth=true&BoothID=113182
EcoSys Abatement LLC,437,,"Orlando,",United States,http://www.ecosysabatement.com,,,https://s19.a2zinc.net/clients/avs/avs19/Public/eBooth.aspx?IndexInList=32&FromPage=Exhibitors.aspx&ParentBoothID=&ListByBooth=true&BoothID=113578
Edwards Vacuum,527,,"Sanborn,",United States,http://www.edwardsvacuum.com,,"Custom Vacuum Systems Gauges, Tubes Leak Detectors Pumps, Equipment, Services & Supplies Vacuum System Accessories Valves Vacuum System Replacement Parts",https://s19.a2zinc.net/clients/avs/avs19/Public/eBooth.aspx?IndexInList=33&FromPage=Exhibitors.aspx&ParentBoothID=&ListByBooth=true&BoothID=113477
Elite Health,724,,"HAVRE,",United States,http://www.elitehealth.com,,,https://s19.a2zinc.net/clients/avs/avs19/Public/eBooth.aspx?IndexInList=34&FromPage=Exhibitors.aspx&ParentBoothID=&ListByBooth=true&BoothID=113183
Extrel CMS,720,,"Pittsburgh,",United States,http://www.extrel.com,,"Custom Vacuum Systems Process Controllers,Monitors Pumps, Equipment, Services & Supplies RF Systems,Generators,Power Supplies Vacuum System Accessories Analytical Instrumentation Spectrometer Accessories Vacuum System Replacement Parts Detectors , Multipliers",https://s19.a2zinc.net/clients/avs/avs19/Public/eBooth.aspx?IndexInList=35&FromPage=Exhibitors.aspx&ParentBoothID=&ListByBooth=true&BoothID=113179
Ferrovac GmbH,436,,"Zurich,",Switzerland,http://www.ferrovac.com,,"Consulting Custom Vacuum Systems Fittings, Gaskets, Flanges, Seals Machining (Bulk and Special) Sample Manipulation & Heating Spectrometer Accessories Vacuum System Accessories Vacuum System Replacement Parts",https://s19.a2zinc.net/clients/avs/avs19/Public/eBooth.aspx?IndexInList=36&FromPage=Exhibitors.aspx&ParentBoothID=&ListByBooth=true&BoothID=113015
Film Sense,702,,"Lincoln,",United States,http://www.film-sense.com,,"Analytical Instrumentation Atomic Layer Deposition Systems Materials Testing Process Controllers,Monitors Thickness Monitors,Measurement",https://s19.a2zinc.net/clients/avs/avs19/Public/eBooth.aspx?IndexInList=37&FromPage=Exhibitors.aspx&ParentBoothID=&ListByBooth=true&BoothID=113161
Gamma Vacuum,633,,"Shakopee,",United States,https://www.gammavacuum.com,,"Pumps, Equipment, Services & Supplies",https://s19.a2zinc.net/clients/avs/avs19/Public/eBooth.aspx?IndexInList=38&FromPage=Exhibitors.aspx&ParentBoothID=&ListByBooth=true&BoothID=113130
HeatWave Labs Inc.,411,,"Watsonville,",United States,http://www.cathode.com,,"Custom Vacuum Systems Ion Beam Deposition Systems,Guns Ovens, Vacuum Pumps, Equipment, Services & Supplies Vacuum System Accessories E-Beam Guns Vacuum System Replacement Parts Ion , Electron Guns",https://s19.a2zinc.net/clients/avs/avs19/Public/eBooth.aspx?IndexInList=39&FromPage=Exhibitors.aspx&ParentBoothID=&ListByBooth=true&BoothID=112992
"Heidelberg Instruments, Inc.",413,,"Torrance,",United States,http://www.heidelberg-instruments.com,,Analytical Analytical Instrumentation Lithography Systems,https://s19.a2zinc.net/clients/avs/avs19/Public/eBooth.aspx?IndexInList=40&FromPage=Exhibitors.aspx&ParentBoothID=&ListByBooth=true&BoothID=112994
"Hiden Analytical, Inc.",310,,"Livonia,",United States,http://www.hidenanalytical.com,,"Custom Vacuum Systems Detectors , Multipliers Gas Control Systems Gauges, Tubes GC-MS Ion , Electron Guns Ion Beam Deposition Systems,Guns Leak Detectors NanoFabrication Systems Ovens, Vacuum Spectrometer Accessories Sputtering Deposition System Thickness Monitors,Measurement Thin Film Vacuum Coating ToF SIMS Instruments Vacuum System Accessories Valves Analytical Instrumentation Atomic Layer Deposition Systems",https://s19.a2zinc.net/clients/avs/avs19/Public/eBooth.aspx?IndexInList=41&FromPage=Exhibitors.aspx&ParentBoothID=&ListByBooth=true&BoothID=112931
Hine Automation,432,,"St. Petersburg,",United States,http://www.hineautomation.com,,"Custom Vacuum Systems Equipment, Used NanoFabrication Systems Thin Film Vacuum Coating Vacuum System Accessories Vacuum System Replacement Parts",https://s19.a2zinc.net/clients/avs/avs19/Public/eBooth.aspx?IndexInList=42&FromPage=Exhibitors.aspx&ParentBoothID=&ListByBooth=true&BoothID=113482
Horiba Scientific,710,,"Edison,",United States,http://www.horiba.com/scientific,,"Analytical Mass Flow Controller,Accessories Materials Testing Particle Monitoring Process Controllers,Monitors Thickness Monitors,Measurement Analytical Instrumentation Spectrometer Accessories Microscopy RAMAN Spectroscopy Detectors , Multipliers UV VIS",https://s19.a2zinc.net/clients/avs/avs19/Public/eBooth.aspx?IndexInList=43&FromPage=Exhibitors.aspx&ParentBoothID=&ListByBooth=true&BoothID=113169
Huntington Labs,528,,"Grass Valley,,",United States,http://www.huntvac.com,,Analytical Vacuum System Accessories Valves Vacuum System Replacement Parts,https://s19.a2zinc.net/clients/avs/avs19/Public/eBooth.aspx?IndexInList=44&FromPage=Exhibitors.aspx&ParentBoothID=&ListByBooth=true&BoothID=113069
"HVA, LLC",311,,"Reno,",United States,http://www.highvac.com,,"Custom Vacuum Systems Fittings, Gaskets, Flanges, Seals Pumps, Equipment, Services & Supplies Vacuum System Accessories Valves",https://s19.a2zinc.net/clients/avs/avs19/Public/eBooth.aspx?IndexInList=45&FromPage=Exhibitors.aspx&ParentBoothID=&ListByBooth=true&BoothID=112930
INFICON,211,,"East Syracuse,",United States,http://www.inficon.com,,"Fittings, Gaskets, Flanges, Seals Gauges, Tubes Leak Detectors Process Controllers,Monitors Thickness Monitors,Measurement Vacuum System Accessories Analytical Instrumentation E-Beam Gun Power Supplies GC-MS",https://s19.a2zinc.net/clients/avs/avs19/Public/eBooth.aspx?IndexInList=46&FromPage=Exhibitors.aspx&ParentBoothID=&ListByBooth=true&BoothID=112872
"Inland Vacuum Industries, Inc.",423,,"Churchville,",United States,http://www.inlandvacuum.com,,"Analytical Instrumentation Custom Vacuum Systems Microscopy Ovens, Vacuum Pumps, Equipment, Services & Supplies Sputtering Deposition System Testing Laboratory Thin Film Vacuum Coating Vacuum System Accessories",https://s19.a2zinc.net/clients/avs/avs19/Public/eBooth.aspx?IndexInList=47&FromPage=Exhibitors.aspx&ParentBoothID=&ListByBooth=true&BoothID=113004
"Instrutech, Inc.",714,,"Longmont,",United States,http://www.instrutechinc.com,,"Gauges, Tubes Vacuum System Accessories",https://s19.a2zinc.net/clients/avs/avs19/Public/eBooth.aspx?IndexInList=48&FromPage=Exhibitors.aspx&ParentBoothID=&ListByBooth=true&BoothID=113173
Intel Corporation,244,,"Santa Clara,",United States,http://www.intel.com,,,https://s19.a2zinc.net/clients/avs/avs19/Public/eBooth.aspx?IndexInList=49&FromPage=Exhibitors.aspx&ParentBoothID=&ListByBooth=true&BoothID=113451
ION-TOF USA,406,,"Chestnut Ridge,",United States,http://www.iontof.com,,"ToF SIMS Instruments Analytical Analytical Instrumentation Consulting Ion , Electron Guns Materials Testing Scanning Probe Microscopy Systems",https://s19.a2zinc.net/clients/avs/avs19/Public/eBooth.aspx?IndexInList=50&FromPage=Exhibitors.aspx&ParentBoothID=&ListByBooth=true&BoothID=113393
"J.A. Woollam Co., Inc.",300,,"Lincoln,",United States,http://www.jawoollam.com,,"Materials Testing Thickness Monitors,Measurement Analytical Analytical Instrumentation",https://s19.a2zinc.net/clients/avs/avs19/Public/eBooth.aspx?IndexInList=51&FromPage=Exhibitors.aspx&ParentBoothID=&ListByBooth=true&BoothID=112919
Joseph Oat Corporation,801,,"Camden,",United States,http://www.josephoat.com,,"Custom Vacuum Systems Ovens, Vacuum Cryogenic Piping",https://s19.a2zinc.net/clients/avs/avs19/Public/eBooth.aspx?IndexInList=52&FromPage=Exhibitors.aspx&ParentBoothID=&ListByBooth=true&BoothID=113428
Kashiyama-USA Inc.,421,,"Fremont,",United States,http://www.kashiyama.com,,"Pumps, Equipment, Services & Supplies",https://s19.a2zinc.net/clients/avs/avs19/Public/eBooth.aspx?IndexInList=53&FromPage=Exhibitors.aspx&ParentBoothID=&ListByBooth=true&BoothID=113002
"Kaufman & Robinson, Inc.",607,,"Fort Collins,",United States,http://www.ionsources.com,,"E-Beam Gun Power Supplies Ion , Electron Guns Ion Beam Deposition Systems,Guns Sputtering Deposition System Thin Film Vacuum Coating Vacuum System Accessories",https://s19.a2zinc.net/clients/avs/avs19/Public/eBooth.aspx?IndexInList=54&FromPage=Exhibitors.aspx&ParentBoothID=&ListByBooth=true&BoothID=113108
Kimball Physics Inc.,201,,"Wilton,",United States,http://www.kimballphysics.com,,"Analytical Instrumentation Custom Vacuum Systems E-Beam Gun Power Supplies E-Beam Gun Sweeps E-Beam Guns Fittings, Gaskets, Flanges, Seals Ion , Electron Guns Materials Testing Microscopy Vacuum System Accessories",https://s19.a2zinc.net/clients/avs/avs19/Public/eBooth.aspx?IndexInList=55&FromPage=Exhibitors.aspx&ParentBoothID=&ListByBooth=true&BoothID=112862
KITZ SCT AMERICA,713,,"SANTA CLARA,",United States,https://kitz-sct.jp/english/,,Valves,https://s19.a2zinc.net/clients/avs/avs19/Public/eBooth.aspx?IndexInList=56&FromPage=Exhibitors.aspx&ParentBoothID=&ListByBooth=true&BoothID=113172
"Kratos Analytical, Inc.",701,,"Chestnut Ridge,",United States,https://www.kratos.com,,"Analytical Instrumentation Auger Electron Spectrometers Ion , Electron Guns Spectrometer Accessories X-Ray Photoelectron Spectrometers",https://s19.a2zinc.net/clients/avs/avs19/Public/eBooth.aspx?IndexInList=57&FromPage=Exhibitors.aspx&ParentBoothID=&ListByBooth=true&BoothID=113462
"k-Space Associates, Inc.",612,,"Dexter,",United States,http://www.k-space.com,,"Analytical Instrumentation Process Controllers,Monitors Thickness Monitors,Measurement",https://s19.a2zinc.net/clients/avs/avs19/Public/eBooth.aspx?IndexInList=58&FromPage=Exhibitors.aspx&ParentBoothID=&ListByBooth=true&BoothID=113113
Kurt J. Lesker Company,601,,"Jefferson Hills,",United States,http://www.lesker.com,,"Atomic Layer Deposition Systems Bonding Techniques Couplings: Flexible Shaft Custom Vacuum Systems E-Beam Gun Power Supplies E-Beam Guns Fittings, Gaskets, Flanges, Seals Gauges, Tubes Ion , Electron Guns Ion Beam Deposition Systems,Guns Machining (Bulk and Special) Magnetron Sputtering Cathodes Magnetron Sputtering Equipment Materials , Standards Planar Magnetron Cathods Process Controllers,Monitors Pumps, Equipment, Services & Supplies RF Systems,Generators,Power Supplies Sample Manipulation & Heating Sputtering Deposition System Thickness Monitors,Measurement Thin Film Vacuum Coating Vacuum System Accessories Valves",https://s19.a2zinc.net/clients/avs/avs19/Public/eBooth.aspx?IndexInList=59&FromPage=Exhibitors.aspx&ParentBoothID=&ListByBooth=true&BoothID=113106
"Kyungwon Tech Co., Ltd.",520,,"Gyeonggi, Korea,",Korea (South),http://www.kw-tech.co.kr,,Software,https://s19.a2zinc.net/clients/avs/avs19/Public/eBooth.aspx?IndexInList=60&FromPage=Exhibitors.aspx&ParentBoothID=&ListByBooth=true&BoothID=113455
"LDS Vacuum Products, Inc.",409,,"Longwood,",United States,http://www.lds-vacuum.com,,"Calibration Services Custom Vacuum Systems Equipment, Used Fittings, Gaskets, Flanges, Seals Leak Detectors Mass Flow Controller,Accessories Pumps, Equipment, Services & Supplies Tubing,Piping,Bellows Assemblies Vacuum System Accessories Valves Vacuum System Replacement Parts Machining (Repair, Refurb, Mods)",https://s19.a2zinc.net/clients/avs/avs19/Public/eBooth.aspx?IndexInList=61&FromPage=Exhibitors.aspx&ParentBoothID=&ListByBooth=true&BoothID=112990
Luxel Corp.,412,,"Friday Harbor,",United States,http://www.luxel.com,,Thin Film Vacuum Coating Vacuum System Accessories,https://s19.a2zinc.net/clients/avs/avs19/Public/eBooth.aspx?IndexInList=62&FromPage=Exhibitors.aspx&ParentBoothID=&ListByBooth=true&BoothID=112993
"McAllister Technical Services, Inc.",727,,"Coeur d'Alene,",United States,http://www.mcallister.com,,"Analytical Atomic Layer Deposition Systems Bellows Contacts Consulting Custom Vacuum Systems E-Beam Gun Power Supplies E-Beam Guns Fittings, Gaskets, Flanges, Seals Ion Beam Deposition Systems,Guns Machining (Bulk and Special) Machining (Repair, Refurb, Mods) Sample Manipulation & Heating Sputtering Deposition System Tubing,Piping,Bellows Assemblies Vacuum System Accessories Valves",https://s19.a2zinc.net/clients/avs/avs19/Public/eBooth.aspx?IndexInList=63&FromPage=Exhibitors.aspx&ParentBoothID=&ListByBooth=true&BoothID=113186
"MeiVac, Inc.",301,,"San Jose,",United States,http://www.meivac.com,,"Valves Vacuum System Accessories Process Controllers,Monitors RF Systems,Generators,Power Supplies Sputtering Deposition System Custom Vacuum Systems E-Beam Gun Power Supplies E-Beam Gun Sweeps E-Beam Guns Magnetron Sputtering Cathodes Magnetron Sputtering Equipment Planar Magnetron Cathods",https://s19.a2zinc.net/clients/avs/avs19/Public/eBooth.aspx?IndexInList=64&FromPage=Exhibitors.aspx&ParentBoothID=&ListByBooth=true&BoothID=113575
Micro Photonics,303,,"Allentown,",United States,http://www.microphotonics.com,,"Analytical Instrumentation Atomic Layer Deposition Systems Detectors , Multipliers E-Beam Gun Power Supplies E-Beam Guns Ion , Electron Guns Ion Beam Deposition Systems,Guns RF Systems,Generators,Power Supplies Sputtering Deposition System Thickness Monitors,Measurement Thin Film Vacuum Coating Vacuum System Accessories Vacuum System Replacement Parts",https://s19.a2zinc.net/clients/avs/avs19/Public/eBooth.aspx?IndexInList=65&FromPage=Exhibitors.aspx&ParentBoothID=&ListByBooth=true&BoothID=113576
Midwest Vacuum Inc.,709,,"Hinsdale,",United States,http://www.midwestvacuum.com,,"Calibration Services Gauges, Tubes Leak Detectors Tubing,Piping,Bellows Assemblies Vacuum System Accessories Vacuum System Replacement Parts Valves",https://s19.a2zinc.net/clients/avs/avs19/Public/eBooth.aspx?IndexInList=66&FromPage=Exhibitors.aspx&ParentBoothID=&ListByBooth=true&BoothID=113168
MKS Instruments,600,,"Andover,",United States,http://www.mksinst.com,,"Analytical Analytical Instrumentation Calibration Services Custom Vacuum Systems Fittings, Gaskets, Flanges, Seals FT-IR Gas Control Systems Gauges, Tubes Leak Detectors Mass Flow Controller,Accessories Process Controllers,Monitors RF Systems,Generators,Power Supplies Software Tubing,Piping,Bellows Assemblies Vacuum System Accessories Valves",https://s19.a2zinc.net/clients/avs/avs19/Public/eBooth.aspx?IndexInList=67&FromPage=Exhibitors.aspx&ParentBoothID=&ListByBooth=true&BoothID=113410
MODION®,424,,"Irwin,",United States,http://www.modionvacuum.com,,"Custom Vacuum Systems Fittings, Gaskets, Flanges, Seals Machining (Bulk and Special) Machining (Repair, Refurb, Mods) Pumps, Equipment, Services & Supplies RF Systems,Generators,Power Supplies Vacuum System Accessories Vacuum System Replacement Parts",https://s19.a2zinc.net/clients/avs/avs19/Public/eBooth.aspx?IndexInList=68&FromPage=Exhibitors.aspx&ParentBoothID=&ListByBooth=true&BoothID=113005
National Institute of Standards and Technology,715,,"Gaithersburg,",United States,https://www.nist.gov/calibrations,,Calibration Services,https://s19.a2zinc.net/clients/avs/avs19/Public/eBooth.aspx?IndexInList=69&FromPage=Exhibitors.aspx&ParentBoothID=&ListByBooth=true&BoothID=113174
Nel Hydrogen,632,,"Wallingford,",United States,http://www.nelhydrogen.com,,"Analytical Analytical Instrumentation Gas Control Systems GC-MS Leak Detectors Lithography Systems Materials , Standards NanoFabrication Systems Purification Systems Spectrometer Accessories Testing Laboratory Thin Film Vacuum Coating",https://s19.a2zinc.net/clients/avs/avs19/Public/eBooth.aspx?IndexInList=70&FromPage=Exhibitors.aspx&ParentBoothID=&ListByBooth=true&BoothID=113446
Nextron Corporation,329,,"Busan,",Korea (South),http://www.microprobestation.com,,"Cryogenic LN2 Systems Custom Vacuum Systems Gas Control Systems Machining (Bulk and Special) Mass Flow Controller,Accessories Pumps, Equipment, Services & Supplies RAMAN Spectroscopy Sample Manipulation & Heating Testing Laboratory Thin Film Vacuum Coating Vacuum System Accessories",https://s19.a2zinc.net/clients/avs/avs19/Public/eBooth.aspx?IndexInList=71&FromPage=Exhibitors.aspx&ParentBoothID=&ListByBooth=true&BoothID=112948
Nonsequitur Technologies,307,,"Bend,",United States,http://www.nonsequitur-tech.com,,"Fittings, Gaskets, Flanges, Seals Vacuum System Accessories Analytical Instrumentation Ion , Electron Guns",https://s19.a2zinc.net/clients/avs/avs19/Public/eBooth.aspx?IndexInList=72&FromPage=Exhibitors.aspx&ParentBoothID=&ListByBooth=true&BoothID=112926
"Nor-Cal Products, Inc.",623,,"Yreka,",United States,https://www.n-c.com,,"Custom Vacuum Systems Fittings, Gaskets, Flanges, Seals Mass Flow Controller,Accessories Sputtering Deposition System Thin Film Vacuum Coating Tubing,Piping,Bellows Assemblies Vacuum System Accessories Vacuum System Replacement Parts Valves",https://s19.a2zinc.net/clients/avs/avs19/Public/eBooth.aspx?IndexInList=73&FromPage=Exhibitors.aspx&ParentBoothID=&ListByBooth=true&BoothID=113122
OkyayTech,315,,"Palo Alto,",United States,http://www.okyaytechald.com,,Atomic Layer Deposition Systems,https://s19.a2zinc.net/clients/avs/avs19/Public/eBooth.aspx?IndexInList=74&FromPage=Exhibitors.aspx&ParentBoothID=&ListByBooth=true&BoothID=112934
"Osaka Vacuum USA, Inc.",506,,"Fremont,",United States,http://www.osakavacuum.co.jp/en,,"Pumps, Equipment, Services & Supplies Vacuum System Accessories",https://s19.a2zinc.net/clients/avs/avs19/Public/eBooth.aspx?IndexInList=75&FromPage=Exhibitors.aspx&ParentBoothID=&ListByBooth=true&BoothID=113582
"Park Systems, Inc.",729,,"Santa Clara,",United States,http://parksystems.com,,Analytical Instrumentation Microscopy Scanning Probe Microscopy Systems,https://s19.a2zinc.net/clients/avs/avs19/Public/eBooth.aspx?IndexInList=76&FromPage=Exhibitors.aspx&ParentBoothID=&ListByBooth=true&BoothID=113188
"Pfeiffer Vacuum Technology, Inc.",621,,"Nashua,",United States,http://www.pfeiffer-vacuum.com,,"Analytical Analytical Instrumentation Equipment, Used Fittings, Gaskets, Flanges, Seals Gauges, Tubes Leak Detectors Microscopy Pumps, Equipment, Services & Supplies Vacuum System Accessories Valves",https://s19.a2zinc.net/clients/avs/avs19/Public/eBooth.aspx?IndexInList=77&FromPage=Exhibitors.aspx&ParentBoothID=&ListByBooth=true&BoothID=113120
PHPK Technologies,707,,"Columbus,",United States,http://www.phpk.com,,"Consulting Valves Custom Vacuum Systems Pumps, Equipment, Services & Supplies Vacuum System Accessories",https://s19.a2zinc.net/clients/avs/avs19/Public/eBooth.aspx?IndexInList=78&FromPage=Exhibitors.aspx&ParentBoothID=&ListByBooth=true&BoothID=113166
Physical Electronics,500,,"Chanhassen,",United States,http://www.phi.com,,"Analytical Analytical Instrumentation Auger Electron Spectrometers Glove Boxes Ion , Electron Guns Ion Beam Deposition Systems,Guns Materials Testing ToF SIMS Instruments X-Ray Photoelectron Spectrometers",https://s19.a2zinc.net/clients/avs/avs19/Public/eBooth.aspx?IndexInList=79&FromPage=Exhibitors.aspx&ParentBoothID=&ListByBooth=true&BoothID=113045
Precision Plus Vacuum Parts,716,,"Sanborn,",United States,http://www.precisionplus.com,,"Fittings, Gaskets, Flanges, Seals Gauges, Tubes Machining (Repair, Refurb, Mods) Pumps, Equipment, Services & Supplies Vacuum System Accessories Vacuum System Replacement Parts Valves",https://s19.a2zinc.net/clients/avs/avs19/Public/eBooth.aspx?IndexInList=80&FromPage=Exhibitors.aspx&ParentBoothID=&ListByBooth=true&BoothID=113175
Princeton Scientific Corp,507,,"Easton,",United States,http://www.princetonscientific.com,,"Analytical Analytical Instrumentation Bonding Techniques Chemical: Surface Treating Services Cleaning Services E-Beam Guns Electron Sources Ion , Electron Guns Ion Beam Deposition Systems,Guns Magnetron Sputtering Cathodes Materials , Standards Materials Testing Ovens, Vacuum Sputtering Deposition System Thin Film Vacuum Coating Vacuum System Accessories",https://s19.a2zinc.net/clients/avs/avs19/Public/eBooth.aspx?IndexInList=81&FromPage=Exhibitors.aspx&ParentBoothID=&ListByBooth=true&BoothID=113050
PVD Products,200,,"Wilmington,",United States,http://www.pvdproducts.com,,"Analytical Custom Vacuum Systems Ion Beam Deposition Systems,Guns Magnetron Sputtering Cathodes Magnetron Sputtering Equipment Microscopy Planar Magnetron Cathods RF Systems,Generators,Power Supplies Sputtering Deposition System Thin Film Vacuum Coating Vacuum System Accessories",https://s19.a2zinc.net/clients/avs/avs19/Public/eBooth.aspx?IndexInList=82&FromPage=Exhibitors.aspx&ParentBoothID=&ListByBooth=true&BoothID=113583
R.D. Mathis Company,606,,"Signal Hill,",United States,http://www.rdmathis.com,,"Vacuum System Accessories Materials , Standards Vacuum System Replacement Parts Purification Systems",https://s19.a2zinc.net/clients/avs/avs19/Public/eBooth.aspx?IndexInList=83&FromPage=Exhibitors.aspx&ParentBoothID=&ListByBooth=true&BoothID=113107
"Raith America, Inc.",313,,"Islandia,",United States,http://www.raith.com,,Lithography Systems NanoFabrication Systems,https://s19.a2zinc.net/clients/avs/avs19/Public/eBooth.aspx?IndexInList=84&FromPage=Exhibitors.aspx&ParentBoothID=&ListByBooth=true&BoothID=112932
RASIRC,513,,"San Diego,",United States,http://www.rasirc.com,,"Atomic Layer Deposition Systems Bonding Techniques Chemical: Surface Treating Services Gas Control Systems Lithography Systems Particle Monitoring Process Controllers,Monitors Purification Systems Sputtering Deposition System Thickness Monitors,Measurement",https://s19.a2zinc.net/clients/avs/avs19/Public/eBooth.aspx?IndexInList=85&FromPage=Exhibitors.aspx&ParentBoothID=&ListByBooth=true&BoothID=113056
RF VII Inc.,524,,"Newfield,",United States,http://www.rfvii.com,,"Analytical Instrumentation Chillers, Cooling Systems Custom Vacuum Systems Equipment, Used RF Systems,Generators,Power Supplies Sputtering Deposition System Thin Film Vacuum Coating Vacuum System Accessories Vacuum System Replacement Parts",https://s19.a2zinc.net/clients/avs/avs19/Public/eBooth.aspx?IndexInList=86&FromPage=Exhibitors.aspx&ParentBoothID=&ListByBooth=true&BoothID=113065
SAES Group,321,,"Colorado Springs,",United States,http://www.saesgroup.com,,"Spectrometer Accessories Vacuum System Accessories Vacuum System Replacement Parts Pumps, Equipment, Services & Supplies",https://s19.a2zinc.net/clients/avs/avs19/Public/eBooth.aspx?IndexInList=87&FromPage=Exhibitors.aspx&ParentBoothID=&ListByBooth=true&BoothID=112940
"SCI Engineered Materials, Inc.",514,,"Columbus,",United States,http://www.sci-engineered-materials.com,,,https://s19.a2zinc.net/clients/avs/avs19/Public/eBooth.aspx?IndexInList=88&FromPage=Exhibitors.aspx&ParentBoothID=&ListByBooth=true&BoothID=113057
"ScientaOmicron, Inc.",611,,"Denver,",United States,http://www.scientaomicron.com,,"Analytical Instrumentation Auger Electron Spectrometers Ion , Electron Guns Lithography Systems Microscopy NanoFabrication Systems Scanning Probe Microscopy Systems Thin Film Vacuum Coating X-Ray Photoelectron Spectrometers",https://s19.a2zinc.net/clients/avs/avs19/Public/eBooth.aspx?IndexInList=89&FromPage=Exhibitors.aspx&ParentBoothID=&ListByBooth=true&BoothID=113112
Scion Plasma LLC,314,,"East Lansing,",United States,http://www.scionplasma.com,,"Ion , Electron Guns Ion Beam Deposition Systems,Guns Sputtering Deposition System Thin Film Vacuum Coating Vacuum System Accessories",https://s19.a2zinc.net/clients/avs/avs19/Public/eBooth.aspx?IndexInList=90&FromPage=Exhibitors.aspx&ParentBoothID=&ListByBooth=true&BoothID=113547
"Semicore Equipment, Inc.",532,,"Livermore,",United States,http://www.semicore.com,,"Custom Vacuum Systems Equipment, Used Ion Beam Deposition Systems,Guns Pumps, Equipment, Services & Supplies RF Systems,Generators,Power Supplies Sputtering Deposition System Vacuum System Accessories Calibration Services Consulting",https://s19.a2zinc.net/clients/avs/avs19/Public/eBooth.aspx?IndexInList=91&FromPage=Exhibitors.aspx&ParentBoothID=&ListByBooth=true&BoothID=113071
Shimadzu Industrial Equipment,712,,"Santa Clara,",United States,http://www.spi-sie.com,,"Leak Detectors Pumps, Equipment, Services & Supplies Analytical Instrumentation Spectrometer Accessories",https://s19.a2zinc.net/clients/avs/avs19/Public/eBooth.aspx?IndexInList=92&FromPage=Exhibitors.aspx&ParentBoothID=&ListByBooth=true&BoothID=113171
Sigma Surface Science,615,,"Denver,",United States,http://www.mantisdeposition.com,,"E-Beam Guns Ion , Electron Guns Ion Beam Deposition Systems,Guns Magnetron Sputtering Cathodes Magnetron Sputtering Equipment Scanning Probe Microscopy Systems Sputtering Deposition System Thin Film Vacuum Coating X-Ray Photoelectron Spectrometers Analytical Instrumentation Custom Vacuum Systems",https://s19.a2zinc.net/clients/avs/avs19/Public/eBooth.aspx?IndexInList=93&FromPage=Exhibitors.aspx&ParentBoothID=&ListByBooth=true&BoothID=113116
SINGULUS TECHNOLOGIES AG,515,,"Kahl am Main,",Germany,http://www.singulus.de,,"Magnetron Sputtering Equipment Ovens, Vacuum Pumps, Equipment, Services & Supplies Sputtering Deposition System Thin Film Vacuum Coating",https://s19.a2zinc.net/clients/avs/avs19/Public/eBooth.aspx?IndexInList=94&FromPage=Exhibitors.aspx&ParentBoothID=&ListByBooth=true&BoothID=113060
"Solberg Manufacturing, Inc.",704,,"Itasca,",United States,http://www.solbergmfg.com,,"Pumps, Equipment, Services & Supplies Vacuum System Accessories Vacuum System Replacement Parts",https://s19.a2zinc.net/clients/avs/avs19/Public/eBooth.aspx?IndexInList=95&FromPage=Exhibitors.aspx&ParentBoothID=&ListByBooth=true&BoothID=113163
"Solid Sealing Technology, Inc.",309,,"Watervliet,",United States,http://www.solidsealing.com,,"Analytical Instrumentation Bonding Techniques Fittings, Gaskets, Flanges, Seals Vacuum System Accessories",https://s19.a2zinc.net/clients/avs/avs19/Public/eBooth.aspx?IndexInList=96&FromPage=Exhibitors.aspx&ParentBoothID=&ListByBooth=true&BoothID=112928
"SPECS Surface Nano Analysis, Inc.",401,,"Mansfield,",United States,http://www.specs.com,,"Analytical Analytical Instrumentation Auger Electron Spectrometers Detectors , Multipliers E-Beam Gun Power Supplies E-Beam Guns Ion , Electron Guns Ion Beam Deposition Systems,Guns Materials Testing Microscopy Scanning Probe Microscopy Systems Sputtering Deposition System Thin Film Vacuum Coating ToF SIMS Instruments X-Ray Photoelectron Spectrometers",https://s19.a2zinc.net/clients/avs/avs19/Public/eBooth.aspx?IndexInList=97&FromPage=Exhibitors.aspx&ParentBoothID=&ListByBooth=true&BoothID=112984
SPI Supplies,433,,"West Chester,",United States,http://www.2spi.com,,"Analytical Chillers, Cooling Systems Materials Testing Pumps, Equipment, Services & Supplies RF Systems,Generators,Power Supplies Sputtering Deposition System Thickness Monitors,Measurement Vacuum System Accessories Materials , Standards Thin Film Vacuum Coating Magnetron Sputtering Cathodes Magnetron Sputtering Equipment Microscopy Detectors , Multipliers Sample Manipulation & Heating",https://s19.a2zinc.net/clients/avs/avs19/Public/eBooth.aspx?IndexInList=98&FromPage=Exhibitors.aspx&ParentBoothID=&ListByBooth=true&BoothID=113012
Staib Instruments,326,,"Williamsburg,",United States,http://www.staibinstruments.com,,"Analytical Analytical Instrumentation Auger Electron Spectrometers Custom Vacuum Systems E-Beam Gun Power Supplies E-Beam Guns Ion , Electron Guns Materials Testing Vacuum System Accessories",https://s19.a2zinc.net/clients/avs/avs19/Public/eBooth.aspx?IndexInList=99&FromPage=Exhibitors.aspx&ParentBoothID=&ListByBooth=true&BoothID=112945
"Strem Chemicals, Inc.",207,,"Newburyport,",United States,http://www.strem.com,,Atomic Layer Deposition Systems Thin Film Vacuum Coating,https://s19.a2zinc.net/clients/avs/avs19/Public/eBooth.aspx?IndexInList=100&FromPage=Exhibitors.aspx&ParentBoothID=&ListByBooth=true&BoothID=112868
Super Conductor Materials,721,,"Suffern,",United States,http://www.scm-inc.com,,"Materials , Standards E-Beam Guns Thin Film Vacuum Coating Magnetron Sputtering Cathodes Planar Magnetron Cathods Machining (Bulk and Special) Machining (Repair, Refurb, Mods) Bonding Techniques",https://s19.a2zinc.net/clients/avs/avs19/Public/eBooth.aspx?IndexInList=101&FromPage=Exhibitors.aspx&ParentBoothID=&ListByBooth=true&BoothID=113180
"SVT Associates, Inc.",526,,"Eden Prarie,",United States,http://www.svta.com,,"Custom Vacuum Systems NanoFabrication Systems Thickness Monitors,Measurement Thin Film Vacuum Coating Vacuum System Accessories",https://s19.a2zinc.net/clients/avs/avs19/Public/eBooth.aspx?IndexInList=102&FromPage=Exhibitors.aspx&ParentBoothID=&ListByBooth=true&BoothID=113067
SynSysCo,317,,"Montrose,",United States,http://synsysco.com/,,"Chillers, Cooling Systems Consulting Custom Vacuum Systems Equipment, Used Leak Detectors Pumps, Equipment, Services & Supplies Vacuum System Accessories Analytical Instrumentation Vacuum System Replacement Parts",https://s19.a2zinc.net/clients/avs/avs19/Public/eBooth.aspx?IndexInList=103&FromPage=Exhibitors.aspx&ParentBoothID=&ListByBooth=true&BoothID=112936
"T&C Power Conversion, Inc.",536,,"Rochester,",United States,http://www.tcpowerconversion.com,,"RF Systems,Generators,Power Supplies",https://s19.a2zinc.net/clients/avs/avs19/Public/eBooth.aspx?IndexInList=104&FromPage=Exhibitors.aspx&ParentBoothID=&ListByBooth=true&BoothID=113075
Taiwan Instrument Research Institute,337,,"Hsinchu,",Taiwan,https://www.tiri.narl.org.tw/,,Calibration Services Custom Vacuum Systems Thin Film Vacuum Coating,https://s19.a2zinc.net/clients/avs/avs19/Public/eBooth.aspx?IndexInList=105&FromPage=Exhibitors.aspx&ParentBoothID=&ListByBooth=true&BoothID=112954
TDK-Lambda Americas Neptune,610,,"Neptune,",United States,http://www.us.tdk-lambda.com/hp,,"RF Systems,Generators,Power Supplies Analytical Instrumentation",https://s19.a2zinc.net/clients/avs/avs19/Public/eBooth.aspx?IndexInList=106&FromPage=Exhibitors.aspx&ParentBoothID=&ListByBooth=true&BoothID=113111
Tech-X Corporation,537,,"Boulder,",United States,http://www.txcorp.com,,Consulting Software,https://s19.a2zinc.net/clients/avs/avs19/Public/eBooth.aspx?IndexInList=107&FromPage=Exhibitors.aspx&ParentBoothID=&ListByBooth=true&BoothID=113445
Teledyne Hastings Instruments,429,,"Hampton,",United States,http://www.teledyne-hi.com,,"Calibration Services Gas Control Systems Mass Flow Controller,Accessories Analytical Instrumentation",https://s19.a2zinc.net/clients/avs/avs19/Public/eBooth.aspx?IndexInList=108&FromPage=Exhibitors.aspx&ParentBoothID=&ListByBooth=true&BoothID=113010
The Digivac Company,616,,"Morganville,",United States,http://www.digivac.com,,"Analytical Instrumentation Calibration Services Consulting Gauges, Tubes Ovens, Vacuum Process Controllers,Monitors Vacuum System Accessories",https://s19.a2zinc.net/clients/avs/avs19/Public/eBooth.aspx?IndexInList=109&FromPage=Exhibitors.aspx&ParentBoothID=&ListByBooth=true&BoothID=113473
Thermo Fisher Scientific,420,,"Madison,",United States,http://www.thermofisher.com/surfaceanalysis,,Analytical Instrumentation X-Ray Photoelectron Spectrometers Auger Electron Spectrometers Spectrometer Accessories Microscopy FT-IR RAMAN Spectroscopy UV VIS,https://s19.a2zinc.net/clients/avs/avs19/Public/eBooth.aspx?IndexInList=110&FromPage=Exhibitors.aspx&ParentBoothID=&ListByBooth=true&BoothID=113001
UC Components,700,,"Morgan Hill,",United States,http://www.uccomponents.com,,"Fittings, Gaskets, Flanges, Seals Vacuum System Accessories Vacuum System Replacement Parts Machining (Bulk and Special)",https://s19.a2zinc.net/clients/avs/avs19/Public/eBooth.aspx?IndexInList=111&FromPage=Exhibitors.aspx&ParentBoothID=&ListByBooth=true&BoothID=113159
United Mineral and Chemical Corp.,434,,"Lyndhurst,",United States,,,"Atomic Layer Deposition Systems Materials , Standards",https://s19.a2zinc.net/clients/avs/avs19/Public/eBooth.aspx?IndexInList=112&FromPage=Exhibitors.aspx&ParentBoothID=&ListByBooth=true&BoothID=113483
VACGEN Ltd.,711,,"Hailsham,",United Kingdom,http://www.vacgen.com,,"Analytical Analytical Instrumentation Atomic Layer Deposition Systems Custom Vacuum Systems Fittings, Gaskets, Flanges, Seals Gauges, Tubes Ovens, Vacuum Sample Manipulation & Heating Sputtering Deposition System Thin Film Vacuum Coating Vacuum System Accessories Vacuum System Replacement Parts Valves X-Ray Photoelectron Spectrometers",https://s19.a2zinc.net/clients/avs/avs19/Public/eBooth.aspx?IndexInList=113&FromPage=Exhibitors.aspx&ParentBoothID=&ListByBooth=true&BoothID=113170
Vacuum Research Corporation,415,,"Pittsburgh,",United States,http://www.vacuumresearch.com,,"Gauges, Tubes Pumps, Equipment, Services & Supplies Tubing,Piping,Bellows Assemblies Vacuum System Accessories Valves",https://s19.a2zinc.net/clients/avs/avs19/Public/eBooth.aspx?IndexInList=114&FromPage=Exhibitors.aspx&ParentBoothID=&ListByBooth=true&BoothID=112998
"Vacuum Volume, LLC",205,,"South Jordan,",United States,http://www.vacuumvolume.com,,"Consulting Custom Vacuum Systems Fittings, Gaskets, Flanges, Seals Gauges, Tubes Leak Detectors Machining (Bulk and Special) Machining (Repair, Refurb, Mods) Materials Testing Ovens, Vacuum Pumps, Equipment, Services & Supplies Software Sputtering Deposition System Thin Film Vacuum Coating Tubing,Piping,Bellows Assemblies Vacuum System Accessories Vacuum System Replacement Parts Valves",https://s19.a2zinc.net/clients/avs/avs19/Public/eBooth.aspx?IndexInList=115&FromPage=Exhibitors.aspx&ParentBoothID=&ListByBooth=true&BoothID=112866
VAT Group,732,,"San Jose,",United States,http://www.vatvalve.com,,"Machining (Repair, Refurb, Mods) Vacuum System Accessories Vacuum System Replacement Parts Valves",https://s19.a2zinc.net/clients/avs/avs19/Public/eBooth.aspx?IndexInList=116&FromPage=Exhibitors.aspx&ParentBoothID=&ListByBooth=true&BoothID=113189
Veeco Instruments,516,,"Plainview,",United States,http://www.veeco.com,,"Atomic Layer Deposition Systems Ion , Electron Guns Ion Beam Deposition Systems,Guns Thickness Monitors,Measurement",https://s19.a2zinc.net/clients/avs/avs19/Public/eBooth.aspx?IndexInList=117&FromPage=Exhibitors.aspx&ParentBoothID=&ListByBooth=true&BoothID=113059
"View, Inc.",145,,"Milpitas,",United States,http://www.view.com,,,https://s19.a2zinc.net/clients/avs/avs19/Public/eBooth.aspx?IndexInList=118&FromPage=Exhibitors.aspx&ParentBoothID=&ListByBooth=true&BoothID=113450
Von Ardenne,706,,"Chandler,",United States,https://www.vonardenne.biz,,"E-Beam Gun Power Supplies E-Beam Gun Sweeps E-Beam Guns Magnetron Sputtering Cathodes Magnetron Sputtering Equipment Planar Magnetron Cathods Process Controllers,Monitors Sputtering Deposition System",https://s19.a2zinc.net/clients/avs/avs19/Public/eBooth.aspx?IndexInList=119&FromPage=Exhibitors.aspx&ParentBoothID=&ListByBooth=true&BoothID=113165
Williamsburg Scientific Instruments,316,,"Williamsburg,",United States,https://www.wscientific.com,,Analytical Analytical Instrumentation Auger Electron Spectrometers Electron Sources Reflection Electron Energy Loss Spectroscopy (REELS),https://s19.a2zinc.net/clients/avs/avs19/Public/eBooth.aspx?IndexInList=120&FromPage=Exhibitors.aspx&ParentBoothID=&ListByBooth=true&BoothID=113548
"Yugyokuen Ceramics Co., Ltd.",410,,"Tokyo,",Japan,http://www.yugyokuen-ceramics.com/en,,"Fittings, Gaskets, Flanges, Seals Leak Detectors Vacuum System Accessories Materials , Standards Analytical Instrumentation E-Beam Guns Bonding Techniques Ion , Electron Guns Microscopy GC-MS",https://s19.a2zinc.net/clients/avs/avs19/Public/eBooth.aspx?IndexInList=121&FromPage=Exhibitors.aspx&ParentBoothID=&ListByBooth=true&BoothID=112991
