Name,Booth_no,Address,City,Country,website,Contact_no,product,url
A.O. Smith,1701,,Ashland City,United States,http://www.hotwater.com,,Pumps and tanks Water heaters Water treatment Water heaters ,https://s23.a2zinc.net/Clients/TaffyEvents/ASPE2020/public/eBooth.aspx?IndexInList=0&FromPage=Exhibitors.aspx&ParentBoothID=&ListByBooth=true&BoothID=348970
A.Y. McDonald Mfg. Co.,422,,Dubuque,United States,http://www.aymcdonald.com,,Plumbing booster systems Pipe couplings,https://s23.a2zinc.net/Clients/TaffyEvents/ASPE2020/public/eBooth.aspx?IndexInList=1&FromPage=Exhibitors.aspx&ParentBoothID=&ListByBooth=true&BoothID=348692
"ACO, Inc.",1231,,Casa Grande,United States,www.acousa.com,,,https://s23.a2zinc.net/Clients/TaffyEvents/ASPE2020/public/eBooth.aspx?IndexInList=2&FromPage=Exhibitors.aspx&ParentBoothID=&ListByBooth=true&BoothID=357129
Acorn Engineering Company,1301,,City of Industry,United States,http://www.morrisgroup.co,,Drinking fountains/Water coolers Safety and emergency equipment ,https://s23.a2zinc.net/Clients/TaffyEvents/ASPE2020/public/eBooth.aspx?IndexInList=3&FromPage=Exhibitors.aspx&ParentBoothID=&ListByBooth=true&BoothID=348886
Advance Products & Systems Inc,820,,Lafayette,United States,http://www.apsonline.com,,Fire protection equipment HVAC Pipe couplings,https://s23.a2zinc.net/Clients/TaffyEvents/ASPE2020/public/eBooth.aspx?IndexInList=4&FromPage=Exhibitors.aspx&ParentBoothID=&ListByBooth=true&BoothID=349267
Advance Tabco,1244,,Edgewood,United States,http://www.advancetabco.com,,Safety and emergency equipment ,https://s23.a2zinc.net/Clients/TaffyEvents/ASPE2020/public/eBooth.aspx?IndexInList=5&FromPage=Exhibitors.aspx&ParentBoothID=&ListByBooth=true&BoothID=348875
Advanced Modern Technologies Corporation,1337,,Chatsworth,United States,http://www.amtcorporation.com,,Automatic valves Control,https://s23.a2zinc.net/Clients/TaffyEvents/ASPE2020/public/eBooth.aspx?IndexInList=6&FromPage=Exhibitors.aspx&ParentBoothID=&ListByBooth=true&BoothID=348893
Aero Mfg Co Inc,1430,,Clifton,United States,http://www.aeromfg.com,,Design Consulting Safety and emergency equipment ,https://s23.a2zinc.net/Clients/TaffyEvents/ASPE2020/public/eBooth.aspx?IndexInList=7&FromPage=Exhibitors.aspx&ParentBoothID=&ListByBooth=true&BoothID=348912
"AGF Manufacturing, Inc.",733,,Malvern,United States,http://www.testandrain.com,,Fire protection equipment Valves,https://s23.a2zinc.net/Clients/TaffyEvents/ASPE2020/public/eBooth.aspx?IndexInList=8&FromPage=Exhibitors.aspx&ParentBoothID=&ListByBooth=true&BoothID=348774
AK Industries Inc,513,,Plymouth,United States,http://akindustries.com,,,https://s23.a2zinc.net/Clients/TaffyEvents/ASPE2020/public/eBooth.aspx?IndexInList=9&FromPage=Exhibitors.aspx&ParentBoothID=&ListByBooth=true&BoothID=348718
Alpha Green Solutions,433,,Pine Brook,United States,http://www.alfagreensolutions.com,,Fire protection equipment Pipe couplings,https://s23.a2zinc.net/Clients/TaffyEvents/ASPE2020/public/eBooth.aspx?IndexInList=10&FromPage=Exhibitors.aspx&ParentBoothID=&ListByBooth=true&BoothID=349257
American Gas Safety,612,,Clearwater,United States,http://americangassafety.com,,Automatic valves Fire protection equipment Piped gas systems Safety and emergency fixtures Valves Safety  & Technology Design Consulting,https://s23.a2zinc.net/Clients/TaffyEvents/ASPE2020/public/eBooth.aspx?IndexInList=11&FromPage=Exhibitors.aspx&ParentBoothID=&ListByBooth=true&BoothID=348737
American Standard Brands,609,,Piscataway,United States,http://www.americanstandard.com,,Faucets Fixtures ,https://s23.a2zinc.net/Clients/TaffyEvents/ASPE2020/public/eBooth.aspx?IndexInList=12&FromPage=Exhibitors.aspx&ParentBoothID=&ListByBooth=true&BoothID=348736
American Standard Water Heaters,442,,Pomona,United States,http://www.waterheating.com,,Water heaters ,https://s23.a2zinc.net/Clients/TaffyEvents/ASPE2020/public/eBooth.aspx?IndexInList=13&FromPage=Exhibitors.aspx&ParentBoothID=&ListByBooth=true&BoothID=348704
American Valve Inc.,1653,,Greensboro,United States,http://www.americanvalve.com,,Actuators HVAC Sewage pumps and equipment Valves Water treatment,https://s23.a2zinc.net/Clients/TaffyEvents/ASPE2020/public/eBooth.aspx?IndexInList=14&FromPage=Exhibitors.aspx&ParentBoothID=&ListByBooth=true&BoothID=348960
Amico Corp,336,,Richmond Hill,Canada,http://www.amico.com,,Air valves and systems Piped gas systems Vacuum pumps and systems Valves,https://s23.a2zinc.net/Clients/TaffyEvents/ASPE2020/public/eBooth.aspx?IndexInList=15&FromPage=Exhibitors.aspx&ParentBoothID=&ListByBooth=true&BoothID=348671
Amtekco Industries Inc.,1206,,Columbus,United States,http://www.amtekco.com,,Faucets Fixtures ,https://s23.a2zinc.net/Clients/TaffyEvents/ASPE2020/public/eBooth.aspx?IndexInList=16&FromPage=Exhibitors.aspx&ParentBoothID=&ListByBooth=true&BoothID=348864
Anaco-Husky,1207,,Corona,United States,www.anaco-husky.com,,,https://s23.a2zinc.net/Clients/TaffyEvents/ASPE2020/public/eBooth.aspx?IndexInList=17&FromPage=Exhibitors.aspx&ParentBoothID=&ListByBooth=true&BoothID=349270
Anvil International,1539,,Exeter,United States,http://www.anvilintl.com,,Fire protection equipment Pipe couplings,https://s23.a2zinc.net/Clients/TaffyEvents/ASPE2020/public/eBooth.aspx?IndexInList=18&FromPage=Exhibitors.aspx&ParentBoothID=&ListByBooth=true&BoothID=348565
Apollo Flow Controls,1245,,Matthews,United States,http://www.apollovalves.com,,Actuators Automatic valves Pipe couplings,https://s23.a2zinc.net/Clients/TaffyEvents/ASPE2020/public/eBooth.aspx?IndexInList=19&FromPage=Exhibitors.aspx&ParentBoothID=&ListByBooth=true&BoothID=348876
Applied System Technologies,904,,CHARLOTTE,United States,http://www.appliedsystemtech.com,,Piped gas systems Tools Valves Accessories Compressors Air valves and systems,https://s23.a2zinc.net/Clients/TaffyEvents/ASPE2020/public/eBooth.aspx?IndexInList=20&FromPage=Exhibitors.aspx&ParentBoothID=&ListByBooth=true&BoothID=348811
Aqua-Rex LLC,715,,Las Vegas,United States,http://www.aqua-rex.com,,Water treatment,https://s23.a2zinc.net/Clients/TaffyEvents/ASPE2020/public/eBooth.aspx?IndexInList=21&FromPage=Exhibitors.aspx&ParentBoothID=&ListByBooth=true&BoothID=348763
aquaTECTURE LLC,717,,Los Angeles,United States,http://www.water-pod.net,,Water treatment Safety  & Technology Accessories Disaster preparedness/prevention/recovery Plumbing fixtures and fittings Sewage pumps and equipment,https://s23.a2zinc.net/Clients/TaffyEvents/ASPE2020/public/eBooth.aspx?IndexInList=22&FromPage=Exhibitors.aspx&ParentBoothID=&ListByBooth=true&BoothID=348764
Aquatherm,1626,,Lindon,United States,http://www.aquatherm.com,,Pipe couplings,https://s23.a2zinc.net/Clients/TaffyEvents/ASPE2020/public/eBooth.aspx?IndexInList=23&FromPage=Exhibitors.aspx&ParentBoothID=&ListByBooth=true&BoothID=348951
Arkema Inc.,1440,,King of Prussia,United States,http://www.extremematerials.com,,Drains/drain systems Pipe couplings,https://s23.a2zinc.net/Clients/TaffyEvents/ASPE2020/public/eBooth.aspx?IndexInList=24&FromPage=Exhibitors.aspx&ParentBoothID=&ListByBooth=true&BoothID=348915
Armstrong Fluid Technology,1137,,Toronto,Canada,http://www.ArmstrongFluidTechnology.com,,Sewage pumps and equipment Valves Water heaters Pumps and tanks Plumbing fixtures and fittings Fire protection equipment HVAC Air valves and systems,https://s23.a2zinc.net/Clients/TaffyEvents/ASPE2020/public/eBooth.aspx?IndexInList=25&FromPage=Exhibitors.aspx&ParentBoothID=&ListByBooth=true&BoothID=348850
"Armstrong International, Inc.",737,,Three Rivers,United States,http://www.armstronginternational.com,,,https://s23.a2zinc.net/Clients/TaffyEvents/ASPE2020/public/eBooth.aspx?IndexInList=26&FromPage=Exhibitors.aspx&ParentBoothID=&ListByBooth=true&BoothID=348775
"Asahi/America, Inc.",851,,Lawrence,United States,http://www.asahi-america.com,,Actuators Air valves and systems Drains/drain systems Pipe couplings,https://s23.a2zinc.net/Clients/TaffyEvents/ASPE2020/public/eBooth.aspx?IndexInList=27&FromPage=Exhibitors.aspx&ParentBoothID=&ListByBooth=true&BoothID=348804
Ashland Pump,749,,Ashland,United States,http://www.ashlandpump.com,,Pumps and tanks Sewage pumps and equipment Accessories,https://s23.a2zinc.net/Clients/TaffyEvents/ASPE2020/public/eBooth.aspx?IndexInList=28&FromPage=Exhibitors.aspx&ParentBoothID=&ListByBooth=true&BoothID=348780
ATS Spec Solutions,905,,Scarborough,Canada,http://www.atsspec.com,,Computer software and CAD systems,https://s23.a2zinc.net/Clients/TaffyEvents/ASPE2020/public/eBooth.aspx?IndexInList=29&FromPage=Exhibitors.aspx&ParentBoothID=&ListByBooth=true&BoothID=349262
AUTOBrine / The Cope Company Salt,1348,,Lancaster,United States,http://www.autobrine.com,,Pumps and tanks Tanks Water heaters Water treatment Safety  & Technology,https://s23.a2zinc.net/Clients/TaffyEvents/ASPE2020/public/eBooth.aspx?IndexInList=30&FromPage=Exhibitors.aspx&ParentBoothID=&ListByBooth=true&BoothID=348896
"AWI Manufacturing, Inc.",426,,Winsted,United States,http://awimfg.com,,,https://s23.a2zinc.net/Clients/TaffyEvents/ASPE2020/public/eBooth.aspx?IndexInList=31&FromPage=Exhibitors.aspx&ParentBoothID=&ListByBooth=true&BoothID=348695
BeaconMedaes,1607,,Rock Hill,United States,http://www.beaconmedaes.com,,Compressors Piped gas systems Vacuum pumps and systems,https://s23.a2zinc.net/Clients/TaffyEvents/ASPE2020/public/eBooth.aspx?IndexInList=32&FromPage=Exhibitors.aspx&ParentBoothID=&ListByBooth=true&BoothID=348947
Bemis Manufacturing Company,1822,,Sheboygan Falls,United States,http://www.bemismfg.com,,Plumbing fixtures and fittings Toilet/toilet seats,https://s23.a2zinc.net/Clients/TaffyEvents/ASPE2020/public/eBooth.aspx?IndexInList=33&FromPage=Exhibitors.aspx&ParentBoothID=&ListByBooth=true&BoothID=349256
Bradford White Corporation,449,,Ambler,United States,http://www.bradfordwhite.com,,Tanks Water heaters,https://s23.a2zinc.net/Clients/TaffyEvents/ASPE2020/public/eBooth.aspx?IndexInList=34&FromPage=Exhibitors.aspx&ParentBoothID=&ListByBooth=true&BoothID=348709
Bradley Corporation,829,,Menomonee Falls,United States,http://www.bradleycorp.com,,Plumbing fixtures and fittings Sinks and basins Valves Wash fountains Water heaters,https://s23.a2zinc.net/Clients/TaffyEvents/ASPE2020/public/eBooth.aspx?IndexInList=35&FromPage=Exhibitors.aspx&ParentBoothID=&ListByBooth=true&BoothID=348797
Burt Process Equipment,1344,,Hamden,United States,http://www.burtprocess.com,,Pipe couplings,https://s23.a2zinc.net/Clients/TaffyEvents/ASPE2020/public/eBooth.aspx?IndexInList=36&FromPage=Exhibitors.aspx&ParentBoothID=&ListByBooth=true&BoothID=348559
Caleffi North America Inc.,1554,,Milwaukee,United States,http://www.caleffi.com,,Actuators HVAC Pumps and tanks Valves,https://s23.a2zinc.net/Clients/TaffyEvents/ASPE2020/public/eBooth.aspx?IndexInList=37&FromPage=Exhibitors.aspx&ParentBoothID=&ListByBooth=true&BoothID=348937
Canariis Corporation,1017,,Riverview,United States,http://www.canariis.com,,HVAC Fire pumps,https://s23.a2zinc.net/Clients/TaffyEvents/ASPE2020/public/eBooth.aspx?IndexInList=38&FromPage=Exhibitors.aspx&ParentBoothID=&ListByBooth=true&BoothID=348829
Canature WaterGroup,537,,Appleton,United States,http://www.canaturewg.com,,Water treatment,https://s23.a2zinc.net/Clients/TaffyEvents/ASPE2020/public/eBooth.aspx?IndexInList=39&FromPage=Exhibitors.aspx&ParentBoothID=&ListByBooth=true&BoothID=348729
Cast Iron Soil Pipe Institute,1127,,Mundelein,United States,http://CISPI.org,,Pipe couplings,https://s23.a2zinc.net/Clients/TaffyEvents/ASPE2020/public/eBooth.aspx?IndexInList=40&FromPage=Exhibitors.aspx&ParentBoothID=&ListByBooth=true&BoothID=348847
CCI Pipeline Systems,1129,,Breaux Bridge,United States,http://ccipipe.com,,Pipe couplings,https://s23.a2zinc.net/Clients/TaffyEvents/ASPE2020/public/eBooth.aspx?IndexInList=41&FromPage=Exhibitors.aspx&ParentBoothID=&ListByBooth=true&BoothID=348848
Cemline Corporation,1718,,Cheswick,United States,http://www.cemline.com,,Tanks Water heaters,https://s23.a2zinc.net/Clients/TaffyEvents/ASPE2020/public/eBooth.aspx?IndexInList=42&FromPage=Exhibitors.aspx&ParentBoothID=&ListByBooth=true&BoothID=348974
Charlotte Pipe and Foundry Company,837,,Charlotte,United States,http://www.charlottepipe.com,,Pipe couplings,https://s23.a2zinc.net/Clients/TaffyEvents/ASPE2020/public/eBooth.aspx?IndexInList=43&FromPage=Exhibitors.aspx&ParentBoothID=&ListByBooth=true&BoothID=348800
Chicago Faucets,1509,,Des Plaines,United States,http://www.chicagofaucets.com,,Sinks and basins Valves Plumbing fixtures and fittings Safety and emergency fixtures Fixtures ,https://s23.a2zinc.net/Clients/TaffyEvents/ASPE2020/public/eBooth.aspx?IndexInList=44&FromPage=Exhibitors.aspx&ParentBoothID=&ListByBooth=true&BoothID=348925
Cla-Val Company,803,,Costa Mesa,United States,http://www.cla-val.com,,Air valves and systems Automatic valves Fire protection equipment Valves Fire pumps,https://s23.a2zinc.net/Clients/TaffyEvents/ASPE2020/public/eBooth.aspx?IndexInList=45&FromPage=Exhibitors.aspx&ParentBoothID=&ListByBooth=true&BoothID=348787
Colmac WaterHeat,501,,Colville,United States,http://www.colmacwaterheat.com,,Water heaters Water heaters ,https://s23.a2zinc.net/Clients/TaffyEvents/ASPE2020/public/eBooth.aspx?IndexInList=46&FromPage=Exhibitors.aspx&ParentBoothID=&ListByBooth=true&BoothID=350200
CONCOA,1055,,Virginia Beach,United States,http://www.concoa.com,,Automatic valves Piped gas systems Plumbing fixtures and fittings Valves Safety  & Technology,https://s23.a2zinc.net/Clients/TaffyEvents/ASPE2020/public/eBooth.aspx?IndexInList=47&FromPage=Exhibitors.aspx&ParentBoothID=&ListByBooth=true&BoothID=348835
CONEX BANNINGER,1549,,Kingswinford,United Kingdom,http://www.conexbanninger.com/home.php,,HVAC Pipe couplings,https://s23.a2zinc.net/Clients/TaffyEvents/ASPE2020/public/eBooth.aspx?IndexInList=48&FromPage=Exhibitors.aspx&ParentBoothID=&ListByBooth=true&BoothID=348936
Copper Development Association Inc.,516,,New York,United States,http://www.copper.org,,,https://s23.a2zinc.net/Clients/TaffyEvents/ASPE2020/public/eBooth.aspx?IndexInList=49&FromPage=Exhibitors.aspx&ParentBoothID=&ListByBooth=true&BoothID=348720
Corzan Piping Systems,1721,,Cleveland,United States,http://www.lubrizolcpvc.com,,Fire protection equipment Pipe couplings,https://s23.a2zinc.net/Clients/TaffyEvents/ASPE2020/public/eBooth.aspx?IndexInList=50&FromPage=Exhibitors.aspx&ParentBoothID=&ListByBooth=true&BoothID=349251
Craftmark Pipe Markers,1248,,Fort Worth,United States,http://www.craftmarkid.com,,Safety  & Technology Accessories,https://s23.a2zinc.net/Clients/TaffyEvents/ASPE2020/public/eBooth.aspx?IndexInList=51&FromPage=Exhibitors.aspx&ParentBoothID=&ListByBooth=true&BoothID=348877
Croker Div Fire-end & Croker Corp.,830,,Elmsford,United States,http://www.croker.com,,Fire protection equipment Pipe couplings,https://s23.a2zinc.net/Clients/TaffyEvents/ASPE2020/public/eBooth.aspx?IndexInList=52&FromPage=Exhibitors.aspx&ParentBoothID=&ListByBooth=true&BoothID=348798
Culligan International,1818,,Rosemont,United States,http://www.culligan.com,,Drinking fountains/Water coolers Pumps and tanks Tanks Valves Water treatment,https://s23.a2zinc.net/Clients/TaffyEvents/ASPE2020/public/eBooth.aspx?IndexInList=53&FromPage=Exhibitors.aspx&ParentBoothID=&ListByBooth=true&BoothID=349254
dahl Valve Limited,1749,,Mississauga,Canada,http://www.dahlvalve.com,,Valves,https://s23.a2zinc.net/Clients/TaffyEvents/ASPE2020/public/eBooth.aspx?IndexInList=54&FromPage=Exhibitors.aspx&ParentBoothID=&ListByBooth=true&BoothID=349283
Delta Faucet Company,1501,,Indianapolis,United States,http://www.deltafaucet.com,,Faucets Plumbing fixtures and fittings,https://s23.a2zinc.net/Clients/TaffyEvents/ASPE2020/public/eBooth.aspx?IndexInList=55&FromPage=Exhibitors.aspx&ParentBoothID=&ListByBooth=true&BoothID=348924
Diversified Heat Transfer,522,,Towaco,United States,http://www.dhtnet.com,,HVAC Pumps and tanks Water heaters,https://s23.a2zinc.net/Clients/TaffyEvents/ASPE2020/public/eBooth.aspx?IndexInList=56&FromPage=Exhibitors.aspx&ParentBoothID=&ListByBooth=true&BoothID=348722
Elkay Sales Inc.,1654,,Oak Brook,United States,http://www.elkay.com,,Drinking fountains/Water coolers Faucets Plumbing fixtures and fittings Sinks and basins,https://s23.a2zinc.net/Clients/TaffyEvents/ASPE2020/public/eBooth.aspx?IndexInList=57&FromPage=Exhibitors.aspx&ParentBoothID=&ListByBooth=true&BoothID=348961
ELTEK Spa,1821,,Mahwah,United States,http://www.eltekgroup.com,,Actuators Automatic valves Plumbing fixtures and fittings Valves Accessories,https://s23.a2zinc.net/Clients/TaffyEvents/ASPE2020/public/eBooth.aspx?IndexInList=58&FromPage=Exhibitors.aspx&ParentBoothID=&ListByBooth=true&BoothID=348998
Encon Safety Products,955,,Houston,United States,http://www.enconsafety.com/en/,,Safety and emergency equipment ,https://s23.a2zinc.net/Clients/TaffyEvents/ASPE2020/public/eBooth.aspx?IndexInList=59&FromPage=Exhibitors.aspx&ParentBoothID=&ListByBooth=true&BoothID=348820
Equipment Controls Company,1330,,Norcross,United States,www.equipmentcontrols.com,,Valves,https://s23.a2zinc.net/Clients/TaffyEvents/ASPE2020/public/eBooth.aspx?IndexInList=60&FromPage=Exhibitors.aspx&ParentBoothID=&ListByBooth=true&BoothID=357133
FireFlex Systems Inc.,1542,,Boisbriand,Canada,http://www.fireflex.com,,Fire protection equipment,https://s23.a2zinc.net/Clients/TaffyEvents/ASPE2020/public/eBooth.aspx?IndexInList=61&FromPage=Exhibitors.aspx&ParentBoothID=&ListByBooth=true&BoothID=348571
"Firetrol, Inc.",1431,,Apex,United States,http://www.firetrol.com,,Fire protection equipment,https://s23.a2zinc.net/Clients/TaffyEvents/ASPE2020/public/eBooth.aspx?IndexInList=62&FromPage=Exhibitors.aspx&ParentBoothID=&ListByBooth=true&BoothID=348913
Flushtech Corp,1426,,Taoyuan,Taiwan,http://www.flushtech.com,,Automatic valves Control,https://s23.a2zinc.net/Clients/TaffyEvents/ASPE2020/public/eBooth.aspx?IndexInList=63&FromPage=Exhibitors.aspx&ParentBoothID=&ListByBooth=true&BoothID=348908
Franke,413,,Midland,Canada,http://www.franke-commercial.com,,Sinks and basins Fixtures ,https://s23.a2zinc.net/Clients/TaffyEvents/ASPE2020/public/eBooth.aspx?IndexInList=64&FromPage=Exhibitors.aspx&ParentBoothID=&ListByBooth=true&BoothID=348688
Franklin Electric - Little Giant,545,,Fort Wayne,United States,http://www.franklinwater.com,,HVAC Pumps and tanks Sewage pumps and equipment,https://s23.a2zinc.net/Clients/TaffyEvents/ASPE2020/public/eBooth.aspx?IndexInList=65&FromPage=Exhibitors.aspx&ParentBoothID=&ListByBooth=true&BoothID=348731
Gardner Denver,814,,Quincy,United States,http://www.gardnerdenver.com/industrials,,Compressors Pumps and tanks Sewage pumps and equipment Vacuum pumps and systems Water treatment Tanks ,https://s23.a2zinc.net/Clients/TaffyEvents/ASPE2020/public/eBooth.aspx?IndexInList=66&FromPage=Exhibitors.aspx&ParentBoothID=&ListByBooth=true&BoothID=348791
"Genstar Technologies Co., Inc.",1537,,Chino,United States,http://www.genstartech.com,,Piped gas systems Vacuum pumps and systems Valves Compressors,https://s23.a2zinc.net/Clients/TaffyEvents/ASPE2020/public/eBooth.aspx?IndexInList=67&FromPage=Exhibitors.aspx&ParentBoothID=&ListByBooth=true&BoothID=348574
GF Piping Systems,1519,,Tustin,United States,http://www.gfpiping.com,,Actuators Automatic valves Pipe couplings,https://s23.a2zinc.net/Clients/TaffyEvents/ASPE2020/public/eBooth.aspx?IndexInList=68&FromPage=Exhibitors.aspx&ParentBoothID=&ListByBooth=true&BoothID=348926
Globe Fire Sprinkler Corporation,922,,Standish,United States,https://www.globesprinkler.com,,Fire protection equipment Valves Control,https://s23.a2zinc.net/Clients/TaffyEvents/ASPE2020/public/eBooth.aspx?IndexInList=69&FromPage=Exhibitors.aspx&ParentBoothID=&ListByBooth=true&BoothID=348815
GPM Global Pump Marketing,1238,,St. Louis,United States,http://www.gpmpumps.com,,Pumps and tanks Valves,https://s23.a2zinc.net/Clients/TaffyEvents/ASPE2020/public/eBooth.aspx?IndexInList=70&FromPage=Exhibitors.aspx&ParentBoothID=&ListByBooth=true&BoothID=348874
Grundfos,1121,,Olathe,United States,http://www.grundfos.us,,Fire protection equipment HVAC Pumps and tanks Sewage pumps and equipment,https://s23.a2zinc.net/Clients/TaffyEvents/ASPE2020/public/eBooth.aspx?IndexInList=71&FromPage=Exhibitors.aspx&ParentBoothID=&ListByBooth=true&BoothID=348846
Guardian Equipment/Water Saver Faucet,1226,,Chicago,United States,http://www.gesafety.com/,,Faucets Safety and emergency fixtures Safety  & Technology,https://s23.a2zinc.net/Clients/TaffyEvents/ASPE2020/public/eBooth.aspx?IndexInList=72&FromPage=Exhibitors.aspx&ParentBoothID=&ListByBooth=true&BoothID=348868
Haws Corporation,900,,Sparks,United States,http://www.Hawsco.com,,Drinking fountains/Water coolers Safety and emergency equipment ,https://s23.a2zinc.net/Clients/TaffyEvents/ASPE2020/public/eBooth.aspx?IndexInList=73&FromPage=Exhibitors.aspx&ParentBoothID=&ListByBooth=true&BoothID=348809
Heat-Timer Corporation,731,,Fairfield,United States,http://www.heat-timer.com,,HVAC Pumps and tanks Valves,https://s23.a2zinc.net/Clients/TaffyEvents/ASPE2020/public/eBooth.aspx?IndexInList=74&FromPage=Exhibitors.aspx&ParentBoothID=&ListByBooth=true&BoothID=348773
Highland Tank,1236,,Stoystown,United States,http://www.highlandtank.com,,Fire protection equipment Grease oil and solids interceptors Tanks Traps Water treatment Pumps and tanks,https://s23.a2zinc.net/Clients/TaffyEvents/ASPE2020/public/eBooth.aspx?IndexInList=75&FromPage=Exhibitors.aspx&ParentBoothID=&ListByBooth=true&BoothID=348872
"Holby Valve, Inc.",807,,Newark,United States,http://www.holby.com,,Plumbing fixtures and fittings Valves Water heaters Water heaters ,https://s23.a2zinc.net/Clients/TaffyEvents/ASPE2020/public/eBooth.aspx?IndexInList=76&FromPage=Exhibitors.aspx&ParentBoothID=&ListByBooth=true&BoothID=348789
HTP Inc.,625,,East Freetown,United States,www.htproducts.com,,HVAC Water heaters,https://s23.a2zinc.net/Clients/TaffyEvents/ASPE2020/public/eBooth.aspx?IndexInList=77&FromPage=Exhibitors.aspx&ParentBoothID=&ListByBooth=true&BoothID=348740
Hubbell Electric Heater Co.,1221,,Stratford,United States,http://www.hubbellheaters.com,,Tanks Water heaters Water heaters ,https://s23.a2zinc.net/Clients/TaffyEvents/ASPE2020/public/eBooth.aspx?IndexInList=78&FromPage=Exhibitors.aspx&ParentBoothID=&ListByBooth=true&BoothID=348867
"Hydratec, Inc.",524,,Windham,United States,http://www.hydratecinc.com,,Computer software and CAD systems Design Consulting REVIT/BIM provider,https://s23.a2zinc.net/Clients/TaffyEvents/ASPE2020/public/eBooth.aspx?IndexInList=79&FromPage=Exhibitors.aspx&ParentBoothID=&ListByBooth=true&BoothID=348723
ICC - Evaluation Service,528,,Brea,United States,http://www.icc-es.org,,Toilet/toilet seats Valves Industry Association Faucets Fixtures ,https://s23.a2zinc.net/Clients/TaffyEvents/ASPE2020/public/eBooth.aspx?IndexInList=80&FromPage=Exhibitors.aspx&ParentBoothID=&ListByBooth=true&BoothID=348726
IDEAL Clamp Products,1816,,Smyrna,United States,http://www.idealclamp.com,,Pipe couplings,https://s23.a2zinc.net/Clients/TaffyEvents/ASPE2020/public/eBooth.aspx?IndexInList=81&FromPage=Exhibitors.aspx&ParentBoothID=&ListByBooth=true&BoothID=349253
Intellihot Inc.,1445,,Galesburg,United States,http://www.intellihot.com,,Water heaters Water heaters ,https://s23.a2zinc.net/Clients/TaffyEvents/ASPE2020/public/eBooth.aspx?IndexInList=82&FromPage=Exhibitors.aspx&ParentBoothID=&ListByBooth=true&BoothID=348577
IOREX Global Company,1555,,Washington DC,United States,http://www.iorexusa.com,,Water treatment Water heaters ,https://s23.a2zinc.net/Clients/TaffyEvents/ASPE2020/public/eBooth.aspx?IndexInList=83&FromPage=Exhibitors.aspx&ParentBoothID=&ListByBooth=true&BoothID=348938
IPEX,1149,,Mississauga,Canada,http://www.ipexamerica.com,,Air valves and systems Automatic valves Compressors Drains/drain systems Pipe couplings,https://s23.a2zinc.net/Clients/TaffyEvents/ASPE2020/public/eBooth.aspx?IndexInList=84&FromPage=Exhibitors.aspx&ParentBoothID=&ListByBooth=true&BoothID=348854
ISQuote Software,432,,Milford,United States,http://ISQUOTE.com/,,Computer software and CAD systems Project management tools,https://s23.a2zinc.net/Clients/TaffyEvents/ASPE2020/public/eBooth.aspx?IndexInList=85&FromPage=Exhibitors.aspx&ParentBoothID=&ListByBooth=true&BoothID=348700
Jay R. Smith Manufacturing Co.,1401,,Montgomery,United States,http://www.jrsmith.com,,Automatic valves Carriers Grease oil and solids interceptors Plumbing fixtures and fittings Traps,https://s23.a2zinc.net/Clients/TaffyEvents/ASPE2020/public/eBooth.aspx?IndexInList=86&FromPage=Exhibitors.aspx&ParentBoothID=&ListByBooth=true&BoothID=348904
Jomar Valve,823,,Warren,United States,http://www.jomar.com,,Automatic valves HVAC Valves Actuators,https://s23.a2zinc.net/Clients/TaffyEvents/ASPE2020/public/eBooth.aspx?IndexInList=87&FromPage=Exhibitors.aspx&ParentBoothID=&ListByBooth=true&BoothID=348793
Josam Company,1617,,Philadelphia,United States,http://www.Josam.com,,Traps Drains/drain systems Grease oil and solids interceptors Pipe couplings,https://s23.a2zinc.net/Clients/TaffyEvents/ASPE2020/public/eBooth.aspx?IndexInList=88&FromPage=Exhibitors.aspx&ParentBoothID=&ListByBooth=true&BoothID=349233
Judo Water Treatment,825,,Toronto,Canada,http://www.judo-online.com,,Water heaters ,https://s23.a2zinc.net/Clients/TaffyEvents/ASPE2020/public/eBooth.aspx?IndexInList=89&FromPage=Exhibitors.aspx&ParentBoothID=&ListByBooth=true&BoothID=348795
Just Mfg. Co.,1716,,Franklin Park,United States,http://www.justmfg.com,,Faucets Plumbing fixtures and fittings Sinks and basins Traps Fixtures ,https://s23.a2zinc.net/Clients/TaffyEvents/ASPE2020/public/eBooth.aspx?IndexInList=90&FromPage=Exhibitors.aspx&ParentBoothID=&ListByBooth=true&BoothID=348972
Kemper Hygiene System,1444,,Califon,United States,http://www.kemper-olpe.de/oc/business-units/building-technology/,,Automatic valves Control,https://s23.a2zinc.net/Clients/TaffyEvents/ASPE2020/public/eBooth.aspx?IndexInList=91&FromPage=Exhibitors.aspx&ParentBoothID=&ListByBooth=true&BoothID=348916
KITZ Corporation of America,1722,,Stafford,United States,http://www.kitzus-kca.com,,Valves,https://s23.a2zinc.net/Clients/TaffyEvents/ASPE2020/public/eBooth.aspx?IndexInList=92&FromPage=Exhibitors.aspx&ParentBoothID=&ListByBooth=true&BoothID=349245
Krowne Metal Corporation,1641,,Wayne,United States,http://www.krowne.com,,Drains/drain systems Faucets Plumbing fixtures and fittings Sinks and basins Valves Faucets ,https://s23.a2zinc.net/Clients/TaffyEvents/ASPE2020/public/eBooth.aspx?IndexInList=93&FromPage=Exhibitors.aspx&ParentBoothID=&ListByBooth=true&BoothID=348957
Kusel Equipment Co.,1345,,Watertown,United States,http://www.KuselEquipment.com,,Drains/drain systems Traps,https://s23.a2zinc.net/Clients/TaffyEvents/ASPE2020/public/eBooth.aspx?IndexInList=94&FromPage=Exhibitors.aspx&ParentBoothID=&ListByBooth=true&BoothID=348895
Lab Automation Control Systems,332,,Tulsa,United States,,,,https://s23.a2zinc.net/Clients/TaffyEvents/ASPE2020/public/eBooth.aspx?IndexInList=95&FromPage=Exhibitors.aspx&ParentBoothID=&ListByBooth=true&BoothID=348669
"Lawler Manufacturing Co., Inc.",819,,Indianapolis,United States,http://www.lawlervalve.com,,Valves,https://s23.a2zinc.net/Clients/TaffyEvents/ASPE2020/public/eBooth.aspx?IndexInList=96&FromPage=Exhibitors.aspx&ParentBoothID=&ListByBooth=true&BoothID=348792
"Legend Valve & Fitting, Inc.",1233,,Auburn Hills,United States,http://www.legendvalve.com,,Pipe couplings,https://s23.a2zinc.net/Clients/TaffyEvents/ASPE2020/public/eBooth.aspx?IndexInList=97&FromPage=Exhibitors.aspx&ParentBoothID=&ListByBooth=true&BoothID=357130
Leonard Valve Company,1419,,Cranston,United States,http://www.leonardvalve.com,,Safety and emergency equipment ,https://s23.a2zinc.net/Clients/TaffyEvents/ASPE2020/public/eBooth.aspx?IndexInList=98&FromPage=Exhibitors.aspx&ParentBoothID=&ListByBooth=true&BoothID=348906
Liberty Pumps,1709,,Bergen,United States,www.libertypumps.com,,Pumps and tanks Sewage pumps and equipment,https://s23.a2zinc.net/Clients/TaffyEvents/ASPE2020/public/eBooth.aspx?IndexInList=99&FromPage=Exhibitors.aspx&ParentBoothID=&ListByBooth=true&BoothID=348971
"LiquiTech, Inc.",526,,Lombard,United States,http://www.liquitech.com,,Water treatment Safety  & Technology Plumbing fixtures and fittings,https://s23.a2zinc.net/Clients/TaffyEvents/ASPE2020/public/eBooth.aspx?IndexInList=100&FromPage=Exhibitors.aspx&ParentBoothID=&ListByBooth=true&BoothID=348725
"Lochinvar, LLC",1850,,Lebanon,United States,http://www.lochinvar.com,,Tanks Water heaters,https://s23.a2zinc.net/Clients/TaffyEvents/ASPE2020/public/eBooth.aspx?IndexInList=101&FromPage=Exhibitors.aspx&ParentBoothID=&ListByBooth=true&BoothID=349438
Long Tai Copper Corporation,541,,Shengkang,Taiwan,http://www.luckytop.com.tw/,,Faucets Plumbing fixtures and fittings Valves,https://s23.a2zinc.net/Clients/TaffyEvents/ASPE2020/public/eBooth.aspx?IndexInList=102&FromPage=Exhibitors.aspx&ParentBoothID=&ListByBooth=true&BoothID=348557
"Marlo, Inc.",525,,Racine,United States,http://www.marlo-inc.com,,Water treatment,https://s23.a2zinc.net/Clients/TaffyEvents/ASPE2020/public/eBooth.aspx?IndexInList=103&FromPage=Exhibitors.aspx&ParentBoothID=&ListByBooth=true&BoothID=348724
Master Control Systems,1817,,Lake Bluff,United States,www.mastercontrols.com,,Fire protection equipment,https://s23.a2zinc.net/Clients/TaffyEvents/ASPE2020/public/eBooth.aspx?IndexInList=104&FromPage=Exhibitors.aspx&ParentBoothID=&ListByBooth=true&BoothID=348997
"McGuire Manufacturing Co., Inc.",1331,,Cheshire,United States,http://www.mcguiremfg.com,,Traps Plumbing fixtures and fittings,https://s23.a2zinc.net/Clients/TaffyEvents/ASPE2020/public/eBooth.aspx?IndexInList=105&FromPage=Exhibitors.aspx&ParentBoothID=&ListByBooth=true&BoothID=348891
McWane Plumbing Group,1207,,Oakland,United States,http://www.abifoundry.com,,Pipe couplings,https://s23.a2zinc.net/Clients/TaffyEvents/ASPE2020/public/eBooth.aspx?IndexInList=106&FromPage=Exhibitors.aspx&ParentBoothID=&ListByBooth=true&BoothID=348865
Medical Gas Professional Healthcare Org.,1111,,Stilwell,United States,http://www.mgpho.org,,Piped gas systems Industry Association Design Consulting,https://s23.a2zinc.net/Clients/TaffyEvents/ASPE2020/public/eBooth.aspx?IndexInList=107&FromPage=Exhibitors.aspx&ParentBoothID=&ListByBooth=true&BoothID=348844
Metraflex Company,906,,Chicago,United States,http://www.metraflex.com,,Fire protection equipment HVAC Pipe couplings,https://s23.a2zinc.net/Clients/TaffyEvents/ASPE2020/public/eBooth.aspx?IndexInList=108&FromPage=Exhibitors.aspx&ParentBoothID=&ListByBooth=true&BoothID=348812
"MIFAB, Inc.",1319,,Chicago,United States,http://www.mifab.com,,Carriers Drains/drain systems Grease oil and solids interceptors Pipe couplings,https://s23.a2zinc.net/Clients/TaffyEvents/ASPE2020/public/eBooth.aspx?IndexInList=109&FromPage=Exhibitors.aspx&ParentBoothID=&ListByBooth=true&BoothID=348889
Milwaukee Valve Co.,543,,New Berlin,United States,http://www.milwaukeevalve.com,,Actuators Valves,https://s23.a2zinc.net/Clients/TaffyEvents/ASPE2020/public/eBooth.aspx?IndexInList=110&FromPage=Exhibitors.aspx&ParentBoothID=&ListByBooth=true&BoothID=348556
Miro Industries,600,,Heber City,United States,http://www.miroind.com,,,https://s23.a2zinc.net/Clients/TaffyEvents/ASPE2020/public/eBooth.aspx?IndexInList=111&FromPage=Exhibitors.aspx&ParentBoothID=&ListByBooth=true&BoothID=350202
Mission Rubber Company,1145,,Corona,United States,http://www.missionrubber.com,,Pipe couplings,https://s23.a2zinc.net/Clients/TaffyEvents/ASPE2020/public/eBooth.aspx?IndexInList=112&FromPage=Exhibitors.aspx&ParentBoothID=&ListByBooth=true&BoothID=348851
"Mitsubishi Chemical Infratec Company, Ltd.",420,,Alpharetta,United States,https://youtu.be/Q7lQFxNHaAI,,Tanks ,https://s23.a2zinc.net/Clients/TaffyEvents/ASPE2020/public/eBooth.aspx?IndexInList=113&FromPage=Exhibitors.aspx&ParentBoothID=&ListByBooth=true&BoothID=348691
MTH Pumps,801,,Plano,United States,http://www.mthpumps.com,,Pumps and tanks,https://s23.a2zinc.net/Clients/TaffyEvents/ASPE2020/public/eBooth.aspx?IndexInList=114&FromPage=Exhibitors.aspx&ParentBoothID=&ListByBooth=true&BoothID=348786
Mueller Industries,531,,Memphis,United States,http://www.muellerindustries.com,,HVAC Pipe couplings,https://s23.a2zinc.net/Clients/TaffyEvents/ASPE2020/public/eBooth.aspx?IndexInList=115&FromPage=Exhibitors.aspx&ParentBoothID=&ListByBooth=true&BoothID=348728
"Navien, Inc.",1237,,Irvine,United States,http://navieninc.com,,HVAC Water heaters,https://s23.a2zinc.net/Clients/TaffyEvents/ASPE2020/public/eBooth.aspx?IndexInList=116&FromPage=Exhibitors.aspx&ParentBoothID=&ListByBooth=true&BoothID=348873
"NEOPERL, Inc.",1524,,Waterbury,United States,http://www.neoperl.com,,Plumbing fixtures and fittings Shower systems Faucets Pipe couplings,https://s23.a2zinc.net/Clients/TaffyEvents/ASPE2020/public/eBooth.aspx?IndexInList=117&FromPage=Exhibitors.aspx&ParentBoothID=&ListByBooth=true&BoothID=348927
NewAge Casting,631,,Sugar Land,United States,http://www.newagecasting.com/,,Pipe couplings,https://s23.a2zinc.net/Clients/TaffyEvents/ASPE2020/public/eBooth.aspx?IndexInList=118&FromPage=Exhibitors.aspx&ParentBoothID=&ListByBooth=true&BoothID=348743
Niagara Conservation,530,,Flower Mound,United States,http://www.niagaracorp.com,,Fixtures ,https://s23.a2zinc.net/Clients/TaffyEvents/ASPE2020/public/eBooth.aspx?IndexInList=119&FromPage=Exhibitors.aspx&ParentBoothID=&ListByBooth=true&BoothID=348727
NIBCO Inc.,1437,,Elkhart,United States,http://www.nibco.com,,Control,https://s23.a2zinc.net/Clients/TaffyEvents/ASPE2020/public/eBooth.aspx?IndexInList=120&FromPage=Exhibitors.aspx&ParentBoothID=&ListByBooth=true&BoothID=348568
Niles Steel Tank,532,,Ambler,United States,http://www.nilesst.com,,Tanks Tanks ,https://s23.a2zinc.net/Clients/TaffyEvents/ASPE2020/public/eBooth.aspx?IndexInList=121&FromPage=Exhibitors.aspx&ParentBoothID=&ListByBooth=true&BoothID=349258
"Ningbo Changle Seal Hoop Company, Ltd.",638,,Ningbo City,China,http://www.chang-le.com,,Drains/drain systems HVAC Pipe couplings,https://s23.a2zinc.net/Clients/TaffyEvents/ASPE2020/public/eBooth.aspx?IndexInList=122&FromPage=Exhibitors.aspx&ParentBoothID=&ListByBooth=true&BoothID=348747
"Ningbo Huacheng Valve Co., Ltd.",636,,Ningbo zhejiang,China,http://www.huachengvalve.com,,Air valves and systems Automatic valves Fire protection equipment Pipe couplings,https://s23.a2zinc.net/Clients/TaffyEvents/ASPE2020/public/eBooth.aspx?IndexInList=123&FromPage=Exhibitors.aspx&ParentBoothID=&ListByBooth=true&BoothID=348745
Noble Company,1443,,Grand Haven,United States,http://www.noblecompany.com,,Drains/drain systems Fire protection equipment HVAC Plumbing fixtures and fittings Shower systems,https://s23.a2zinc.net/Clients/TaffyEvents/ASPE2020/public/eBooth.aspx?IndexInList=124&FromPage=Exhibitors.aspx&ParentBoothID=&ListByBooth=true&BoothID=348572
Noritz America,1841,,Fountain Valley,United States,http://www.noritz.com/commercial,,Water heaters Water treatment HVAC,https://s23.a2zinc.net/Clients/TaffyEvents/ASPE2020/public/eBooth.aspx?IndexInList=125&FromPage=Exhibitors.aspx&ParentBoothID=&ListByBooth=true&BoothID=349008
NOV Fiber Glass Systems,742,,Conroe,United States,http://www.containmentsolutions.com,,Fire protection equipment Grease oil and solids interceptors Pumps and tanks Sewage pumps and equipment Tanks,https://s23.a2zinc.net/Clients/TaffyEvents/ASPE2020/public/eBooth.aspx?IndexInList=126&FromPage=Exhibitors.aspx&ParentBoothID=&ListByBooth=true&BoothID=348776
NSF International,1825,,Ann Arbor,United States,http://www.nsf.org,,Water treatment Sinks and basins Valves Pipe couplings,https://s23.a2zinc.net/Clients/TaffyEvents/ASPE2020/public/eBooth.aspx?IndexInList=127&FromPage=Exhibitors.aspx&ParentBoothID=&ListByBooth=true&BoothID=349000
Nupi Americas,1448,,Houston,United States,http://www.nupiamericas.com,,Air valves and systems Automatic valves Drains/drain systems HVAC Pipe couplings,https://s23.a2zinc.net/Clients/TaffyEvents/ASPE2020/public/eBooth.aspx?IndexInList=128&FromPage=Exhibitors.aspx&ParentBoothID=&ListByBooth=true&BoothID=348917
nVent,1346,,Redwood City,United States,http://www.nvent.com,,Grease oil and solids interceptors Water heaters ,https://s23.a2zinc.net/Clients/TaffyEvents/ASPE2020/public/eBooth.aspx?IndexInList=129&FromPage=Exhibitors.aspx&ParentBoothID=&ListByBooth=true&BoothID=348558
Oasis International/Sunroc,1120,,Columbus,United States,www.oasiscoolers.com,,Drinking fountains/Water coolers,https://s23.a2zinc.net/Clients/TaffyEvents/ASPE2020/public/eBooth.aspx?IndexInList=130&FromPage=Exhibitors.aspx&ParentBoothID=&ListByBooth=true&BoothID=361832
Oatey,507,,Cleveland,United States,http://oatey.com,,,https://s23.a2zinc.net/Clients/TaffyEvents/ASPE2020/public/eBooth.aspx?IndexInList=131&FromPage=Exhibitors.aspx&ParentBoothID=&ListByBooth=true&BoothID=348715
OmegaFlex,508,,Exton,United States,http://omegaflex.com,,Pipe couplings,https://s23.a2zinc.net/Clients/TaffyEvents/ASPE2020/public/eBooth.aspx?IndexInList=132&FromPage=Exhibitors.aspx&ParentBoothID=&ListByBooth=true&BoothID=348716
ParkUSA,725,,Houston,United States,http://www.parkusa.com,,Control,https://s23.a2zinc.net/Clients/TaffyEvents/ASPE2020/public/eBooth.aspx?IndexInList=133&FromPage=Exhibitors.aspx&ParentBoothID=&ListByBooth=true&BoothID=348768
Patterson Pump Company,1201,,Toccoa,United States,http://www.pattersonpumps.com,,Pumps and tanks Sewage pumps and equipment Fire protection equipment HVAC,https://s23.a2zinc.net/Clients/TaffyEvents/ASPE2020/public/eBooth.aspx?IndexInList=134&FromPage=Exhibitors.aspx&ParentBoothID=&ListByBooth=true&BoothID=348863
Patterson-Kelley,619,,East Stroudsburg,United States,http://www.harscopk.com,,Water heaters Water heaters ,https://s23.a2zinc.net/Clients/TaffyEvents/ASPE2020/public/eBooth.aspx?IndexInList=135&FromPage=Exhibitors.aspx&ParentBoothID=&ListByBooth=true&BoothID=348738
Patton's Medical,1717,,Charlotte,United States,http://www.pattonsmedical.com,,Compressors Piped gas systems Pumps and tanks Vacuum pumps and systems Valves,https://s23.a2zinc.net/Clients/TaffyEvents/ASPE2020/public/eBooth.aspx?IndexInList=136&FromPage=Exhibitors.aspx&ParentBoothID=&ListByBooth=true&BoothID=349249
Pentair,1313,,North Aurora,United States,http://www.aurorapump.com,,Fire protection equipment HVAC Pumps and tanks Sewage pumps and equipment,https://s23.a2zinc.net/Clients/TaffyEvents/ASPE2020/public/eBooth.aspx?IndexInList=137&FromPage=Exhibitors.aspx&ParentBoothID=&ListByBooth=true&BoothID=348888
Permadrain,1230,,Baton Rouge,United States,http://www.permadrain.com,,Drains/drain systems Plumbing fixtures and fittings Security fixtures Industry Association,https://s23.a2zinc.net/Clients/TaffyEvents/ASPE2020/public/eBooth.aspx?IndexInList=138&FromPage=Exhibitors.aspx&ParentBoothID=&ListByBooth=true&BoothID=348871
Plumbing & Drainage Institute,1428,,North Andover,United States,http://PDIonLine.org,,Drains/drain systems Grease oil and solids interceptors,https://s23.a2zinc.net/Clients/TaffyEvents/ASPE2020/public/eBooth.aspx?IndexInList=139&FromPage=Exhibitors.aspx&ParentBoothID=&ListByBooth=true&BoothID=348910
Potter Electric Signal Co.,832,,St Louis,United States,http://www.pottersignal.com,,Control,https://s23.a2zinc.net/Clients/TaffyEvents/ASPE2020/public/eBooth.aspx?IndexInList=140&FromPage=Exhibitors.aspx&ParentBoothID=&ListByBooth=true&BoothID=348799
"Powerex, Inc.",1525,,Harrison,United States,http://www.powerexinc.com,,Compressors Pumps and tanks Tanks Vacuum pumps and systems,https://s23.a2zinc.net/Clients/TaffyEvents/ASPE2020/public/eBooth.aspx?IndexInList=141&FromPage=Exhibitors.aspx&ParentBoothID=&ListByBooth=true&BoothID=348928
PPI Pipe System,645,,Hwaseong,Korea (South),,,,https://s23.a2zinc.net/Clients/TaffyEvents/ASPE2020/public/eBooth.aspx?IndexInList=142&FromPage=Exhibitors.aspx&ParentBoothID=&ListByBooth=true&BoothID=348752
Precision Plumbing Products,1115,,Portland,United States,http://www.pppinc.net,,Drains/drain systems Shower systems Traps Valves,https://s23.a2zinc.net/Clients/TaffyEvents/ASPE2020/public/eBooth.aspx?IndexInList=143&FromPage=Exhibitors.aspx&ParentBoothID=&ListByBooth=true&BoothID=348845
Preferred Utilities Manufacturing Corp.,949,,Danbury,United States,http://www.preferred-mfg.com,,Actuators HVAC Pipe couplings,https://s23.a2zinc.net/Clients/TaffyEvents/ASPE2020/public/eBooth.aspx?IndexInList=144&FromPage=Exhibitors.aspx&ParentBoothID=&ListByBooth=true&BoothID=348818
"Prier Products, Inc.",1636,,Grandview,United States,http://www.prier.com,,Faucets Plumbing fixtures and fittings Valves REVIT/BIM provider,https://s23.a2zinc.net/Clients/TaffyEvents/ASPE2020/public/eBooth.aspx?IndexInList=145&FromPage=Exhibitors.aspx&ParentBoothID=&ListByBooth=true&BoothID=348575
"ProVent Systems, Inc.",1349,,Lawrenceville,United States,www.proventsystems.com,,Air valves and systems Carriers Drains/drain systems Fire protection equipment Pipe couplings,https://s23.a2zinc.net/Clients/TaffyEvents/ASPE2020/public/eBooth.aspx?IndexInList=146&FromPage=Exhibitors.aspx&ParentBoothID=&ListByBooth=true&BoothID=348897
"QuantumFlo, Inc",1647,,DeBary,United States,http://www.quantumflo.com,,Computer software and CAD systems HVAC Water treatment Design Consulting Plumbing booster systems,https://s23.a2zinc.net/Clients/TaffyEvents/ASPE2020/public/eBooth.aspx?IndexInList=147&FromPage=Exhibitors.aspx&ParentBoothID=&ListByBooth=true&BoothID=348958
RainHarvest Systems,1745,,Cumming,United States,rainharvest.com,,,https://s23.a2zinc.net/Clients/TaffyEvents/ASPE2020/public/eBooth.aspx?IndexInList=148&FromPage=Exhibitors.aspx&ParentBoothID=&ListByBooth=true&BoothID=349282
Rainwater Management Solutions,1637,,Salem,United States,http://www.rainwatermanagement.com,,Pumps and tanks Tanks Water treatment Design Consulting,https://s23.a2zinc.net/Clients/TaffyEvents/ASPE2020/public/eBooth.aspx?IndexInList=149&FromPage=Exhibitors.aspx&ParentBoothID=&ListByBooth=true&BoothID=348956
RBI Water Heaters,1436,,Westfield,United States,http://,,,https://s23.a2zinc.net/Clients/TaffyEvents/ASPE2020/public/eBooth.aspx?IndexInList=150&FromPage=Exhibitors.aspx&ParentBoothID=&ListByBooth=true&BoothID=348914
"RBM US, LLC",416,,Wilmington,United States,www.rbmus.com,,,https://s23.a2zinc.net/Clients/TaffyEvents/ASPE2020/public/eBooth.aspx?IndexInList=151&FromPage=Exhibitors.aspx&ParentBoothID=&ListByBooth=true&BoothID=348689
Rectorseal,1530,,Houston,United States,http://www.rectorseal.com,,Drains/drain systems Pipe couplings,https://s23.a2zinc.net/Clients/TaffyEvents/ASPE2020/public/eBooth.aspx?IndexInList=152&FromPage=Exhibitors.aspx&ParentBoothID=&ListByBooth=true&BoothID=348932
Reelcraft Industries Inc.,924,,Columbia City,United States,http://,,,https://s23.a2zinc.net/Clients/TaffyEvents/ASPE2020/public/eBooth.aspx?IndexInList=153&FromPage=Exhibitors.aspx&ParentBoothID=&ListByBooth=true&BoothID=348816
Reliable Automatic Sprinkler,1527,,Elmsford,United States,http://www.reliablesprinkler.com,,Fire protection equipment Valves,https://s23.a2zinc.net/Clients/TaffyEvents/ASPE2020/public/eBooth.aspx?IndexInList=154&FromPage=Exhibitors.aspx&ParentBoothID=&ListByBooth=true&BoothID=348930
Reliance Detection Technologies,649,,Branford,United States,http://www.reliancedetection.com,,Automatic valves Tanks Valves Water heaters Safety  & Technology,https://s23.a2zinc.net/Clients/TaffyEvents/ASPE2020/public/eBooth.aspx?IndexInList=155&FromPage=Exhibitors.aspx&ParentBoothID=&ListByBooth=true&BoothID=348754
Reliance Worldwide Corporation,811,,Atlanta,United States,http://www.sharkbite.com,,Fire protection equipment Plumbing fixtures and fittings Valves,https://s23.a2zinc.net/Clients/TaffyEvents/ASPE2020/public/eBooth.aspx?IndexInList=156&FromPage=Exhibitors.aspx&ParentBoothID=&ListByBooth=true&BoothID=348790
Rheem Manufacturing Company,1625,,Atlanta,United States,http://www.rheem.com,,Water heaters Water heaters ,https://s23.a2zinc.net/Clients/TaffyEvents/ASPE2020/public/eBooth.aspx?IndexInList=157&FromPage=Exhibitors.aspx&ParentBoothID=&ListByBooth=true&BoothID=348954
Rinnai,1008,,Peachtree City,United States,http://rinnai.us,,HVAC Piped gas systems Plumbing fixtures and fittings Pumps and tanks Tanks Water heaters Water heaters ,https://s23.a2zinc.net/Clients/TaffyEvents/ASPE2020/public/eBooth.aspx?IndexInList=158&FromPage=Exhibitors.aspx&ParentBoothID=&ListByBooth=true&BoothID=348828
S.I.D.E INDUSTRIE,555,,77250 VILLEMER,France,http://www.side-industrie.com/index.php/en/,,Pumps and tanks Sewage pumps and equipment,https://s23.a2zinc.net/Clients/TaffyEvents/ASPE2020/public/eBooth.aspx?IndexInList=159&FromPage=Exhibitors.aspx&ParentBoothID=&ListByBooth=true&BoothID=348733
Schneider Electric,423,,Knightdale,United States,http://www.schneider-electric.us/pump,,Accessories,https://s23.a2zinc.net/Clients/TaffyEvents/ASPE2020/public/eBooth.aspx?IndexInList=160&FromPage=Exhibitors.aspx&ParentBoothID=&ListByBooth=true&BoothID=348693
"SCHOTT North America, Inc",1425,,Elmsford,United States,http://www.us.schott.com/drainline,,Drains/drain systems Pipe couplings,https://s23.a2zinc.net/Clients/TaffyEvents/ASPE2020/public/eBooth.aspx?IndexInList=161&FromPage=Exhibitors.aspx&ParentBoothID=&ListByBooth=true&BoothID=348907
"See Water, Inc.",743,,San Jacinto,United States,http://www.seewaterinc.com,,Grease oil and solids interceptors Pumps and tanks Sewage pumps and equipment Safety  & Technology,https://s23.a2zinc.net/Clients/TaffyEvents/ASPE2020/public/eBooth.aspx?IndexInList=162&FromPage=Exhibitors.aspx&ParentBoothID=&ListByBooth=true&BoothID=348777
Sioux Chief Manufacturing,308,,Peculiar,United States,http://www.siouxchief.com,,Vacuum pumps and systems Valves Pipe couplings,https://s23.a2zinc.net/Clients/TaffyEvents/ASPE2020/public/eBooth.aspx?IndexInList=163&FromPage=Exhibitors.aspx&ParentBoothID=&ListByBooth=true&BoothID=348653
SJE-Rhombus,1526,,Detroit Lakes,United States,http://www.sjerhombus.com/,,Sewage pumps and equipment,https://s23.a2zinc.net/Clients/TaffyEvents/ASPE2020/public/eBooth.aspx?IndexInList=164&FromPage=Exhibitors.aspx&ParentBoothID=&ListByBooth=true&BoothID=348929
Spears Manufacturing Company,1849,,Sylmar,United States,http://www.spearsmfg.com,,Actuators Automatic valves Control,https://s23.a2zinc.net/Clients/TaffyEvents/ASPE2020/public/eBooth.aspx?IndexInList=165&FromPage=Exhibitors.aspx&ParentBoothID=&ListByBooth=true&BoothID=349275
Stancor Inc.,1543,,Monroe,United States,http://WWW.STANCORPUMPS.COM,,Control,https://s23.a2zinc.net/Clients/TaffyEvents/ASPE2020/public/eBooth.aspx?IndexInList=166&FromPage=Exhibitors.aspx&ParentBoothID=&ListByBooth=true&BoothID=348560
Stern-Williams Co.,918,,Shawnee Mission,United States,http://www.sternwilliams.com,,Drinking fountains/Water coolers Faucets Plumbing fixtures and fittings Shower systems Sinks and basins,https://s23.a2zinc.net/Clients/TaffyEvents/ASPE2020/public/eBooth.aspx?IndexInList=167&FromPage=Exhibitors.aspx&ParentBoothID=&ListByBooth=true&BoothID=348813
Stiebel Eltron Inc.,637,,West hatfield,United States,http://www.stiebel-eltron-usa.com,,Tanks Water heaters,https://s23.a2zinc.net/Clients/TaffyEvents/ASPE2020/public/eBooth.aspx?IndexInList=168&FromPage=Exhibitors.aspx&ParentBoothID=&ListByBooth=true&BoothID=348746
Stingray Systems LLC.,721,,Indianapolis,United States,http://www.tepid.com,,Safety  & Technology Safety and emergency equipment ,https://s23.a2zinc.net/Clients/TaffyEvents/ASPE2020/public/eBooth.aspx?IndexInList=169&FromPage=Exhibitors.aspx&ParentBoothID=&ListByBooth=true&BoothID=348766
"Strahman Valves, Inc.",400,,Bethlehem,United States,http://www.strahmanvalves.com,,Fixtures ,https://s23.a2zinc.net/Clients/TaffyEvents/ASPE2020/public/eBooth.aspx?IndexInList=170&FromPage=Exhibitors.aspx&ParentBoothID=&ListByBooth=true&BoothID=348684
"Sulzer Pump Solutions, Inc.",437,,Meriden,United States,http://www.sulzer.com,,Pumps and tanks,https://s23.a2zinc.net/Clients/TaffyEvents/ASPE2020/public/eBooth.aspx?IndexInList=171&FromPage=Exhibitors.aspx&ParentBoothID=&ListByBooth=true&BoothID=348703
Superior Seals Ltd.,1341,,Wimborne,United Kingdom,http://www.superiorltd.com,,Valves Faucets Pipe couplings,https://s23.a2zinc.net/Clients/TaffyEvents/ASPE2020/public/eBooth.aspx?IndexInList=172&FromPage=Exhibitors.aspx&ParentBoothID=&ListByBooth=true&BoothID=348894
SuperKlean,744,,Burlingame,United States,http://www.superklean.com,,Plumbing fixtures and fittings Traps Valves Safety  & Technology Accessories Fixtures ,https://s23.a2zinc.net/Clients/TaffyEvents/ASPE2020/public/eBooth.aspx?IndexInList=173&FromPage=Exhibitors.aspx&ParentBoothID=&ListByBooth=true&BoothID=348778
SyncroFlo,1601,,Norcross,United States,http://www.syncroflo.com,,Pumps and tanks,https://s23.a2zinc.net/Clients/TaffyEvents/ASPE2020/public/eBooth.aspx?IndexInList=174&FromPage=Exhibitors.aspx&ParentBoothID=&ListByBooth=true&BoothID=348946
"T&S Brass & Bronze Works, Inc.",1411,,Travelers Rest,United States,https://www.tsbrass.com/,,,https://s23.a2zinc.net/Clients/TaffyEvents/ASPE2020/public/eBooth.aspx?IndexInList=175&FromPage=Exhibitors.aspx&ParentBoothID=&ListByBooth=true&BoothID=348905
The Keeney Manufacturing Company,1829,,Newington,United States,http://www.keeneymfg.com,,Drains/drain systems Faucets Plumbing fixtures and fittings Traps Valves,https://s23.a2zinc.net/Clients/TaffyEvents/ASPE2020/public/eBooth.aspx?IndexInList=176&FromPage=Exhibitors.aspx&ParentBoothID=&ListByBooth=true&BoothID=349003
Thermaco,1640,,Asheboro,United States,http://www.thermaco.com,,Grease oil and solids interceptors Traps,https://s23.a2zinc.net/Clients/TaffyEvents/ASPE2020/public/eBooth.aspx?IndexInList=177&FromPage=Exhibitors.aspx&ParentBoothID=&ListByBooth=true&BoothID=348562
"Therm-Omega-Tech, Inc.",455,,Warminster,United States,http://www.CircuitSolver.com,,Automatic valves Plumbing fixtures and fittings Valves,https://s23.a2zinc.net/Clients/TaffyEvents/ASPE2020/public/eBooth.aspx?IndexInList=178&FromPage=Exhibitors.aspx&ParentBoothID=&ListByBooth=true&BoothID=348712
TIGERFLOW Systems LLC,901,,Dallas,United States,http://www.tigerflow.com,,Fire protection equipment HVAC Pipe couplings,https://s23.a2zinc.net/Clients/TaffyEvents/ASPE2020/public/eBooth.aspx?IndexInList=179&FromPage=Exhibitors.aspx&ParentBoothID=&ListByBooth=true&BoothID=349260
"Topp Industries, Inc.",1131,,Rochester,United States,http://www.toppindustries.com,,Plumbing fixtures and fittings Pumps and tanks Sewage pumps and equipment Tanks Water treatment,https://s23.a2zinc.net/Clients/TaffyEvents/ASPE2020/public/eBooth.aspx?IndexInList=180&FromPage=Exhibitors.aspx&ParentBoothID=&ListByBooth=true&BoothID=348849
Total Automation Works,1855,,Orlando,United States,http://www.perfectpressurepump.com,,Plumbing booster systems,https://s23.a2zinc.net/Clients/TaffyEvents/ASPE2020/public/eBooth.aspx?IndexInList=181&FromPage=Exhibitors.aspx&ParentBoothID=&ListByBooth=true&BoothID=349278
TOTO USA,701,,Morrow,United States,http://www.totousa.com,,Faucets Plumbing fixtures and fittings Shower systems Sinks and basins Toilet/toilet seats,https://s23.a2zinc.net/Clients/TaffyEvents/ASPE2020/public/eBooth.aspx?IndexInList=182&FromPage=Exhibitors.aspx&ParentBoothID=&ListByBooth=true&BoothID=348761
Tramco Pump Company,1210,,Chicago,United States,http://www.tramcopump.com,,Pumps and tanks Sewage pumps and equipment,https://s23.a2zinc.net/Clients/TaffyEvents/ASPE2020/public/eBooth.aspx?IndexInList=183&FromPage=Exhibitors.aspx&ParentBoothID=&ListByBooth=true&BoothID=348866
Tsurumi Pump,1621,,Glendale Heights,United States,http://www.tsurumipump.com,,Pumps and tanks Sewage pumps and equipment Water treatment,https://s23.a2zinc.net/Clients/TaffyEvents/ASPE2020/public/eBooth.aspx?IndexInList=184&FromPage=Exhibitors.aspx&ParentBoothID=&ListByBooth=true&BoothID=349235
Tyler Pipe and Coupling,1207,,Tyler,United States,www.tylerpipe.com,,,https://s23.a2zinc.net/Clients/TaffyEvents/ASPE2020/public/eBooth.aspx?IndexInList=185&FromPage=Exhibitors.aspx&ParentBoothID=&ListByBooth=true&BoothID=349269
Uponor,601,,Apple Valley,United States,http://www.uponorpro.com,,Pipe couplings,https://s23.a2zinc.net/Clients/TaffyEvents/ASPE2020/public/eBooth.aspx?IndexInList=186&FromPage=Exhibitors.aspx&ParentBoothID=&ListByBooth=true&BoothID=348735
"VC Systems & Controls, Inc.",1107,,Tampa,United States,http://www.vcsystems.net,,HVAC Pumps and tanks,https://s23.a2zinc.net/Clients/TaffyEvents/ASPE2020/public/eBooth.aspx?IndexInList=187&FromPage=Exhibitors.aspx&ParentBoothID=&ListByBooth=true&BoothID=348843
Victaulic,1327,,Easton,United States,http://www.victaulic.com,,Fire protection equipment HVAC Pipe couplings,https://s23.a2zinc.net/Clients/TaffyEvents/ASPE2020/public/eBooth.aspx?IndexInList=188&FromPage=Exhibitors.aspx&ParentBoothID=&ListByBooth=true&BoothID=348890
Viega LLC,843,,Broomfield,United States,http://www.viega.us,,Pipe couplings,https://s23.a2zinc.net/Clients/TaffyEvents/ASPE2020/public/eBooth.aspx?IndexInList=189&FromPage=Exhibitors.aspx&ParentBoothID=&ListByBooth=true&BoothID=348802
"Viking Group, Inc.",719,,Hastings,United States,http://www.vikinggroupinc.com,,Fire protection equipment Pipe couplings,https://s23.a2zinc.net/Clients/TaffyEvents/ASPE2020/public/eBooth.aspx?IndexInList=190&FromPage=Exhibitors.aspx&ParentBoothID=&ListByBooth=true&BoothID=348765
Wade Drains,1207,,Tyler,United States,,,,https://s23.a2zinc.net/Clients/TaffyEvents/ASPE2020/public/eBooth.aspx?IndexInList=191&FromPage=Exhibitors.aspx&ParentBoothID=&ListByBooth=true&BoothID=349271
Water Control Corporation,1048,,Ramsey,United States,http://www.watercontrolinc.com,,Water treatment,https://s23.a2zinc.net/Clients/TaffyEvents/ASPE2020/public/eBooth.aspx?IndexInList=192&FromPage=Exhibitors.aspx&ParentBoothID=&ListByBooth=true&BoothID=348832
"Water Storage Tanks, Inc.",642,,Austin,United States,http://www.waterstoragetanksinc.com,,Fire protection equipment Pumps and tanks Tanks Rainwater/stormwater collection systems Tanks ,https://s23.a2zinc.net/Clients/TaffyEvents/ASPE2020/public/eBooth.aspx?IndexInList=193&FromPage=Exhibitors.aspx&ParentBoothID=&ListByBooth=true&BoothID=348749
Watertronics,842,,Hartland,United States,http://www.watertronics.com,,Pumps and tanks Water treatment,https://s23.a2zinc.net/Clients/TaffyEvents/ASPE2020/public/eBooth.aspx?IndexInList=194&FromPage=Exhibitors.aspx&ParentBoothID=&ListByBooth=true&BoothID=348801
WATTS,917,,North Andover,United States,http://www.watts.com,,Automatic valves Drains/drain systems Valves Water treatment Water heaters ,https://s23.a2zinc.net/Clients/TaffyEvents/ASPE2020/public/eBooth.aspx?IndexInList=195&FromPage=Exhibitors.aspx&ParentBoothID=&ListByBooth=true&BoothID=361839
Wessels Company,333,,Greenwood,United States,http://www.westank.com,,Media/Association,https://s23.a2zinc.net/Clients/TaffyEvents/ASPE2020/public/eBooth.aspx?IndexInList=196&FromPage=Exhibitors.aspx&ParentBoothID=&ListByBooth=true&BoothID=348670
"Wheatland Tube, a division of Zekelman Industries",1541,,Chicago,United States,http://www.wheatland.com,,HVAC Pipe couplings,https://s23.a2zinc.net/Clients/TaffyEvents/ASPE2020/public/eBooth.aspx?IndexInList=197&FromPage=Exhibitors.aspx&ParentBoothID=&ListByBooth=true&BoothID=348564
"Willoughby Industries, Inc.",1101,,Indianapolis,United States,http://www.willoughby-ind.com,,Drinking fountains/Water coolers Plumbing fixtures and fittings Security fixtures Shower systems Sinks and basins Toilet/toilet seats Valves Wash fountains,https://s23.a2zinc.net/Clients/TaffyEvents/ASPE2020/public/eBooth.aspx?IndexInList=198&FromPage=Exhibitors.aspx&ParentBoothID=&ListByBooth=true&BoothID=348842
Wilo USA,709,,Rosemont,United States,http://www.wilo-usa.com,,Sewage pumps and equipment Plumbing booster systems Pumps and tanks,https://s23.a2zinc.net/Clients/TaffyEvents/ASPE2020/public/eBooth.aspx?IndexInList=199&FromPage=Exhibitors.aspx&ParentBoothID=&ListByBooth=true&BoothID=348762
Wiseman Industries Ltd.,931,,Sharpthorne,United Kingdom,http://www.wisemanind.com,,Drains/drain systems Plumbing fixtures and fittings Water heaters Water heaters ,https://s23.a2zinc.net/Clients/TaffyEvents/ASPE2020/public/eBooth.aspx?IndexInList=200&FromPage=Exhibitors.aspx&ParentBoothID=&ListByBooth=true&BoothID=361841
Woodford Mfg. Co.,1449,,Colorado Springs,United States,http://www.wcmind.com,,Drains/drain systems HVAC Plumbing fixtures and fittings Valves Design Consulting,https://s23.a2zinc.net/Clients/TaffyEvents/ASPE2020/public/eBooth.aspx?IndexInList=201&FromPage=Exhibitors.aspx&ParentBoothID=&ListByBooth=true&BoothID=348918
Xerxes Corporation,436,,Minneapolis,United States,http://www.zcl.com,,Water treatment Fire protection equipment Grease oil and solids interceptors Pumps and tanks Tanks,https://s23.a2zinc.net/Clients/TaffyEvents/ASPE2020/public/eBooth.aspx?IndexInList=202&FromPage=Exhibitors.aspx&ParentBoothID=&ListByBooth=true&BoothID=348702
Z-Flex US Inc.,1049,,Bedford,United States,http://www.z-flex.com,,HVAC Piped gas systems,https://s23.a2zinc.net/Clients/TaffyEvents/ASPE2020/public/eBooth.aspx?IndexInList=203&FromPage=Exhibitors.aspx&ParentBoothID=&ListByBooth=true&BoothID=348833
"Zhejiang Carbo Bronze Company, Ltd.",805,,Zhejiang ,China,,,,https://s23.a2zinc.net/Clients/TaffyEvents/ASPE2020/public/eBooth.aspx?IndexInList=204&FromPage=Exhibitors.aspx&ParentBoothID=&ListByBooth=true&BoothID=348788
"Zhejiang Kexin Industry Co., Ltd",643,,Longwan Wenzhou,China,https://cnhaixin.en.alibaba.com/,,,https://s23.a2zinc.net/Clients/TaffyEvents/ASPE2020/public/eBooth.aspx?IndexInList=205&FromPage=Exhibitors.aspx&ParentBoothID=&ListByBooth=true&BoothID=348750
Zoeller Company,519,,Louisville,United States,https://www.zoeller.com,,Pumps and tanks Sewage pumps and equipment Toilet/toilet seats Valves Water treatment,https://s23.a2zinc.net/Clients/TaffyEvents/ASPE2020/public/eBooth.aspx?IndexInList=206&FromPage=Exhibitors.aspx&ParentBoothID=&ListByBooth=true&BoothID=348721
"Zurn Industries, LLC",1001,,Milwaukee,United States,http://www.zurn.com,,Control,https://s23.a2zinc.net/Clients/TaffyEvents/ASPE2020/public/eBooth.aspx?IndexInList=207&FromPage=Exhibitors.aspx&ParentBoothID=&ListByBooth=true&BoothID=348827
