Name,Booth_no,Address,City,Country,website,Contact_no,product,url
3D Systems,135,,Littleton,United States,http://www.3dsystems.com,720-643-1001,Machines and Equipment3D Printing,https://s23.a2zinc.net/clients/orthoworld/omtec2020/Public/eBooth.aspx?IndexInList=0&FromPage=Exhibitors.aspx&ParentBoothID=&ListByBooth=true&BoothID=100051
AcceLINX,753,,Warsaw,United States,http://www.accelinx.com,260-431-1880,,https://s23.a2zinc.net/clients/orthoworld/omtec2020/Public/eBooth.aspx?IndexInList=1&FromPage=Exhibitors.aspx&ParentBoothID=&ListByBooth=true&BoothID=100251
Alden Tool,211,,Berlin,United States,http://www.aldentool.com,860-828-3556,InstrumentsBasic/Cutting/Handheld Disposable/Single-use Reusable Custom,https://s23.a2zinc.net/clients/orthoworld/omtec2020/Public/eBooth.aspx?IndexInList=2&FromPage=Exhibitors.aspx&ParentBoothID=&ListByBooth=true&BoothID=100090
AMETEK Specialty Metal Products,207,,Collegeville,United States,,,,https://s23.a2zinc.net/clients/orthoworld/omtec2020/Public/eBooth.aspx?IndexInList=3&FromPage=Exhibitors.aspx&ParentBoothID=&ListByBooth=true&BoothID=100124
APS Materials,500,,Dayton,United States,,,,https://s23.a2zinc.net/clients/orthoworld/omtec2020/Public/eBooth.aspx?IndexInList=4&FromPage=Exhibitors.aspx&ParentBoothID=&ListByBooth=true&BoothID=100009
Arcamed,730,,Indianapolis,United States,,,,https://s23.a2zinc.net/clients/orthoworld/omtec2020/Public/eBooth.aspx?IndexInList=5&FromPage=Exhibitors.aspx&ParentBoothID=&ListByBooth=true&BoothID=100103
ARCH Medical Solutions,615,,Seabrook,United States,,,,https://s23.a2zinc.net/clients/orthoworld/omtec2020/Public/eBooth.aspx?IndexInList=6&FromPage=Exhibitors.aspx&ParentBoothID=&ListByBooth=true&BoothID=100128
ARISTOTECH Industries,305,,Luckenwalde,Germany,,,,https://s23.a2zinc.net/clients/orthoworld/omtec2020/Public/eBooth.aspx?IndexInList=7&FromPage=Exhibitors.aspx&ParentBoothID=&ListByBooth=true&BoothID=100030
ATC,601,,Salfords,United Kingdom,,44-1737-765686,,https://s23.a2zinc.net/clients/orthoworld/omtec2020/Public/eBooth.aspx?IndexInList=8&FromPage=Exhibitors.aspx&ParentBoothID=&ListByBooth=true&BoothID=100039
Autocam Medical,122,,Kentwood,United States,,,,https://s23.a2zinc.net/clients/orthoworld/omtec2020/Public/eBooth.aspx?IndexInList=9&FromPage=Exhibitors.aspx&ParentBoothID=&ListByBooth=true&BoothID=100062
Avalign Technologies,610,,Greenwood,United States,,,,https://s23.a2zinc.net/clients/orthoworld/omtec2020/Public/eBooth.aspx?IndexInList=10&FromPage=Exhibitors.aspx&ParentBoothID=&ListByBooth=true&BoothID=100092
Axial Medical,241,,Warminster,United States,http://www.axial-medical.com,267-961-2600,"Implant ManufacturingEDM Machining, Metal Swiss Turning Turning Cutting Drilling EDM Wire Machining/Cutting Marking/Etching Machining, Micro Machining, Plastics Prototyping",https://s23.a2zinc.net/clients/orthoworld/omtec2020/Public/eBooth.aspx?IndexInList=11&FromPage=Exhibitors.aspx&ParentBoothID=&ListByBooth=true&BoothID=100213
Beijing Changhang Investment Casting,640,,Beijing,China,,86-10-8072-1111,,https://s23.a2zinc.net/clients/orthoworld/omtec2020/Public/eBooth.aspx?IndexInList=12&FromPage=Exhibitors.aspx&ParentBoothID=&ListByBooth=true&BoothID=100034
Belco Packaging Systems,834,,Monrovia,United States,,,,https://s23.a2zinc.net/clients/orthoworld/omtec2020/Public/eBooth.aspx?IndexInList=13&FromPage=Exhibitors.aspx&ParentBoothID=&ListByBooth=true&BoothID=100137
Biomatlante,810,,Vigneux-de-Bretagne,France,,,,https://s23.a2zinc.net/clients/orthoworld/omtec2020/Public/eBooth.aspx?IndexInList=14&FromPage=Exhibitors.aspx&ParentBoothID=&ListByBooth=true&BoothID=100096
Boedeker Plastics,205,,Shiner,United States,,,,https://s23.a2zinc.net/clients/orthoworld/omtec2020/Public/eBooth.aspx?IndexInList=15&FromPage=Exhibitors.aspx&ParentBoothID=&ListByBooth=true&BoothID=100118
C&A Tool Engineering,410,,Churubusco,United States,,,,https://s23.a2zinc.net/clients/orthoworld/omtec2020/Public/eBooth.aspx?IndexInList=16&FromPage=Exhibitors.aspx&ParentBoothID=&ListByBooth=true&BoothID=100091
Carolina Precision Technologies,102,,Putnam,United States,,413-262-1923,,https://s23.a2zinc.net/clients/orthoworld/omtec2020/Public/eBooth.aspx?IndexInList=17&FromPage=Exhibitors.aspx&ParentBoothID=&ListByBooth=true&BoothID=100199
Carpenter Technology,118,,Philadelphia,United States,http://www.carpentertechnology.com,610-208-2443,,https://s23.a2zinc.net/clients/orthoworld/omtec2020/Public/eBooth.aspx?IndexInList=18&FromPage=Exhibitors.aspx&ParentBoothID=&ListByBooth=true&BoothID=100043
CHawk Technology,304,,Hayward,United States,www.chawktechnology.com,510-275-8188,,https://s23.a2zinc.net/clients/orthoworld/omtec2020/Public/eBooth.aspx?IndexInList=19&FromPage=Exhibitors.aspx&ParentBoothID=&ListByBooth=true&BoothID=100033
Complexus Medical,150,,Mishawaka,United States,,,,https://s23.a2zinc.net/clients/orthoworld/omtec2020/Public/eBooth.aspx?IndexInList=20&FromPage=Exhibitors.aspx&ParentBoothID=&ListByBooth=true&BoothID=100240
Cousin Biotech,201,,Wervicq-Sud,France,,,,https://s23.a2zinc.net/clients/orthoworld/omtec2020/Public/eBooth.aspx?IndexInList=21&FromPage=Exhibitors.aspx&ParentBoothID=&ListByBooth=true&BoothID=100037
Cretex Medical,721,,Elk River,United States,,,,https://s23.a2zinc.net/clients/orthoworld/omtec2020/Public/eBooth.aspx?IndexInList=22&FromPage=Exhibitors.aspx&ParentBoothID=&ListByBooth=true&BoothID=100106
CTE Solutions,140,,Plymouth,United States,,,,https://s23.a2zinc.net/clients/orthoworld/omtec2020/Public/eBooth.aspx?IndexInList=23&FromPage=Exhibitors.aspx&ParentBoothID=&ListByBooth=true&BoothID=100010
Danco Anodizing,111,,Warsaw,United States,,,,https://s23.a2zinc.net/clients/orthoworld/omtec2020/Public/eBooth.aspx?IndexInList=24&FromPage=Exhibitors.aspx&ParentBoothID=&ListByBooth=true&BoothID=100085
Disposable Instrument,143,,Lenexa,United States,http://www.disposableinstrument.com,913-492-6492,"Implant ManufacturingGrinding Machining, Metal Swiss Turning Prototyping",https://s23.a2zinc.net/clients/orthoworld/omtec2020/Public/eBooth.aspx?IndexInList=25&FromPage=Exhibitors.aspx&ParentBoothID=&ListByBooth=true&BoothID=100015
Donson Machine,114,,Alsip,United States,,,,https://s23.a2zinc.net/clients/orthoworld/omtec2020/Public/eBooth.aspx?IndexInList=26&FromPage=Exhibitors.aspx&ParentBoothID=&ListByBooth=true&BoothID=100058
DOT America,236,,Columbia City,United States,,260-244-5700,,https://s23.a2zinc.net/clients/orthoworld/omtec2020/Public/eBooth.aspx?IndexInList=27&FromPage=Exhibitors.aspx&ParentBoothID=&ListByBooth=true&BoothID=100054
ECA Medical Instruments,311,,Thousand Oaks,United States,,,,https://s23.a2zinc.net/clients/orthoworld/omtec2020/Public/eBooth.aspx?IndexInList=28&FromPage=Exhibitors.aspx&ParentBoothID=&ListByBooth=true&BoothID=100086
Edge International/Supra Alloys,722,,Dayton,United States,http://www.edgeintl.com,937-395-7222,MaterialsAlloys Titanium,https://s23.a2zinc.net/clients/orthoworld/omtec2020/Public/eBooth.aspx?IndexInList=29&FromPage=Exhibitors.aspx&ParentBoothID=&ListByBooth=true&BoothID=100104
Electrolizing Corporation of Ohio,710,,Cleveland,United States,,,,https://s23.a2zinc.net/clients/orthoworld/omtec2020/Public/eBooth.aspx?IndexInList=30&FromPage=Exhibitors.aspx&ParentBoothID=&ListByBooth=true&BoothID=100089
Elos Medtech Onyx,415,,Memphis,United States,,,,https://s23.a2zinc.net/clients/orthoworld/omtec2020/Public/eBooth.aspx?IndexInList=31&FromPage=Exhibitors.aspx&ParentBoothID=&ListByBooth=true&BoothID=100255
EPTAM Precision,301,,Northfield,United States,,,,https://s23.a2zinc.net/clients/orthoworld/omtec2020/Public/eBooth.aspx?IndexInList=32&FromPage=Exhibitors.aspx&ParentBoothID=&ListByBooth=true&BoothID=100145
Evonik,440,,Parsippany,United States,,,,https://s23.a2zinc.net/clients/orthoworld/omtec2020/Public/eBooth.aspx?IndexInList=33&FromPage=Exhibitors.aspx&ParentBoothID=&ListByBooth=true&BoothID=100006
Extrude Hone,821,,Irwin,United States,,,,https://s23.a2zinc.net/clients/orthoworld/omtec2020/Public/eBooth.aspx?IndexInList=34&FromPage=Exhibitors.aspx&ParentBoothID=&ListByBooth=true&BoothID=100150
EZM Edelstahlzieherei Mark (Orthopaedic Solutions Center),736,,Wetter,Germany,,,,https://s23.a2zinc.net/clients/orthoworld/omtec2020/Public/eBooth.aspx?IndexInList=35&FromPage=Exhibitors.aspx&ParentBoothID=&ListByBooth=true&BoothID=100276
Finishing Innovations,807,,Atoka,United States,,,,https://s23.a2zinc.net/clients/orthoworld/omtec2020/Public/eBooth.aspx?IndexInList=36&FromPage=Exhibitors.aspx&ParentBoothID=&ListByBooth=true&BoothID=100082
Five Star Companies,504,,New Bedford,United States,,,,https://s23.a2zinc.net/clients/orthoworld/omtec2020/Public/eBooth.aspx?IndexInList=37&FromPage=Exhibitors.aspx&ParentBoothID=&ListByBooth=true&BoothID=100115
Flex-Cell Precision,541,,Lancaster,United States,,,,https://s23.a2zinc.net/clients/orthoworld/omtec2020/Public/eBooth.aspx?IndexInList=38&FromPage=Exhibitors.aspx&ParentBoothID=&ListByBooth=true&BoothID=100214
FMI Instrumed,506,,Schiedam,Netherlands,,,,https://s23.a2zinc.net/clients/orthoworld/omtec2020/Public/eBooth.aspx?IndexInList=39&FromPage=Exhibitors.aspx&ParentBoothID=&ListByBooth=true&BoothID=100121
Forecreu America (Orthopaedic Solutions Center),734,,Chicago,United States,,,,https://s23.a2zinc.net/clients/orthoworld/omtec2020/Public/eBooth.aspx?IndexInList=40&FromPage=Exhibitors.aspx&ParentBoothID=&ListByBooth=true&BoothID=100273
Fort Wayne Metals,310,,Fort Wayne,United States,,,,https://s23.a2zinc.net/clients/orthoworld/omtec2020/Public/eBooth.aspx?IndexInList=41&FromPage=Exhibitors.aspx&ParentBoothID=&ListByBooth=true&BoothID=100083
Gauthier Biomedical,130,,Grafton,United States,,262-546-0010,InstrumentsBasic/Cutting/Handheld Power Reusable Custom,https://s23.a2zinc.net/clients/orthoworld/omtec2020/Public/eBooth.aspx?IndexInList=42&FromPage=Exhibitors.aspx&ParentBoothID=&ListByBooth=true&BoothID=100022
Granite Forge LLC,540,,Hudson,United States,,,,https://s23.a2zinc.net/clients/orthoworld/omtec2020/Public/eBooth.aspx?IndexInList=43&FromPage=Exhibitors.aspx&ParentBoothID=&ListByBooth=true&BoothID=100220
Grover Precision,835,,Oxford,United States,,,,https://s23.a2zinc.net/clients/orthoworld/omtec2020/Public/eBooth.aspx?IndexInList=44&FromPage=Exhibitors.aspx&ParentBoothID=&ListByBooth=true&BoothID=100151
GSELL Medical Plastics,827,,Muri,Switzerland,,,,https://s23.a2zinc.net/clients/orthoworld/omtec2020/Public/eBooth.aspx?IndexInList=45&FromPage=Exhibitors.aspx&ParentBoothID=&ListByBooth=true&BoothID=100077
gSource,234,,Emerson,United States,,,,https://s23.a2zinc.net/clients/orthoworld/omtec2020/Public/eBooth.aspx?IndexInList=46&FromPage=Exhibitors.aspx&ParentBoothID=&ListByBooth=true&BoothID=100053
Hangsterfer's Laboratories,502,,Mantua,United States,http://www.hangsterfers.com,856-468-0216,,https://s23.a2zinc.net/clients/orthoworld/omtec2020/Public/eBooth.aspx?IndexInList=47&FromPage=Exhibitors.aspx&ParentBoothID=&ListByBooth=true&BoothID=100193
HIGHPOWER Validation Testing & Lab Services,740,,Rochester,United States,,585-743-1945,,https://s23.a2zinc.net/clients/orthoworld/omtec2020/Public/eBooth.aspx?IndexInList=48&FromPage=Exhibitors.aspx&ParentBoothID=&ListByBooth=true&BoothID=100202
Hipp & Son,825,,Neuhausen ob Eck,Germany,http://hippandson.com,+49 7467 1463,InstrumentsBasic/Cutting/Handheld Reusable Custom,https://s23.a2zinc.net/clients/orthoworld/omtec2020/Public/eBooth.aspx?IndexInList=49&FromPage=Exhibitors.aspx&ParentBoothID=&ListByBooth=true&BoothID=100078
HTI Technologies (Orthopaedic Solutions Center),736,,Decines,France,,,,https://s23.a2zinc.net/clients/orthoworld/omtec2020/Public/eBooth.aspx?IndexInList=50&FromPage=Exhibitors.aspx&ParentBoothID=&ListByBooth=true&BoothID=100274
IHI IonBond,434,,Madison Heights,United States,,,,https://s23.a2zinc.net/clients/orthoworld/omtec2020/Public/eBooth.aspx?IndexInList=51&FromPage=Exhibitors.aspx&ParentBoothID=&ListByBooth=true&BoothID=100071
In'Tech Medical,534,,Memphis,United States,,,,https://s23.a2zinc.net/clients/orthoworld/omtec2020/Public/eBooth.aspx?IndexInList=52&FromPage=Exhibitors.aspx&ParentBoothID=&ListByBooth=true&BoothID=100076
Janco,606,,Rollinsford,United States,,,,https://s23.a2zinc.net/clients/orthoworld/omtec2020/Public/eBooth.aspx?IndexInList=53&FromPage=Exhibitors.aspx&ParentBoothID=&ListByBooth=true&BoothID=100120
Jarvis Surgical,217,,Westfield,United States,,,,https://s23.a2zinc.net/clients/orthoworld/omtec2020/Public/eBooth.aspx?IndexInList=54&FromPage=Exhibitors.aspx&ParentBoothID=&ListByBooth=true&BoothID=100197
JTL America,113,,Fort Wayne,United States,,,,https://s23.a2zinc.net/clients/orthoworld/omtec2020/Public/eBooth.aspx?IndexInList=55&FromPage=Exhibitors.aspx&ParentBoothID=&ListByBooth=true&BoothID=100097
KYOCERA SGS Precision Tools,106,,Columbia City,United States,https://www.kyocera-sgstool.com/medical-division,260-244-7677,Implant ManufacturingMachining/Cutting,https://s23.a2zinc.net/clients/orthoworld/omtec2020/Public/eBooth.aspx?IndexInList=56&FromPage=Exhibitors.aspx&ParentBoothID=&ListByBooth=true&BoothID=100057
LISI Medical,715,,Escondido,United States,,,,https://s23.a2zinc.net/clients/orthoworld/omtec2020/Public/eBooth.aspx?IndexInList=57&FromPage=Exhibitors.aspx&ParentBoothID=&ListByBooth=true&BoothID=100165
Lowell Precision Manufacturing and Assemblies,746,,Minneapolis,United States,,,,https://s23.a2zinc.net/clients/orthoworld/omtec2020/Public/eBooth.aspx?IndexInList=58&FromPage=Exhibitors.aspx&ParentBoothID=&ListByBooth=true&BoothID=100020
LX Precision,202,,Shanghai,China,,,,https://s23.a2zinc.net/clients/orthoworld/omtec2020/Public/eBooth.aspx?IndexInList=59&FromPage=Exhibitors.aspx&ParentBoothID=&ListByBooth=true&BoothID=100038
MARLE International,720,,Nogent,France,,,,https://s23.a2zinc.net/clients/orthoworld/omtec2020/Public/eBooth.aspx?IndexInList=60&FromPage=Exhibitors.aspx&ParentBoothID=&ListByBooth=true&BoothID=100105
Marox,123,,Holyoke,United States,,,,https://s23.a2zinc.net/clients/orthoworld/omtec2020/Public/eBooth.aspx?IndexInList=61&FromPage=Exhibitors.aspx&ParentBoothID=&ListByBooth=true&BoothID=100143
Medical Component Specialists,505,,Bellingham,United States,,,,https://s23.a2zinc.net/clients/orthoworld/omtec2020/Public/eBooth.aspx?IndexInList=62&FromPage=Exhibitors.aspx&ParentBoothID=&ListByBooth=true&BoothID=100144
Mediliant,137,,Le Locle,Switzerland,,+41 79 199 63 86,"Implant ManufacturingMachining, Metal Molding Swiss Turning Turning Drilling Marking/Etching Melting/Sintering Machining, Micro Machining, Plastics Prototyping",https://s23.a2zinc.net/clients/orthoworld/omtec2020/Public/eBooth.aspx?IndexInList=63&FromPage=Exhibitors.aspx&ParentBoothID=&ListByBooth=true&BoothID=100052
Medin,614,,Totowa,United States,,,,https://s23.a2zinc.net/clients/orthoworld/omtec2020/Public/eBooth.aspx?IndexInList=64&FromPage=Exhibitors.aspx&ParentBoothID=&ListByBooth=true&BoothID=100029
MedTorque,152,,Elmhurst,United States,http://www.medtorque.com,844-633-8677,"Implant ManufacturingEDM Welding Machining, Metal Molding Swiss Turning Turning Cutting Drilling EDM Wire Machining/Cutting Marking/Etching Machining, Plastics",https://s23.a2zinc.net/clients/orthoworld/omtec2020/Public/eBooth.aspx?IndexInList=65&FromPage=Exhibitors.aspx&ParentBoothID=&ListByBooth=true&BoothID=100272
Mendell,735,,Lakeville,United States,,,,https://s23.a2zinc.net/clients/orthoworld/omtec2020/Public/eBooth.aspx?IndexInList=66&FromPage=Exhibitors.aspx&ParentBoothID=&ListByBooth=true&BoothID=100148
Metal Craft and Riverside Machine & Engineering,316,,Elk River,United States,,,,https://s23.a2zinc.net/clients/orthoworld/omtec2020/Public/eBooth.aspx?IndexInList=67&FromPage=Exhibitors.aspx&ParentBoothID=&ListByBooth=true&BoothID=100187
Microcision,240,,Pennsauken,United States,,,,https://s23.a2zinc.net/clients/orthoworld/omtec2020/Public/eBooth.aspx?IndexInList=68&FromPage=Exhibitors.aspx&ParentBoothID=&ListByBooth=true&BoothID=100012
Microware Precision,110,,Taichung City,Taiwan,,,,https://s23.a2zinc.net/clients/orthoworld/omtec2020/Public/eBooth.aspx?IndexInList=69&FromPage=Exhibitors.aspx&ParentBoothID=&ListByBooth=true&BoothID=100060
Millstone Medical Outsourcing,635,,Fall River,United States,,,,https://s23.a2zinc.net/clients/orthoworld/omtec2020/Public/eBooth.aspx?IndexInList=70&FromPage=Exhibitors.aspx&ParentBoothID=&ListByBooth=true&BoothID=100140
N2 Biomedical,711,,Bedford,United States,,,,https://s23.a2zinc.net/clients/orthoworld/omtec2020/Public/eBooth.aspx?IndexInList=71&FromPage=Exhibitors.aspx&ParentBoothID=&ListByBooth=true&BoothID=100095
NN Life Sciences,315,,Charlotte,United States,http://www.nninc.com/life-sciences,980-333-9000,Machines and Equipment3D Printing Packaging,https://s23.a2zinc.net/clients/orthoworld/omtec2020/Public/eBooth.aspx?IndexInList=72&FromPage=Exhibitors.aspx&ParentBoothID=&ListByBooth=true&BoothID=100263
Norman Noble,334,,Highland Heights,United States,,216-761-5387,"Implant ManufacturingMachining, Laser 3D Printing EDM Grinding Welding Machining, Metal Swiss Turning Turning Cutting Drilling EDM Sinker EDM Wire Machining/Cutting Machining, Micro Machining, Plastics Prototyping",https://s23.a2zinc.net/clients/orthoworld/omtec2020/Public/eBooth.aspx?IndexInList=73&FromPage=Exhibitors.aspx&ParentBoothID=&ListByBooth=true&BoothID=100047
nTopology,200,,New  York,United States,www.ntopology.com,215-300-7282,,https://s23.a2zinc.net/clients/orthoworld/omtec2020/Public/eBooth.aspx?IndexInList=74&FromPage=Exhibitors.aspx&ParentBoothID=&ListByBooth=true&BoothID=100002
Oberg Medical-XL Division,141,,Freeport,United States,,,,https://s23.a2zinc.net/clients/orthoworld/omtec2020/Public/eBooth.aspx?IndexInList=75&FromPage=Exhibitors.aspx&ParentBoothID=&ListByBooth=true&BoothID=100013
Orchid Orthopedic Solutions,129,,Holt,United States,,517-694-2300,,https://s23.a2zinc.net/clients/orthoworld/omtec2020/Public/eBooth.aspx?IndexInList=76&FromPage=Exhibitors.aspx&ParentBoothID=&ListByBooth=true&BoothID=100171
OrthoMed,441,,Tigard,United States,,,,https://s23.a2zinc.net/clients/orthoworld/omtec2020/Public/eBooth.aspx?IndexInList=77&FromPage=Exhibitors.aspx&ParentBoothID=&ListByBooth=true&BoothID=100217
Orthoplastics,216,,Bacup,United Kingdom,,,,https://s23.a2zinc.net/clients/orthoworld/omtec2020/Public/eBooth.aspx?IndexInList=78&FromPage=Exhibitors.aspx&ParentBoothID=&ListByBooth=true&BoothID=100125
Pacific Instruments,112,,Honolulu,United States,,,,https://s23.a2zinc.net/clients/orthoworld/omtec2020/Public/eBooth.aspx?IndexInList=79&FromPage=Exhibitors.aspx&ParentBoothID=&ListByBooth=true&BoothID=100198
Peridot,747,,Pleasanton,United States,,,,https://s23.a2zinc.net/clients/orthoworld/omtec2020/Public/eBooth.aspx?IndexInList=80&FromPage=Exhibitors.aspx&ParentBoothID=&ListByBooth=true&BoothID=100205
Perryman Company Forge & Fabrication,728,,Houston,United States,,,,https://s23.a2zinc.net/clients/orthoworld/omtec2020/Public/eBooth.aspx?IndexInList=81&FromPage=Exhibitors.aspx&ParentBoothID=&ListByBooth=true&BoothID=100102
Phillips Precision Medicraft,117,,Elmood Park,United States,,,,https://s23.a2zinc.net/clients/orthoworld/omtec2020/Public/eBooth.aspx?IndexInList=82&FromPage=Exhibitors.aspx&ParentBoothID=&ListByBooth=true&BoothID=100186
PPD Meditech,435,,Waterville,Canada,,,,https://s23.a2zinc.net/clients/orthoworld/omtec2020/Public/eBooth.aspx?IndexInList=83&FromPage=Exhibitors.aspx&ParentBoothID=&ListByBooth=true&BoothID=100142
Precipart,134,,Farmingdale,United States,,,,https://s23.a2zinc.net/clients/orthoworld/omtec2020/Public/eBooth.aspx?IndexInList=84&FromPage=Exhibitors.aspx&ParentBoothID=&ListByBooth=true&BoothID=100212
Precision ADM,507,,Winnipeg,Canada,,,,https://s23.a2zinc.net/clients/orthoworld/omtec2020/Public/eBooth.aspx?IndexInList=85&FromPage=Exhibitors.aspx&ParentBoothID=&ListByBooth=true&BoothID=100211
Precision Medical Technologies,515,,Warsaw,United States,,,,https://s23.a2zinc.net/clients/orthoworld/omtec2020/Public/eBooth.aspx?IndexInList=86&FromPage=Exhibitors.aspx&ParentBoothID=&ListByBooth=true&BoothID=100191
puracon,306,,Rosenheim,Germany,https://www.puracon.com/en/puracon-en/,+49 8031 900 587 0,"Packaging, SterilizationPackaging Services",https://s23.a2zinc.net/clients/orthoworld/omtec2020/Public/eBooth.aspx?IndexInList=87&FromPage=Exhibitors.aspx&ParentBoothID=&ListByBooth=true&BoothID=100032
QualiChem Inc,342,,Salem,United States,www.qualichem.com,540-375-6700,,https://s23.a2zinc.net/clients/orthoworld/omtec2020/Public/eBooth.aspx?IndexInList=88&FromPage=Exhibitors.aspx&ParentBoothID=&ListByBooth=true&BoothID=100049
Quartus Engineering Incorporated,816,,San Diego,United States,,,,https://s23.a2zinc.net/clients/orthoworld/omtec2020/Public/eBooth.aspx?IndexInList=89&FromPage=Exhibitors.aspx&ParentBoothID=&ListByBooth=true&BoothID=100164
RevZero Inc,255,,Chanhassen,United States,www.revzeroinc.com,303-818-4629,,https://s23.a2zinc.net/clients/orthoworld/omtec2020/Public/eBooth.aspx?IndexInList=90&FromPage=Exhibitors.aspx&ParentBoothID=&ListByBooth=true&BoothID=100265
Rollomatic,729,,Mundelein,United States,,,,https://s23.a2zinc.net/clients/orthoworld/omtec2020/Public/eBooth.aspx?IndexInList=91&FromPage=Exhibitors.aspx&ParentBoothID=&ListByBooth=true&BoothID=100174
Rosler Metal Finishing,222,,Battle Creek,United States,,,,https://s23.a2zinc.net/clients/orthoworld/omtec2020/Public/eBooth.aspx?IndexInList=92&FromPage=Exhibitors.aspx&ParentBoothID=&ListByBooth=true&BoothID=100056
Sayan Orthopaedics (Orthopaedic Solutions Center),734,,Bornova,Turkey,,,,https://s23.a2zinc.net/clients/orthoworld/omtec2020/Public/eBooth.aspx?IndexInList=93&FromPage=Exhibitors.aspx&ParentBoothID=&ListByBooth=true&BoothID=100275
Schütte,347,,Jackson,United States,,,,https://s23.a2zinc.net/clients/orthoworld/omtec2020/Public/eBooth.aspx?IndexInList=94&FromPage=Exhibitors.aspx&ParentBoothID=&ListByBooth=true&BoothID=100229
Selenium Medical,741,,La Rochelle,France,,,,https://s23.a2zinc.net/clients/orthoworld/omtec2020/Public/eBooth.aspx?IndexInList=95&FromPage=Exhibitors.aspx&ParentBoothID=&ListByBooth=true&BoothID=100280
Shandong Weigao Orthopedic,249,,Weihai,China,,,,https://s23.a2zinc.net/clients/orthoworld/omtec2020/Public/eBooth.aspx?IndexInList=96&FromPage=Exhibitors.aspx&ParentBoothID=&ListByBooth=true&BoothID=100064
SHEFFIELD PRECISION MEDICAL  LTD,704,,Sheffield,United Kingdom,https://www.sheffieldpm.co.uk/,+44 114 243 1011,,https://s23.a2zinc.net/clients/orthoworld/omtec2020/Public/eBooth.aspx?IndexInList=97&FromPage=Exhibitors.aspx&ParentBoothID=&ListByBooth=true&BoothID=100162
SITES Medical,755,,Columbia City,United States,http://www.sitesmedical.com,260-431-1880,,https://s23.a2zinc.net/clients/orthoworld/omtec2020/Public/eBooth.aspx?IndexInList=98&FromPage=Exhibitors.aspx&ParentBoothID=&ListByBooth=true&BoothID=100252
Solvay,411,,Alpharetta,United States,,,,https://s23.a2zinc.net/clients/orthoworld/omtec2020/Public/eBooth.aspx?IndexInList=99&FromPage=Exhibitors.aspx&ParentBoothID=&ListByBooth=true&BoothID=100093
SQ Products,607,,Inwil,Switzerland,,41-041-748-5392,,https://s23.a2zinc.net/clients/orthoworld/omtec2020/Public/eBooth.aspx?IndexInList=100&FromPage=Exhibitors.aspx&ParentBoothID=&ListByBooth=true&BoothID=100160
Starrag USA,547,,Hebron,United States,,,,https://s23.a2zinc.net/clients/orthoworld/omtec2020/Public/eBooth.aspx?IndexInList=101&FromPage=Exhibitors.aspx&ParentBoothID=&ListByBooth=true&BoothID=100019
STERIS Applied Sterilization Technologies,138,,Mentor,United States,,,,https://s23.a2zinc.net/clients/orthoworld/omtec2020/Public/eBooth.aspx?IndexInList=102&FromPage=Exhibitors.aspx&ParentBoothID=&ListByBooth=true&BoothID=100041
Structure Medical,611,,Mooresville,United States,,,,https://s23.a2zinc.net/clients/orthoworld/omtec2020/Public/eBooth.aspx?IndexInList=103&FromPage=Exhibitors.aspx&ParentBoothID=&ListByBooth=true&BoothID=100088
Summit MMI,151,,Bremen,United States,,,,https://s23.a2zinc.net/clients/orthoworld/omtec2020/Public/eBooth.aspx?IndexInList=104&FromPage=Exhibitors.aspx&ParentBoothID=&ListByBooth=true&BoothID=100101
Surface Dynamics/Eurocoating,535,,Bartlett,United States,,,,https://s23.a2zinc.net/clients/orthoworld/omtec2020/Public/eBooth.aspx?IndexInList=105&FromPage=Exhibitors.aspx&ParentBoothID=&ListByBooth=true&BoothID=100026
Syntec Scientific,336,,Taipei,Taiwan,,,,https://s23.a2zinc.net/clients/orthoworld/omtec2020/Public/eBooth.aspx?IndexInList=106&FromPage=Exhibitors.aspx&ParentBoothID=&ListByBooth=true&BoothID=100048
Tangible Solutions,641,,Fairborn,United States,,,,https://s23.a2zinc.net/clients/orthoworld/omtec2020/Public/eBooth.aspx?IndexInList=107&FromPage=Exhibitors.aspx&ParentBoothID=&ListByBooth=true&BoothID=100177
Techmetals,300,,Dayton,United States,,,,https://s23.a2zinc.net/clients/orthoworld/omtec2020/Public/eBooth.aspx?IndexInList=108&FromPage=Exhibitors.aspx&ParentBoothID=&ListByBooth=true&BoothID=100008
Tecomet,"404, 405",,Wilmington,United States,http://www.tecomet.com,574-527-0443,"Implant ManufacturingMachining, Laser Plastic Injection Molding 3D Printing Casting EDM Forging Grinding Welding Machining, Metal Swiss Turning Turning Cutting Drilling EDM Sinker EDM Wire Machining/Cutting Marking/Etching Melting/Sintering Machining, Micro Machining, Plastics Prototyping",https://s23.a2zinc.net/clients/orthoworld/omtec2020/Public/eBooth.aspx?IndexInList=109&FromPage=Exhibitors.aspx&ParentBoothID=&ListByBooth=true&BoothID=100123
Tegra Medical,210,,Franklin,United States,,,,https://s23.a2zinc.net/clients/orthoworld/omtec2020/Public/eBooth.aspx?IndexInList=110&FromPage=Exhibitors.aspx&ParentBoothID=&ListByBooth=true&BoothID=100131
Total Plastics,235,,Fort Wayne,United States,,,,https://s23.a2zinc.net/clients/orthoworld/omtec2020/Public/eBooth.aspx?IndexInList=111&FromPage=Exhibitors.aspx&ParentBoothID=&ListByBooth=true&BoothID=100024
Triangle,105,,Upper Saddle River,United States,,,,https://s23.a2zinc.net/clients/orthoworld/omtec2020/Public/eBooth.aspx?IndexInList=112&FromPage=Exhibitors.aspx&ParentBoothID=&ListByBooth=true&BoothID=100157
Trifecta Medical,247,,Centennial,United States,,,,https://s23.a2zinc.net/clients/orthoworld/omtec2020/Public/eBooth.aspx?IndexInList=113&FromPage=Exhibitors.aspx&ParentBoothID=&ListByBooth=true&BoothID=100063
Troy Innovative Instruments,511,,Middlefield,United States,,,,https://s23.a2zinc.net/clients/orthoworld/omtec2020/Public/eBooth.aspx?IndexInList=114&FromPage=Exhibitors.aspx&ParentBoothID=&ListByBooth=true&BoothID=100087
Tsugami/Rem Sales,814,,Windsor,United States,,,,https://s23.a2zinc.net/clients/orthoworld/omtec2020/Public/eBooth.aspx?IndexInList=115&FromPage=Exhibitors.aspx&ParentBoothID=&ListByBooth=true&BoothID=100163
Tyber Medical,701,,Bethlehem,United States,,,,https://s23.a2zinc.net/clients/orthoworld/omtec2020/Public/eBooth.aspx?IndexInList=116&FromPage=Exhibitors.aspx&ParentBoothID=&ListByBooth=true&BoothID=100221
UNISIG Deep Hole Drilling Systems,340,,Menomonee Falls,United States,,,,https://s23.a2zinc.net/clients/orthoworld/omtec2020/Public/eBooth.aspx?IndexInList=117&FromPage=Exhibitors.aspx&ParentBoothID=&ListByBooth=true&BoothID=100046
United Perfomance Metals,218,,Hamilton,United States,,,,https://s23.a2zinc.net/clients/orthoworld/omtec2020/Public/eBooth.aspx?IndexInList=118&FromPage=Exhibitors.aspx&ParentBoothID=&ListByBooth=true&BoothID=100133
VSMPO-TIRUS US,335,,Leetsdale,United States,,,,https://s23.a2zinc.net/clients/orthoworld/omtec2020/Public/eBooth.aspx?IndexInList=119&FromPage=Exhibitors.aspx&ParentBoothID=&ListByBooth=true&BoothID=100074
Westlake Plastics,510,,Lenni,United States,,,,https://s23.a2zinc.net/clients/orthoworld/omtec2020/Public/eBooth.aspx?IndexInList=120&FromPage=Exhibitors.aspx&ParentBoothID=&ListByBooth=true&BoothID=100094
Wytech Industries,604,,Rahway,United States,,,,https://s23.a2zinc.net/clients/orthoworld/omtec2020/Public/eBooth.aspx?IndexInList=121&FromPage=Exhibitors.aspx&ParentBoothID=&ListByBooth=true&BoothID=100117
Xact Wire EDM,341,,Waukesha,United States,,,,https://s23.a2zinc.net/clients/orthoworld/omtec2020/Public/eBooth.aspx?IndexInList=122&FromPage=Exhibitors.aspx&ParentBoothID=&ListByBooth=true&BoothID=100044
Zapp Precision Metals,307,,Summerville,United States,,,,https://s23.a2zinc.net/clients/orthoworld/omtec2020/Public/eBooth.aspx?IndexInList=123&FromPage=Exhibitors.aspx&ParentBoothID=&ListByBooth=true&BoothID=100031
