Name,Booth_no,Address,City,Country,website,Contact_no,product,url
365 Retail Markets,605,,"Troy,",United States,http://www.365retailmarkets.com,,,https://s23.a2zinc.net/clients/TSL/CTW19/Public/eBooth.aspx?IndexInList=0&FromPage=Exhibitors.aspx&ParentBoothID=&ListByBooth=true&BoothID=105809
5 Hour Energy,516,,"Farmington Hills,",United States,http://5hourenergy.com/,,Vitamins/Vitamin SupplementsVitamins/Vitamin Supplements,https://s23.a2zinc.net/clients/TSL/CTW19/Public/eBooth.aspx?IndexInList=1&FromPage=Exhibitors.aspx&ParentBoothID=&ListByBooth=true&BoothID=105803
Advanced Natural Group,117,,"Encinitas,",United States,,,,https://s23.a2zinc.net/clients/TSL/CTW19/Public/eBooth.aspx?IndexInList=2&FromPage=Exhibitors.aspx&ParentBoothID=&ListByBooth=true&BoothID=105735
"Advantage Route Systems, Inc",1205,,"Turlock,",United States,http://www.AdvantageRoute.com,,,https://s23.a2zinc.net/clients/TSL/CTW19/Public/eBooth.aspx?IndexInList=3&FromPage=Exhibitors.aspx&ParentBoothID=&ListByBooth=true&BoothID=105913
"Aii, Inc.",1213,,"Flanders,",United States,http://www.aii1961.com,,,https://s23.a2zinc.net/clients/TSL/CTW19/Public/eBooth.aspx?IndexInList=4&FromPage=Exhibitors.aspx&ParentBoothID=&ListByBooth=true&BoothID=105917
All Day Nutritionals Inc. DBA SWIFT WorkWellness,1304,,"Las Vegas,",United States,http://www.alldaynutritionals.com,,,https://s23.a2zinc.net/clients/TSL/CTW19/Public/eBooth.aspx?IndexInList=5&FromPage=Exhibitors.aspx&ParentBoothID=&ListByBooth=true&BoothID=105920
Alliant Coffee Solutions/ Wolfgang Puck Coffee,513,,"Edmonds,",United States,,,,https://s23.a2zinc.net/clients/TSL/CTW19/Public/eBooth.aspx?IndexInList=6&FromPage=Exhibitors.aspx&ParentBoothID=&ListByBooth=true&BoothID=105800
Aquabeve,212,,"La Verne,",United States,http://www.aquabeve.com,,,https://s23.a2zinc.net/clients/TSL/CTW19/Public/eBooth.aspx?IndexInList=7&FromPage=Exhibitors.aspx&ParentBoothID=&ListByBooth=true&BoothID=105749
Arizona Beverages,1310,,"Woodbury,",United States,,,,https://s23.a2zinc.net/clients/TSL/CTW19/Public/eBooth.aspx?IndexInList=8&FromPage=Exhibitors.aspx&ParentBoothID=&ListByBooth=true&BoothID=105923
Automatic Merchandiser,412,,"Fort Atkinson,",United States,http://www.vendingmarketwatch.com,,,https://s23.a2zinc.net/clients/TSL/CTW19/Public/eBooth.aspx?IndexInList=9&FromPage=Exhibitors.aspx&ParentBoothID=&ListByBooth=true&BoothID=105781
Avalon H2O,518,,"Lakewood,",United States,http://avalonh20.com,,,https://s23.a2zinc.net/clients/TSL/CTW19/Public/eBooth.aspx?IndexInList=10&FromPage=Exhibitors.aspx&ParentBoothID=&ListByBooth=true&BoothID=105805
Avanti Markets,1100,,"Renton,",United States,http://www.avantimarkets.com,,,https://s23.a2zinc.net/clients/TSL/CTW19/Public/eBooth.aspx?IndexInList=11&FromPage=Exhibitors.aspx&ParentBoothID=&ListByBooth=true&BoothID=105890
AWAKE Corporation,414,,"Mississauga,",Canada,http://awakechocolate.com,,,https://s23.a2zinc.net/clients/TSL/CTW19/Public/eBooth.aspx?IndexInList=12&FromPage=Exhibitors.aspx&ParentBoothID=&ListByBooth=true&BoothID=105783
"AWS Distributing, Inc",1108,,"Warrenville,",United States,http://www.awsdistributing.com,,,https://s23.a2zinc.net/clients/TSL/CTW19/Public/eBooth.aspx?IndexInList=13&FromPage=Exhibitors.aspx&ParentBoothID=&ListByBooth=true&BoothID=105894
Azkoyen,1209,,"Charlotte,",United States,http://www.azkoyenvending.com,,,https://s23.a2zinc.net/clients/TSL/CTW19/Public/eBooth.aspx?IndexInList=14&FromPage=Exhibitors.aspx&ParentBoothID=&ListByBooth=true&BoothID=105915
Barcel USA,1313,,"Coppell,",United States,,,,https://s23.a2zinc.net/clients/TSL/CTW19/Public/eBooth.aspx?IndexInList=15&FromPage=Exhibitors.aspx&ParentBoothID=&ListByBooth=true&BoothID=105931
Best Beverage Equipment,421,,"Cabot,",United States,,,,https://s23.a2zinc.net/clients/TSL/CTW19/Public/eBooth.aspx?IndexInList=16&FromPage=Exhibitors.aspx&ParentBoothID=&ListByBooth=true&BoothID=105856
Bevi,209,,"Boston,",United States,http://www.bevi.co,,,https://s23.a2zinc.net/clients/TSL/CTW19/Public/eBooth.aspx?IndexInList=17&FromPage=Exhibitors.aspx&ParentBoothID=&ListByBooth=true&BoothID=107077
Bissell Commercial,1402,,"Plymouth,",United States,http://www.bissellcommercial.com,,,https://s23.a2zinc.net/clients/TSL/CTW19/Public/eBooth.aspx?IndexInList=18&FromPage=Exhibitors.aspx&ParentBoothID=&ListByBooth=true&BoothID=105933
Bodecker Brewed Inc.,405,,"Toronto,",Canada,http://www.bodeckerbrewed.com,,OCS Brewers - Coffee/Espresso/Tea/Accessories & PartsOCS Brewers - Coffee/Espresso/Tea/Accessories & Parts,https://s23.a2zinc.net/clients/TSL/CTW19/Public/eBooth.aspx?IndexInList=19&FromPage=Exhibitors.aspx&ParentBoothID=&ListByBooth=true&BoothID=105774
Bravilor Bonamat LLC,617,,"Aurora,",United States,http://www.bravilor.com/en-US,,,https://s23.a2zinc.net/clients/TSL/CTW19/Public/eBooth.aspx?IndexInList=20&FromPage=Exhibitors.aspx&ParentBoothID=&ListByBooth=true&BoothID=105823
Bunn-O-Matic,612,,"Springfield,",United States,,,,https://s23.a2zinc.net/clients/TSL/CTW19/Public/eBooth.aspx?IndexInList=21&FromPage=Exhibitors.aspx&ParentBoothID=&ListByBooth=true&BoothID=105816
Cafection | Evoca,407,,"Québec,",Canada,http://www.cafection.com,,,https://s23.a2zinc.net/clients/TSL/CTW19/Public/eBooth.aspx?IndexInList=22&FromPage=Exhibitors.aspx&ParentBoothID=&ListByBooth=true&BoothID=105776
Celsius,413,,"Boca Raton,",United States,http://www.celsius.com,,,https://s23.a2zinc.net/clients/TSL/CTW19/Public/eBooth.aspx?IndexInList=23&FromPage=Exhibitors.aspx&ParentBoothID=&ListByBooth=true&BoothID=105782
Chester Paul Company,311,,"Glendale,",United States,http://www.chesterpaul.com,,,https://s23.a2zinc.net/clients/TSL/CTW19/Public/eBooth.aspx?IndexInList=24&FromPage=Exhibitors.aspx&ParentBoothID=&ListByBooth=true&BoothID=105764
Clif Bar & Co.,1309,,"Emeryville,",United States,http://clifbar.com,,,https://s23.a2zinc.net/clients/TSL/CTW19/Public/eBooth.aspx?IndexInList=25&FromPage=Exhibitors.aspx&ParentBoothID=&ListByBooth=true&BoothID=105929
Clover Water Coolers,109,,"Golden,",United States,,,,https://s23.a2zinc.net/clients/TSL/CTW19/Public/eBooth.aspx?IndexInList=26&FromPage=Exhibitors.aspx&ParentBoothID=&ListByBooth=true&BoothID=105728
Copper Moon Coffee Co.,1204,,"Lafayette,",United States,http://www.coppermooncoffee.com,,,https://s23.a2zinc.net/clients/TSL/CTW19/Public/eBooth.aspx?IndexInList=27&FromPage=Exhibitors.aspx&ParentBoothID=&ListByBooth=true&BoothID=105906
Crane Merchandising Systems,519,,"Williston,",United States,http://,,,https://s23.a2zinc.net/clients/TSL/CTW19/Public/eBooth.aspx?IndexInList=28&FromPage=Exhibitors.aspx&ParentBoothID=&ListByBooth=true&BoothID=105806
Danone Wave,1200,,"Broomfield,",United States,,,,https://s23.a2zinc.net/clients/TSL/CTW19/Public/eBooth.aspx?IndexInList=29&FromPage=Exhibitors.aspx&ParentBoothID=&ListByBooth=true&BoothID=105905
de Jong DUKE,319,,"Taylor,",United States,www.dejongduke.com,,,https://s23.a2zinc.net/clients/TSL/CTW19/Public/eBooth.aspx?IndexInList=30&FromPage=Exhibitors.aspx&ParentBoothID=&ListByBooth=true&BoothID=105772
Diamond Crystal Sales,1206,,"Savannah,",United States,,,"OCSBreak Room Accessories & Supplies Coffee/Tea/Chocolate, etc. Coffee Creamers/Sugar/Sweeteners, etc.",https://s23.a2zinc.net/clients/TSL/CTW19/Public/eBooth.aspx?IndexInList=31&FromPage=Exhibitors.aspx&ParentBoothID=&ListByBooth=true&BoothID=105907
Eldorado Coffee Roasters,205,,"Maspeth,",United States,,,,https://s23.a2zinc.net/clients/TSL/CTW19/Public/eBooth.aspx?IndexInList=32&FromPage=Exhibitors.aspx&ParentBoothID=&ListByBooth=true&BoothID=105742
Electron,420,,"Los Angeles,",United States,http://www.electrontogo.com,,,https://s23.a2zinc.net/clients/TSL/CTW19/Public/eBooth.aspx?IndexInList=33&FromPage=Exhibitors.aspx&ParentBoothID=&ListByBooth=true&BoothID=105855
ELKAY,219,,"Oak Brook,",United States,http://www.elkay.com,,,https://s23.a2zinc.net/clients/TSL/CTW19/Public/eBooth.aspx?IndexInList=34&FromPage=Exhibitors.aspx&ParentBoothID=&ListByBooth=true&BoothID=105756
Europa Sports Products,112,,"Charlotte,",United States,http://europasports.com,,,https://s23.a2zinc.net/clients/TSL/CTW19/Public/eBooth.aspx?IndexInList=35&FromPage=Exhibitors.aspx&ParentBoothID=&ListByBooth=true&BoothID=105730
Eversys,1400,,"Nolensville,",United States,,,,https://s23.a2zinc.net/clients/TSL/CTW19/Public/eBooth.aspx?IndexInList=36&FromPage=Exhibitors.aspx&ParentBoothID=&ListByBooth=true&BoothID=105932
"Feniks, Inc.",616,,"Auburn,",United States,http://www.rubimicrocafe.com,,,https://s23.a2zinc.net/clients/TSL/CTW19/Public/eBooth.aspx?IndexInList=37&FromPage=Exhibitors.aspx&ParentBoothID=&ListByBooth=true&BoothID=105820
FIJI Water,1109,,"Los Angelas,",United States,http://wonderfulpistachiosandalmonds.com,,,https://s23.a2zinc.net/clients/TSL/CTW19/Public/eBooth.aspx?IndexInList=38&FromPage=Exhibitors.aspx&ParentBoothID=&ListByBooth=true&BoothID=107113
Follett LLC,400,,"Easton,",United States,http://www.follettic.com,,,https://s23.a2zinc.net/clients/TSL/CTW19/Public/eBooth.aspx?IndexInList=39&FromPage=Exhibitors.aspx&ParentBoothID=&ListByBooth=true&BoothID=105865
G.A. Murdock Inc,310,,"Madison,",United States,http://order.gamurdock.com,,,https://s23.a2zinc.net/clients/TSL/CTW19/Public/eBooth.aspx?IndexInList=40&FromPage=Exhibitors.aspx&ParentBoothID=&ListByBooth=true&BoothID=105763
Gavina Gourmet Coffee,505,,"Vernon,",United States,,,,https://s23.a2zinc.net/clients/TSL/CTW19/Public/eBooth.aspx?IndexInList=41&FromPage=Exhibitors.aspx&ParentBoothID=&ListByBooth=true&BoothID=105792
Heartland Food Products Group,217,,"Annapolis,",United States,http://www.compassmarketinginc.com,,,https://s23.a2zinc.net/clients/TSL/CTW19/Public/eBooth.aspx?IndexInList=42&FromPage=Exhibitors.aspx&ParentBoothID=&ListByBooth=true&BoothID=105754
High Brew Coffee,610,,"Austin,",United States,http://highbrewcoffee.com,,,https://s23.a2zinc.net/clients/TSL/CTW19/Public/eBooth.aspx?IndexInList=43&FromPage=Exhibitors.aspx&ParentBoothID=&ListByBooth=true&BoothID=105814
Hint Inc,1311,,"San Francisco,",United States,http://www.drinkhint.com,,FoodGluten Free Healthy,https://s23.a2zinc.net/clients/TSL/CTW19/Public/eBooth.aspx?IndexInList=44&FromPage=Exhibitors.aspx&ParentBoothID=&ListByBooth=true&BoothID=105930
HOLD,620,,"HOLD,",United States,http://,,,https://s23.a2zinc.net/clients/TSL/CTW19/Public/eBooth.aspx?IndexInList=45&FromPage=Exhibitors.aspx&ParentBoothID=&ListByBooth=true&BoothID=105860
"Holiday House Distributing, Inc.",504,,"Land O Lakes,",United States,http://www.hhdonline.com,,,https://s23.a2zinc.net/clients/TSL/CTW19/Public/eBooth.aspx?IndexInList=46&FromPage=Exhibitors.aspx&ParentBoothID=&ListByBooth=true&BoothID=107109
"Hoshizaki America, Inc.",120,,"Peachtree City,",United States,http://www.hoshizakiamerica.com,,,https://s23.a2zinc.net/clients/TSL/CTW19/Public/eBooth.aspx?IndexInList=47&FromPage=Exhibitors.aspx&ParentBoothID=&ListByBooth=true&BoothID=105738
IMS,305,,"Shelton,",United States,,,Micro MarketsMicro Markets,https://s23.a2zinc.net/clients/TSL/CTW19/Public/eBooth.aspx?IndexInList=48&FromPage=Exhibitors.aspx&ParentBoothID=&ListByBooth=true&BoothID=105758
InOne Technology LLC,517,,"Sparks,",United States,,,,https://s23.a2zinc.net/clients/TSL/CTW19/Public/eBooth.aspx?IndexInList=49&FromPage=Exhibitors.aspx&ParentBoothID=&ListByBooth=true&BoothID=105804
Intelligent Blends,314,,"San Diego,",United States,,,,https://s23.a2zinc.net/clients/TSL/CTW19/Public/eBooth.aspx?IndexInList=50&FromPage=Exhibitors.aspx&ParentBoothID=&ListByBooth=true&BoothID=105767
ITOEN (North America),515,,"Brooklyn,",United States,http://itoen.com,,,https://s23.a2zinc.net/clients/TSL/CTW19/Public/eBooth.aspx?IndexInList=51&FromPage=Exhibitors.aspx&ParentBoothID=&ListByBooth=true&BoothID=105802
"Javamelts, Inc.",104,,"Smithtown,",United States,http://www.javamelts.com,,,https://s23.a2zinc.net/clients/TSL/CTW19/Public/eBooth.aspx?IndexInList=52&FromPage=Exhibitors.aspx&ParentBoothID=&ListByBooth=true&BoothID=105724
Jofemar USA,1007,,"Doral,",United States,http://www.jofemarusa.com,,,https://s23.a2zinc.net/clients/TSL/CTW19/Public/eBooth.aspx?IndexInList=53&FromPage=Exhibitors.aspx&ParentBoothID=&ListByBooth=true&BoothID=105886
Keurig Dr Pepper,604,,"Plano,",United States,www.KeurigDrPepper.com,,,https://s23.a2zinc.net/clients/TSL/CTW19/Public/eBooth.aspx?IndexInList=54&FromPage=Exhibitors.aspx&ParentBoothID=&ListByBooth=true&BoothID=107080
Keynote Coffee Co,520,,"Tampa,",United States,http://www.keynotecoffee.co,,,https://s23.a2zinc.net/clients/TSL/CTW19/Public/eBooth.aspx?IndexInList=55&FromPage=Exhibitors.aspx&ParentBoothID=&ListByBooth=true&BoothID=106029
Kind LLC,1110,,"New York,",United States,,,,https://s23.a2zinc.net/clients/TSL/CTW19/Public/eBooth.aspx?IndexInList=56&FromPage=Exhibitors.aspx&ParentBoothID=&ListByBooth=true&BoothID=106037
"Kraft Foods Group, Inc.",1009,,"Chicago,",United States,,,,https://s23.a2zinc.net/clients/TSL/CTW19/Public/eBooth.aspx?IndexInList=57&FromPage=Exhibitors.aspx&ParentBoothID=&ListByBooth=true&BoothID=105887
La Colombe,1401,,"Philadelphia,",United States,www.lacolombe.com,,,https://s23.a2zinc.net/clients/TSL/CTW19/Public/eBooth.aspx?IndexInList=58&FromPage=Exhibitors.aspx&ParentBoothID=&ListByBooth=true&BoothID=105947
LaCroix,611,,"Gainesville,",United States,http://www.shastafoodservice.com,,,https://s23.a2zinc.net/clients/TSL/CTW19/Public/eBooth.aspx?IndexInList=59&FromPage=Exhibitors.aspx&ParentBoothID=&ListByBooth=true&BoothID=105815
Laird Superfood,216,,"Sisters,",United States,http://lairdsuperfood.com,,,https://s23.a2zinc.net/clients/TSL/CTW19/Public/eBooth.aspx?IndexInList=60&FromPage=Exhibitors.aspx&ParentBoothID=&ListByBooth=true&BoothID=105753
Lavazza,415,,"New York,",United States,https://www.lavazza.us/en_US/business/offices.html,,,https://s23.a2zinc.net/clients/TSL/CTW19/Public/eBooth.aspx?IndexInList=61&FromPage=Exhibitors.aspx&ParentBoothID=&ListByBooth=true&BoothID=105784
Life in Green,1111,,"Montreal,",Canada,http://www.life-in-green.ca,,,https://s23.a2zinc.net/clients/TSL/CTW19/Public/eBooth.aspx?IndexInList=62&FromPage=Exhibitors.aspx&ParentBoothID=&ListByBooth=true&BoothID=107114
Lightspeed Automation LLC,608,,"Suwanee,",Georgia,http://www.lightspeedautomation.com,,AdvertisingAdvertising,https://s23.a2zinc.net/clients/TSL/CTW19/Public/eBooth.aspx?IndexInList=63&FromPage=Exhibitors.aspx&ParentBoothID=&ListByBooth=true&BoothID=107082
Marco Beverage Systems,118,,"Seattle,",United States,http://www.marcobeveragesystems.com,,,https://s23.a2zinc.net/clients/TSL/CTW19/Public/eBooth.aspx?IndexInList=64&FromPage=Exhibitors.aspx&ParentBoothID=&ListByBooth=true&BoothID=105736
Mars,1003,,"West Chester,",United States,,,"OCSCoffee/Tea/Chocolate, etc.",https://s23.a2zinc.net/clients/TSL/CTW19/Public/eBooth.aspx?IndexInList=65&FromPage=Exhibitors.aspx&ParentBoothID=&ListByBooth=true&BoothID=105885
Massimo Zanetti Beverage Group,208,,"Moonachie,",United States,http://theocsystem.com,,"OCSBreak Room Accessories & Supplies Coffee/Tea/Chocolate, etc. Single Cup Brewers Thermal Airpots, Dispensers, Carafes",https://s23.a2zinc.net/clients/TSL/CTW19/Public/eBooth.aspx?IndexInList=66&FromPage=Exhibitors.aspx&ParentBoothID=&ListByBooth=true&BoothID=105745
"Micro-Star International Co., Ltd.",1113,,"New Taipei City,",Taiwan,http://acs.msi.com,,,https://s23.a2zinc.net/clients/TSL/CTW19/Public/eBooth.aspx?IndexInList=67&FromPage=Exhibitors.aspx&ParentBoothID=&ListByBooth=true&BoothID=105903
National Coffee/Mother Parkers,1201,,"Coconut Creek,",United States,,,,https://s23.a2zinc.net/clients/TSL/CTW19/Public/eBooth.aspx?IndexInList=68&FromPage=Exhibitors.aspx&ParentBoothID=&ListByBooth=true&BoothID=105918
Nayax/VendSys,200,,"Hunt Valley,",United States,http://www.nayax.com,,,https://s23.a2zinc.net/clients/TSL/CTW19/Public/eBooth.aspx?IndexInList=69&FromPage=Exhibitors.aspx&ParentBoothID=&ListByBooth=true&BoothID=107115
Nestle Professional,511,,"Rogers,",United States,http://www.NestleProfessional.com,,,https://s23.a2zinc.net/clients/TSL/CTW19/Public/eBooth.aspx?IndexInList=70&FromPage=Exhibitors.aspx&ParentBoothID=&ListByBooth=true&BoothID=105798
"Newco Enterprises, Inc.",404,,"St. Charles,",United States,http://www.newcocoffee.com,,,https://s23.a2zinc.net/clients/TSL/CTW19/Public/eBooth.aspx?IndexInList=71&FromPage=Exhibitors.aspx&ParentBoothID=&ListByBooth=true&BoothID=105777
"Next Level Fitness Water, Inc.",1106,,"Corona,",United States,http://drinknextlevel.com,,,https://s23.a2zinc.net/clients/TSL/CTW19/Public/eBooth.aspx?IndexInList=72&FromPage=Exhibitors.aspx&ParentBoothID=&ListByBooth=true&BoothID=105893
NuZee Inc.,213,,"Vista,",United States,,,,https://s23.a2zinc.net/clients/TSL/CTW19/Public/eBooth.aspx?IndexInList=73&FromPage=Exhibitors.aspx&ParentBoothID=&ListByBooth=true&BoothID=107079
OptConnect,614,,"Kaysville,",United States,http://optconnect.com,,,https://s23.a2zinc.net/clients/TSL/CTW19/Public/eBooth.aspx?IndexInList=74&FromPage=Exhibitors.aspx&ParentBoothID=&ListByBooth=true&BoothID=105818
Organic Realbar,1409,,"Diamond Bar,",United States,http://organicrealbar.com,,,https://s23.a2zinc.net/clients/TSL/CTW19/Public/eBooth.aspx?IndexInList=75&FromPage=Exhibitors.aspx&ParentBoothID=&ListByBooth=true&BoothID=105946
Parlevel Systems Inc.,312,,"San Antonio,",United States,http://www.parlevelsystems.com,,,https://s23.a2zinc.net/clients/TSL/CTW19/Public/eBooth.aspx?IndexInList=76&FromPage=Exhibitors.aspx&ParentBoothID=&ListByBooth=true&BoothID=105765
Peerless Coffee & Tea,106,,"Oakland,",United States,http://www.peerlesscoffee.com,,,https://s23.a2zinc.net/clients/TSL/CTW19/Public/eBooth.aspx?IndexInList=77&FromPage=Exhibitors.aspx&ParentBoothID=&ListByBooth=true&BoothID=105726
Peet's Coffee and Tea,318,,"Oakland,",United States,http://www.Peets.com,,,https://s23.a2zinc.net/clients/TSL/CTW19/Public/eBooth.aspx?IndexInList=78&FromPage=Exhibitors.aspx&ParentBoothID=&ListByBooth=true&BoothID=105771
Pelican Rouge Coffee Roasters,315,,"Dordrecht,",Netherlands,http://www.pelicanrougecoffeeroasters.com,,,https://s23.a2zinc.net/clients/TSL/CTW19/Public/eBooth.aspx?IndexInList=79&FromPage=Exhibitors.aspx&ParentBoothID=&ListByBooth=true&BoothID=105768
Pentair,410,,"Roselle,",United States,,,,https://s23.a2zinc.net/clients/TSL/CTW19/Public/eBooth.aspx?IndexInList=80&FromPage=Exhibitors.aspx&ParentBoothID=&ListByBooth=true&BoothID=105779
PepsiCo Foodservice,1301,,"Plano,",United States,,,,https://s23.a2zinc.net/clients/TSL/CTW19/Public/eBooth.aspx?IndexInList=81&FromPage=Exhibitors.aspx&ParentBoothID=&ListByBooth=true&BoothID=105926
"Pod Pack International, Ltd.",411,,"Baton Rouge,",United States,,,"OCSCoffee/Tea/Chocolate, etc.",https://s23.a2zinc.net/clients/TSL/CTW19/Public/eBooth.aspx?IndexInList=82&FromPage=Exhibitors.aspx&ParentBoothID=&ListByBooth=true&BoothID=105780
"Prism Visual Software, Inc.",313,,"Roslyn,",United States,http://www.prismvs.com,,,https://s23.a2zinc.net/clients/TSL/CTW19/Public/eBooth.aspx?IndexInList=83&FromPage=Exhibitors.aspx&ParentBoothID=&ListByBooth=true&BoothID=105766
Pure Leaf Tea,1305,,"Englewoods Cliff,",United States,www.unileverfoodsolutions.us,,,https://s23.a2zinc.net/clients/TSL/CTW19/Public/eBooth.aspx?IndexInList=84&FromPage=Exhibitors.aspx&ParentBoothID=&ListByBooth=true&BoothID=105927
Purely Elizabeth,316,,"Boulder,",United States,,,,https://s23.a2zinc.net/clients/TSL/CTW19/Public/eBooth.aspx?IndexInList=85&FromPage=Exhibitors.aspx&ParentBoothID=&ListByBooth=true&BoothID=105769
"Rip Van, inc.",1312,,"Brooklyn,",United States,https://www.ripvan.com/,,,https://s23.a2zinc.net/clients/TSL/CTW19/Public/eBooth.aspx?IndexInList=86&FromPage=Exhibitors.aspx&ParentBoothID=&ListByBooth=true&BoothID=105924
Scholle IPN,1211,,"Northlake,",United States,,,,https://s23.a2zinc.net/clients/TSL/CTW19/Public/eBooth.aspx?IndexInList=87&FromPage=Exhibitors.aspx&ParentBoothID=&ListByBooth=true&BoothID=105916
"Service Ideas, Inc.",304,,"Woodbury,",United States,http://www.serviceideas.com,,,https://s23.a2zinc.net/clients/TSL/CTW19/Public/eBooth.aspx?IndexInList=88&FromPage=Exhibitors.aspx&ParentBoothID=&ListByBooth=true&BoothID=105757
Shaka Tea,510,,"Hilo,",United States,http://www.shakatea.com,,,https://s23.a2zinc.net/clients/TSL/CTW19/Public/eBooth.aspx?IndexInList=89&FromPage=Exhibitors.aspx&ParentBoothID=&ListByBooth=true&BoothID=107112
Smith Teamaker,1306,,"Portland,",United States,http://www.smithtea.com,,,https://s23.a2zinc.net/clients/TSL/CTW19/Public/eBooth.aspx?IndexInList=90&FromPage=Exhibitors.aspx&ParentBoothID=&ListByBooth=true&BoothID=105922
Spindrift Sparkling Water,201,,"Newton,",United States,http://www.spindriftfresh.com,,,https://s23.a2zinc.net/clients/TSL/CTW19/Public/eBooth.aspx?IndexInList=91&FromPage=Exhibitors.aspx&ParentBoothID=&ListByBooth=true&BoothID=107116
Starbucks Coffee Company,507,,"Seattle,",United States,http://www.solutions.Starbucks.com,,,https://s23.a2zinc.net/clients/TSL/CTW19/Public/eBooth.aspx?IndexInList=92&FromPage=Exhibitors.aspx&ParentBoothID=&ListByBooth=true&BoothID=105794
"Steeped, Inc.",1407,,"Scotts Valley,",United States,,,,https://s23.a2zinc.net/clients/TSL/CTW19/Public/eBooth.aspx?IndexInList=93&FromPage=Exhibitors.aspx&ParentBoothID=&ListByBooth=true&BoothID=105940
Supply Wizards,207,,"Atlanta,",United States,http://www.supplywizards.com,,,https://s23.a2zinc.net/clients/TSL/CTW19/Public/eBooth.aspx?IndexInList=94&FromPage=Exhibitors.aspx&ParentBoothID=&ListByBooth=true&BoothID=105744
Tea Drops,1412,,"Los Angeles,",United States,http://myteadrop.com,,,https://s23.a2zinc.net/clients/TSL/CTW19/Public/eBooth.aspx?IndexInList=95&FromPage=Exhibitors.aspx&ParentBoothID=&ListByBooth=true&BoothID=105938
Teaja,416,,"Richmond,",Canada,http://www.teajaoffice.com,,,https://s23.a2zinc.net/clients/TSL/CTW19/Public/eBooth.aspx?IndexInList=96&FromPage=Exhibitors.aspx&ParentBoothID=&ListByBooth=true&BoothID=105787
teapigs,220,,"Brooklyn,",United States,http://www.teapigs.com,,,https://s23.a2zinc.net/clients/TSL/CTW19/Public/eBooth.aspx?IndexInList=97&FromPage=Exhibitors.aspx&ParentBoothID=&ListByBooth=true&BoothID=105852
Teatulia Organic Teas,621,,"Denver,",United States,http://www.teatulia.com,,,https://s23.a2zinc.net/clients/TSL/CTW19/Public/eBooth.aspx?IndexInList=98&FromPage=Exhibitors.aspx&ParentBoothID=&ListByBooth=true&BoothID=105861
Tetley Harris,102,,"Montvale,",United States,http://www.tetleyharris.com,,,https://s23.a2zinc.net/clients/TSL/CTW19/Public/eBooth.aspx?IndexInList=99&FromPage=Exhibitors.aspx&ParentBoothID=&ListByBooth=true&BoothID=105723
The Coca-Cola Company,1210,,"Atlanta,",United States,,,,https://s23.a2zinc.net/clients/TSL/CTW19/Public/eBooth.aspx?IndexInList=100&FromPage=Exhibitors.aspx&ParentBoothID=&ListByBooth=true&BoothID=105910
The JM Smucker Company,1101,,"Orrville,",United States,http://smuckerawayfromhome.com,,,https://s23.a2zinc.net/clients/TSL/CTW19/Public/eBooth.aspx?IndexInList=101&FromPage=Exhibitors.aspx&ParentBoothID=&ListByBooth=true&BoothID=105897
Think Jerky,1208,,"Chicago,",United States,http://thinkjerky.com,,,https://s23.a2zinc.net/clients/TSL/CTW19/Public/eBooth.aspx?IndexInList=102&FromPage=Exhibitors.aspx&ParentBoothID=&ListByBooth=true&BoothID=105908
Three Square Market,301,,"River Falls,",United States,http://32Market.com,,,https://s23.a2zinc.net/clients/TSL/CTW19/Public/eBooth.aspx?IndexInList=103&FromPage=Exhibitors.aspx&ParentBoothID=&ListByBooth=true&BoothID=105859
Twinings North America,502,,"Clifton,",United States,http://www.twiningsusa.com,,,https://s23.a2zinc.net/clients/TSL/CTW19/Public/eBooth.aspx?IndexInList=104&FromPage=Exhibitors.aspx&ParentBoothID=&ListByBooth=true&BoothID=105807
Two Leaves and a Bud,615,,"Basalt,",United States,http://www.wholesale.twoleavestea.com,,,https://s23.a2zinc.net/clients/TSL/CTW19/Public/eBooth.aspx?IndexInList=105&FromPage=Exhibitors.aspx&ParentBoothID=&ListByBooth=true&BoothID=105819
Two Rivers Coffee,1105,,"South Plainfield,",United States,http://www.tworiversco.com,,,https://s23.a2zinc.net/clients/TSL/CTW19/Public/eBooth.aspx?IndexInList=106&FromPage=Exhibitors.aspx&ParentBoothID=&ListByBooth=true&BoothID=105899
"Unified Strategies Group, Inc",204,,"Greensburg,",United States,,,,https://s23.a2zinc.net/clients/TSL/CTW19/Public/eBooth.aspx?IndexInList=107&FromPage=Exhibitors.aspx&ParentBoothID=&ListByBooth=true&BoothID=105741
"United Food Group, Inc.",105,,"ELGIN,",United States,http://www.unitedfoodgroup.net,,,https://s23.a2zinc.net/clients/TSL/CTW19/Public/eBooth.aspx?IndexInList=108&FromPage=Exhibitors.aspx&ParentBoothID=&ListByBooth=true&BoothID=105725
USA Technologies,1107,,"Malvern,",United States,https://www.usatech.com/,,,https://s23.a2zinc.net/clients/TSL/CTW19/Public/eBooth.aspx?IndexInList=109&FromPage=Exhibitors.aspx&ParentBoothID=&ListByBooth=true&BoothID=105900
U-Select-It,1102,,"Clive,",United States,http://www.uselectit.com,,,https://s23.a2zinc.net/clients/TSL/CTW19/Public/eBooth.aspx?IndexInList=110&FromPage=Exhibitors.aspx&ParentBoothID=&ListByBooth=true&BoothID=105892
Vending Times,1404,,"Rockville Center,",United States,http://,,,https://s23.a2zinc.net/clients/TSL/CTW19/Public/eBooth.aspx?IndexInList=111&FromPage=Exhibitors.aspx&ParentBoothID=&ListByBooth=true&BoothID=105934
"Vendors Exchange International, Inc.",609,,"Cleveland,",United States,,,,https://s23.a2zinc.net/clients/TSL/CTW19/Public/eBooth.aspx?IndexInList=112&FromPage=Exhibitors.aspx&ParentBoothID=&ListByBooth=true&BoothID=105813
Vertex Water Products,417,,"Montclair,",United States,http://vertexwater.com,,,https://s23.a2zinc.net/clients/TSL/CTW19/Public/eBooth.aspx?IndexInList=113&FromPage=Exhibitors.aspx&ParentBoothID=&ListByBooth=true&BoothID=105786
Vistar,1001,,"Centennial,",United States,,,,https://s23.a2zinc.net/clients/TSL/CTW19/Public/eBooth.aspx?IndexInList=114&FromPage=Exhibitors.aspx&ParentBoothID=&ListByBooth=true&BoothID=105883
VitaCup,309,,"San Diego,",United States,http://www.vitacup.com,,,https://s23.a2zinc.net/clients/TSL/CTW19/Public/eBooth.aspx?IndexInList=115&FromPage=Exhibitors.aspx&ParentBoothID=&ListByBooth=true&BoothID=105762
Wandering Bear Inc.,119,,"New York,",United States,http://wanderingbearcoffee.com,,,https://s23.a2zinc.net/clients/TSL/CTW19/Public/eBooth.aspx?IndexInList=116&FromPage=Exhibitors.aspx&ParentBoothID=&ListByBooth=true&BoothID=105737
Waterlogic,618,,"Omaha,",United States,https://www.waterlogic.com/en-us/dealers/,,,https://s23.a2zinc.net/clients/TSL/CTW19/Public/eBooth.aspx?IndexInList=117&FromPage=Exhibitors.aspx&ParentBoothID=&ListByBooth=true&BoothID=105822
WaterLoo Sparkling Water,215,,"Austin,",United States,http://drinkwaterloo.com,,,https://s23.a2zinc.net/clients/TSL/CTW19/Public/eBooth.aspx?IndexInList=118&FromPage=Exhibitors.aspx&ParentBoothID=&ListByBooth=true&BoothID=105752
Weller,115,,"Boulder,",United States,http://www.welleryou.com,,,https://s23.a2zinc.net/clients/TSL/CTW19/Public/eBooth.aspx?IndexInList=119&FromPage=Exhibitors.aspx&ParentBoothID=&ListByBooth=true&BoothID=105733
Wellsys USA Corporation,221,,"Gilbert,",United States,http://,,,https://s23.a2zinc.net/clients/TSL/CTW19/Public/eBooth.aspx?IndexInList=120&FromPage=Exhibitors.aspx&ParentBoothID=&ListByBooth=true&BoothID=105853
Wilbur Curtis,308,,"Montebello,",United States,,,,https://s23.a2zinc.net/clients/TSL/CTW19/Public/eBooth.aspx?IndexInList=121&FromPage=Exhibitors.aspx&ParentBoothID=&ListByBooth=true&BoothID=105761
Yoke Payments,107,,"Los Angeles,",United States,http://www.yokepayments.com,,,https://s23.a2zinc.net/clients/TSL/CTW19/Public/eBooth.aspx?IndexInList=122&FromPage=Exhibitors.aspx&ParentBoothID=&ListByBooth=true&BoothID=105727
Zavida Coffee Company,206,,"Concord,",Canada,,,,https://s23.a2zinc.net/clients/TSL/CTW19/Public/eBooth.aspx?IndexInList=123&FromPage=Exhibitors.aspx&ParentBoothID=&ListByBooth=true&BoothID=105743
