Name,Booth_no,Address,City,Country,website,Contact_no,product,url,
Integrity Solutions Field Services,810,,Denver,United States,http://www.isfieldservices.com,,,https://s23.a2zinc.net/clients/nace/corrosion2020/Public/eBooth.aspx?IndexInList=187&FromPage=Exhibitors.aspx&ParentBoothID=&ListByBooth=true&BoothID=100949&fromFeatured=1,
"High Performance Alloys, Inc.",435,,Windfall,United States,http://www.hpalloy.com,,,https://s23.a2zinc.net/clients/nace/corrosion2020/Public/eBooth.aspx?IndexInList=165&FromPage=Exhibitors.aspx&ParentBoothID=&ListByBooth=true&BoothID=100822&fromFeatured=1,
4Z Elektronik Otom. Ve Kaynak Sist. San Ltd. Sti.,2203,,Ankara,Turkey,http://www.4zelektronik.com,,,https://s23.a2zinc.net/clients/nace/corrosion2020/Public/eBooth.aspx?IndexInList=0&FromPage=Exhibitors.aspx&ParentBoothID=&ListByBooth=true&BoothID=101502,
A.E.P.S.,2318,,Lafayette ,United States,http://www.aepsupports.com,,,https://s23.a2zinc.net/clients/nace/corrosion2020/Public/eBooth.aspx?IndexInList=1&FromPage=Exhibitors.aspx&ParentBoothID=&ListByBooth=true&BoothID=101547,
"A.W. Chesterton Company, ARC Efficiency & Protective Coatings",1457,,Groveland,United States,http://www.arc-epc.com,,,https://s23.a2zinc.net/clients/nace/corrosion2020/Public/eBooth.aspx?IndexInList=2&FromPage=Exhibitors.aspx&ParentBoothID=&ListByBooth=true&BoothID=101230,
"Abrasives, Inc.",1256,,Glen Ullin,United States,http://www.abrasivesinc.com,,,https://s23.a2zinc.net/clients/nace/corrosion2020/Public/eBooth.aspx?IndexInList=3&FromPage=Exhibitors.aspx&ParentBoothID=&ListByBooth=true&BoothID=101155,
"Abriox, Inc.",1547,,Amelia,United States,http://www.abriox.com,,,https://s23.a2zinc.net/clients/nace/corrosion2020/Public/eBooth.aspx?IndexInList=4&FromPage=Exhibitors.aspx&ParentBoothID=&ListByBooth=true&BoothID=101252,
"Access Plug Flange, Inc. (APF)",2010,,Houston,United States,http://www.inspectionplug.com,,,https://s23.a2zinc.net/clients/nace/corrosion2020/Public/eBooth.aspx?IndexInList=5&FromPage=Exhibitors.aspx&ParentBoothID=&ListByBooth=true&BoothID=101453,
"Accurate Corrosion Control, Inc.",2327,,Glendale,United States,http://www.accuratecorrosion.com,,,https://s23.a2zinc.net/clients/nace/corrosion2020/Public/eBooth.aspx?IndexInList=6&FromPage=Exhibitors.aspx&ParentBoothID=&ListByBooth=true&BoothID=101558,
Acuren Inspection,1100,,Conroe,United States,http://www.acuren.com,,,https://s23.a2zinc.net/clients/nace/corrosion2020/Public/eBooth.aspx?IndexInList=7&FromPage=Exhibitors.aspx&ParentBoothID=&ListByBooth=true&BoothID=101074,
Admiral Instruments,1850,,Phoenix,United States,http://www.admiralinstruments.com,,,https://s23.a2zinc.net/clients/nace/corrosion2020/Public/eBooth.aspx?IndexInList=8&FromPage=Exhibitors.aspx&ParentBoothID=&ListByBooth=true&BoothID=101387,
"Advance Products & Systems, Inc.",1741,,Lafayette,United States,http://www.apsonline.com,,,https://s23.a2zinc.net/clients/nace/corrosion2020/Public/eBooth.aspx?IndexInList=9&FromPage=Exhibitors.aspx&ParentBoothID=&ListByBooth=true&BoothID=101338,
Advanced Polymer Coatings,1647,,Avon,United States,http://www.adv-polymer.com,,,https://s23.a2zinc.net/clients/nace/corrosion2020/Public/eBooth.aspx?IndexInList=10&FromPage=Exhibitors.aspx&ParentBoothID=&ListByBooth=true&BoothID=101297,
Aegion Corporation,1435,,St. Louis,United States,http://www.aegion.com,,,https://s23.a2zinc.net/clients/nace/corrosion2020/Public/eBooth.aspx?IndexInList=11&FromPage=Exhibitors.aspx&ParentBoothID=&ListByBooth=true&BoothID=101215,
"Agru America, Inc.",2314,,Georgetown,United States,http://www.agruamerica.com,,"Industries and Technologies CategoriesCoatings & Linings Pipelines, tanks, Underground Systems Water/Wastewater",https://s23.a2zinc.net/clients/nace/corrosion2020/Public/eBooth.aspx?IndexInList=12&FromPage=Exhibitors.aspx&ParentBoothID=&ListByBooth=true&BoothID=101543,
AirTech,225,,Houston,United States,http://www.airtechspray.com,,,https://s23.a2zinc.net/clients/nace/corrosion2020/Public/eBooth.aspx?IndexInList=13&FromPage=Exhibitors.aspx&ParentBoothID=&ListByBooth=true&BoothID=100757,
AkzoNobel,2441,,Houston,United States,http://www.internationalpaint.com,,,https://s23.a2zinc.net/clients/nace/corrosion2020/Public/eBooth.aspx?IndexInList=14&FromPage=Exhibitors.aspx&ParentBoothID=&ListByBooth=true&BoothID=101607,
Allan Edwards,700,,Tulsa,United States,,,,https://s23.a2zinc.net/clients/nace/corrosion2020/Public/eBooth.aspx?IndexInList=15&FromPage=Exhibitors.aspx&ParentBoothID=&ListByBooth=true&BoothID=100901,
"Allied Corrosion Industries, Inc.",1815,,Marietta,United States,http://www.alliedcorrosion.com,,,https://s23.a2zinc.net/clients/nace/corrosion2020/Public/eBooth.aspx?IndexInList=16&FromPage=Exhibitors.aspx&ParentBoothID=&ListByBooth=true&BoothID=101359,
"Allied Photo Chemical, Inc.",323,,Macomb,United States,http://www.alliedphotochemical.com,,Industries and Technologies CategoriesCoatings & Linings,https://s23.a2zinc.net/clients/nace/corrosion2020/Public/eBooth.aspx?IndexInList=17&FromPage=Exhibitors.aspx&ParentBoothID=&ListByBooth=true&BoothID=102152,
Allied Pipeline Technologies,1153,,Durango,United States,http://www.APTecUSA.com,,,https://s23.a2zinc.net/clients/nace/corrosion2020/Public/eBooth.aspx?IndexInList=18&FromPage=Exhibitors.aspx&ParentBoothID=&ListByBooth=true&BoothID=101112,
Allstream Services & Rental,2316,,Houma,United States,http://www.goallstream.com,,,https://s23.a2zinc.net/clients/nace/corrosion2020/Public/eBooth.aspx?IndexInList=19&FromPage=Exhibitors.aspx&ParentBoothID=&ListByBooth=true&BoothID=101545,
Amcorr Products & Services/VISCOTAQ,2042,,San Antonio,United States,http://www.amcorrusa.com,,,https://s23.a2zinc.net/clients/nace/corrosion2020/Public/eBooth.aspx?IndexInList=20&FromPage=Exhibitors.aspx&ParentBoothID=&ListByBooth=true&BoothID=101474,
American Innovations,1341,,Austin,United States,http://www.aiworldwide.com,,,https://s23.a2zinc.net/clients/nace/corrosion2020/Public/eBooth.aspx?IndexInList=21&FromPage=Exhibitors.aspx&ParentBoothID=&ListByBooth=true&BoothID=101186,
Andronaco Industries,543,,Kentwood,United States,http://www.andronaco.com,,,https://s23.a2zinc.net/clients/nace/corrosion2020/Public/eBooth.aspx?IndexInList=22&FromPage=Exhibitors.aspx&ParentBoothID=&ListByBooth=true&BoothID=100863,
Anko Group,1008,,Beijing,China,http://www.ankopipe.com,,,https://s23.a2zinc.net/clients/nace/corrosion2020/Public/eBooth.aspx?IndexInList=23&FromPage=Exhibitors.aspx&ParentBoothID=&ListByBooth=true&BoothID=101996,
Anode Systems,129,,Grand Junction,United States,http://www.anodesystems.com,,,https://s23.a2zinc.net/clients/nace/corrosion2020/Public/eBooth.aspx?IndexInList=24&FromPage=Exhibitors.aspx&ParentBoothID=&ListByBooth=true&BoothID=100720,
"Anotec Industries, Ltd.",1835,,Langley,Canada,http://www.anotec.com,,,https://s23.a2zinc.net/clients/nace/corrosion2020/Public/eBooth.aspx?IndexInList=25&FromPage=Exhibitors.aspx&ParentBoothID=&ListByBooth=true&BoothID=102020,
AOC,519,,Collierville,United States,http://www.aocaliancys.com,,Industries and Technologies CategoriesComposites,https://s23.a2zinc.net/clients/nace/corrosion2020/Public/eBooth.aspx?IndexInList=26&FromPage=Exhibitors.aspx&ParentBoothID=&ListByBooth=true&BoothID=102068,
Apache Industrial Services,1561,,Houston,United States,http://www.apacheip.com,,,https://s23.a2zinc.net/clients/nace/corrosion2020/Public/eBooth.aspx?IndexInList=27&FromPage=Exhibitors.aspx&ParentBoothID=&ListByBooth=true&BoothID=101266,
Applied Graphene Materials UK Ltd.,1254,,Redcar,United Kingdom,http://www.appliedgraphenematerials.com,,,https://s23.a2zinc.net/clients/nace/corrosion2020/Public/eBooth.aspx?IndexInList=28&FromPage=Exhibitors.aspx&ParentBoothID=&ListByBooth=true&BoothID=101153,
"Applied Thin Films, Inc.",1859,,Skokie,United States,http://www.atfinet.com,,,https://s23.a2zinc.net/clients/nace/corrosion2020/Public/eBooth.aspx?IndexInList=29&FromPage=Exhibitors.aspx&ParentBoothID=&ListByBooth=true&BoothID=101396,
Aptus,1650,,Charlotte,United States,http://www.goaptus.com,,,https://s23.a2zinc.net/clients/nace/corrosion2020/Public/eBooth.aspx?IndexInList=30&FromPage=Exhibitors.aspx&ParentBoothID=&ListByBooth=true&BoothID=102027,
Aquatec Group Limited,542,,Basingstoke Hampshire,United Kingdom,http://www.aquatecgroup.com,,,https://s23.a2zinc.net/clients/nace/corrosion2020/Public/eBooth.aspx?IndexInList=31&FromPage=Exhibitors.aspx&ParentBoothID=&ListByBooth=true&BoothID=100862,
Arista Materials & Consulting,316,,Houston,United States,http://www.aristaus.com,,,https://s23.a2zinc.net/clients/nace/corrosion2020/Public/eBooth.aspx?IndexInList=32&FromPage=Exhibitors.aspx&ParentBoothID=&ListByBooth=true&BoothID=100778,
ARK Engineering,2241,,Braintree,United States,http://www.arkengineering.com,,,https://s23.a2zinc.net/clients/nace/corrosion2020/Public/eBooth.aspx?IndexInList=33&FromPage=Exhibitors.aspx&ParentBoothID=&ListByBooth=true&BoothID=101526,
"Arkema, Inc.",1754,,King of Prussia,United States,http://www.arkema.com,,,https://s23.a2zinc.net/clients/nace/corrosion2020/Public/eBooth.aspx?IndexInList=34&FromPage=Exhibitors.aspx&ParentBoothID=&ListByBooth=true&BoothID=101348,
"Armacell Engineered Systems, Ltd.",2520,,Hammersmith London,United Kingdom,http://www.armacell.com/oilandgas,,,https://s23.a2zinc.net/clients/nace/corrosion2020/Public/eBooth.aspx?IndexInList=35&FromPage=Exhibitors.aspx&ParentBoothID=&ListByBooth=true&BoothID=101625,
Asbury Carbons,1911,,Asbury,United States,www.asbury.com,,,https://s23.a2zinc.net/clients/nace/corrosion2020/Public/eBooth.aspx?IndexInList=36&FromPage=Exhibitors.aspx&ParentBoothID=&ListByBooth=true&BoothID=101406,
Aspen Aerogels,541,,Northborough,United States,http://www.aerogel.com,,,https://s23.a2zinc.net/clients/nace/corrosion2020/Public/eBooth.aspx?IndexInList=37&FromPage=Exhibitors.aspx&ParentBoothID=&ListByBooth=true&BoothID=100861,
Atmospheric Corrosion Specialists,805,,The Villages,United States,,,"Industries and Technologies CategoriesCathodic Protection Coatings & Linings Pipelines, tanks, Underground Systems",https://s23.a2zinc.net/clients/nace/corrosion2020/Public/eBooth.aspx?IndexInList=38&FromPage=Exhibitors.aspx&ParentBoothID=&ListByBooth=true&BoothID=100944,
Australasian Corrosion Association,127,,Melbourne Victoria,Australia,,,,https://s23.a2zinc.net/clients/nace/corrosion2020/Public/eBooth.aspx?IndexInList=39&FromPage=Exhibitors.aspx&ParentBoothID=&ListByBooth=true&BoothID=100718,
Axalta Coating Systems,327,,Houston,United States,http://www.axalta.us/industrial,,,https://s23.a2zinc.net/clients/nace/corrosion2020/Public/eBooth.aspx?IndexInList=40&FromPage=Exhibitors.aspx&ParentBoothID=&ListByBooth=true&BoothID=100790,
"BAC Corrosion Control, Ltd.",423,,Telford Shropshire,United Kingdom,http://www.bacgroup.com,,,https://s23.a2zinc.net/clients/nace/corrosion2020/Public/eBooth.aspx?IndexInList=41&FromPage=Exhibitors.aspx&ParentBoothID=&ListByBooth=true&BoothID=100814,
"Baker Hughes, a GE Company",1335,,Houston,United States,http://www.bhge.com,,,https://s23.a2zinc.net/clients/nace/corrosion2020/Public/eBooth.aspx?IndexInList=42&FromPage=Exhibitors.aspx&ParentBoothID=&ListByBooth=true&BoothID=101180,
BASi,949,,West Lafayette,United States,http://www.basinc.com,,,https://s23.a2zinc.net/clients/nace/corrosion2020/Public/eBooth.aspx?IndexInList=43&FromPage=Exhibitors.aspx&ParentBoothID=&ListByBooth=true&BoothID=101014,
Bass Engineering,1340,,Longview,United States,http://www.bass-eng.com,,,https://s23.a2zinc.net/clients/nace/corrosion2020/Public/eBooth.aspx?IndexInList=44&FromPage=Exhibitors.aspx&ParentBoothID=&ListByBooth=true&BoothID=101183,
Bayou Companies/The,534,,New Iberia,United States,http://www.bayoucompanies.com,,,https://s23.a2zinc.net/clients/nace/corrosion2020/Public/eBooth.aspx?IndexInList=45&FromPage=Exhibitors.aspx&ParentBoothID=&ListByBooth=true&BoothID=100854,
BEASY,823,,Billerica,United States,http://www.beasy.com,,,https://s23.a2zinc.net/clients/nace/corrosion2020/Public/eBooth.aspx?IndexInList=46&FromPage=Exhibitors.aspx&ParentBoothID=&ListByBooth=true&BoothID=100959,
Bedford Reinforced Plastics,2620,,Bedford,United States,http://www.bedfordreinforced.com,,,https://s23.a2zinc.net/clients/nace/corrosion2020/Public/eBooth.aspx?IndexInList=47&FromPage=Exhibitors.aspx&ParentBoothID=&ListByBooth=true&BoothID=101662,
"Beijing BSS Corrosion Protection Industry Co., Ltd.",2121,,Beijing,China,http://www.bss.com.cn,,"Industries and Technologies CategoriesCathodic Protection Petroleum Refining Pipelines, tanks, Underground Systems",https://s23.a2zinc.net/clients/nace/corrosion2020/Public/eBooth.aspx?IndexInList=48&FromPage=Exhibitors.aspx&ParentBoothID=&ListByBooth=true&BoothID=101486,
"Berkeley Springs Instruments, LLC",1953,,Cumberland,United States,http://www.bsisentry.com,,,https://s23.a2zinc.net/clients/nace/corrosion2020/Public/eBooth.aspx?IndexInList=49&FromPage=Exhibitors.aspx&ParentBoothID=&ListByBooth=true&BoothID=101440,
BGH Edelstahlwerke GmbH,1106,,Siegen,Germany,http://www.bgh.de,,,https://s23.a2zinc.net/clients/nace/corrosion2020/Public/eBooth.aspx?IndexInList=50&FromPage=Exhibitors.aspx&ParentBoothID=&ListByBooth=true&BoothID=101077,
"Bio-Logic USA, LLC",2815,,Knoxville,United States,http://www.bio-logic.net,,Industries and Technologies CategoriesScience of Corrosion Testing,https://s23.a2zinc.net/clients/nace/corrosion2020/Public/eBooth.aspx?IndexInList=51&FromPage=Exhibitors.aspx&ParentBoothID=&ListByBooth=true&BoothID=101732,
"Biosan Laboratories, Inc.",1018,,Warren,United States,http://www.biosan.com,,,https://s23.a2zinc.net/clients/nace/corrosion2020/Public/eBooth.aspx?IndexInList=52&FromPage=Exhibitors.aspx&ParentBoothID=&ListByBooth=true&BoothID=101037,
Biotechnology Solutions,940,,Houston,United States,http://www.biotechnologysolutions.com,,,https://s23.a2zinc.net/clients/nace/corrosion2020/Public/eBooth.aspx?IndexInList=53&FromPage=Exhibitors.aspx&ParentBoothID=&ListByBooth=true&BoothID=101986,
"BK Corrosion, LLC",1642,,Houston,United States,http://www.bkcorrosion.com,,,https://s23.a2zinc.net/clients/nace/corrosion2020/Public/eBooth.aspx?IndexInList=54&FromPage=Exhibitors.aspx&ParentBoothID=&ListByBooth=true&BoothID=101294,
Blair Rubber/MRC,2427,,Seville,United States,http://www.blairrubber.com,,,https://s23.a2zinc.net/clients/nace/corrosion2020/Public/eBooth.aspx?IndexInList=55&FromPage=Exhibitors.aspx&ParentBoothID=&ListByBooth=true&BoothID=101597,
Borchers CHLOR*RID,1005,,Westlake,United States,http://www.chlor-rid.com,,,https://s23.a2zinc.net/clients/nace/corrosion2020/Public/eBooth.aspx?IndexInList=56&FromPage=Exhibitors.aspx&ParentBoothID=&ListByBooth=true&BoothID=101026,
Borin Manufacturing,2215,,Culver City,United States,http://www.borin.com,,,https://s23.a2zinc.net/clients/nace/corrosion2020/Public/eBooth.aspx?IndexInList=57&FromPage=Exhibitors.aspx&ParentBoothID=&ListByBooth=true&BoothID=101507,
"Brown Corrosion Services, Inc.",1921,,Houston,United States,http://www.browncorrosion.com,,,https://s23.a2zinc.net/clients/nace/corrosion2020/Public/eBooth.aspx?IndexInList=58&FromPage=Exhibitors.aspx&ParentBoothID=&ListByBooth=true&BoothID=101414,
BSS Technologies,335,,Dubai,United Arab Emirates,http://www.bsstechnologies.com,,,https://s23.a2zinc.net/clients/nace/corrosion2020/Public/eBooth.aspx?IndexInList=59&FromPage=Exhibitors.aspx&ParentBoothID=&ListByBooth=true&BoothID=100792,
BTG Products,839,,Canyon,United States,http://www.btgproducts.com,,,https://s23.a2zinc.net/clients/nace/corrosion2020/Public/eBooth.aspx?IndexInList=60&FromPage=Exhibitors.aspx&ParentBoothID=&ListByBooth=true&BoothID=101982,
Camfil Clean Air Solutions,1658,,Riverdale,United States,http://www.camfil.com,,,https://s23.a2zinc.net/clients/nace/corrosion2020/Public/eBooth.aspx?IndexInList=61&FromPage=Exhibitors.aspx&ParentBoothID=&ListByBooth=true&BoothID=101308,
"Capital Inspectors, LLC",2551,,Conroe,United States,http://www.capitalinspectors.com,,,https://s23.a2zinc.net/clients/nace/corrosion2020/Public/eBooth.aspx?IndexInList=62&FromPage=Exhibitors.aspx&ParentBoothID=&ListByBooth=true&BoothID=101648,
Caproco (1987) Limited,1127,,Edmonton,Canada,http://www.caproco.com,,,https://s23.a2zinc.net/clients/nace/corrosion2020/Public/eBooth.aspx?IndexInList=63&FromPage=Exhibitors.aspx&ParentBoothID=&ListByBooth=true&BoothID=101095,
Carboline Co.,1513,,St. Louis,United States,http://www.carboline.com,,,https://s23.a2zinc.net/clients/nace/corrosion2020/Public/eBooth.aspx?IndexInList=64&FromPage=Exhibitors.aspx&ParentBoothID=&ListByBooth=true&BoothID=101234,
Cathodic Protection Co. Ltd.,1443,,Grantham Lincolnshire,United Kingdom,http://www.cathodic.co.uk,,,https://s23.a2zinc.net/clients/nace/corrosion2020/Public/eBooth.aspx?IndexInList=65&FromPage=Exhibitors.aspx&ParentBoothID=&ListByBooth=true&BoothID=101219,
"Cathodic Technology, Ltd.",1716,,Bolton,Canada,http://www.cath-tech.com,,,https://s23.a2zinc.net/clients/nace/corrosion2020/Public/eBooth.aspx?IndexInList=66&FromPage=Exhibitors.aspx&ParentBoothID=&ListByBooth=true&BoothID=101317,
CCB International,2414,,Houston,United States,http://www.ccbinternational.com,,,https://s23.a2zinc.net/clients/nace/corrosion2020/Public/eBooth.aspx?IndexInList=67&FromPage=Exhibitors.aspx&ParentBoothID=&ListByBooth=true&BoothID=101582,
CCI Piping Systems,2728,,Breaux Bridge,United States,http://www.ccipipe.com,,,https://s23.a2zinc.net/clients/nace/corrosion2020/Public/eBooth.aspx?IndexInList=68&FromPage=Exhibitors.aspx&ParentBoothID=&ListByBooth=true&BoothID=101709,
"CECO Pipeline Services, Inc.",1000,,Houston,United States,http://www.tryceco.com,,,https://s23.a2zinc.net/clients/nace/corrosion2020/Public/eBooth.aspx?IndexInList=69&FromPage=Exhibitors.aspx&ParentBoothID=&ListByBooth=true&BoothID=101021,
CeRam-Kote,2648,,Big Spring,United States,,,,https://s23.a2zinc.net/clients/nace/corrosion2020/Public/eBooth.aspx?IndexInList=70&FromPage=Exhibitors.aspx&ParentBoothID=&ListByBooth=true&BoothID=101683,
CerAnode Technologies-Div of APS Materials Inc.,1027,,Dayton,United States,http://www.ceranode.com,,,https://s23.a2zinc.net/clients/nace/corrosion2020/Public/eBooth.aspx?IndexInList=71&FromPage=Exhibitors.aspx&ParentBoothID=&ListByBooth=true&BoothID=101048,
C-FER Technologies (1999) Inc.,538,,Edmonton,Canada,http://www.cfertech.com,,,https://s23.a2zinc.net/clients/nace/corrosion2020/Public/eBooth.aspx?IndexInList=72&FromPage=Exhibitors.aspx&ParentBoothID=&ListByBooth=true&BoothID=100858,
"Champion Corrosion Products, Inc.",2340,,Seguin,United States,http://www.championcorrosion.com,,,https://s23.a2zinc.net/clients/nace/corrosion2020/Public/eBooth.aspx?IndexInList=73&FromPage=Exhibitors.aspx&ParentBoothID=&ListByBooth=true&BoothID=101565,
Chapman Engineering,523,,Boerne,United States,http://www.chapman.engineering,,,https://s23.a2zinc.net/clients/nace/corrosion2020/Public/eBooth.aspx?IndexInList=74&FromPage=Exhibitors.aspx&ParentBoothID=&ListByBooth=true&BoothID=100847,
Chase Corp-Tapecoat/Royston,1613,,Westwood,United States,http://www.chasecorp.com,,,https://s23.a2zinc.net/clients/nace/corrosion2020/Public/eBooth.aspx?IndexInList=75&FromPage=Exhibitors.aspx&ParentBoothID=&ListByBooth=true&BoothID=101269,
ClampOn,936,,Houston,United States,http://www.clampon.com,,"Industries and Technologies CategoriesOil & Gas Exploration & Production Petroleum Refining Pipelines, tanks, Underground Systems",https://s23.a2zinc.net/clients/nace/corrosion2020/Public/eBooth.aspx?IndexInList=76&FromPage=Exhibitors.aspx&ParentBoothID=&ListByBooth=true&BoothID=101983,
Clariant Oil Services,1259,,The Woodlands,United States,http://www.clariant.com/oil,,,https://s23.a2zinc.net/clients/nace/corrosion2020/Public/eBooth.aspx?IndexInList=77&FromPage=Exhibitors.aspx&ParentBoothID=&ListByBooth=true&BoothID=101158,
Clean Wirx 207,708,,Katy,United States,http://www.cleanwirx.com,,,https://s23.a2zinc.net/clients/nace/corrosion2020/Public/eBooth.aspx?IndexInList=78&FromPage=Exhibitors.aspx&ParentBoothID=&ListByBooth=true&BoothID=100909,
Clemco Industries Corp.,1250,,Washington,United States,http://www.clemcoindustries.com,,,https://s23.a2zinc.net/clients/nace/corrosion2020/Public/eBooth.aspx?IndexInList=79&FromPage=Exhibitors.aspx&ParentBoothID=&ListByBooth=true&BoothID=101149,
ClockSpring|NRI,625,,Houston,United States,http://www.clockspring.com,,,https://s23.a2zinc.net/clients/nace/corrosion2020/Public/eBooth.aspx?IndexInList=80&FromPage=Exhibitors.aspx&ParentBoothID=&ListByBooth=true&BoothID=101976,
Coast to Coast Inspection Services,1312,,Portland,United States,http://www.coastnde.com,,,https://s23.a2zinc.net/clients/nace/corrosion2020/Public/eBooth.aspx?IndexInList=81&FromPage=Exhibitors.aspx&ParentBoothID=&ListByBooth=true&BoothID=101159,
"Coastal Corrosion Control, Inc.",1014,,Baton Rouge,United States,http://www.coastalcorrosion.com,,,https://s23.a2zinc.net/clients/nace/corrosion2020/Public/eBooth.aspx?IndexInList=82&FromPage=Exhibitors.aspx&ParentBoothID=&ListByBooth=true&BoothID=101033,
"Comsol, Inc.",441,,Burlington,United States,http://www.comsol.com,,Industries and Technologies CategoriesComposites Materials Selection & Design Testing,https://s23.a2zinc.net/clients/nace/corrosion2020/Public/eBooth.aspx?IndexInList=83&FromPage=Exhibitors.aspx&ParentBoothID=&ListByBooth=true&BoothID=100828,
"Concrete Sealants, Inc.",518,,Tipp City,United States,www.conseal.com,,,https://s23.a2zinc.net/clients/nace/corrosion2020/Public/eBooth.aspx?IndexInList=84&FromPage=Exhibitors.aspx&ParentBoothID=&ListByBooth=true&BoothID=100842,
Coonrod Electric Co.,2548,,Sinton,United States,http://cecnrg.com,,,https://s23.a2zinc.net/clients/nace/corrosion2020/Public/eBooth.aspx?IndexInList=85&FromPage=Exhibitors.aspx&ParentBoothID=&ListByBooth=true&BoothID=101647,
"Corr Instruments, LLC",628,,San Antonio,United States,http://www.corrinstruments.com,,,https://s23.a2zinc.net/clients/nace/corrosion2020/Public/eBooth.aspx?IndexInList=86&FromPage=Exhibitors.aspx&ParentBoothID=&ListByBooth=true&BoothID=100889,
CorrMagnet Consulting Inc.,901,,Calgary,Canada,http://www.corrmagnet.com,,"Industries and Technologies CategoriesChemical Inhibitors Oil & Gas Exploration & Production Pipelines, tanks, Underground Systems",https://s23.a2zinc.net/clients/nace/corrosion2020/Public/eBooth.aspx?IndexInList=87&FromPage=Exhibitors.aspx&ParentBoothID=&ListByBooth=true&BoothID=100977,
"Corroco International Industrial Co., Ltd.",1017,,Changsha Hunan,China,http://www.corrocogroup.com,,,https://s23.a2zinc.net/clients/nace/corrosion2020/Public/eBooth.aspx?IndexInList=88&FromPage=Exhibitors.aspx&ParentBoothID=&ListByBooth=true&BoothID=101036,
Corrosion Materials,2126,,Baker,United States,http://www.corrosionmaterials.com,,,https://s23.a2zinc.net/clients/nace/corrosion2020/Public/eBooth.aspx?IndexInList=89&FromPage=Exhibitors.aspx&ParentBoothID=&ListByBooth=true&BoothID=101493,
Corrosion Service Company Limited,2225,,Markham,Canada,http://www.corrosionservice.com,,,https://s23.a2zinc.net/clients/nace/corrosion2020/Public/eBooth.aspx?IndexInList=90&FromPage=Exhibitors.aspx&ParentBoothID=&ListByBooth=true&BoothID=101520,
Cortec Corporation,1715,,Saint Paul,United States,http://www.cortecvci.com,,,https://s23.a2zinc.net/clients/nace/corrosion2020/Public/eBooth.aspx?IndexInList=91&FromPage=Exhibitors.aspx&ParentBoothID=&ListByBooth=true&BoothID=101316,
"Cortest, Inc.",1122,,Willoughby,United States,http://www.cortest.com,,,https://s23.a2zinc.net/clients/nace/corrosion2020/Public/eBooth.aspx?IndexInList=92&FromPage=Exhibitors.aspx&ParentBoothID=&ListByBooth=true&BoothID=101088,
Cosasco,1635,,Santa Fe Springs,United States,http://www.cosasco.com,,,https://s23.a2zinc.net/clients/nace/corrosion2020/Public/eBooth.aspx?IndexInList=93&FromPage=Exhibitors.aspx&ParentBoothID=&ListByBooth=true&BoothID=101289,
"Cosmos Metallizing Co., Ltd.",235,,Haman-gun Gyeongsangnamdo,Korea (South),http://www.woojucoat.com,,Industries and Technologies CategoriesCoatings & Linings,https://s23.a2zinc.net/clients/nace/corrosion2020/Public/eBooth.aspx?IndexInList=94&FromPage=Exhibitors.aspx&ParentBoothID=&ListByBooth=true&BoothID=100759,
Crane Resistoflex®,1753,,Spring,United States,http://www.cranecpe.com,,,https://s23.a2zinc.net/clients/nace/corrosion2020/Public/eBooth.aspx?IndexInList=95&FromPage=Exhibitors.aspx&ParentBoothID=&ListByBooth=true&BoothID=101347,
Creaform,443,,Levis,Canada,http://www.creaform3d.com,,,https://s23.a2zinc.net/clients/nace/corrosion2020/Public/eBooth.aspx?IndexInList=96&FromPage=Exhibitors.aspx&ParentBoothID=&ListByBooth=true&BoothID=100830,
"CTI Industries, Inc.",1110,,Orange,United States,http://www.cti-ind.com,,,https://s23.a2zinc.net/clients/nace/corrosion2020/Public/eBooth.aspx?IndexInList=97&FromPage=Exhibitors.aspx&ParentBoothID=&ListByBooth=true&BoothID=101079,
Curran International,611,,Dickinson,United States,http://www.curranintl.com,,,https://s23.a2zinc.net/clients/nace/corrosion2020/Public/eBooth.aspx?IndexInList=98&FromPage=Exhibitors.aspx&ParentBoothID=&ListByBooth=true&BoothID=100874,
D.E. Stearns Co./The,1617,,Shreveport,United States,http://www.destearns.com,,,https://s23.a2zinc.net/clients/nace/corrosion2020/Public/eBooth.aspx?IndexInList=99&FromPage=Exhibitors.aspx&ParentBoothID=&ListByBooth=true&BoothID=101273,
Dairyland Electrical Industries,2135,,Stoughton,United States,http://www.dairyland.com,,,https://s23.a2zinc.net/clients/nace/corrosion2020/Public/eBooth.aspx?IndexInList=100&FromPage=Exhibitors.aspx&ParentBoothID=&ListByBooth=true&BoothID=101498,
Dakota Ultrasonics,1217,,Scotts Valley,United States,http://www.dakotaultrasonics.com,,,https://s23.a2zinc.net/clients/nace/corrosion2020/Public/eBooth.aspx?IndexInList=101&FromPage=Exhibitors.aspx&ParentBoothID=&ListByBooth=true&BoothID=101123,
Dale Co./ The,522,,Houston,United States,http://www.dalecompany.com,,,https://s23.a2zinc.net/clients/nace/corrosion2020/Public/eBooth.aspx?IndexInList=102&FromPage=Exhibitors.aspx&ParentBoothID=&ListByBooth=true&BoothID=100846,
"Dampney Co., Inc.",1646,,Everett,United States,www.dampney.com,,,https://s23.a2zinc.net/clients/nace/corrosion2020/Public/eBooth.aspx?IndexInList=103&FromPage=Exhibitors.aspx&ParentBoothID=&ListByBooth=true&BoothID=101296,
Danatronics,1011,,Danvers,United States,www.danatronics.com,,,https://s23.a2zinc.net/clients/nace/corrosion2020/Public/eBooth.aspx?IndexInList=104&FromPage=Exhibitors.aspx&ParentBoothID=&ListByBooth=true&BoothID=101032,
DC Voltage Gradient Technology & Supply Ltd.,529,,Swan Lane Hindley Green Wigan,United Kingdom,http://www.dcvg.co.uk,,"Industries and Technologies CategoriesCathodic Protection Pipelines, tanks, Underground Systems Testing",https://s23.a2zinc.net/clients/nace/corrosion2020/Public/eBooth.aspx?IndexInList=105&FromPage=Exhibitors.aspx&ParentBoothID=&ListByBooth=true&BoothID=100853,
De Nora,1935,,Concord,United States,http://www.denora.com,,,https://s23.a2zinc.net/clients/nace/corrosion2020/Public/eBooth.aspx?IndexInList=106&FromPage=Exhibitors.aspx&ParentBoothID=&ListByBooth=true&BoothID=101947,
DeFelsko Corporation,1227,,Ogdensburg,United States,http://www.defelsko.com,,,https://s23.a2zinc.net/clients/nace/corrosion2020/Public/eBooth.aspx?IndexInList=107&FromPage=Exhibitors.aspx&ParentBoothID=&ListByBooth=true&BoothID=101135,
Dehumidification Technologies,923,,Houston,United States,http://www.rentdh.com,,Industries and Technologies CategoriesCoatings & Linings Department of Defense Petroleum Refining,https://s23.a2zinc.net/clients/nace/corrosion2020/Public/eBooth.aspx?IndexInList=108&FromPage=Exhibitors.aspx&ParentBoothID=&ListByBooth=true&BoothID=101950,
Denso North America,1623,,Houston,United States,http://www.densona.com,,,https://s23.a2zinc.net/clients/nace/corrosion2020/Public/eBooth.aspx?IndexInList=109&FromPage=Exhibitors.aspx&ParentBoothID=&ListByBooth=true&BoothID=101285,
Deutsche Edelstahlwerke,1858,,Carol Stream,United States,http://www.schmolz-bickenbach.us,,,https://s23.a2zinc.net/clients/nace/corrosion2020/Public/eBooth.aspx?IndexInList=110&FromPage=Exhibitors.aspx&ParentBoothID=&ListByBooth=true&BoothID=101395,
DNV GL,1915,,Dublin,United States,http://www.dnvgl.com,,,https://s23.a2zinc.net/clients/nace/corrosion2020/Public/eBooth.aspx?IndexInList=111&FromPage=Exhibitors.aspx&ParentBoothID=&ListByBooth=true&BoothID=101410,
Drinkwater Products,727,,Franklin,United States,http://www.drinkwaterproducts.com,,,https://s23.a2zinc.net/clients/nace/corrosion2020/Public/eBooth.aspx?IndexInList=112&FromPage=Exhibitors.aspx&ParentBoothID=&ListByBooth=true&BoothID=100926,
Droycon Bioconcepts Inc.,2627,,Regina,Canada,http://www.dbi.ca,,,https://s23.a2zinc.net/clients/nace/corrosion2020/Public/eBooth.aspx?IndexInList=113&FromPage=Exhibitors.aspx&ParentBoothID=&ListByBooth=true&BoothID=101669,
E&P Services Group,2308,,Kilgore,United States,http://www.epservicesgroup.com,,,https://s23.a2zinc.net/clients/nace/corrosion2020/Public/eBooth.aspx?IndexInList=114&FromPage=Exhibitors.aspx&ParentBoothID=&ListByBooth=true&BoothID=101540,
ECKART GmbH,704,,Hartenstein Bavaria,Greece,http://www.eckart.net,,,https://s23.a2zinc.net/clients/nace/corrosion2020/Public/eBooth.aspx?IndexInList=115&FromPage=Exhibitors.aspx&ParentBoothID=&ListByBooth=true&BoothID=100905,
ECS - The Electrochemical Society,2615,,Pennington,United States,http://www.electrochem.org,,,https://s23.a2zinc.net/clients/nace/corrosion2020/Public/eBooth.aspx?IndexInList=116&FromPage=Exhibitors.aspx&ParentBoothID=&ListByBooth=true&BoothID=101657,
Eddyfi Technologies,1947,,Quebec,Canada,http://www.eddyfitechnologies.com,,,https://s23.a2zinc.net/clients/nace/corrosion2020/Public/eBooth.aspx?IndexInList=117&FromPage=Exhibitors.aspx&ParentBoothID=&ListByBooth=true&BoothID=101434,
"EIU, Inc.",701,,Haines City,United States,http://www.eiuinc.com,,,https://s23.a2zinc.net/clients/nace/corrosion2020/Public/eBooth.aspx?IndexInList=118&FromPage=Exhibitors.aspx&ParentBoothID=&ListByBooth=true&BoothID=100902,
Elcometer,2127,,Warren,United States,http://www.elcometerusa.com,,"Industries and Technologies CategoriesCoatings & Linings Pipelines, tanks, Underground Systems Testing",https://s23.a2zinc.net/clients/nace/corrosion2020/Public/eBooth.aspx?IndexInList=119&FromPage=Exhibitors.aspx&ParentBoothID=&ListByBooth=true&BoothID=101494,
Elecsys Corporation,741,,Olathe,United States,http://www.elecsyscorp.com,,"Industries and Technologies CategoriesOil & Gas Exploration & Production Pipelines, tanks, Underground Systems Water/Wastewater",https://s23.a2zinc.net/clients/nace/corrosion2020/Public/eBooth.aspx?IndexInList=120&FromPage=Exhibitors.aspx&ParentBoothID=&ListByBooth=true&BoothID=100936,
"Electralloy, a G.O. Carlson Inc. Co.",2635,,Oil City,United States,www.electralloy.com,,,https://s23.a2zinc.net/clients/nace/corrosion2020/Public/eBooth.aspx?IndexInList=121&FromPage=Exhibitors.aspx&ParentBoothID=&ListByBooth=true&BoothID=101673,
Element Materials Technology,535,,Houston ,United States,http://www.element.com,,,https://s23.a2zinc.net/clients/nace/corrosion2020/Public/eBooth.aspx?IndexInList=122&FromPage=Exhibitors.aspx&ParentBoothID=&ListByBooth=true&BoothID=100857,
Elementar Americas,2646,,Ronkonkoma,United States,https://www.elementaramericas.com/,,Industries and Technologies CategoriesTesting,https://s23.a2zinc.net/clients/nace/corrosion2020/Public/eBooth.aspx?IndexInList=123&FromPage=Exhibitors.aspx&ParentBoothID=&ListByBooth=true&BoothID=101682,
Elemko S.A.,618,,Metamorphosis,Greece,http://www.elemko.gr,,,https://s23.a2zinc.net/clients/nace/corrosion2020/Public/eBooth.aspx?IndexInList=124&FromPage=Exhibitors.aspx&ParentBoothID=&ListByBooth=true&BoothID=102012,
Elsyca NV,1043,,Wijgmaal,Belgium,http://www.elsyca.com,,,https://s23.a2zinc.net/clients/nace/corrosion2020/Public/eBooth.aspx?IndexInList=125&FromPage=Exhibitors.aspx&ParentBoothID=&ListByBooth=true&BoothID=101058,
EMD Performance Materials,907,,Philadelphia,United States,http://www.emdgroup.com,,,https://s23.a2zinc.net/clients/nace/corrosion2020/Public/eBooth.aspx?IndexInList=126&FromPage=Exhibitors.aspx&ParentBoothID=&ListByBooth=true&BoothID=100983,
Emerson,1721,,Houston,United States,http://www.emerson.com,,,https://s23.a2zinc.net/clients/nace/corrosion2020/Public/eBooth.aspx?IndexInList=127&FromPage=Exhibitors.aspx&ParentBoothID=&ListByBooth=true&BoothID=101324,
"EN Engineering, LLC",1022,,Warrenville,United States,http://www.enengineering.com,,,https://s23.a2zinc.net/clients/nace/corrosion2020/Public/eBooth.aspx?IndexInList=128&FromPage=Exhibitors.aspx&ParentBoothID=&ListByBooth=true&BoothID=101954,
"EnerClear Services, Inc.",2253,,Sylvan Lake,Canada,http://www.enerclearservices.com,,"Industries and Technologies CategoriesCoatings & Linings Pipelines, tanks, Underground Systems Water/Wastewater",https://s23.a2zinc.net/clients/nace/corrosion2020/Public/eBooth.aspx?IndexInList=129&FromPage=Exhibitors.aspx&ParentBoothID=&ListByBooth=true&BoothID=101531,
"Energy Economics, Inc.",1221,,Dodge Center,United States,http://www.eei.com,,,https://s23.a2zinc.net/clients/nace/corrosion2020/Public/eBooth.aspx?IndexInList=130&FromPage=Exhibitors.aspx&ParentBoothID=&ListByBooth=true&BoothID=101127,
Energy Saving Crew,1559,,Fort Morgan,United States,http://www.escinduction.com,,,https://s23.a2zinc.net/clients/nace/corrosion2020/Public/eBooth.aspx?IndexInList=131&FromPage=Exhibitors.aspx&ParentBoothID=&ListByBooth=true&BoothID=101264,
Enviropeel USA,525,,Indianapolis,United States,http://www.enviropeel.com,,,https://s23.a2zinc.net/clients/nace/corrosion2020/Public/eBooth.aspx?IndexInList=132&FromPage=Exhibitors.aspx&ParentBoothID=&ListByBooth=true&BoothID=100849,
ErgonArmor,2419,,Flowood,United States,,,,https://s23.a2zinc.net/clients/nace/corrosion2020/Public/eBooth.aspx?IndexInList=133&FromPage=Exhibitors.aspx&ParentBoothID=&ListByBooth=true&BoothID=101587,
European Federation of Corrosion (EFC),124,,Frankfurt a.M.,Germany,http://www.efcweb.org,,,https://s23.a2zinc.net/clients/nace/corrosion2020/Public/eBooth.aspx?IndexInList=134&FromPage=Exhibitors.aspx&ParentBoothID=&ListByBooth=true&BoothID=100715,
Evonik Corp.,622,,Parsippany,United States,www.evonik.com,,,https://s23.a2zinc.net/clients/nace/corrosion2020/Public/eBooth.aspx?IndexInList=135&FromPage=Exhibitors.aspx&ParentBoothID=&ListByBooth=true&BoothID=100883,
"Expro Americas, LLC",961,,Houston,United States,http://www.exprogroup.com,,,https://s23.a2zinc.net/clients/nace/corrosion2020/Public/eBooth.aspx?IndexInList=136&FromPage=Exhibitors.aspx&ParentBoothID=&ListByBooth=true&BoothID=102015,
"E-Z Line Pipe Support Company, LLC",624,,Manvel,United States,http://www.ezline.com,,,https://s23.a2zinc.net/clients/nace/corrosion2020/Public/eBooth.aspx?IndexInList=137&FromPage=Exhibitors.aspx&ParentBoothID=&ListByBooth=true&BoothID=100885,
Farwest Corrosion Control Co.,1135,,Downey,United States,http://www.farwestcorrosion.com,,,https://s23.a2zinc.net/clients/nace/corrosion2020/Public/eBooth.aspx?IndexInList=138&FromPage=Exhibitors.aspx&ParentBoothID=&ListByBooth=true&BoothID=101099,
"Fischer Technology, Inc.",2321,,Windsor,United States,http://www.fischer-technology.com,,,https://s23.a2zinc.net/clients/nace/corrosion2020/Public/eBooth.aspx?IndexInList=139&FromPage=Exhibitors.aspx&ParentBoothID=&ListByBooth=true&BoothID=101550,
Fisher Company,1756,,North Salt Lake,United States,http://www.fisherutah.com,,,https://s23.a2zinc.net/clients/nace/corrosion2020/Public/eBooth.aspx?IndexInList=140&FromPage=Exhibitors.aspx&ParentBoothID=&ListByBooth=true&BoothID=101350,
Flexitallic,806,,Deer Park,United States,http://www.flexitallic.com,,,https://s23.a2zinc.net/clients/nace/corrosion2020/Public/eBooth.aspx?IndexInList=141&FromPage=Exhibitors.aspx&ParentBoothID=&ListByBooth=true&BoothID=100945,
"Fluoramics, Inc.",1652,,Winona,United States,http://www.fluoramics.com,,,https://s23.a2zinc.net/clients/nace/corrosion2020/Public/eBooth.aspx?IndexInList=142&FromPage=Exhibitors.aspx&ParentBoothID=&ListByBooth=true&BoothID=102028,
"French Creek Software, Inc.",1214,,Valley Forge,United States,http://www.frenchcreeksoftware.com,,,https://s23.a2zinc.net/clients/nace/corrosion2020/Public/eBooth.aspx?IndexInList=143&FromPage=Exhibitors.aspx&ParentBoothID=&ListByBooth=true&BoothID=101963,
G2 Integrated Solutions,314,,Houston,United States,,,,https://s23.a2zinc.net/clients/nace/corrosion2020/Public/eBooth.aspx?IndexInList=144&FromPage=Exhibitors.aspx&ParentBoothID=&ListByBooth=true&BoothID=100777,
"Galvotec Alloys, Inc",2235,,Harvey,United States,http://www.galvotec.com,,Industries and Technologies CategoriesCathodic Protection,https://s23.a2zinc.net/clients/nace/corrosion2020/Public/eBooth.aspx?IndexInList=145&FromPage=Exhibitors.aspx&ParentBoothID=&ListByBooth=true&BoothID=101524,
"Gamry Instruments, Inc.",1740,,Warminster,United States,http://www.gamry.com,,,https://s23.a2zinc.net/clients/nace/corrosion2020/Public/eBooth.aspx?IndexInList=146&FromPage=Exhibitors.aspx&ParentBoothID=&ListByBooth=true&BoothID=101337,
Gecko Robotics,1948,,Pittsburgh,United States,http://www.geckorobotics.com,,,https://s23.a2zinc.net/clients/nace/corrosion2020/Public/eBooth.aspx?IndexInList=147&FromPage=Exhibitors.aspx&ParentBoothID=&ListByBooth=true&BoothID=101435,
General Corrosion Corp.,1656,,Minneapolis,United States,http://www.generalcorrosioncorp.com,,,https://s23.a2zinc.net/clients/nace/corrosion2020/Public/eBooth.aspx?IndexInList=148&FromPage=Exhibitors.aspx&ParentBoothID=&ListByBooth=true&BoothID=101306,
Gentherm Global Power Technologies,934,,Calgary,Canada,http://www.genthermglobalpower.com,,,https://s23.a2zinc.net/clients/nace/corrosion2020/Public/eBooth.aspx?IndexInList=149&FromPage=Exhibitors.aspx&ParentBoothID=&ListByBooth=true&BoothID=101003,
Geopolymer Solutions,815,,Conroe,United States,,,,https://s23.a2zinc.net/clients/nace/corrosion2020/Public/eBooth.aspx?IndexInList=150&FromPage=Exhibitors.aspx&ParentBoothID=&ListByBooth=true&BoothID=100951,
Girard Industries,2034,,Houston,United States,http://www.girardind.com,,,https://s23.a2zinc.net/clients/nace/corrosion2020/Public/eBooth.aspx?IndexInList=151&FromPage=Exhibitors.aspx&ParentBoothID=&ListByBooth=true&BoothID=101964,
GMA Garnet Group,2019,,The Woodlands,United States,http://www.gmagarnet.com,,,https://s23.a2zinc.net/clients/nace/corrosion2020/Public/eBooth.aspx?IndexInList=152&FromPage=Exhibitors.aspx&ParentBoothID=&ListByBooth=true&BoothID=102017,
"GMC Electrical, Inc.",2335,,Ontario,United States,http://www.gmcelectrical.net,,,https://s23.a2zinc.net/clients/nace/corrosion2020/Public/eBooth.aspx?IndexInList=153&FromPage=Exhibitors.aspx&ParentBoothID=&ListByBooth=true&BoothID=101967,
Goebel Fasteners Inc.,2103,,Houston,United States,http://www.goebelfasteners.com,,,https://s23.a2zinc.net/clients/nace/corrosion2020/Public/eBooth.aspx?IndexInList=154&FromPage=Exhibitors.aspx&ParentBoothID=&ListByBooth=true&BoothID=101482,
GPT Industries,826,,Wheat Ridge,United States,http://www.gptindustries.com,,,https://s23.a2zinc.net/clients/nace/corrosion2020/Public/eBooth.aspx?IndexInList=155&FromPage=Exhibitors.aspx&ParentBoothID=&ListByBooth=true&BoothID=100962,
Green Diamond Performance Materials,2451,,Riddle,United States,http://www.greendiamondpm.com,,,https://s23.a2zinc.net/clients/nace/corrosion2020/Public/eBooth.aspx?IndexInList=156&FromPage=Exhibitors.aspx&ParentBoothID=&ListByBooth=true&BoothID=101612,
"Greenman-Pedersen, Inc.",1223,,Babylon,United States,http://www.gpinet.com,,,https://s23.a2zinc.net/clients/nace/corrosion2020/Public/eBooth.aspx?IndexInList=157&FromPage=Exhibitors.aspx&ParentBoothID=&ListByBooth=true&BoothID=101129,
Grid-Guard,540,,Alpharetta,United States,http://www.j-drain.com,,,https://s23.a2zinc.net/clients/nace/corrosion2020/Public/eBooth.aspx?IndexInList=158&FromPage=Exhibitors.aspx&ParentBoothID=&ListByBooth=true&BoothID=100860,
Grillo-Werke AG,2514,,Duisburg,Germany,http://www.grillo.de,,Industries and Technologies CategoriesCathodic Protection Coatings & Linings,https://s23.a2zinc.net/clients/nace/corrosion2020/Public/eBooth.aspx?IndexInList=159&FromPage=Exhibitors.aspx&ParentBoothID=&ListByBooth=true&BoothID=101617,
Guided Ultrasonics Ltd.,334,,London,United Kingdom,http://www.guided-ultrasonics.com,,,https://s23.a2zinc.net/clients/nace/corrosion2020/Public/eBooth.aspx?IndexInList=160&FromPage=Exhibitors.aspx&ParentBoothID=&ListByBooth=true&BoothID=100791,
Harsco Minerals International,1152,,CampHill,United States,http://www.blackbeautyabrasive.com,,,https://s23.a2zinc.net/clients/nace/corrosion2020/Public/eBooth.aspx?IndexInList=161&FromPage=Exhibitors.aspx&ParentBoothID=&ListByBooth=true&BoothID=101111,
"Haynes International, Inc.",1320,,Kokomo,United States,http://www.haynesintl.com,,,https://s23.a2zinc.net/clients/nace/corrosion2020/Public/eBooth.aspx?IndexInList=162&FromPage=Exhibitors.aspx&ParentBoothID=&ListByBooth=true&BoothID=101167,
"HCL Fasteners, Ltd.",614,,Bath,United Kingdom,http://www.hclfasteners.com,,,https://s23.a2zinc.net/clients/nace/corrosion2020/Public/eBooth.aspx?IndexInList=163&FromPage=Exhibitors.aspx&ParentBoothID=&ListByBooth=true&BoothID=102010,
Hempel USA,1853,,Conroe,United States,http://www.hempel.us,,,https://s23.a2zinc.net/clients/nace/corrosion2020/Public/eBooth.aspx?IndexInList=164&FromPage=Exhibitors.aspx&ParentBoothID=&ListByBooth=true&BoothID=101390,
"High Performance Alloys, Inc.",435,,Windfall,United States,http://www.hpalloy.com,,,https://s23.a2zinc.net/clients/nace/corrosion2020/Public/eBooth.aspx?IndexInList=165&FromPage=Exhibitors.aspx&ParentBoothID=&ListByBooth=true&BoothID=100822,
"Highland International, LLC",710,,Boone,United States,http://www.highland-international.com,,,https://s23.a2zinc.net/clients/nace/corrosion2020/Public/eBooth.aspx?IndexInList=166&FromPage=Exhibitors.aspx&ParentBoothID=&ListByBooth=true&BoothID=100911,
"Highridge Consulting Services, LLC",1459,,Prague,United States,http://www.highridgecorrosion.com,,,https://s23.a2zinc.net/clients/nace/corrosion2020/Public/eBooth.aspx?IndexInList=167&FromPage=Exhibitors.aspx&ParentBoothID=&ListByBooth=true&BoothID=101232,
"HMI Technical Solutions, LLC",1151,,Blue Bell,United States,www.hmiservices.com,,,https://s23.a2zinc.net/clients/nace/corrosion2020/Public/eBooth.aspx?IndexInList=168&FromPage=Exhibitors.aspx&ParentBoothID=&ListByBooth=true&BoothID=101110,
HMT,2320,,The Woodlands,United States,,,,https://s23.a2zinc.net/clients/nace/corrosion2020/Public/eBooth.aspx?IndexInList=169&FromPage=Exhibitors.aspx&ParentBoothID=&ListByBooth=true&BoothID=101549,
HoldTight Solutions Inc.,1118,,Houston,United States,http://www.holdtight.com,,,https://s23.a2zinc.net/clients/nace/corrosion2020/Public/eBooth.aspx?IndexInList=170&FromPage=Exhibitors.aspx&ParentBoothID=&ListByBooth=true&BoothID=101084,
Honeywell,1727,,Houston,United States,http://www.honeywellprocess.com/corrosion,,,https://s23.a2zinc.net/clients/nace/corrosion2020/Public/eBooth.aspx?IndexInList=171&FromPage=Exhibitors.aspx&ParentBoothID=&ListByBooth=true&BoothID=101330,
Houston Electron Microscopy,714,,Houston,United States,http://www.houstonem.com,,,https://s23.a2zinc.net/clients/nace/corrosion2020/Public/eBooth.aspx?IndexInList=172&FromPage=Exhibitors.aspx&ParentBoothID=&ListByBooth=true&BoothID=102146,
Hubbell Gas Connectors and Accessories - ThermOweld,2020,,Tulsa,United States,http://www.thermoweld.com,,Industries and Technologies CategoriesCathodic Protection,https://s23.a2zinc.net/clients/nace/corrosion2020/Public/eBooth.aspx?IndexInList=173&FromPage=Exhibitors.aspx&ParentBoothID=&ListByBooth=true&BoothID=101771,
IBIX North America,2023,,Largo,United States,http://www.ibixusa.com,,,https://s23.a2zinc.net/clients/nace/corrosion2020/Public/eBooth.aspx?IndexInList=174&FromPage=Exhibitors.aspx&ParentBoothID=&ListByBooth=true&BoothID=102018,
ICORR Technologies,841,,Morgan,United States,http://www.icorrtech.com,,,https://s23.a2zinc.net/clients/nace/corrosion2020/Public/eBooth.aspx?IndexInList=175&FromPage=Exhibitors.aspx&ParentBoothID=&ListByBooth=true&BoothID=101984,
Imperative Chemical Partners,2518,,Portland,United States,,,,https://s23.a2zinc.net/clients/nace/corrosion2020/Public/eBooth.aspx?IndexInList=176&FromPage=Exhibitors.aspx&ParentBoothID=&ListByBooth=true&BoothID=101621,
Inductosense Limited,2519,,Bristol,United Kingdom,http://www.inductosense.com,,,https://s23.a2zinc.net/clients/nace/corrosion2020/Public/eBooth.aspx?IndexInList=177&FromPage=Exhibitors.aspx&ParentBoothID=&ListByBooth=true&BoothID=102073,
"InduMar Products, Inc.",115,,Houston,United States,http://www.indumar.com,,,https://s23.a2zinc.net/clients/nace/corrosion2020/Public/eBooth.aspx?IndexInList=178&FromPage=Exhibitors.aspx&ParentBoothID=&ListByBooth=true&BoothID=100706,
INEO Composites (Ashland),927,,Dublin,United States,http://www.ashland.com,,,https://s23.a2zinc.net/clients/nace/corrosion2020/Public/eBooth.aspx?IndexInList=179&FromPage=Exhibitors.aspx&ParentBoothID=&ListByBooth=true&BoothID=101952,
InnoTech Alberta,1657,,Edmonton,Canada,www.innotechalberta.ca,,,https://s23.a2zinc.net/clients/nace/corrosion2020/Public/eBooth.aspx?IndexInList=180&FromPage=Exhibitors.aspx&ParentBoothID=&ListByBooth=true&BoothID=101307,
Innovative Analytical Solutions,1849,,Bremen,United States,http://www.steelanalyzer.com,,,https://s23.a2zinc.net/clients/nace/corrosion2020/Public/eBooth.aspx?IndexInList=181&FromPage=Exhibitors.aspx&ParentBoothID=&ListByBooth=true&BoothID=101386,
Innovative Surface Prep,1046,,Gray,United States,http://www.isprllc.com,,,https://s23.a2zinc.net/clients/nace/corrosion2020/Public/eBooth.aspx?IndexInList=182&FromPage=Exhibitors.aspx&ParentBoothID=&ListByBooth=true&BoothID=101059,
Intech Services,626,,Newark,United States,http://www.intechservices.com,,,https://s23.a2zinc.net/clients/nace/corrosion2020/Public/eBooth.aspx?IndexInList=183&FromPage=Exhibitors.aspx&ParentBoothID=&ListByBooth=true&BoothID=100887,
Integrated Corrosion Companies,1121,,Houston,United States,http://www.integratedcorrosion.com,,"Industries and Technologies CategoriesCathodic Protection Pipelines, tanks, Underground Systems Water/Wastewater",https://s23.a2zinc.net/clients/nace/corrosion2020/Public/eBooth.aspx?IndexInList=184&FromPage=Exhibitors.aspx&ParentBoothID=&ListByBooth=true&BoothID=101087,
Integrated Global Services,1053,,Richmond,United States,http://www.integratedglobal.com,,,https://s23.a2zinc.net/clients/nace/corrosion2020/Public/eBooth.aspx?IndexInList=185&FromPage=Exhibitors.aspx&ParentBoothID=&ListByBooth=true&BoothID=101066,
Integrity Products,2101,,Sherwood Park,Canada,http://www.integrity-products.com,,,https://s23.a2zinc.net/clients/nace/corrosion2020/Public/eBooth.aspx?IndexInList=186&FromPage=Exhibitors.aspx&ParentBoothID=&ListByBooth=true&BoothID=101480,
Integrity Solutions Field Services,810,,Denver,United States,http://www.isfieldservices.com,,,https://s23.a2zinc.net/clients/nace/corrosion2020/Public/eBooth.aspx?IndexInList=187&FromPage=Exhibitors.aspx&ParentBoothID=&ListByBooth=true&BoothID=100949,
International/Interprovincial Corrosion Control. Co. Ltd.,1712,,Burlington,Canada,http://www.rustrol.com,,,https://s23.a2zinc.net/clients/nace/corrosion2020/Public/eBooth.aspx?IndexInList=188&FromPage=Exhibitors.aspx&ParentBoothID=&ListByBooth=true&BoothID=101314,
Intertek,922,,Houston,United States,http://www.intertek.com,,,https://s23.a2zinc.net/clients/nace/corrosion2020/Public/eBooth.aspx?IndexInList=189&FromPage=Exhibitors.aspx&ParentBoothID=&ListByBooth=true&BoothID=100995,
"ION Science, Inc.",422,,Stafford,United States,http://www.ionscience-usa.com,,"Industries and Technologies CategoriesOil & Gas Exploration & Production Pipelines, tanks, Underground Systems Testing",https://s23.a2zinc.net/clients/nace/corrosion2020/Public/eBooth.aspx?IndexInList=190&FromPage=Exhibitors.aspx&ParentBoothID=&ListByBooth=true&BoothID=102155,
Ionix Advanced Technologies,506,,W. Yorkshire,United Kingdom,http://www.ionix.at,,,https://s23.a2zinc.net/clients/nace/corrosion2020/Public/eBooth.aspx?IndexInList=191&FromPage=Exhibitors.aspx&ParentBoothID=&ListByBooth=true&BoothID=100837,
"Iris Inspection Services, Inc.",1939,,Baytown,United States,http://www.iris-inspection.com,,,https://s23.a2zinc.net/clients/nace/corrosion2020/Public/eBooth.aspx?IndexInList=192&FromPage=Exhibitors.aspx&ParentBoothID=&ListByBooth=true&BoothID=101949,
IRISNDT,1819,,Houston,United States,http://www.irisndt.com,,,https://s23.a2zinc.net/clients/nace/corrosion2020/Public/eBooth.aspx?IndexInList=193&FromPage=Exhibitors.aspx&ParentBoothID=&ListByBooth=true&BoothID=101363,
I-Rod Pipe Supports,916,,Houston,United States,http://www.stoprust.com,,,https://s23.a2zinc.net/clients/nace/corrosion2020/Public/eBooth.aspx?IndexInList=194&FromPage=Exhibitors.aspx&ParentBoothID=&ListByBooth=true&BoothID=100989,
"IRT Integrated Rectifier Technologies, Inc.",1934,,Edmonton,Canada,http://www.irtrectifier.com,,,https://s23.a2zinc.net/clients/nace/corrosion2020/Public/eBooth.aspx?IndexInList=195&FromPage=Exhibitors.aspx&ParentBoothID=&ListByBooth=true&BoothID=102022,
IUPAT Finishing Trades Institute,2001,,Hanover,United States,http://www.iupat.org,,,https://s23.a2zinc.net/clients/nace/corrosion2020/Public/eBooth.aspx?IndexInList=196&FromPage=Exhibitors.aspx&ParentBoothID=&ListByBooth=true&BoothID=101449,
Ivium Technologies,1847,,Eindhoven,Netherlands,http://www.ivium.com,,Industries and Technologies CategoriesTesting,https://s23.a2zinc.net/clients/nace/corrosion2020/Public/eBooth.aspx?IndexInList=197&FromPage=Exhibitors.aspx&ParentBoothID=&ListByBooth=true&BoothID=101384,
JA Electronics,1542,,Stafford,United States,http://www.jaelectronics.com,,"Industries and Technologies CategoriesCathodic Protection Energy Generation, Transmission & Distribution Pipelines, tanks, Underground Systems",https://s23.a2zinc.net/clients/nace/corrosion2020/Public/eBooth.aspx?IndexInList=198&FromPage=Exhibitors.aspx&ParentBoothID=&ListByBooth=true&BoothID=101250,
"Japan System Planning Co., Ltd.",2416,,Shibuya Tokyo,Japan,http://www.jsp-world.com,,,https://s23.a2zinc.net/clients/nace/corrosion2020/Public/eBooth.aspx?IndexInList=199&FromPage=Exhibitors.aspx&ParentBoothID=&ListByBooth=true&BoothID=101584,
Jennings Anodes USA,2343,,Houston,United States,http://www.jenningsanodes.com,,,https://s23.a2zinc.net/clients/nace/corrosion2020/Public/eBooth.aspx?IndexInList=200&FromPage=Exhibitors.aspx&ParentBoothID=&ListByBooth=true&BoothID=101568,
"Jentek Sensors, Inc.",2202,,Marlborough,United States,http://www.jenteksensors.com,,Industries and Technologies CategoriesTesting,https://s23.a2zinc.net/clients/nace/corrosion2020/Public/eBooth.aspx?IndexInList=201&FromPage=Exhibitors.aspx&ParentBoothID=&ListByBooth=true&BoothID=101501,
Johns Manville,1551,,Denver,United States,http://www.jm.com,,Industries and Technologies CategoriesChemical Inhibitors Materials Selection & Design Petroleum Refining,https://s23.a2zinc.net/clients/nace/corrosion2020/Public/eBooth.aspx?IndexInList=202&FromPage=Exhibitors.aspx&ParentBoothID=&ListByBooth=true&BoothID=101256,
"Jotun Paints, Inc.",2317,,Belle Chasse,United States,http://www.jotun.com,,,https://s23.a2zinc.net/clients/nace/corrosion2020/Public/eBooth.aspx?IndexInList=203&FromPage=Exhibitors.aspx&ParentBoothID=&ListByBooth=true&BoothID=101546,
"JRGO, LLC",2243,,Mt. Pleasant,United States,http://www.jrgollc.com,,,https://s23.a2zinc.net/clients/nace/corrosion2020/Public/eBooth.aspx?IndexInList=204&FromPage=Exhibitors.aspx&ParentBoothID=&ListByBooth=true&BoothID=102069,
Kantex Industries,1142,,Olathe,United States,http://www.kantex.com,,"Industries and Technologies CategoriesCathodic Protection Pipelines, tanks, Underground Systems Water/Wastewater",https://s23.a2zinc.net/clients/nace/corrosion2020/Public/eBooth.aspx?IndexInList=205&FromPage=Exhibitors.aspx&ParentBoothID=&ListByBooth=true&BoothID=101104,
Kennametal Conforma Clad,921,,Latrobe,United States,http://www.conformaclad.com,,,https://s23.a2zinc.net/clients/nace/corrosion2020/Public/eBooth.aspx?IndexInList=206&FromPage=Exhibitors.aspx&ParentBoothID=&ListByBooth=true&BoothID=102091,
Koch Specialty Plant Services LLC,1004,,Houston,United States,http://www.kochservices.com,,,https://s23.a2zinc.net/clients/nace/corrosion2020/Public/eBooth.aspx?IndexInList=207&FromPage=Exhibitors.aspx&ParentBoothID=&ListByBooth=true&BoothID=101025,
"KORTEK Corrosion Technologies Co., Ltd.",2415,,Ankara,Turkey,http://www.kortek.com.tr,,,https://s23.a2zinc.net/clients/nace/corrosion2020/Public/eBooth.aspx?IndexInList=208&FromPage=Exhibitors.aspx&ParentBoothID=&ListByBooth=true&BoothID=101583,
"KTA-Tator, Inc.",1314,,Pittsburgh,United States,http://www.kta.com,,,https://s23.a2zinc.net/clients/nace/corrosion2020/Public/eBooth.aspx?IndexInList=209&FromPage=Exhibitors.aspx&ParentBoothID=&ListByBooth=true&BoothID=101161,
"Kuraray America, Inc",1141,,Houston,United States,http://www.kuraray.com,,,https://s23.a2zinc.net/clients/nace/corrosion2020/Public/eBooth.aspx?IndexInList=210&FromPage=Exhibitors.aspx&ParentBoothID=&ListByBooth=true&BoothID=101103,
Laiken S.A.,1040,,Buenos Aires,Argentina,http://www.laiken.com.ar,,,https://s23.a2zinc.net/clients/nace/corrosion2020/Public/eBooth.aspx?IndexInList=211&FromPage=Exhibitors.aspx&ParentBoothID=&ListByBooth=true&BoothID=101055,
Lake Superior Consulting,2350,,Duluth,United States,,,,https://s23.a2zinc.net/clients/nace/corrosion2020/Public/eBooth.aspx?IndexInList=212&FromPage=Exhibitors.aspx&ParentBoothID=&ListByBooth=true&BoothID=101572,
Lamons,2434,,Houston,United States,http://www.lamons.com,,,https://s23.a2zinc.net/clients/nace/corrosion2020/Public/eBooth.aspx?IndexInList=213&FromPage=Exhibitors.aspx&ParentBoothID=&ListByBooth=true&BoothID=101970,
LBBC Baskerville,2120,,Leeds,United Kingdom,http://www.lbbcbaskerville.co.uk,,,https://s23.a2zinc.net/clients/nace/corrosion2020/Public/eBooth.aspx?IndexInList=214&FromPage=Exhibitors.aspx&ParentBoothID=&ListByBooth=true&BoothID=102071,
LineVision,1215,,Somerville,United States,http://www.linevision.co/pact,,"Industries and Technologies CategoriesCathodic Protection Energy Generation, Transmission & Distribution Pipelines, tanks, Underground Systems",https://s23.a2zinc.net/clients/nace/corrosion2020/Public/eBooth.aspx?IndexInList=215&FromPage=Exhibitors.aspx&ParentBoothID=&ListByBooth=true&BoothID=101121,
Lloyd's Register,418,,Houston,United States,http://www.lr.org,,,https://s23.a2zinc.net/clients/nace/corrosion2020/Public/eBooth.aspx?IndexInList=216&FromPage=Exhibitors.aspx&ParentBoothID=&ListByBooth=true&BoothID=102153,
"Loftis Company, The",2614,,Midland,United States,http://www.loftiscompany.com,,,https://s23.a2zinc.net/clients/nace/corrosion2020/Public/eBooth.aspx?IndexInList=217&FromPage=Exhibitors.aspx&ParentBoothID=&ListByBooth=true&BoothID=101656,
"LORESCO, Inc.",1619,,Hattiesburg,United States,http://www.loresco.com,,,https://s23.a2zinc.net/clients/nace/corrosion2020/Public/eBooth.aspx?IndexInList=218&FromPage=Exhibitors.aspx&ParentBoothID=&ListByBooth=true&BoothID=101275,
Luna,909,,Charlottesville,United States,http://www.lunainc.com,,,https://s23.a2zinc.net/clients/nace/corrosion2020/Public/eBooth.aspx?IndexInList=219&FromPage=Exhibitors.aspx&ParentBoothID=&ListByBooth=true&BoothID=101995,
M.C. Miller Co.,1319,,Sebastian,United States,http://www.mcmiller.com,,,https://s23.a2zinc.net/clients/nace/corrosion2020/Public/eBooth.aspx?IndexInList=220&FromPage=Exhibitors.aspx&ParentBoothID=&ListByBooth=true&BoothID=101168,
"Magnetic Products and Services, Inc.",2200,,Holmdel,United States,http://www.gaussbusters.com,,,https://s23.a2zinc.net/clients/nace/corrosion2020/Public/eBooth.aspx?IndexInList=221&FromPage=Exhibitors.aspx&ParentBoothID=&ListByBooth=true&BoothID=101499,
Magneto Special Anodes,  an EVOQUA Brand,1020,,"Union,",United States,www.evoqua.com,,,https://s23.a2zinc.net/clients/nace/corrosion2020/Public/eBooth.aspx?IndexInList=222&FromPage=Exhibitors.aspx&ParentBoothID=&ListByBooth=true&BoothID=101959
Mascoat,2211,,Houston,United States,http://www.mascoat.com,,,https://s23.a2zinc.net/clients/nace/corrosion2020/Public/eBooth.aspx?IndexInList=223&FromPage=Exhibitors.aspx&ParentBoothID=&ListByBooth=true&BoothID=101506,
"MATCOR, Inc.",1325,,Chalfont,United States,http://www.matcor.com,,,https://s23.a2zinc.net/clients/nace/corrosion2020/Public/eBooth.aspx?IndexInList=224&FromPage=Exhibitors.aspx&ParentBoothID=&ListByBooth=true&BoothID=101176,
"Matergenics, Inc.",951,,Pittsburgh,United States,http://www.matergenics.com,,,https://s23.a2zinc.net/clients/nace/corrosion2020/Public/eBooth.aspx?IndexInList=225&FromPage=Exhibitors.aspx&ParentBoothID=&ListByBooth=true&BoothID=101015,
McClure Energy Solutions (MES),1852,,North Kansas City,United States,http://www.mcclureenergy.com,,,https://s23.a2zinc.net/clients/nace/corrosion2020/Public/eBooth.aspx?IndexInList=226&FromPage=Exhibitors.aspx&ParentBoothID=&ListByBooth=true&BoothID=101389,
"Mears Group, Inc.",1814,,Rosebush,United States,http://www.mearscorrosion.com,,,https://s23.a2zinc.net/clients/nace/corrosion2020/Public/eBooth.aspx?IndexInList=227&FromPage=Exhibitors.aspx&ParentBoothID=&ListByBooth=true&BoothID=101358,
MESA,2035,,Tulsa,United States,http://www.mesaproducts.com,,,https://s23.a2zinc.net/clients/nace/corrosion2020/Public/eBooth.aspx?IndexInList=228&FromPage=Exhibitors.aspx&ParentBoothID=&ListByBooth=true&BoothID=101471,
Metal Samples,1519,,Munford,United States,http://www.metalsamples.com,,,https://s23.a2zinc.net/clients/nace/corrosion2020/Public/eBooth.aspx?IndexInList=229&FromPage=Exhibitors.aspx&ParentBoothID=&ListByBooth=true&BoothID=101238,
Metallurgical Engineering Services,711,,Richardson,United States,http://www.metengr.com,,,https://s23.a2zinc.net/clients/nace/corrosion2020/Public/eBooth.aspx?IndexInList=230&FromPage=Exhibitors.aspx&ParentBoothID=&ListByBooth=true&BoothID=100912,
MetriCorr,2351,,Roedovre,Denmark,http://www.metricorr.com,,,https://s23.a2zinc.net/clients/nace/corrosion2020/Public/eBooth.aspx?IndexInList=231&FromPage=Exhibitors.aspx&ParentBoothID=&ListByBooth=true&BoothID=101573,
Metrohm USA,2118,,Riverview,United States,http://www.metrohm.com,,,https://s23.a2zinc.net/clients/nace/corrosion2020/Public/eBooth.aspx?IndexInList=232&FromPage=Exhibitors.aspx&ParentBoothID=&ListByBooth=true&BoothID=101483,
Microbial Analysis,419,,Groningen,Netherlands,http://www.microbialanalysis.com,,,https://s23.a2zinc.net/clients/nace/corrosion2020/Public/eBooth.aspx?IndexInList=233&FromPage=Exhibitors.aspx&ParentBoothID=&ListByBooth=true&BoothID=100810,
"Microbial Insights, Inc.",1010,,Knoxville,United States,http://www.microbe.com,,,https://s23.a2zinc.net/clients/nace/corrosion2020/Public/eBooth.aspx?IndexInList=234&FromPage=Exhibitors.aspx&ParentBoothID=&ListByBooth=true&BoothID=101031,
"MISTRAS Group, Inc.",715,,Princeton Junction,United States,http://www.mistrasgroup.com,,,https://s23.a2zinc.net/clients/nace/corrosion2020/Public/eBooth.aspx?IndexInList=235&FromPage=Exhibitors.aspx&ParentBoothID=&ListByBooth=true&BoothID=100916,
"Mobiltex Technologies, Inc.",721,,Calgary,Canada,http://www.mobiltex.com,,,https://s23.a2zinc.net/clients/nace/corrosion2020/Public/eBooth.aspx?IndexInList=236&FromPage=Exhibitors.aspx&ParentBoothID=&ListByBooth=true&BoothID=100922,
"Modern Water, Inc.",821,,New Caslte,United States,http://www.modernwater.com,,,https://s23.a2zinc.net/clients/nace/corrosion2020/Public/eBooth.aspx?IndexInList=237&FromPage=Exhibitors.aspx&ParentBoothID=&ListByBooth=true&BoothID=100957,
"Modumetal, Inc.",1047,,Seattle,United States,http://www.modumetal.com,,,https://s23.a2zinc.net/clients/nace/corrosion2020/Public/eBooth.aspx?IndexInList=238&FromPage=Exhibitors.aspx&ParentBoothID=&ListByBooth=true&BoothID=101060,
Montipower Americas Inc.,2527,,Manassas,United States,http://www.mbxit.com,,,https://s23.a2zinc.net/clients/nace/corrosion2020/Public/eBooth.aspx?IndexInList=239&FromPage=Exhibitors.aspx&ParentBoothID=&ListByBooth=true&BoothID=101632,
MTS,2207,,Overland Park,United States,http://www.mtsquanta.com,,,https://s23.a2zinc.net/clients/nace/corrosion2020/Public/eBooth.aspx?IndexInList=240&FromPage=Exhibitors.aspx&ParentBoothID=&ListByBooth=true&BoothID=101504,
NACE Media,2721,,Houston,United States,http://www.nace.org/resources,,,https://s23.a2zinc.net/clients/nace/corrosion2020/Public/eBooth.aspx?IndexInList=241&FromPage=Exhibitors.aspx&ParentBoothID=&ListByBooth=true&BoothID=101707,
"NALCO Champion, an Ecolab Company",1035,,Sugarland,United States,http://www.nalcochampion.com,,,https://s23.a2zinc.net/clients/nace/corrosion2020/Public/eBooth.aspx?IndexInList=242&FromPage=Exhibitors.aspx&ParentBoothID=&ListByBooth=true&BoothID=101050,
"NDT Global, LLC",321,,Houston,United States,http://www.ndt-global.com,,,https://s23.a2zinc.net/clients/nace/corrosion2020/Public/eBooth.aspx?IndexInList=243&FromPage=Exhibitors.aspx&ParentBoothID=&ListByBooth=true&BoothID=102151,
"NDT Seals, Inc.",843,,Houston,United States,http://www.ndtseals.com,,,https://s23.a2zinc.net/clients/nace/corrosion2020/Public/eBooth.aspx?IndexInList=244&FromPage=Exhibitors.aspx&ParentBoothID=&ListByBooth=true&BoothID=101985,
"NDT Spot, Inc.",421,,Houston,United States,http://www.ndtspot.com,,,https://s23.a2zinc.net/clients/nace/corrosion2020/Public/eBooth.aspx?IndexInList=245&FromPage=Exhibitors.aspx&ParentBoothID=&ListByBooth=true&BoothID=100812,
Nippon Steel Corp.,121,,Wakayama ,Japan,http://www.nipponsteel.com,,,https://s23.a2zinc.net/clients/nace/corrosion2020/Public/eBooth.aspx?IndexInList=246&FromPage=Exhibitors.aspx&ParentBoothID=&ListByBooth=true&BoothID=102030,
North American Survey Corporation,1945,,Spring,United States,http://www.nascorp.biz,,,https://s23.a2zinc.net/clients/nace/corrosion2020/Public/eBooth.aspx?IndexInList=247&FromPage=Exhibitors.aspx&ParentBoothID=&ListByBooth=true&BoothID=101774,
Northrop Grumman,1050,,Annapolis,United States,,,,https://s23.a2zinc.net/clients/nace/corrosion2020/Public/eBooth.aspx?IndexInList=248&FromPage=Exhibitors.aspx&ParentBoothID=&ListByBooth=true&BoothID=101063,
Northtown Company,2422,,Huntington Beach,United States,http://www.northtowncompany.com,,,https://s23.a2zinc.net/clients/nace/corrosion2020/Public/eBooth.aspx?IndexInList=249&FromPage=Exhibitors.aspx&ParentBoothID=&ListByBooth=true&BoothID=101590,
Norton Corrosion Ltd.,914,,Woodinville,United States,http://www.nortoncorrosion.com,,,https://s23.a2zinc.net/clients/nace/corrosion2020/Public/eBooth.aspx?IndexInList=250&FromPage=Exhibitors.aspx&ParentBoothID=&ListByBooth=true&BoothID=100987,
NOV Tuboscope,827,,Houston,United States,http://www.nov.com,,,https://s23.a2zinc.net/clients/nace/corrosion2020/Public/eBooth.aspx?IndexInList=251&FromPage=Exhibitors.aspx&ParentBoothID=&ListByBooth=true&BoothID=100965,
Novosound Ltd.,1648,,Motherwell,United Kingdom,http://www.novosound.net,,,https://s23.a2zinc.net/clients/nace/corrosion2020/Public/eBooth.aspx?IndexInList=252&FromPage=Exhibitors.aspx&ParentBoothID=&ListByBooth=true&BoothID=101298,
Nukote Coating Systems,2046,,Houston,United States,,,,https://s23.a2zinc.net/clients/nace/corrosion2020/Public/eBooth.aspx?IndexInList=253&FromPage=Exhibitors.aspx&ParentBoothID=&ListByBooth=true&BoothID=101475,
"NVI, LLC",911,,Gray,United States,http://www.nvindt.com,,,https://s23.a2zinc.net/clients/nace/corrosion2020/Public/eBooth.aspx?IndexInList=254&FromPage=Exhibitors.aspx&ParentBoothID=&ListByBooth=true&BoothID=100986,
"OLI Systems, Inc.",2119,,Cedar Knolls,United States,http://www.olisystems.com,,,https://s23.a2zinc.net/clients/nace/corrosion2020/Public/eBooth.aspx?IndexInList=255&FromPage=Exhibitors.aspx&ParentBoothID=&ListByBooth=true&BoothID=101484,
OmniMetrix,942,,Buford,United States,http://www.omnimetrix.net,,,https://s23.a2zinc.net/clients/nace/corrosion2020/Public/eBooth.aspx?IndexInList=256&FromPage=Exhibitors.aspx&ParentBoothID=&ListByBooth=true&BoothID=101987,
"OneBridge Solutions, Inc.",1001,,Edmonton,Canada,http://www.onebridgesolutions.com,,,https://s23.a2zinc.net/clients/nace/corrosion2020/Public/eBooth.aspx?IndexInList=257&FromPage=Exhibitors.aspx&ParentBoothID=&ListByBooth=true&BoothID=101022,
Onyx Services,1042,,New Caney,United States,http://www.onyxservices.com,,,https://s23.a2zinc.net/clients/nace/corrosion2020/Public/eBooth.aspx?IndexInList=258&FromPage=Exhibitors.aspx&ParentBoothID=&ListByBooth=true&BoothID=101991,
"Outokumpu Stainless USA, LLC",1114,,Calvert,United States,http://www.outokumpu.com,,"Industries and Technologies CategoriesMaterials Selection & Design Pipelines, tanks, Underground Systems Science of Corrosion",https://s23.a2zinc.net/clients/nace/corrosion2020/Public/eBooth.aspx?IndexInList=259&FromPage=Exhibitors.aspx&ParentBoothID=&ListByBooth=true&BoothID=101080,
Owens Corning FOAMGLAS Insulation,2515,,Pittsburgh,United States,http://www.foamglas.com,,,https://s23.a2zinc.net/clients/nace/corrosion2020/Public/eBooth.aspx?IndexInList=260&FromPage=Exhibitors.aspx&ParentBoothID=&ListByBooth=true&BoothID=101618,
"P.A., Inc",1918,,Houston,United States,http://www.painc.com,,,https://s23.a2zinc.net/clients/nace/corrosion2020/Public/eBooth.aspx?IndexInList=261&FromPage=Exhibitors.aspx&ParentBoothID=&ListByBooth=true&BoothID=101411,
Pacific Sensor,1019,,Carrollton,United States,http://www.pacificsensor.com,,,https://s23.a2zinc.net/clients/nace/corrosion2020/Public/eBooth.aspx?IndexInList=262&FromPage=Exhibitors.aspx&ParentBoothID=&ListByBooth=true&BoothID=101038,
Parr Instrument Co.,2251,,Moline,United States,http://www.parrinst.com,,,https://s23.a2zinc.net/clients/nace/corrosion2020/Public/eBooth.aspx?IndexInList=263&FromPage=Exhibitors.aspx&ParentBoothID=&ListByBooth=true&BoothID=101530,
PCC Metal Group,1313,,Exton,United States,http://www.pccenergy.com,,,https://s23.a2zinc.net/clients/nace/corrosion2020/Public/eBooth.aspx?IndexInList=264&FromPage=Exhibitors.aspx&ParentBoothID=&ListByBooth=true&BoothID=101162,
"PCC Rollmet, Inc.",1023,,Irvine,United States,http://www.rollmetusa.com,,,https://s23.a2zinc.net/clients/nace/corrosion2020/Public/eBooth.aspx?IndexInList=265&FromPage=Exhibitors.aspx&ParentBoothID=&ListByBooth=true&BoothID=101042,
PDS,1009,,El Dorado,United States,http://www.pdscoinc.com,,,https://s23.a2zinc.net/clients/nace/corrosion2020/Public/eBooth.aspx?IndexInList=266&FromPage=Exhibitors.aspx&ParentBoothID=&ListByBooth=true&BoothID=101030,
Penspen Corp.,1359,,Houston,United States,http://www.penspen.com,,,https://s23.a2zinc.net/clients/nace/corrosion2020/Public/eBooth.aspx?IndexInList=267&FromPage=Exhibitors.aspx&ParentBoothID=&ListByBooth=true&BoothID=101200,
Perma-Pipe Inc.,807,,Niles,United States,http://www.permapipe.com,,,https://s23.a2zinc.net/clients/nace/corrosion2020/Public/eBooth.aspx?IndexInList=268&FromPage=Exhibitors.aspx&ParentBoothID=&ListByBooth=true&BoothID=100946,
Pine Research Instrumentation,434,,Durham,United States,http://www.pineresearch.com,,,https://s23.a2zinc.net/clients/nace/corrosion2020/Public/eBooth.aspx?IndexInList=269&FromPage=Exhibitors.aspx&ParentBoothID=&ListByBooth=true&BoothID=100821,
"Pipeline Inspection Co., Ltd.",2027,,Houston,United States,http://www.picltd.com,,,https://s23.a2zinc.net/clients/nace/corrosion2020/Public/eBooth.aspx?IndexInList=270&FromPage=Exhibitors.aspx&ParentBoothID=&ListByBooth=true&BoothID=101467,
PLIDCO,406,,Westlake,United States,http://www.plidco.com,,,https://s23.a2zinc.net/clients/nace/corrosion2020/Public/eBooth.aspx?IndexInList=271&FromPage=Exhibitors.aspx&ParentBoothID=&ListByBooth=true&BoothID=100807,
"Polycorp , Ltd.",1240,,Elora,Canada,http://www.poly-corp.com,,Industries and Technologies CategoriesCoatings & Linings Materials Selection & Design Process Industries,https://s23.a2zinc.net/clients/nace/corrosion2020/Public/eBooth.aspx?IndexInList=272&FromPage=Exhibitors.aspx&ParentBoothID=&ListByBooth=true&BoothID=101142,
"Polyguard Products, Inc.",1841,,Ennis,United States,http://www.polyguard.com,,,https://s23.a2zinc.net/clients/nace/corrosion2020/Public/eBooth.aspx?IndexInList=273&FromPage=Exhibitors.aspx&ParentBoothID=&ListByBooth=true&BoothID=101381,
Pond,1049,,Peachtree Corners,United States,http://www.pondco.com,,,https://s23.a2zinc.net/clients/nace/corrosion2020/Public/eBooth.aspx?IndexInList=274&FromPage=Exhibitors.aspx&ParentBoothID=&ListByBooth=true&BoothID=101062,
PPG Protective & Marine Coatings,1235,,Pittsburgh,United States,http://www.ppgpmc.com,,,https://s23.a2zinc.net/clients/nace/corrosion2020/Public/eBooth.aspx?IndexInList=275&FromPage=Exhibitors.aspx&ParentBoothID=&ListByBooth=true&BoothID=101139,
Praxair Surface Technologies,1021,,Indianapolis,United States,http://www.praxairsurfacetechnologies.com,,,https://s23.a2zinc.net/clients/nace/corrosion2020/Public/eBooth.aspx?IndexInList=276&FromPage=Exhibitors.aspx&ParentBoothID=&ListByBooth=true&BoothID=101040,
Princeton Applied Research,1543,,Oak Ridge,United States,http://www.ameteksi.com,,,https://s23.a2zinc.net/clients/nace/corrosion2020/Public/eBooth.aspx?IndexInList=277&FromPage=Exhibitors.aspx&ParentBoothID=&ListByBooth=true&BoothID=101251,
"Proco Products, Inc.",2201,,Stockton,United States,http://www.procoproducts.com,,,https://s23.a2zinc.net/clients/nace/corrosion2020/Public/eBooth.aspx?IndexInList=278&FromPage=Exhibitors.aspx&ParentBoothID=&ListByBooth=true&BoothID=101500,
"Pro-Mark Utility Supply, Inc.",1943,,Whittier,United States,http://www.promarksupply.com,,,https://s23.a2zinc.net/clients/nace/corrosion2020/Public/eBooth.aspx?IndexInList=279&FromPage=Exhibitors.aspx&ParentBoothID=&ListByBooth=true&BoothID=101432,
Proteccion Catodica de Colombia,2547,,Bogota,Colombia,http://www.proteccioncatodica.com,,,https://s23.a2zinc.net/clients/nace/corrosion2020/Public/eBooth.aspx?IndexInList=280&FromPage=Exhibitors.aspx&ParentBoothID=&ListByBooth=true&BoothID=101644,
PureHM,427,,Edmonton,Canada,http://www.pureHM.net,,,https://s23.a2zinc.net/clients/nace/corrosion2020/Public/eBooth.aspx?IndexInList=281&FromPage=Exhibitors.aspx&ParentBoothID=&ListByBooth=true&BoothID=100818,
"Qingdao Rising-Sun Shine Ship Engineering Technique Co., Ltd.",2220,,Qingdao ShanDong,China,http://www.qdrss.com,,,https://s23.a2zinc.net/clients/nace/corrosion2020/Public/eBooth.aspx?IndexInList=282&FromPage=Exhibitors.aspx&ParentBoothID=&ListByBooth=true&BoothID=101511,
Q-Lab Corp.,906,,Westlake,United States,http://www.q-lab.com,,,https://s23.a2zinc.net/clients/nace/corrosion2020/Public/eBooth.aspx?IndexInList=283&FromPage=Exhibitors.aspx&ParentBoothID=&ListByBooth=true&BoothID=100982,
"QSA Global, Inc.",615,,Burlington,United States,http://www.QSA-global.com,,,https://s23.a2zinc.net/clients/nace/corrosion2020/Public/eBooth.aspx?IndexInList=284&FromPage=Exhibitors.aspx&ParentBoothID=&ListByBooth=true&BoothID=102142,
Radiodetection,1914,,Raymond,United States,http://www.radiodetection.com,,,https://s23.a2zinc.net/clients/nace/corrosion2020/Public/eBooth.aspx?IndexInList=285&FromPage=Exhibitors.aspx&ParentBoothID=&ListByBooth=true&BoothID=101407,
Ramco Manufacturing Company,226,,Kenilworth,United States,www.ramcosealing.com,,,https://s23.a2zinc.net/clients/nace/corrosion2020/Public/eBooth.aspx?IndexInList=286&FromPage=Exhibitors.aspx&ParentBoothID=&ListByBooth=true&BoothID=100754,
RD Coatings - Dothee S.A.,1759,,Assesse,Belgium,http://www.rd-coatings.com,,,https://s23.a2zinc.net/clients/nace/corrosion2020/Public/eBooth.aspx?IndexInList=287&FromPage=Exhibitors.aspx&ParentBoothID=&ListByBooth=true&BoothID=101353,
"REMA Tip Top/North America, Inc.",1115,,Northvale,United States,http://www.rematiptop.com,,,https://s23.a2zinc.net/clients/nace/corrosion2020/Public/eBooth.aspx?IndexInList=288&FromPage=Exhibitors.aspx&ParentBoothID=&ListByBooth=true&BoothID=101961,
Resistotech Industries Pvt Ltd.,1760,,Maharashtra,India,,,,https://s23.a2zinc.net/clients/nace/corrosion2020/Public/eBooth.aspx?IndexInList=289&FromPage=Exhibitors.aspx&ParentBoothID=&ListByBooth=true&BoothID=101354,
RJ Lee Group,1144,,Monroeville ,United States,http://RJLG.com,,,https://s23.a2zinc.net/clients/nace/corrosion2020/Public/eBooth.aspx?IndexInList=290&FromPage=Exhibitors.aspx&ParentBoothID=&ListByBooth=true&BoothID=101780,
"RMB Products, Inc.",1241,,Fountain,United States,http://www.rmbproducts.com,,,https://s23.a2zinc.net/clients/nace/corrosion2020/Public/eBooth.aspx?IndexInList=291&FromPage=Exhibitors.aspx&ParentBoothID=&ListByBooth=true&BoothID=101143,
"Roberts Corrosion Services, LLC",1146,,Ellenboro,United States,http://www.robertscorrosionservices.com,,"Industries and Technologies CategoriesCathodic Protection Coatings & Linings Pipelines, tanks, Underground Systems",https://s23.a2zinc.net/clients/nace/corrosion2020/Public/eBooth.aspx?IndexInList=292&FromPage=Exhibitors.aspx&ParentBoothID=&ListByBooth=true&BoothID=101106,
Rockguard,1247,,Baton Rouge,United States,http://www.rockguard.biz,,,https://s23.a2zinc.net/clients/nace/corrosion2020/Public/eBooth.aspx?IndexInList=293&FromPage=Exhibitors.aspx&ParentBoothID=&ListByBooth=true&BoothID=101154,
ROCKWOOL,515,,Milton,Canada,http://www.rockwool-rti.com,,,https://s23.a2zinc.net/clients/nace/corrosion2020/Public/eBooth.aspx?IndexInList=294&FromPage=Exhibitors.aspx&ParentBoothID=&ListByBooth=true&BoothID=102007,
Rolled Alloys,2421,,Temperance,United States,http://www.rolledalloys.com,,,https://s23.a2zinc.net/clients/nace/corrosion2020/Public/eBooth.aspx?IndexInList=295&FromPage=Exhibitors.aspx&ParentBoothID=&ListByBooth=true&BoothID=101589,
ROSEN,507,,Houston,United States,http://www.rosen-group.com,,,https://s23.a2zinc.net/clients/nace/corrosion2020/Public/eBooth.aspx?IndexInList=296&FromPage=Exhibitors.aspx&ParentBoothID=&ListByBooth=true&BoothID=100838,
"RPS Composites, Inc.",2209,,Mahone Bay ,Canada,http://www.RPSComposites.com,,,https://s23.a2zinc.net/clients/nace/corrosion2020/Public/eBooth.aspx?IndexInList=297&FromPage=Exhibitors.aspx&ParentBoothID=&ListByBooth=true&BoothID=101505,
"Rysco Corrosion Services, Inc",2050,,Lacombe,Canada,http://www.ryscocorrosion.com,,,https://s23.a2zinc.net/clients/nace/corrosion2020/Public/eBooth.aspx?IndexInList=298&FromPage=Exhibitors.aspx&ParentBoothID=&ListByBooth=true&BoothID=101477,
Safety Lamp of Houston,2218,,Humble,United States,,,,https://s23.a2zinc.net/clients/nace/corrosion2020/Public/eBooth.aspx?IndexInList=299&FromPage=Exhibitors.aspx&ParentBoothID=&ListByBooth=true&BoothID=101509,
"Samuel, Son & Co.",2038,,Houston,United States,http://www.samuel.com,,,https://s23.a2zinc.net/clients/nace/corrosion2020/Public/eBooth.aspx?IndexInList=300&FromPage=Exhibitors.aspx&ParentBoothID=&ListByBooth=true&BoothID=101966,
Sandvik Materials Technology,735,,Sandviken,Sweden,http://www.smt.sandvik.com,,Industries and Technologies CategoriesComposites Materials Selection & Design Science of Corrosion,https://s23.a2zinc.net/clients/nace/corrosion2020/Public/eBooth.aspx?IndexInList=301&FromPage=Exhibitors.aspx&ParentBoothID=&ListByBooth=true&BoothID=100932,
Sauereisen,2629,,Pittsburgh,United States,http://www.sauereisen.com,,,https://s23.a2zinc.net/clients/nace/corrosion2020/Public/eBooth.aspx?IndexInList=302&FromPage=Exhibitors.aspx&ParentBoothID=&ListByBooth=true&BoothID=101671,
Scaled Solutions Ltd.,900,,Livingston West Lothian,United Kingdom,http://www.scaledsolutions.com,,,https://s23.a2zinc.net/clients/nace/corrosion2020/Public/eBooth.aspx?IndexInList=303&FromPage=Exhibitors.aspx&ParentBoothID=&ListByBooth=true&BoothID=100976,
"ScanTech Instruments, Inc.",941,,Longview,United States,http://www.scanndt.com,,,https://s23.a2zinc.net/clients/nace/corrosion2020/Public/eBooth.aspx?IndexInList=304&FromPage=Exhibitors.aspx&ParentBoothID=&ListByBooth=true&BoothID=102025,
Schlumberger,2435,,Houston,United States,http://www.slb.com,,,https://s23.a2zinc.net/clients/nace/corrosion2020/Public/eBooth.aspx?IndexInList=305&FromPage=Exhibitors.aspx&ParentBoothID=&ListByBooth=true&BoothID=101599,
Schmidt + Clemens GmbH + Co. KG,2406,,Lindlar,Germany,http://www.schmidt-clemens.com,,,https://s23.a2zinc.net/clients/nace/corrosion2020/Public/eBooth.aspx?IndexInList=306&FromPage=Exhibitors.aspx&ParentBoothID=&ListByBooth=true&BoothID=101580,
"SciAps, Inc.",641,,Woburn,United States,http://www.sciaps.com,,,https://s23.a2zinc.net/clients/nace/corrosion2020/Public/eBooth.aspx?IndexInList=307&FromPage=Exhibitors.aspx&ParentBoothID=&ListByBooth=true&BoothID=100900,
Seal for Life Industries,1527,,Franklin,United States,http://www.sealforlife.com,,,https://s23.a2zinc.net/clients/nace/corrosion2020/Public/eBooth.aspx?IndexInList=308&FromPage=Exhibitors.aspx&ParentBoothID=&ListByBooth=true&BoothID=101754,
"Sensor Networks, Inc.",947,,Boalsburg,United States,http://www.sensornetworksinc.com,,,https://s23.a2zinc.net/clients/nace/corrosion2020/Public/eBooth.aspx?IndexInList=309&FromPage=Exhibitors.aspx&ParentBoothID=&ListByBooth=true&BoothID=101013,
Sentry Equipment Corp.,1015,,Oconomowoc,United States,http://www.sentry-equip.com,,,https://s23.a2zinc.net/clients/nace/corrosion2020/Public/eBooth.aspx?IndexInList=310&FromPage=Exhibitors.aspx&ParentBoothID=&ListByBooth=true&BoothID=101034,
"Shanghai Tianyang Steel Tube Co., Ltd.",1104,,Shanghai,China,http://en.tygg-group.com,,Industries and Technologies CategoriesCoatings & Linings Composites,https://s23.a2zinc.net/clients/nace/corrosion2020/Public/eBooth.aspx?IndexInList=311&FromPage=Exhibitors.aspx&ParentBoothID=&ListByBooth=true&BoothID=101076,
SHAWCOR,935,,Toronto,Canada,http://www.shawcor.com,,,https://s23.a2zinc.net/clients/nace/corrosion2020/Public/eBooth.aspx?IndexInList=312&FromPage=Exhibitors.aspx&ParentBoothID=&ListByBooth=true&BoothID=101006,
Sherwin-Williams,1735,,Cleveland,United States,http://www.sherwin-williams.com/protective,,,https://s23.a2zinc.net/clients/nace/corrosion2020/Public/eBooth.aspx?IndexInList=313&FromPage=Exhibitors.aspx&ParentBoothID=&ListByBooth=true&BoothID=101334,
"Simona America, Inc.",1758,,Archbald,United States,http://www.simona-america.com,,,https://s23.a2zinc.net/clients/nace/corrosion2020/Public/eBooth.aspx?IndexInList=314&FromPage=Exhibitors.aspx&ParentBoothID=&ListByBooth=true&BoothID=101352,
Solmax International Inc.,2541,,Houston,United States,http://www.solmax.com,,,https://s23.a2zinc.net/clients/nace/corrosion2020/Public/eBooth.aspx?IndexInList=315&FromPage=Exhibitors.aspx&ParentBoothID=&ListByBooth=true&BoothID=101642,
Solvay,2222,,Alpharetta,United States,http://www.solvay.com,,,https://s23.a2zinc.net/clients/nace/corrosion2020/Public/eBooth.aspx?IndexInList=316&FromPage=Exhibitors.aspx&ParentBoothID=&ListByBooth=true&BoothID=101513,
Southern Brush Pipeline Services,307,,Spring,United States,,,,https://s23.a2zinc.net/clients/nace/corrosion2020/Public/eBooth.aspx?IndexInList=317&FromPage=Exhibitors.aspx&ParentBoothID=&ListByBooth=true&BoothID=100775,
Southwest Research Institute,640,,San Antonio,United States,http://www.swri.org/industries/materials,,,https://s23.a2zinc.net/clients/nace/corrosion2020/Public/eBooth.aspx?IndexInList=318&FromPage=Exhibitors.aspx&ParentBoothID=&ListByBooth=true&BoothID=100897,
Southwestern Paint Panels,915,,Houston,United States,http://www.swpaintpanels.com,,,https://s23.a2zinc.net/clients/nace/corrosion2020/Public/eBooth.aspx?IndexInList=319&FromPage=Exhibitors.aspx&ParentBoothID=&ListByBooth=true&BoothID=100988,
"Specialty Polymer Coatings, Inc. (SPC)",635,,Langley,Canada,http://www.spc-net.com,,,https://s23.a2zinc.net/clients/nace/corrosion2020/Public/eBooth.aspx?IndexInList=320&FromPage=Exhibitors.aspx&ParentBoothID=&ListByBooth=true&BoothID=100894,
"Speir Hunter, Ltd.",442,,Long Bennington,United Kingdom,http://www.speirhunter.com,,,https://s23.a2zinc.net/clients/nace/corrosion2020/Public/eBooth.aspx?IndexInList=321&FromPage=Exhibitors.aspx&ParentBoothID=&ListByBooth=true&BoothID=100829,
"Sponge-Jet, Inc.",1840,,Newington,United States,http://www.spongejet.com,,,https://s23.a2zinc.net/clients/nace/corrosion2020/Public/eBooth.aspx?IndexInList=322&FromPage=Exhibitors.aspx&ParentBoothID=&ListByBooth=true&BoothID=101382,
SSPC: The Society for Protective Coatings,126,,Pittsburgh,United States,,,,https://s23.a2zinc.net/clients/nace/corrosion2020/Public/eBooth.aspx?IndexInList=323&FromPage=Exhibitors.aspx&ParentBoothID=&ListByBooth=true&BoothID=100719,
Stark Pipeline Services,505,,Waller,United States,,,"Industries and Technologies CategoriesOil & Gas Exploration & Production Pipelines, tanks, Underground Systems Transportation",https://s23.a2zinc.net/clients/nace/corrosion2020/Public/eBooth.aspx?IndexInList=324&FromPage=Exhibitors.aspx&ParentBoothID=&ListByBooth=true&BoothID=100836,
"Step-Ko Products, LLC",600,,Lafayette,United States,http://www.stepko.com,,,https://s23.a2zinc.net/clients/nace/corrosion2020/Public/eBooth.aspx?IndexInList=325&FromPage=Exhibitors.aspx&ParentBoothID=&ListByBooth=true&BoothID=100864,
Strategic Materials,1557,,Houston,United States,http://www.strategicmaterials.com,,,https://s23.a2zinc.net/clients/nace/corrosion2020/Public/eBooth.aspx?IndexInList=326&FromPage=Exhibitors.aspx&ParentBoothID=&ListByBooth=true&BoothID=101262,
Stress Engineering Services,1649,,Houston,United States,http://www.stress.com,,,https://s23.a2zinc.net/clients/nace/corrosion2020/Public/eBooth.aspx?IndexInList=327&FromPage=Exhibitors.aspx&ParentBoothID=&ListByBooth=true&BoothID=101299,
Stuart Steel Protection Corp.,1213,,S. Bound Brook,United States,www.stuartsteel.com,,,https://s23.a2zinc.net/clients/nace/corrosion2020/Public/eBooth.aspx?IndexInList=328&FromPage=Exhibitors.aspx&ParentBoothID=&ListByBooth=true&BoothID=101119,
"Sulzer Mixpac USA, Inc.",1946,,Salem,United States,www.sulzer.com/mixcoat,,,https://s23.a2zinc.net/clients/nace/corrosion2020/Public/eBooth.aspx?IndexInList=329&FromPage=Exhibitors.aspx&ParentBoothID=&ListByBooth=true&BoothID=101433,
Superior Products International,1451,,Shawnee,United States,http://www.spicoatings.com,,,https://s23.a2zinc.net/clients/nace/corrosion2020/Public/eBooth.aspx?IndexInList=330&FromPage=Exhibitors.aspx&ParentBoothID=&ListByBooth=true&BoothID=102003,
Swain Meter Company/The,318,,Mt. Pleasant,United States,http://www.swainmeter.com,,,https://s23.a2zinc.net/clients/nace/corrosion2020/Public/eBooth.aspx?IndexInList=331&FromPage=Exhibitors.aspx&ParentBoothID=&ListByBooth=true&BoothID=100779,
"Sypris Technologies, Inc.",221,,Louisville,United States,http://www.sypris.com,,,https://s23.a2zinc.net/clients/nace/corrosion2020/Public/eBooth.aspx?IndexInList=332&FromPage=Exhibitors.aspx&ParentBoothID=&ListByBooth=true&BoothID=100749,
Tantaline CVD,2122,,Central Islip,United States,http://www.cvdequipment.com,,,https://s23.a2zinc.net/clients/nace/corrosion2020/Public/eBooth.aspx?IndexInList=333&FromPage=Exhibitors.aspx&ParentBoothID=&ListByBooth=true&BoothID=102072,
"TEAM Industrial Services, Inc.",2307,,Sugarland,United States,http://www.teaminc.com,,,https://s23.a2zinc.net/clients/nace/corrosion2020/Public/eBooth.aspx?IndexInList=334&FromPage=Exhibitors.aspx&ParentBoothID=&ListByBooth=true&BoothID=101539,
Technical Toolboxes,2123,,Houston,United States,http://www.technicaltoolboxes.com,,,https://s23.a2zinc.net/clients/nace/corrosion2020/Public/eBooth.aspx?IndexInList=335&FromPage=Exhibitors.aspx&ParentBoothID=&ListByBooth=true&BoothID=101488,
"Technofink, LLC",2521,,Spring,United States,http://www.tecnofink.com,,,https://s23.a2zinc.net/clients/nace/corrosion2020/Public/eBooth.aspx?IndexInList=336&FromPage=Exhibitors.aspx&ParentBoothID=&ListByBooth=true&BoothID=102074,
Teledyne Marine,1751,,Daytona Beach,United States,http://www.teledyneoilandgas.com,,,https://s23.a2zinc.net/clients/nace/corrosion2020/Public/eBooth.aspx?IndexInList=337&FromPage=Exhibitors.aspx&ParentBoothID=&ListByBooth=true&BoothID=101345,
Tesla Nanocoatings,619,,Massillon,United States,http://www.teslanano.com,,,https://s23.a2zinc.net/clients/nace/corrosion2020/Public/eBooth.aspx?IndexInList=338&FromPage=Exhibitors.aspx&ParentBoothID=&ListByBooth=true&BoothID=102144,
Thermo Fisher Scientific,1817,,Tewksbury,United States,www.thermoscientific.com,,,https://s23.a2zinc.net/clients/nace/corrosion2020/Public/eBooth.aspx?IndexInList=339&FromPage=Exhibitors.aspx&ParentBoothID=&ListByBooth=true&BoothID=101361,
Thorpe Specialty Services Corporation,817,,Houston,United States,http://www.thorpepme.com,,,https://s23.a2zinc.net/clients/nace/corrosion2020/Public/eBooth.aspx?IndexInList=340&FromPage=Exhibitors.aspx&ParentBoothID=&ListByBooth=true&BoothID=100953,
Tinker & Rasor,1535,,New Braunfels,United States,http://www.tinker-rasor.com,,,https://s23.a2zinc.net/clients/nace/corrosion2020/Public/eBooth.aspx?IndexInList=341&FromPage=Exhibitors.aspx&ParentBoothID=&ListByBooth=true&BoothID=101247,
Titan Metal Fabricators,801,,Camarillo,United States,http://www.titanmf.com,,,https://s23.a2zinc.net/clients/nace/corrosion2020/Public/eBooth.aspx?IndexInList=342&FromPage=Exhibitors.aspx&ParentBoothID=&ListByBooth=true&BoothID=100940,
"Titanium Electrode Products, Inc.",1916,,Sugarland,United States,http://www.telprocompanies.com,,,https://s23.a2zinc.net/clients/nace/corrosion2020/Public/eBooth.aspx?IndexInList=343&FromPage=Exhibitors.aspx&ParentBoothID=&ListByBooth=true&BoothID=101409,
"Tnemec Company, Inc.",2535,,Kansas City,United States,http://www.tnemec.com,,,https://s23.a2zinc.net/clients/nace/corrosion2020/Public/eBooth.aspx?IndexInList=344&FromPage=Exhibitors.aspx&ParentBoothID=&ListByBooth=true&BoothID=101634,
TRC,2315,,Liverpool,United States,http://www.trcsolutions.com,,,https://s23.a2zinc.net/clients/nace/corrosion2020/Public/eBooth.aspx?IndexInList=345&FromPage=Exhibitors.aspx&ParentBoothID=&ListByBooth=true&BoothID=101544,
Trenton Corp.,1823,,Ann Arbor,United States,http://www.trentoncorp.com,,,https://s23.a2zinc.net/clients/nace/corrosion2020/Public/eBooth.aspx?IndexInList=346&FromPage=Exhibitors.aspx&ParentBoothID=&ListByBooth=true&BoothID=101942,
"Tricor Industrial, Inc.",835,,Wooster,United States,http://www.tricormetals.com,,,https://s23.a2zinc.net/clients/nace/corrosion2020/Public/eBooth.aspx?IndexInList=347&FromPage=Exhibitors.aspx&ParentBoothID=&ListByBooth=true&BoothID=100969,
TruQC,1143,,Kirkwood,United States,http://www.truqcapp.com,,,https://s23.a2zinc.net/clients/nace/corrosion2020/Public/eBooth.aspx?IndexInList=348&FromPage=Exhibitors.aspx&ParentBoothID=&ListByBooth=true&BoothID=101105,
Tuff-N-Nuff,1746,,St. Louis,United States,http://www.tuff-n-nuff.com,,,https://s23.a2zinc.net/clients/nace/corrosion2020/Public/eBooth.aspx?IndexInList=349&FromPage=Exhibitors.aspx&ParentBoothID=&ListByBooth=true&BoothID=101341,
"TWI, Ltd.",1060,,Cambridgeshire,United Kingdom,http://www.twi-global.com,,"Industries and Technologies CategoriesMaterials Selection & Design Pipelines, tanks, Underground Systems Testing",https://s23.a2zinc.net/clients/nace/corrosion2020/Public/eBooth.aspx?IndexInList=350&FromPage=Exhibitors.aspx&ParentBoothID=&ListByBooth=true&BoothID=101073,
Txam Pumps,407,,Kenedy,United States,www.txampumps.com,,,https://s23.a2zinc.net/clients/nace/corrosion2020/Public/eBooth.aspx?IndexInList=351&FromPage=Exhibitors.aspx&ParentBoothID=&ListByBooth=true&BoothID=100808,
Ulva Insulation Systems Limited,234,,Telford Shropshire,United Kingdom,http://www.ulva.co.uk,,,https://s23.a2zinc.net/clients/nace/corrosion2020/Public/eBooth.aspx?IndexInList=352&FromPage=Exhibitors.aspx&ParentBoothID=&ListByBooth=true&BoothID=100758,
United Titanium,1641,,Wooster,United States,http://www.unitedtitanium.com,,,https://s23.a2zinc.net/clients/nace/corrosion2020/Public/eBooth.aspx?IndexInList=353&FromPage=Exhibitors.aspx&ParentBoothID=&ListByBooth=true&BoothID=101293,
Uniti Titanium,2420,,Pittsburgh,United States,http://www.uniti-titanium.com,,,https://s23.a2zinc.net/clients/nace/corrosion2020/Public/eBooth.aspx?IndexInList=354&FromPage=Exhibitors.aspx&ParentBoothID=&ListByBooth=true&BoothID=101588,
University of Akron - NCERCAMP,920,,Akron,United States,http://www.uakron.edu/ncercamp,,,https://s23.a2zinc.net/clients/nace/corrosion2020/Public/eBooth.aspx?IndexInList=355&FromPage=Exhibitors.aspx&ParentBoothID=&ListByBooth=true&BoothID=100993,
USA Borescopes,2625,,Clarksville,United States,http://www.usaborescopes.com,,,https://s23.a2zinc.net/clients/nace/corrosion2020/Public/eBooth.aspx?IndexInList=356&FromPage=Exhibitors.aspx&ParentBoothID=&ListByBooth=true&BoothID=101667,
UTComp,2310,,Cambridge,Canada,http://www.utcomp.com,,,https://s23.a2zinc.net/clients/nace/corrosion2020/Public/eBooth.aspx?IndexInList=357&FromPage=Exhibitors.aspx&ParentBoothID=&ListByBooth=true&BoothID=101542,
"Valbruna Stainless, Inc.",1550,,Houston,United States,http://www.valbrunastainless.com,,,https://s23.a2zinc.net/clients/nace/corrosion2020/Public/eBooth.aspx?IndexInList=358&FromPage=Exhibitors.aspx&ParentBoothID=&ListByBooth=true&BoothID=102005,
"VDM Metals USA, LLC",1927,,Florham Park,United States,www.vdm-metals.com,,,https://s23.a2zinc.net/clients/nace/corrosion2020/Public/eBooth.aspx?IndexInList=359&FromPage=Exhibitors.aspx&ParentBoothID=&ListByBooth=true&BoothID=101760,
"Vecor Pipeline Integrity, Inc.",2245,,Pearland,United States,http://www.vecor-pi.com,,,https://s23.a2zinc.net/clients/nace/corrosion2020/Public/eBooth.aspx?IndexInList=360&FromPage=Exhibitors.aspx&ParentBoothID=&ListByBooth=true&BoothID=102070,
"Versa Integrity Group, Inc.",210,,Lake Charles,United States,http://www.versaintegrity.com,,,https://s23.a2zinc.net/clients/nace/corrosion2020/Public/eBooth.aspx?IndexInList=361&FromPage=Exhibitors.aspx&ParentBoothID=&ListByBooth=true&BoothID=100741,
ViewTech Borescopes,2352,,Traverse City,United States,https://www.ViewTech.com,,"Industries and Technologies CategoriesOil & Gas Exploration & Production Pipelines, tanks, Underground Systems Testing",https://s23.a2zinc.net/clients/nace/corrosion2020/Public/eBooth.aspx?IndexInList=362&FromPage=Exhibitors.aspx&ParentBoothID=&ListByBooth=true&BoothID=101574,
Vivax-Metrotech,2734,,Santa Clara,United States,http://www.vivax-metrotech.com,,,https://s23.a2zinc.net/clients/nace/corrosion2020/Public/eBooth.aspx?IndexInList=363&FromPage=Exhibitors.aspx&ParentBoothID=&ListByBooth=true&BoothID=101710,
voestalpine AG,1901,,Linz Upper Austria,Austria,http://www.voestalpine.com/oilandgas,,,https://s23.a2zinc.net/clients/nace/corrosion2020/Public/eBooth.aspx?IndexInList=364&FromPage=Exhibitors.aspx&ParentBoothID=&ListByBooth=true&BoothID=101997,
VRC Metal Systems,1556,,Rapid City,United States,http://www.vrcmetalsystems.com,,,https://s23.a2zinc.net/clients/nace/corrosion2020/Public/eBooth.aspx?IndexInList=365&FromPage=Exhibitors.aspx&ParentBoothID=&ListByBooth=true&BoothID=101261,
Wasser Coatings,2546,,Auburn,United States,,,,https://s23.a2zinc.net/clients/nace/corrosion2020/Public/eBooth.aspx?IndexInList=366&FromPage=Exhibitors.aspx&ParentBoothID=&ListByBooth=true&BoothID=101643,
Western Falcon,1655,,Humble,United States,http://www.westernfalcon.com,,,https://s23.a2zinc.net/clients/nace/corrosion2020/Public/eBooth.aspx?IndexInList=367&FromPage=Exhibitors.aspx&ParentBoothID=&ListByBooth=true&BoothID=101305,
"Western Specialties, LLC",606,,Dansville,United States,http://www.westernspecialtiesllc.com,,"Industries and Technologies CategoriesComposites Highways & Bridges; Infrastructure Pipelines, tanks, Underground Systems",https://s23.a2zinc.net/clients/nace/corrosion2020/Public/eBooth.aspx?IndexInList=368&FromPage=Exhibitors.aspx&ParentBoothID=&ListByBooth=true&BoothID=100870,
Wood,319,,Houston,United States,http://www.woodplc.com,,,https://s23.a2zinc.net/clients/nace/corrosion2020/Public/eBooth.aspx?IndexInList=369&FromPage=Exhibitors.aspx&ParentBoothID=&ListByBooth=true&BoothID=102150,
"WrapMaster, Inc.",943,,Longview,United States,http://www.wrapmaster.us,,,https://s23.a2zinc.net/clients/nace/corrosion2020/Public/eBooth.aspx?IndexInList=370&FromPage=Exhibitors.aspx&ParentBoothID=&ListByBooth=true&BoothID=102026,
Zerust Oil & Gas,2247,,Beachwood,United States,http://www.zerust.com,,,https://s23.a2zinc.net/clients/nace/corrosion2020/Public/eBooth.aspx?IndexInList=371&FromPage=Exhibitors.aspx&ParentBoothID=&ListByBooth=true&BoothID=101528,
Zhejiang Yuxi Corrosion Control Corporation,707,,Ningbo,China,http://www.yuxi-anode.com,,,https://s23.a2zinc.net/clients/nace/corrosion2020/Public/eBooth.aspx?IndexInList=372&FromPage=Exhibitors.aspx&ParentBoothID=&ListByBooth=true&BoothID=100908,
"Zhejiang Zhongda Special Steel Co., Ltd.",919,,Jiaixing,China,http://www.zhongdasteel.com,,,https://s23.a2zinc.net/clients/nace/corrosion2020/Public/eBooth.aspx?IndexInList=373&FromPage=Exhibitors.aspx&ParentBoothID=&ListByBooth=true&BoothID=102090,
ZINCODIC,2447,,Sharjah,United Arab Emirates,http://www.hzjtech.com,,,https://s23.a2zinc.net/clients/nace/corrosion2020/Public/eBooth.aspx?IndexInList=374&FromPage=Exhibitors.aspx&ParentBoothID=&ListByBooth=true&BoothID=101608,
