name,address,city,country,phone,website,booth_no,src_url,products,,,
Accu-Glass LLC,10765 Trenton Avenue,St. Louis,USA,314 4230300,http://www.accu-glass.com,237,https://adsj19.mapyourshow.com/8_0/exhibitor/exhibitor-details.cfm?exhid=10707,"Biochemicals and Chemical Reagents,Biomaterials,Contract Manufacturing,Drug Delivery,Fluid Handling/Fluid Control,IV Products and Components,Medical Device Components,Tubing Types",,,
Accumold,1711 SE Oralabor Road,Ankeny,USA,515 9645741,http://www.accu-mold.com,1021,https://adsj19.mapyourshow.com/8_0/exhibitor/exhibitor-details.cfm?exhid=19920,"Contract Manufacturing,Injection Molding,Molds and Dies,Plastics and Polymers",,,
Acorn Product Development,1 Broadway 14th Floor,Cambridge,USA,617 4751541,http://www.acornpd.com,1227,https://adsj19.mapyourshow.com/8_0/exhibitor/exhibitor-details.cfm?exhid=302955,,,,
ADMEDES GmbH,Rastatter Strasse 15,Pforzheim,Germany,+49 7231 922310,http://www.admedes.com,634,https://adsj19.mapyourshow.com/8_0/exhibitor/exhibitor-details.cfm?exhid=387059,Assembly," Medical Devices,Contract Manufacturing,Contract Manufacturing"," Medical Devices,Medical Device Components,Prototyping,Testing Services,Wire Processing",
Adroit USA Inc,1043 Serpentine Lane,Pleasanton,USA,925 4799432,http://www.adroitusa.net,612,https://adsj19.mapyourshow.com/8_0/exhibitor/exhibitor-details.cfm?exhid=260060,"Contract Manufacturing,Injection Molding,Metal Fabrication",,,
Advantage Converting,266 Industrial Road,San Carlos,USA,650 8026800,https://www.advantageconverting.com/,835,https://adsj19.mapyourshow.com/8_0/exhibitor/exhibitor-details.cfm?exhid=3690,"Adhesives,Contract Manufacturing,Converting,Cutting,Medical Device Components",,,
Akribis Systems (USA),Akribis Systems (USA),San Jose,USA,408 9131300,http://www.akribis-sys.com,112,https://adsj19.mapyourshow.com/8_0/exhibitor/exhibitor-details.cfm?exhid=377051,,,,
Alconox Inc.,30 Glenn Street,White Plains,USA,914 9484040,http://www.alconox.com,1115,https://adsj19.mapyourshow.com/8_0/exhibitor/exhibitor-details.cfm?exhid=20414,,,,
All Flex Flexible Circuits and Heaters,1705 Cannon Lane,Northfield,USA,507 6637162,http://www.allflexinc.com,1036,https://adsj19.mapyourshow.com/8_0/exhibitor/exhibitor-details.cfm?exhid=27732,"Electromechanical Devices or Components,Electronic Components,Electronics Assembly,Interconnect Devices,Medical Device Components",,,
AllMotion,30097 Ahern Ave.,Union City,USA,510 4714000,http://www.allmotion.com,832,https://adsj19.mapyourshow.com/8_0/exhibitor/exhibitor-details.cfm?exhid=10129,Motion Control,,,
"Altron, Inc.",6700 Bunker Lake N.W.,Anoka,USA,763 4271043,http://www.altronmfg.com,1140,https://adsj19.mapyourshow.com/8_0/exhibitor/exhibitor-details.cfm?exhid=21166,Assembly," Medical Devices,Contract Manufacturing,Contract Manufacturing"," Full-Service,Contract Manufacturing"," Medical Devices,Electromechanical Devices or Components,Electronics Assembly,Electronics Manufacturing"
Amco Polymers,1900 Summit Tower Blvd.,Orlando,USA,800 2626685,http://www.amcopolymers.com/,637,https://adsj19.mapyourshow.com/8_0/exhibitor/exhibitor-details.cfm?exhid=914779,,,,
American Cleanstat,15041 Bake Parkway,Irvine,USA,714 5332827,http://www.americancleanstat.com,1232,https://adsj19.mapyourshow.com/8_0/exhibitor/exhibitor-details.cfm?exhid=24011,"Flexible Packaging,Protective Packaging,Static Control Equipment,Tamper-Evident Packaging,Tubing Types",,,
American Preclinical Services,8945 Evergreen Blvd,Minneapolis,USA,763 7177990,http://www.americanpreclinical.com,322,https://adsj19.mapyourshow.com/8_0/exhibitor/exhibitor-details.cfm?exhid=24590,Testing Services,,,
Andersen Products of Califorina,3202 Caroline Drive,Haw River,USA,336 3763000,http://www.anpro.com,525,https://adsj19.mapyourshow.com/8_0/exhibitor/exhibitor-details.cfm?exhid=31569,"Contract Packaging,Education and Training,Sterilization,Testing Services",,,
Anomet Products,830 Boston Turnpike,Shrewsbury,USA,508 8423069,http://www.anometproducts.com,735,https://adsj19.mapyourshow.com/8_0/exhibitor/exhibitor-details.cfm?exhid=254851,"Cable and Wires,Electronic Components,Materials,Medical Device Components,Wire Processing",,,
Apollo Medical Extrusion,"2500 Northwinds Parkway, Suite 472",Alpharetta,USA,262 9470900,http://www.kelpacmedical.com,937,https://adsj19.mapyourshow.com/8_0/exhibitor/exhibitor-details.cfm?exhid=24415,"Contract Manufacturing,Extrusion Film/Sheet,Extrusion Medical,Flexible Packaging,Injection Molding",,,
Applied Engineering,"6341 San Ignacio Ave.,  Ste 10",San Jose,USA,4082862134,http://www.appliedengineering.com/,309,https://adsj19.mapyourshow.com/8_0/exhibitor/exhibitor-details.cfm?exhid=28745,Assembly," Medical Devices,Automation,Contract Manufacturing,Contract Manufacturing"," Full-Service,Electronics Assembly,Manufacturing Equipment,Prototyping,Test & Measurement Equipment",
"Asahi Intecc USA, Inc.",3002 Dow Avenue,Tustin,USA,949 7568252,http://www.asahi-intecc.co.jp,936,https://adsj19.mapyourshow.com/8_0/exhibitor/exhibitor-details.cfm?exhid=13724,"Cable and Wires,Coatings and Finishes,Contract Manufacturing,Extrusion Medical,Medical Device Components",,,
Aspect Automation,5910 Rice Creek Parkway,Shoreview,USA,651 6433700,http://www.aspectautomation.com,315,https://adsj19.mapyourshow.com/8_0/exhibitor/exhibitor-details.cfm?exhid=29930,"Automation,Engineering Services,Manufacturing Equipment,Prototyping",,,
Autec Power Systems,31328 Via Colinas,Westlake Village,USA,818 3387705,http://www.autec.com,1335,https://adsj19.mapyourshow.com/8_0/exhibitor/exhibitor-details.cfm?exhid=17389,,,,
Avocet Sales & Marketing,737 Second Street,Oakland,USA,510 8910093,http://www.avocetsales.com,1225,https://adsj19.mapyourshow.com/8_0/exhibitor/exhibitor-details.cfm?exhid=301343,,,,
B. Braun OEM Division,861 Marcon Boulevard,Allentown,USA,610 6911785,http://www.bbraunoem.com,729,https://adsj19.mapyourshow.com/8_0/exhibitor/exhibitor-details.cfm?exhid=24337,"Contract Manufacturing,Medical Device Components",,,
Bal Seal Engineering Inc.,19650 Pauling,Foothill Ranch,USA,949 4602100,http://www.balseal.com,513,https://adsj19.mapyourshow.com/8_0/exhibitor/exhibitor-details.cfm?exhid=9844,"Electronic Components,Fastening Joining and Assembly Components,Gaskets and Seals,Interconnect Devices,Medical Device Components,Springs and Coils",,,
BASX Solutions LLC,3500 SW 21st Place,Redmond,USA,541 6476650,https://www.basxsolutions.com/,837,https://adsj19.mapyourshow.com/8_0/exhibitor/exhibitor-details.cfm?exhid=461,"Design Services,Filters,Testing Services",,,
Bay Associates Wire Technologies,46840 Lakeview Blvd.,Fremont,USA,510 9333800,http://www.baycable.com,225,https://adsj19.mapyourshow.com/8_0/exhibitor/exhibitor-details.cfm?exhid=8518,"Cable and Wires,Injection Molding,Interconnect Devices,Wire Processing",,,
Biocoat Inc.,123 Rock Road,Horsham,USA,215 7340888,http://www.biocoat.com,520,https://adsj19.mapyourshow.com/8_0/exhibitor/exhibitor-details.cfm?exhid=261,Surface Treatment,,,
"Biogeneral, Inc.",9925 Mesa Rim Road,San Diego,USA,858 4534451,http://www.biogeneral.com,1321,https://adsj19.mapyourshow.com/8_0/exhibitor/exhibitor-details.cfm?exhid=17342,,,,
Biomerics LLC,6030 W. Harold Gatty Drive,Salt Lake City,USA,801 3552705,http://www.biomerics.com,1214,https://adsj19.mapyourshow.com/8_0/exhibitor/exhibitor-details.cfm?exhid=339142,"Automation,Biomaterials",,,
Bloss-Systems GmbH,Schulstr. 19a,Wendelstein,Germany,+49914667 26 720,https://www.bloss-systems.com/en/home,636,https://adsj19.mapyourshow.com/8_0/exhibitor/exhibitor-details.cfm?exhid=943223,"Cable and Wires,Contract Manufacturing"," Medical Devices,Electromechanical Devices or Components,Flexible Circuits,Medical Device Components",,
C&W Electronics Pte. Ltd.,"4, Loyang Way",Singapore,Singapore,+6565457337 ext.211,http://www.cnw.com.sg/,1233,https://adsj19.mapyourshow.com/8_0/exhibitor/exhibitor-details.cfm?exhid=936276,,,,
CAID Automation,2275 East Ganley Road,Tucson,USA,2094036096,http://www.caidautomation.com/,341,https://adsj19.mapyourshow.com/8_0/exhibitor/exhibitor-details.cfm?exhid=397714,Assembly," Medical Devices,Automation,Electronics Assembly,Fastening Joining and Assembly Components,Manufacturing Equipment,Test & Measurement Equipment",,
Canon U.S.A.,3300 North First Stree,San Jose,USA,408 2098648,http://www.usa.canon.com,426,https://adsj19.mapyourshow.com/8_0/exhibitor/exhibitor-details.cfm?exhid=20611,,,,
Cardinal Health,7000 Cardinal Place,Dublin,USA,208 8213264,http://www.medtronic.com,1136,https://adsj19.mapyourshow.com/8_0/exhibitor/exhibitor-details.cfm?exhid=28787,,,,
Center Stage,,,,,,641,https://adsj19.mapyourshow.com/8_0/exhibitor/exhibitor-details.cfm?exhid=UBM641,,,,
Central Plastics & Manufacturing,1905 N MacArthur Drive,Tracy,USA,209 5325146,http://www.centplasticmfg.com,417,https://adsj19.mapyourshow.com/8_0/exhibitor/exhibitor-details.cfm?exhid=913057,Assembly," Medical Devices,Injection Molding,Medical Device Components,Molds and Dies,Plastics and Polymers,Thermoforming",,
Cobalt Polymers,P.O. Box 579,Cloverdale,USA,800 3370901,http://www.cobaltpolymers.com,826,https://adsj19.mapyourshow.com/8_0/exhibitor/exhibitor-details.cfm?exhid=16416,Tubing Types,,,
Connecticut Spring & Stamping,48 Spring Lane,Farmington,USA,860 6771341,http://www.ctspring.com,414,https://adsj19.mapyourshow.com/8_0/exhibitor/exhibitor-details.cfm?exhid=5776,"Contract Manufacturing,Precision Machining",,,
Control Plastics Inc.,1100 Industrial Rd #11B,San Carlos,USA,650 8777902 Ext. 6,http://www.controlplastics.com,313,https://adsj19.mapyourshow.com/8_0/exhibitor/exhibitor-details.cfm?exhid=3562,,,,
"Creative Electron, Inc.",201 Trade St.,San Marcos,USA,760 7521192,http://www.creativeelectron.com/,235,https://adsj19.mapyourshow.com/8_0/exhibitor/exhibitor-details.cfm?exhid=374018,"Electronics Manufacturing,Inspection,Testing Services,Vision Inspection",,,
Cretex Medical,1120 Lund Blvd. NW,Minneapolis,USA,+1 7634276141,http://www.meiertool.com,815,https://adsj19.mapyourshow.com/8_0/exhibitor/exhibitor-details.cfm?exhid=897286,"3D Printing/Additive Manufacturing,Cases,Contract Manufacturing,Injection Molding,Precision Machining",,,
Crosswind Machining Inc.,12257 Loma Rica Dr.,Grass Valley,USA,530 2739940,http://www.crosswindmachining.com,1132,https://adsj19.mapyourshow.com/8_0/exhibitor/exhibitor-details.cfm?exhid=287675,,,,
Custom Mold & Design,22455 Everton Avenue North,Forest Lake,United States of America,6517574000,http://www.custommold.net,620,https://adsj19.mapyourshow.com/8_0/exhibitor/exhibitor-details.cfm?exhid=S1001,"3D Printing/Additive Manufacturing,Contract Manufacturing,Design Services,Molds and Dies,Precision Machining,Prototyping",,,
Dainichi Company Ltd.,1-33 Himegaoka,Gifu-ken,Japan,"Dainichi Co.,Ltd.",http://www.kk-dainichi.co.jp,1135,https://adsj19.mapyourshow.com/8_0/exhibitor/exhibitor-details.cfm?exhid=905536,"Machining,Metal Fabrication,Prototyping,Valves",,,
Danco Machine Inc.,950 George Street,Santa Clara,USA,408 9885235,http://www.dancomachine.com,825,https://adsj19.mapyourshow.com/8_0/exhibitor/exhibitor-details.cfm?exhid=302548,,,,
DaPro Rubber Inc.,601 N. Poplar Avenue,Broken Arrow,USA,918 2589386,http://www.daprorubber.com/,1326,https://adsj19.mapyourshow.com/8_0/exhibitor/exhibitor-details.cfm?exhid=24648,Injection Molding,,,
David Schnur Associates,1755 Bayshore Road,Redwood City,USA,650 9410898,http://www.dschnur.com,920,https://adsj19.mapyourshow.com/8_0/exhibitor/exhibitor-details.cfm?exhid=24576,"Tubing Types,Valves",,,
DDL Inc.,10200 Valley View Road,Eden Prairie,USA,952 9419226,http://www.DDLtesting.com,425,https://adsj19.mapyourshow.com/8_0/exhibitor/exhibitor-details.cfm?exhid=22684,Testing Services,,,
Delta Pacific Products,33170 Central Avenue,Union City,USA,510 4874411,http://www.deltapacificinc.com,824,https://adsj19.mapyourshow.com/8_0/exhibitor/exhibitor-details.cfm?exhid=287587,,,,
Design Standards Corp.,PO Box 1620,Charlestown,USA,603 8267744,http://www.designstandards.com,516,https://adsj19.mapyourshow.com/8_0/exhibitor/exhibitor-details.cfm?exhid=27752,"Contract Manufacturing,Design Services,Engineering Services,Injection Molding",,,
Diablo Sales & Marketing Inc.,P.O. Box 408,Diablo,USA,925 6481611,http://www.diablosales.com,921,https://adsj19.mapyourshow.com/8_0/exhibitor/exhibitor-details.cfm?exhid=23823,Assembly," Medical Devices,Contract Manufacturing"," Medical Devices,Extrusion Medical,Machining,Precision Machining,Wire Processing",
Dino - Lite Scopes (BigC),19803 Hamilton Ave,Torrance,USA,310 6189990,https://www.dinolite.us/,233,https://adsj19.mapyourshow.com/8_0/exhibitor/exhibitor-details.cfm?exhid=254668,"Electronic Components,Test & Measurement Equipment",,,
Dinsmore Inc.,1681 Kettering Street,Irvine,USA,714 6417111,http://www.dinsmoreinc.com/,1141,https://adsj19.mapyourshow.com/8_0/exhibitor/exhibitor-details.cfm?exhid=290337,"3D Printing/Additive Manufacturing,Contract Manufacturing,Design Services,Prototyping,Research & Development (R&D",),,
DirectMed Inc.,98 Pratt Oval,Glen Cove,USA,5166563377,http://www.directmed.com,216,https://adsj19.mapyourshow.com/8_0/exhibitor/exhibitor-details.cfm?exhid=30298,"Contract Manufacturing,Distributors,Medical Device Components",,,
Diverse Optics Inc.,10310 Regis Court,Rancho Cucamonga,USA,909 5939330,http://www.diverseoptics.com,329,https://adsj19.mapyourshow.com/8_0/exhibitor/exhibitor-details.cfm?exhid=4784,"Design Services,Injection Molding,Lasers, Optics, and Optical Components,Medical Device Components,Plastics and Polymers,Prototyping",,,
DPSS Lasers Inc.,2525 Walsh Ave,Santa Clara,USA,408 9884300,http://www.dpss-lasers.com,506,https://adsj19.mapyourshow.com/8_0/exhibitor/exhibitor-details.cfm?exhid=247567,"Automation,Barcoding,Labeling",,,
EAG Laboratories,4780 Discovery Dr.,Columbia,USA,408 5303856,http://www.eaglabs.com,436,https://adsj19.mapyourshow.com/8_0/exhibitor/exhibitor-details.cfm?exhid=13069,"Electronic Components,Test & Measurement Equipment",,,
Eagle Medical Packaging and Sterlization,2921 Union Road,Paso Robles,USA,805 2387401,http://www.eaglemed.com/index.htm,1235,https://adsj19.mapyourshow.com/8_0/exhibitor/exhibitor-details.cfm?exhid=282169,"3D Printing/Additive Manufacturing,Cleanrooms and Environmental Control Products,Contract Manufacturing,Contract Manufacturing"," Medical Devices,Contract Packaging,Package Design,Protective Packaging,Sterilization",,
Emerson,160 Park Ave,Florham Park,USA,203 7960400,http://www.bransonultrasonics.com,1114,https://adsj19.mapyourshow.com/8_0/exhibitor/exhibitor-details.cfm?exhid=22442,"Fluid Handling/Fluid Control,Manufacturing Equipment,Valves,Welding,Wire Processing",,,
Enable Inc.,610 Price Avenue,Redwood City,USA,408 8496619,http://enableimaging.com,541,https://adsj19.mapyourshow.com/8_0/exhibitor/exhibitor-details.cfm?exhid=915770,,,,
Epilog Laser,16371 Table Mountain Parkway,Golden,USA,888 4374564,http://www.epiloglaser.com,421,https://adsj19.mapyourshow.com/8_0/exhibitor/exhibitor-details.cfm?exhid=6511,"Barcoding,Cutting,Labeling,Laser and Die Cutting,Manufacturing Equipment",,,
Eurofins Medical Device Testing,2425 New Holland Pike,Lancaster,USA,717 6562300,http://www.eurofins.com/medical-device,434,https://adsj19.mapyourshow.com/8_0/exhibitor/exhibitor-details.cfm?exhid=936903,Testing Services,,,
Evolve Manufacturing Technologies Inc.,47300 Bayside Parkway,Fremont,USA,510 6908959,http://www.evolvemfg.com,621,https://adsj19.mapyourshow.com/8_0/exhibitor/exhibitor-details.cfm?exhid=13966,Assembly," Medical Devices,Contract Manufacturing,Contract Manufacturing"," Full-Service,Contract Manufacturing"," Medical Devices,Electronics Assembly,Semiconductors"
Exceltek Electronics,"Room 1501, 15/F, Alliance Building,130-136 Connaught Road Central",Central Hong Kong,Hong Kong (China),858 3362209,http://www.exceltek.com,234,https://adsj19.mapyourshow.com/8_0/exhibitor/exhibitor-details.cfm?exhid=959425,"Cable and Wires,Contract Manufacturing"," Full-Service,Contract Manufacturing"," Medical Devices,Electronics Assembly,Wireless Technologies",
Exhibitor Center,,,,,,1239,https://adsj19.mapyourshow.com/8_0/exhibitor/exhibitor-details.cfm?exhid=UBM1239,,,,
Fang Consulting,2303 Kennedy St. NE,Minneapolis,USA,6122309909,http://www.fangconsulting.com/,128,https://adsj19.mapyourshow.com/8_0/exhibitor/exhibitor-details.cfm?exhid=950041,,,,
Fedco Batteries,1363 Capital Dr.,Fond du Lac,USA,800 5429761,http://www.fedcobatteries.com,1137,https://adsj19.mapyourshow.com/8_0/exhibitor/exhibitor-details.cfm?exhid=906716,"Electronics Assembly,Electronics Manufacturing",,,
Flexan,500 Bond Street,Lincolnshire,USA,847 3501535,http://www.fmimed.com,517,https://adsj19.mapyourshow.com/8_0/exhibitor/exhibitor-details.cfm?exhid=14367,"Contract Manufacturing,Injection Molding,Medical Device Components",,,
Flexible Circuit Technologies Inc.,9850 51st Avenue North,Plymouth,USA,763 5453333,http://www.flexiblecircuit.com,1029,https://adsj19.mapyourshow.com/8_0/exhibitor/exhibitor-details.cfm?exhid=98597,"Contract Manufacturing,Flexible Circuits,Prototyping,System Boards",,,
Fluortek Inc.,12 McFadden Road,Easton,USA,610 5599000,http://www.fluortek.com,1327,https://adsj19.mapyourshow.com/8_0/exhibitor/exhibitor-details.cfm?exhid=24961,"Coatings and Finishes,Extrusion Medical,Medical Device Components,Plastics and Polymers,Thermoforming,Tubing Types",,,
Foamtec International,720 Venture Drive,Waco,USA,419 3660522,http://www.foamtecmedical.com,227,https://adsj19.mapyourshow.com/8_0/exhibitor/exhibitor-details.cfm?exhid=911824,,,,
Forecast 3D,2221 Rutherford Road,Carlsbad,USA,760 9299380,http://www.forecast3d.com,333,https://adsj19.mapyourshow.com/8_0/exhibitor/exhibitor-details.cfm?exhid=3806,"3D Printing/Additive Manufacturing,Contract Manufacturing,Precision Machining,Prototyping",,,
"Formacoat, LLC",12500 Zinran Avenue,Savage,USA,952 8950200,http://www.formacoat.com,1240,https://adsj19.mapyourshow.com/8_0/exhibitor/exhibitor-details.cfm?exhid=15051,"Coatings and Finishes,Contract Manufacturing,Contract Manufacturing", Medical Devices,,
Forum Plastics,105 Progress Lane,Waterbury,USA,7746331948,http://www.forummolding.com,118,https://adsj19.mapyourshow.com/8_0/exhibitor/exhibitor-details.cfm?exhid=943068,"3D Printing/Additive Manufacturing,Assembly"," Medical Devices,Contract Manufacturing,Contract Manufacturing"," Medical Devices,Injection Molding,Medical Device Components,Molds and Dies",
Foster Corp.,45 Ridge Road,Putnam,USA,+1 860 928 4102,http://www.fostercomp.com,416,https://adsj19.mapyourshow.com/8_0/exhibitor/exhibitor-details.cfm?exhid=15455,,,,
"Fralock, Lockwood Ind. LLC",28525 W. Industry Drive,Valencia,USA,661 7026999,http://www.fralock.com,933,https://adsj19.mapyourshow.com/8_0/exhibitor/exhibitor-details.cfm?exhid=17713,"Additives,Adhesives,Flexible Circuits,Laser and Die Cutting,Medical Device Components,Plastics and Polymers,Product Design and Development",,,
Freetech Plastic Inc.,2211 Warm Springs Court,Fremont,USA,5106519996,http://www.freetechplastics.com/,512,https://adsj19.mapyourshow.com/8_0/exhibitor/exhibitor-details.cfm?exhid=18599,"Contract Manufacturing,Enclosures,Form-Fill-Seal,Machining,Thermoforming",,,
GCX Corporation,3875 Cypress Drive,Petaluma,USA,707 7731100,http://www.gcx.com,606,https://adsj19.mapyourshow.com/8_0/exhibitor/exhibitor-details.cfm?exhid=13965,"Carts and Workstations,Contract Manufacturing,Medical Device Components,Research & Development (R&D",),,
GM Nameplate,2040 15th Ave. West,Seattle,USA,206 2842200,http://www.gmnameplate.com,1127,https://adsj19.mapyourshow.com/8_0/exhibitor/exhibitor-details.cfm?exhid=21737,,,,
Han's Laser Corp.,2220 OToole Avenue,San Jose,USA,408 7249428,http://www.hanslaser.net/,1041,https://adsj19.mapyourshow.com/8_0/exhibitor/exhibitor-details.cfm?exhid=940736,"Electronics Manufacturing,Laser and Die Cutting,Manufacturing Equipment,Precision Machining,Welding",,,
Hantel Technologies Inc.,703 Sandoval Way,Hayward,USA,510 4001164,http://www.hanteltech.com,732,https://adsj19.mapyourshow.com/8_0/exhibitor/exhibitor-details.cfm?exhid=688,,,,
Harland Medical Systems Inc.,7418 Washington Ave. S,Eden Prairie,USA,+1 952 941 0475,http://www.harlandmedical.com,1035,https://adsj19.mapyourshow.com/8_0/exhibitor/exhibitor-details.cfm?exhid=15926,"Coatings and Finishes,Drug Delivery,Surface Treatment",,,
HBM Test and Measurement,19 Bartlett Street,Marlborough,USA,217 3285359,http://www.hbm.com,725,https://adsj19.mapyourshow.com/8_0/exhibitor/exhibitor-details.cfm?exhid=303083,"Electronic Components,Engineering Services,Medical Device Components,Software,Test & Measurement Equipment,Testing Services",,,
Hi-Tech Products,8530 Roland St.,Buena Park,USA,714 6702150,http://www.hi-tech-products.com,1120,https://adsj19.mapyourshow.com/8_0/exhibitor/exhibitor-details.cfm?exhid=26674,"Adhesives,Converting,Cutting,Laser and Die Cutting",,,
Hilltop Technology Laboratory Inc.,51 Parker,Irvine,USA,949 6802525,http://www.hilltop21.co.jp,934,https://adsj19.mapyourshow.com/8_0/exhibitor/exhibitor-details.cfm?exhid=399036,"Design Services,Machining,Prototyping",,,
"Hitachi Cable America, Inc.",15 Gray Lane,Ashaway,USA,401 3150654,http://www.hitechprofiles.com,440,https://adsj19.mapyourshow.com/8_0/exhibitor/exhibitor-details.cfm?exhid=6003,"Extrusion Medical,Injection Molding,Medical Device Components,Research & Development (R&D","),Tube Processing",,
HIWIN Corp.,12455 Jim Dhamer Drive,Huntley,USA,847 8272270,http://www.hiwin.com,521,https://adsj19.mapyourshow.com/8_0/exhibitor/exhibitor-details.cfm?exhid=7529,"Automation,Motion Control,Motors and Drives,Robots and Robotic Accessories",,,
"Hobson & Motzer, Inc.",30 Air Line Drive,Durham,USA,860 3491756,http://www.hobsonmotzer.com,406,https://adsj19.mapyourshow.com/8_0/exhibitor/exhibitor-details.cfm?exhid=30736,Assembly," Medical Devices,Contract Manufacturing,Contract Manufacturing"," Medical Devices,Electromechanical Devices or Components,Machining,Medical Device Components,Precision Machining",
Hochuen Technologies Corp.,615 E. Camino Real Ave.,Arcadia,USA,626 2410354,http://www.hochuen.com,327,https://adsj19.mapyourshow.com/8_0/exhibitor/exhibitor-details.cfm?exhid=398092,"Blister Packaging,Contract Manufacturing,Gaskets and Seals,Injection Molding,Laser and Die Cutting,Medical Device Components,Plastics and Polymers,Printing",,,
Hydromer Inc,35 Industrial Parkway,Branchburg,USA,+1 908 722 5000,http://www.hydromer.com,207,https://adsj19.mapyourshow.com/8_0/exhibitor/exhibitor-details.cfm?exhid=27313,"Contract Manufacturing,Research & Development (R&D",),,
Ideal Print Solutions,26895 Aliso Creek Rd,Aliso Viejo,USA,949 3873223,http://www.idealprintsolutions.com,1236,https://adsj19.mapyourshow.com/8_0/exhibitor/exhibitor-details.cfm?exhid=301985,,,,
Indo-US MIM Tec (P) Ltd,214 Carnegie Center,Princeton,USA,734 3279842,http://www.indo-mim.com,915,https://adsj19.mapyourshow.com/8_0/exhibitor/exhibitor-details.cfm?exhid=248256,"Machining,Medical Device Components",,,
Innovize,500 Oak Grove Parkway,St Paul,USA,651 4900000,http://www.innovize.com,716,https://adsj19.mapyourshow.com/8_0/exhibitor/exhibitor-details.cfm?exhid=25632,"Contract Manufacturing,Converting,Laser and Die Cutting,Medical Device Components,Sterilization",,,
IRP Medical,1035 Calle Amanecer,San Clemente,USA,949 3734510,http://www.irpmedical.com/,737,https://adsj19.mapyourshow.com/8_0/exhibitor/exhibitor-details.cfm?exhid=25055,"Contract Manufacturing,Injection Molding,Prototyping",,,
iTECH,9454 Waples St.,San Diego,USA,858 4581500,http://www.itecheng.com,332,https://adsj19.mapyourshow.com/8_0/exhibitor/exhibitor-details.cfm?exhid=375031,"Batteries and Power Sources,Electronics Assembly,Electronics Manufacturing,Medical Device Components",,,
IUVO Bioscience,7500 West Henrietta Road,Rush,USA,585 5331672,http://iuvobioscience.com,113,https://adsj19.mapyourshow.com/8_0/exhibitor/exhibitor-details.cfm?exhid=915286,,,,
Janman Precision,1 Wenming 3rd street,Taoyuan City,Taiwan,5629123599,http://janman.net,1129,https://adsj19.mapyourshow.com/8_0/exhibitor/exhibitor-details.cfm?exhid=951444,"Contract Manufacturing,Injection Molding,Medical Device Components,Precision Machining",,,
JetPCB Web LLC,2055 Junction Ave.,San Jose,USA,408 9227278,http://us.jetpcb.com/,317,https://adsj19.mapyourshow.com/8_0/exhibitor/exhibitor-details.cfm?exhid=916465,,,,
"JKB Co., Ltd.","2-34-21 SHIMOSAKUNOBE, TAKATSU-KU","KAWASAK-SHI, KANAGAWA PREFECTURE",Japan,044 8881121,http://www.jkb-net.co.jp/index.html,336,https://adsj19.mapyourshow.com/8_0/exhibitor/exhibitor-details.cfm?exhid=952077,,,,
John Evans' Sons Inc.,P.O. Box 885,Lansdale,USA,215 3687700 ext. 107,http://www.springcompany.com,514,https://adsj19.mapyourshow.com/8_0/exhibitor/exhibitor-details.cfm?exhid=373885,"Metal Fabrication,Motion Control",,,
Junkosha Inc.,18201 Von Karman Avenue,Irvine,United States of America,9498256177,https://junflon.com/,734,https://adsj19.mapyourshow.com/8_0/exhibitor/exhibitor-details.cfm?exhid=904905,"Cable and Wires,Manufacturing Equipment,Tube Processing,Tubing Connectors,Tubing Types",,,
K-Tube Technologies,13400 Kirkham Way,Poway,USA,858 5139229,http://www.k-tube.com,614,https://adsj19.mapyourshow.com/8_0/exhibitor/exhibitor-details.cfm?exhid=29082,"Injection Molding,Tube Processing,Tubing Types",,,
"Kinematic Automation, Inc.",P.O. Box 69,Twain Harte,USA,209 5323200,http://www.kinematic.com,1228,https://adsj19.mapyourshow.com/8_0/exhibitor/exhibitor-details.cfm?exhid=14531,"Automation,Manufacturing Equipment",,,
KNF Neuberger Inc.,Two Black Forest Road,Trenton,USA,609 8908600,http://www.knfusa.com,428,https://adsj19.mapyourshow.com/8_0/exhibitor/exhibitor-details.cfm?exhid=19015,"Medical Device Components,Pumps and Compressors",,,
Knightsbridge Plastics Inc,3075 Osgood Ct.,Fremont,USA,510 4408444,http://www.kpi.net,306,https://adsj19.mapyourshow.com/8_0/exhibitor/exhibitor-details.cfm?exhid=255010,,,,
Koganei International America Inc.,39300 Civic Center Drive,Fremont,USA,510 7441626,http://www.koganeiusa.com,714,https://adsj19.mapyourshow.com/8_0/exhibitor/exhibitor-details.cfm?exhid=900476,"Contract Manufacturing,Electronics Manufacturing,Engineering Services,Medical Device Components,Valves",,,
Lab Pro Inc.,1290 Anvilwood Court,Sunnyvale,USA,713 8572148,http://www.labproinc.com,635,https://adsj19.mapyourshow.com/8_0/exhibitor/exhibitor-details.cfm?exhid=950997,"Cutting,Vision Inspection",,,
"Liquidmetal Technologies, Inc.",20321 Valencia Circle,Lake Forest,USA,949 6352100,http://www.liquidmetal.com,1337,https://adsj19.mapyourshow.com/8_0/exhibitor/exhibitor-details.cfm?exhid=907369,"Injection Molding,Materials,Medical Device Components",,,
Lumenous Device Technologies,919 Kifer Road,Sunnyvale,USA,408 6360221,http://www.lumenous.com,617,https://adsj19.mapyourshow.com/8_0/exhibitor/exhibitor-details.cfm?exhid=19871,,,,
Luxilon Industries,Vosveld 11,Wijnegem,Belgium,+323 326 33 88,http://www.luxilon.com,1324,https://adsj19.mapyourshow.com/8_0/exhibitor/exhibitor-details.cfm?exhid=301143,"Biomaterials,Extrusion Medical,Materials,Medical Device Components,Plastics and Polymers",,,
"M&S Centerless Grinding, Meron Medical Div.",1825 Stout Drive,Warminster,USA,888 7792061,http://www.msgrinding.com,613,https://adsj19.mapyourshow.com/8_0/exhibitor/exhibitor-details.cfm?exhid=283774,"Contract Manufacturing,Electromechanical Devices or Components,Medical Device Components,Tube Processing,Wire Processing",,,
Machine Solutions,3480 E. Brittania Drive,Tucson,USA,520 8816555,https://www.machinesolutions.com,213,https://adsj19.mapyourshow.com/8_0/exhibitor/exhibitor-details.cfm?exhid=4070,"Automation,Manufacturing Equipment,Test & Measurement Equipment,Testing Services,Tube Processing",,,
Manex Consulting,2633 Camino Ramon,San Ramon,USA,925 8075106,http://www.manexconsulting.com,334,https://adsj19.mapyourshow.com/8_0/exhibitor/exhibitor-details.cfm?exhid=270716,,,,
"Matrix Plastic Products, Inc.",949 A.E.C. Drive,Wood Dale,USA,630 5956144,http://www.matrixtooling.com,1126,https://adsj19.mapyourshow.com/8_0/exhibitor/exhibitor-details.cfm?exhid=6277,"Contract Manufacturing,Injection Molding,Inspection,Medical Device Components",,,
MBK Tape Solutions,9959 Canoga Avenue,Chatsworth,USA,800 4799707,http://www.mbktape.com/,1025,https://adsj19.mapyourshow.com/8_0/exhibitor/exhibitor-details.cfm?exhid=24304,"Adhesives,Contract Manufacturing,Converting,Laser and Die Cutting,Medical Device Components",,,
Medbio,"5346 36th Street, SE",Grand Rapids,USA,616 2450214,http://www.medbioinc.com,321,https://adsj19.mapyourshow.com/8_0/exhibitor/exhibitor-details.cfm?exhid=249321,"Contract Manufacturing,Injection Molding,Medical Device Components",,,
Meddux Development Corporation,4826 Sterling Drive,Boulder,USA,7206757154,http://www.meddux.com,324,https://adsj19.mapyourshow.com/8_0/exhibitor/exhibitor-details.cfm?exhid=954253,Assembly," Medical Devices,Design Services,Electromechanical Devices or Components,Product Design and Development,Prototyping",,
Medefab Inc.,81 Turnpike Road,Jaffrey,USA,603 5325656,http://www.medefab.com,527,https://adsj19.mapyourshow.com/8_0/exhibitor/exhibitor-details.cfm?exhid=26064,"Contract Manufacturing,Contract Packaging,Injection Molding,Printing",,,
Medical Extrusion Technologies Inc.,26608 Pierce Circle,Murrieta,USA,951 6984346,http://www.medicalextrusion.com,616,https://adsj19.mapyourshow.com/8_0/exhibitor/exhibitor-details.cfm?exhid=26598,"Medical Device Components,Prototyping,Tube Processing,Tubing Types",,,
Medical Murray Inc.,400 N Rand Rd,North Barrington,USA,847 8473700,http://www.medicalmurray.com,814,https://adsj19.mapyourshow.com/8_0/exhibitor/exhibitor-details.cfm?exhid=21232,Contract Manufacturing,,,
MeKo Laser Material Processing,Laserstrahl-Materialbearbeitungen e.K.,Sarstedt,Germany,+49 5066 7079 0,http://www.meko.de,1329,https://adsj19.mapyourshow.com/8_0/exhibitor/exhibitor-details.cfm?exhid=32017,"Biomaterials,Contract Manufacturing,Cutting,Medical Device Components,Prototyping,Valves",,,
MICRO,140 Belmont Drive,Somerset,USA,732 3020800,http://www.micro-co.com,629,https://adsj19.mapyourshow.com/8_0/exhibitor/exhibitor-details.cfm?exhid=30450,"Contract Manufacturing,Contract Manufacturing"," Medical Devices,Injection Molding,Medical Device Components,Precision Machining,Tube Processing",,
MicroConnex,34935 SE Douglas St.,Snoqualmie,USA,425 3965707,http://www.microconnex.com,836,https://adsj19.mapyourshow.com/8_0/exhibitor/exhibitor-details.cfm?exhid=7995,"Electronic Components,Flexible Circuits,Interconnect Devices,Precision Machining,Prototyping",,,
MicroLumen Inc.,1 MicroLumen Way,Oldsmar,USA,813 8861200,http://www.microlumen.com,1020,https://adsj19.mapyourshow.com/8_0/exhibitor/exhibitor-details.cfm?exhid=21559,"Contract Manufacturing,Extrusion Medical,Medical Device Components,Tube Processing,Tubing Connectors,Tubing Types",,,
Microspec Corp.,327 Jaffrey Road,Peterborough,USA,603 9244300,http://www.microspecorporation.com,925,https://adsj19.mapyourshow.com/8_0/exhibitor/exhibitor-details.cfm?exhid=21597,"Contract Manufacturing,Extrusion Medical,Prototyping",,,
MiQ Partners,8800 Global Way,West Chester,USA,513 7727000,http://www.tsstech.com,1229,https://adsj19.mapyourshow.com/8_0/exhibitor/exhibitor-details.cfm?exhid=22816,"Automation,Contract Manufacturing,Control Systems,Manufacturing Equipment",,,
Mission Plastics Inc.,1930 S. Parco Ave,Ontario,USA,909 9477287,http://www.missionplastics.com,1034,https://adsj19.mapyourshow.com/8_0/exhibitor/exhibitor-details.cfm?exhid=32298,Injection Molding,,,
"Mitsubishi Electric US Inc., Semiconductor Div.",5900-A Katella Avenue,Cypress,USA,714 2293847,http://www.mitsubishielectric-usa.com/semiconductors/,534,https://adsj19.mapyourshow.com/8_0/exhibitor/exhibitor-details.cfm?exhid=913555,Medical Device Components,,,
Mooney Industrials,16162 Beach Boulevard,Huntington Beach,USA,714 8417902,http://www.mooney-inc.com/,221,https://adsj19.mapyourshow.com/8_0/exhibitor/exhibitor-details.cfm?exhid=26296,Metal Fabrication,,,
MOS Plastics,2308 Zanker Rd.,San Jose,USA,408 9449407,http://www.mosinc.com,325,https://adsj19.mapyourshow.com/8_0/exhibitor/exhibitor-details.cfm?exhid=9850,,,,
Motion Dynamics Corp.,5621 Airline Road,Fruitport,USA,231 8657400,http://www.motiondc.com,733,https://adsj19.mapyourshow.com/8_0/exhibitor/exhibitor-details.cfm?exhid=279,"Contract Manufacturing,Research & Development (R&D","),Tube Processing,Welding",,
MPS Micro Precision Systems AG,Chemin du Long-Champ 95,Biel/Bienne,Switzerland,41 32 3444300,http://www.mpsag.com,1328,https://adsj19.mapyourshow.com/8_0/exhibitor/exhibitor-details.cfm?exhid=7575,Assembly," Medical Devices,Automation,Cleanrooms and Environmental Control Products,Design Services",,
Ms. Carita Inc.,2159 Research Drive,Livermore,USA,925 2431720,http://www.mscarita.com,432,https://adsj19.mapyourshow.com/8_0/exhibitor/exhibitor-details.cfm?exhid=909062,,,,
Natech Plastics,85 Remington Blvd.,Ronkonkoma,USA,631 5803506 ext. 212,http://www.natechplastics.com,427,https://adsj19.mapyourshow.com/8_0/exhibitor/exhibitor-details.cfm?exhid=904359,"Contract Manufacturing,Design Services,Engineering Services,Injection Molding",,,
NB Corp. of America,46750 Lakeview Blvd,Fremont,USA,800 9818190,http://www.nbcorporation.com,721,https://adsj19.mapyourshow.com/8_0/exhibitor/exhibitor-details.cfm?exhid=27397,"Automation,Electromechanical Devices or Components,Medical Device Components,Motion Control",,,
NBK America,307 E Church Rd,King of Prussia,USA,484 6857500,http://www.nbk1560.com,615,https://adsj19.mapyourshow.com/8_0/exhibitor/exhibitor-details.cfm?exhid=914798,,,,
"NDH Medical, Inc.",11001 Roosevelt Boulevard North,St. Petersburg,USA,727 5702293,http://www.ndhmedical.com,312,https://adsj19.mapyourshow.com/8_0/exhibitor/exhibitor-details.cfm?exhid=75,"Contract Manufacturing,Contract Packaging,Injection Molding,Tubing Types",,,
Nelson Laboratories LLC,6280 South Redwood Rd,Salt Lake City,USA,8012907500,http://www.nelsonlabs.com,821,https://adsj19.mapyourshow.com/8_0/exhibitor/exhibitor-details.cfm?exhid=28949,"Consulting Services,Package Design,Quality and Compliance,Sterilization,Testing Services",,,
Nexus Automation,2021 Las Posits Court,Livermore,USA,925 4433296,http://www.nexusautomation.com,314,https://adsj19.mapyourshow.com/8_0/exhibitor/exhibitor-details.cfm?exhid=250339,"Automation,Design Services,Engineering Services,Manufacturing Equipment",,,
Nissha GSI Technologies,311 Shore Drive,Burr Ridge,USA,6303258181,http://www.gsitech.com,1332,https://adsj19.mapyourshow.com/8_0/exhibitor/exhibitor-details.cfm?exhid=31784,Contract Manufacturing," Medical Devices,Converting,Flexible Circuits,Laser and Die Cutting,Printing,Prototyping",,
Nitto Kohki USA Inc.,46 Chancellor Drive,Roselle,USA,630 9248811,http://www.nittokohki.com,537,https://adsj19.mapyourshow.com/8_0/exhibitor/exhibitor-details.cfm?exhid=900752,"Medical Device Components,Pumps and Compressors",,,
NN Life Sciences,6210 Ardrey Kell Rd,Charlotte,USA,9802644300,http://www.nninc.com/life-sciences,1040,https://adsj19.mapyourshow.com/8_0/exhibitor/exhibitor-details.cfm?exhid=289470,"3D Printing/Additive Manufacturing,Assembly"," Medical Devices,Contract Manufacturing,Contract Manufacturing"," Medical Devices,Design Services,Drug Delivery,Injection Molding,Precision Machining,Product Design and Development,Research & Development (R&D",)
Noanix Corporation,3003 North First Street,San Jose,United States of America,4084325821,http://www.noanix.com,241,https://adsj19.mapyourshow.com/8_0/exhibitor/exhibitor-details.cfm?exhid=396905,"Adhesives,Biochemicals and Chemical Reagents,Biomaterials,Coatings and Finishes,Drug Delivery,Medical Device Components,Pumps and Compressors,Surface Treatment",,,
Norman Noble Inc.,5507 Avion Park Drive,Highland Heights,USA,216 7615387,http://www.nnoble.com,628,https://adsj19.mapyourshow.com/8_0/exhibitor/exhibitor-details.cfm?exhid=8562,"3D Printing/Additive Manufacturing,Contract Manufacturing,Laser and Die Cutting,Machining,Metal Fabrication,Prototyping",,,
Northern California Injection Molding,2691 Mercantile Drive,Rancho Cordova,USA,916 6354558,http://www.ncimolding.com/,433,https://adsj19.mapyourshow.com/8_0/exhibitor/exhibitor-details.cfm?exhid=914475,"Injection Molding,Medical Device Components",,,
Nota3D,3200 Sheridan Rd.,Kenosha,USA,2625108752,https://nota-3d.com,137,https://adsj19.mapyourshow.com/8_0/exhibitor/exhibitor-details.cfm?exhid=953979,,,,
Oliver Healthcare Packaging,"445 Sixth Street, NW",Grand Rapids,USA,616 4567711,http://www.oliverhcp.com/,524,https://adsj19.mapyourshow.com/8_0/exhibitor/exhibitor-details.cfm?exhid=14097,"Form-Fill-Seal,Materials,Package Design,Protective Packaging",,,
Omnica Corp.,15560-D Rockfield Boulevard,Irvine,USA,949 4720275,http://www.omnica.com,526,https://adsj19.mapyourshow.com/8_0/exhibitor/exhibitor-details.cfm?exhid=14820,,,,
Onyx Healthcare USA,324 West Blueridge Ave.,Orange,USA,714 7920774,http://www.onyx-healthcare.com,607,https://adsj19.mapyourshow.com/8_0/exhibitor/exhibitor-details.cfm?exhid=389907,,,,
Optinova Inc.,"9900 13th Avenue, Suite 150",Plymouth,USA,763 2265626,http://www.optinova.com,1033,https://adsj19.mapyourshow.com/8_0/exhibitor/exhibitor-details.cfm?exhid=300124,Extrusion Medical,,,
Pace Analytical Life Sciences LLC,1311 Helmo Ave North,Oakdale,USA,651 7382728,http://www.pacelabs.com/life-sciences.html,535,https://adsj19.mapyourshow.com/8_0/exhibitor/exhibitor-details.cfm?exhid=12046,,,,
Pacific BioLabs,551 Linus Pauling Dr.,Hercules,USA,510 9649000,http://www.pacificbiolabs.com,1024,https://adsj19.mapyourshow.com/8_0/exhibitor/exhibitor-details.cfm?exhid=10361,"Regulatory Affairs,Research & Development (R&D","),Sterilization,Testing Services",,
PalPilot,500 Yosemite Drive,Milpitas,USA,408 8858866,http://www.palpilot.com,435,https://adsj19.mapyourshow.com/8_0/exhibitor/exhibitor-details.cfm?exhid=930087,Electronic Components,,,
Paramit Corp.,18735 Madrone Parkway,Morgan Hill,USA,408 7825600,http://www.paramit.com,1026,https://adsj19.mapyourshow.com/8_0/exhibitor/exhibitor-details.cfm?exhid=28766,,,,
Pearson Electronics,4009 Transport St.,Palo Alto,USA,650 4946444,http://www.pearsonelectronics.com,1037,https://adsj19.mapyourshow.com/8_0/exhibitor/exhibitor-details.cfm?exhid=7644,"Medical Device Components,Test & Measurement Equipment",,,
Peridot Corp.,1072 Serpentine Lane,Pleasanton,USA,925 4618830,http://www.peridotcorp.com,932,https://adsj19.mapyourshow.com/8_0/exhibitor/exhibitor-details.cfm?exhid=16508,"Contract Manufacturing,Machining,Medical Device Components,Precision Machining,Tube Processing",,,
"Peter's Technology (Suzhou) Co., Ltd.",No. 99 Jishi East Road,"Wujiang city, Jiangsu Province",China,+86 512.8207.9868,http://www.peterstechnology.com,1336,https://adsj19.mapyourshow.com/8_0/exhibitor/exhibitor-details.cfm?exhid=279844,Assembly," Medical Devices,Cable and Wires,Contract Manufacturing"," Medical Devices,Injection Molding,Precision Machining,Prototyping",
Phillips-Medisize Corp.,1201 Hanley Road,Hudson,USA,715 3813200,http://www.phillipsmedisize.com,706,https://adsj19.mapyourshow.com/8_0/exhibitor/exhibitor-details.cfm?exhid=18510,Assembly," Medical Devices,Contract Manufacturing,Contract Manufacturing"," Full-Service,Design Services,Drug Delivery,Engineering Services,Medical Device Components,Supply Chain Management & Logistics",
Photometrics,19535 56th Avenue,"Surrey, BC",Canada,520 8899933,http://www.photometrics.com,935,https://adsj19.mapyourshow.com/8_0/exhibitor/exhibitor-details.cfm?exhid=913773,,,,
PMI LLC,1031 Bing St,San Carlos,USA,650 5954747,http://www.pmillc.com/,829,https://adsj19.mapyourshow.com/8_0/exhibitor/exhibitor-details.cfm?exhid=17094,,,,
Precision Concepts Medical Technologies,2701 Boulder Park Court,Winston-Salem,USA,336 7618572,http://www.precisionconcepts.com,927,https://adsj19.mapyourshow.com/8_0/exhibitor/exhibitor-details.cfm?exhid=29745,"Contract Manufacturing,Engineering Services,Injection Molding",,,
Preco Medical & Precision Converting,500 Laser Drive,Somerset,USA,715 2473285,http://www.precoinc.com,307,https://adsj19.mapyourshow.com/8_0/exhibitor/exhibitor-details.cfm?exhid=4512,"Contract Manufacturing,Contract Packaging,Cutting,Engineering Services,Laser and Die Cutting,Manufacturing Equipment,Prototyping",,,
Premold Corp.,5657 Frontier Road,Oconomowoc,USA,262 5699044,http://www.premoldcorp.com,528,https://adsj19.mapyourshow.com/8_0/exhibitor/exhibitor-details.cfm?exhid=24830,"Design Services,Enclosures,Injection Molding,Prototyping",,,
ProMed Molded Products Inc.,15600 Medina Road,Minneapolis,USA,763 3313800,http://www.promedmoldedproducts.com,924,https://adsj19.mapyourshow.com/8_0/exhibitor/exhibitor-details.cfm?exhid=30377,"Contract Manufacturing,Drug Delivery,Injection Molding,Medical Device Components,Prototyping",,,
Promex Industries,3075 Oakmead Village Dr.,Santa Clara,USA,408 4960222,http://www.promex-ind.com,340,https://adsj19.mapyourshow.com/8_0/exhibitor/exhibitor-details.cfm?exhid=32361,Assembly," Medical Devices,Contract Manufacturing,Contract Manufacturing"," Medical Devices,Electronics Assembly,Flexible Circuits,Flexible Packaging,Prototyping",
"ProPlate - Professional Plating, Inc.",2625 9th Avenue North,Anoka,USA,763 4270112,http://www.proplate.com,316,https://adsj19.mapyourshow.com/8_0/exhibitor/exhibitor-details.cfm?exhid=374390,"Contract Manufacturing,Flexible Circuits,Surface Treatment",,,
ProTechnologies,331 Shelly Brook Drive,Pilot Mountain,USA,800 3331375,http://www.protechnologies.com,232,https://adsj19.mapyourshow.com/8_0/exhibitor/exhibitor-details.cfm?exhid=903399,,,,
Prudential Cleanroom Services,1661 Alton Parkway,Irvine,USA,949 2504850,http://www.pos-clean.com,424,https://adsj19.mapyourshow.com/8_0/exhibitor/exhibitor-details.cfm?exhid=24807,,,,
PTI Engineered Plastics Inc.,50900 Corporate Drive,Macomb,USA,586 2635100,http://www.teampti.com,408,https://adsj19.mapyourshow.com/8_0/exhibitor/exhibitor-details.cfm?exhid=26481,"Contract Manufacturing,Design Services,Injection Molding,Molds and Dies,Prototyping",,,
Pulse Systems,"4090 Nelson Avenue, Suite J",Concord,USA,925 7984080,http://www.pulsesystems.com,712,https://adsj19.mapyourshow.com/8_0/exhibitor/exhibitor-details.cfm?exhid=28273,"Contract Manufacturing,Machining,Medical Device Components,Tube Processing,Welding",,,
Qosina,2002-Q Orville Drive North,Ronkonkoma,USA,631 2423000,http://www.qosina.com,820,https://adsj19.mapyourshow.com/8_0/exhibitor/exhibitor-details.cfm?exhid=32775,"Medical Device Components,Tubing Types,Valves",,,
Qure Medical,32125 Solon Road,Solon,USA,+1 3308889840,http://www.qure-med.com,1333,https://adsj19.mapyourshow.com/8_0/exhibitor/exhibitor-details.cfm?exhid=28974,Assembly," Medical Devices,Contract Manufacturing,Drug Delivery,Extrusion Medical,Injection Molding,Medical Device Components",,
RapidWerks Inc.,1257 Quarry Lane,Pleasanton,USA,925 4170124,http://www.rapidwerks.com,723,https://adsj19.mapyourshow.com/8_0/exhibitor/exhibitor-details.cfm?exhid=28480,"3D Printing/Additive Manufacturing,Automation,Design Tools,Injection Molding,Machining",,,
Ray Products Inc.,1700 Chablis Avenue,Ontario,USA,909 3909906,http://www.rayplastics.com,320,https://adsj19.mapyourshow.com/8_0/exhibitor/exhibitor-details.cfm?exhid=28090,"Contract Manufacturing,Design Services,Enclosures,Thermoforming",,,
Relucent Solutions,1415 N. Dutton Ave,Santa Rosa,USA,800 6307704,http://www.relucent.com,1015,https://adsj19.mapyourshow.com/8_0/exhibitor/exhibitor-details.cfm?exhid=247550,,,,
RepExact LLC,417 Second Street,Annapolis,USA,980 3291688,http://www.repexact.com/,407,https://adsj19.mapyourshow.com/8_0/exhibitor/exhibitor-details.cfm?exhid=282329,,,,
Resonetics,26 Whipple St,Nashua,United States of America,6038866772,http://resonetics.com,736,https://adsj19.mapyourshow.com/8_0/exhibitor/exhibitor-details.cfm?exhid=12549,,,,
"Robinson Printing, a Div. of Steven Label",11926 Burke St,Santa Fe Springs,USA,562 6989971,http://www.stevenlabel.com,328,https://adsj19.mapyourshow.com/8_0/exhibitor/exhibitor-details.cfm?exhid=15832,"Barcoding,Labeling,Package Design,Printing",,,
Rose Batteries,2030 Ringwood Ave,San Jose,USA,408 9430200,http://www.rosebatteries.com,515,https://adsj19.mapyourshow.com/8_0/exhibitor/exhibitor-details.cfm?exhid=26470,Electronic Components,,,
"Royal Distributors, Inc",38340 Innovation Court # F612,Murrieta,USA,800 2268436,http://www.royaldistributorsinc.com,941,https://adsj19.mapyourshow.com/8_0/exhibitor/exhibitor-details.cfm?exhid=12153,"Distributors,Electronic Components",,,
RTP Company,580 E Front St,Winona,USA,507 4546900,http://WWW.RTPCOMPANY.COM,1133,https://adsj19.mapyourshow.com/8_0/exhibitor/exhibitor-details.cfm?exhid=873,Plastics and Polymers,,,
Sager Electronics,19 Leona Drive,Middleborough,USA,508 9478888,http://www.sager.com,1221,https://adsj19.mapyourshow.com/8_0/exhibitor/exhibitor-details.cfm?exhid=97190,,,,
Samtec,520 Park East Boulevard,New Albany,USA,812 9446733,http://www.samtec.com,1121,https://adsj19.mapyourshow.com/8_0/exhibitor/exhibitor-details.cfm?exhid=373903,"Electronic Components,Engineering Services,Signal Integrity",,,
SIDCO Labeling Systems,1043 Di Giulio Ave.,Santa Clara,USA,800 2667432,http://www.consite.com,420,https://adsj19.mapyourshow.com/8_0/exhibitor/exhibitor-details.cfm?exhid=6981,,,,
Simplex Isolation Systems,14500 Miller Ave.,Fontana,USA,909 4290117,http://www.simplexstripdoors.com,1234,https://adsj19.mapyourshow.com/8_0/exhibitor/exhibitor-details.cfm?exhid=8137,Enclosures,,,
Smalley,555 Oakwood Road,Lake Zurich,USA,847 7195900,http://www.smalley.com,508,https://adsj19.mapyourshow.com/8_0/exhibitor/exhibitor-details.cfm?exhid=11119,Springs and Coils,,,
SMC Ltd.,330 SMC Drive,Somerset,USA,715 2473500,http://www.smcltd.com,228,https://adsj19.mapyourshow.com/8_0/exhibitor/exhibitor-details.cfm?exhid=3252,Contract Manufacturing,,,
SN&N Electronics,1846 Stone Ave,San Jose,USA,408 6387461,,326,https://adsj19.mapyourshow.com/8_0/exhibitor/exhibitor-details.cfm?exhid=952713,,,,
Specialized Engineering LLC,831 Performance Drive,Stockton,USA,209 4620256,http://www.meditube.com,841,https://adsj19.mapyourshow.com/8_0/exhibitor/exhibitor-details.cfm?exhid=300972,,,,
Specialty Coating Systems Inc.,7645 Woodland Drive,Indianapolis,USA,3172441200,http://www.scscoatings.com,1128,https://adsj19.mapyourshow.com/8_0/exhibitor/exhibitor-details.cfm?exhid=12194,Surface Treatment,,,
SPT Group - Small Precision Tools,1330 Clegg St.,Petaluma,USA,707 7654545,http://www.spt.net,532,https://adsj19.mapyourshow.com/8_0/exhibitor/exhibitor-details.cfm?exhid=3907,"Electromechanical Devices or Components,Fluid Handling/Fluid Control,Injection Molding,Materials,Medical Device Components,Precision Machining",,,
Statek Corp.,512 North Main Street,Orange,USA,714 6397810,http://www.statek.com,627,https://adsj19.mapyourshow.com/8_0/exhibitor/exhibitor-details.cfm?exhid=11945,"Electronic Components,Medical Device Components,Semiconductors",,,
Stellartech Research Corp.,,,,,,533,https://adsj19.mapyourshow.com/8_0/exhibitor/exhibitor-details.cfm?exhid=2452,,,,
Steri-Tek,48225 Lakeview Boulevard,Freemont,USA,510 9339700,http://www.steri-tek.com,828,https://adsj19.mapyourshow.com/8_0/exhibitor/exhibitor-details.cfm?exhid=915432,Sterilization,,,
Sterigenics,2015 Spring Road,Oak Brook,United States of America,6309281751,https://sterigenics.com/,821,https://adsj19.mapyourshow.com/8_0/exhibitor/exhibitor-details.cfm?exhid=S1000,"Consulting Services,Quality and Compliance,Sterilization,Testing Services",,,
STERIS Applied Sterilization Technologies,5960 Heisley Road,Mentor,USA,440 3542600,http://www.steris.com,625,https://adsj19.mapyourshow.com/8_0/exhibitor/exhibitor-details.cfm?exhid=15284,,,,
Stevested Machinery & Eng. Ltd,"3535-190th Street,",Surrey,USA,6049467621,,240,https://adsj19.mapyourshow.com/8_0/exhibitor/exhibitor-details.cfm?exhid=954433,,,,
Strand Products Inc.,725 E. Yanonali Street,Santa Barbara,USA,805 5680304,http://www.strandproducts.com,529,https://adsj19.mapyourshow.com/8_0/exhibitor/exhibitor-details.cfm?exhid=13819,"Contract Manufacturing,Welding,Wire Processing",,,
Streamlined Precision,21 Bayview Ter.,Mill Valley,USA,4155169760,,540,https://adsj19.mapyourshow.com/8_0/exhibitor/exhibitor-details.cfm?exhid=939418,,,,
"Surface Solutions Group, LLC",,,,,,337,https://adsj19.mapyourshow.com/8_0/exhibitor/exhibitor-details.cfm?exhid=27341,,,,
Surgical Technologies Inc.,One Scanlan Plaza,St. Paul,USA,651 2980997,http://www.scanlangroup.com,429,https://adsj19.mapyourshow.com/8_0/exhibitor/exhibitor-details.cfm?exhid=17408,"Blister Packaging,Cleanrooms and Environmental Control Products,Contract Manufacturing,Package Design,Sterilization",,,
"Swiss Precision Machining, Inc.",,,,,,1124,https://adsj19.mapyourshow.com/8_0/exhibitor/exhibitor-details.cfm?exhid=10169,,,,
Swope Design Solutions,,,,,,217,https://adsj19.mapyourshow.com/8_0/exhibitor/exhibitor-details.cfm?exhid=940727,,,,
SynDaver Labs,8506 Benjamin Road,Tampa,USA,813 6005530,http://www.syndaver.com,843,https://adsj19.mapyourshow.com/8_0/exhibitor/exhibitor-details.cfm?exhid=11914,"Contract Manufacturing,Research & Development (R&D","),Testing Services",,
Syneo/ASG Medical Systems,3875 Fiscal Court,West Palm Beach,USA,561 8486684,http://www.syneoco.com,229,https://adsj19.mapyourshow.com/8_0/exhibitor/exhibitor-details.cfm?exhid=311144,"Automation,Cutting,Manufacturing Equipment,Wire Processing",,,
TANAKA Precious Metals,,,,,,940,https://adsj19.mapyourshow.com/8_0/exhibitor/exhibitor-details.cfm?exhid=399006,,,,
Teamvantage,20697 Fenway Avenue North,Forest Lake,USA,651 4643900,http://www.teamvantage.com,620,https://adsj19.mapyourshow.com/8_0/exhibitor/exhibitor-details.cfm?exhid=12185,Assembly," Medical Devices,Contract Manufacturing,Engineering Services,Injection Molding,Machining,Molds and Dies,Precision Machining",,
Tech Theater,,,,,,121,https://adsj19.mapyourshow.com/8_0/exhibitor/exhibitor-details.cfm?exhid=UBM121,,,,
"Technical Safety Services, Inc.",620 Hearst Ave.,Berkeley,USA,800 8777742,http://www.techsafety.com,109,https://adsj19.mapyourshow.com/8_0/exhibitor/exhibitor-details.cfm?exhid=12562,,,,
Teleflex Medical OEM,1425 Tri-State Parkway,Gurnee,USA,847 5963100,http://www.teleflexmedicaloem.com,1027,https://adsj19.mapyourshow.com/8_0/exhibitor/exhibitor-details.cfm?exhid=12978,"Contract Manufacturing,Extrusion Medical,Medical Device Components,Tube Processing,Tubing Types",,,
Temple Health and Bioscience District,1802 South First Street,Temple,USA,254 9353963,http://www.templebioscience.com,441,https://adsj19.mapyourshow.com/8_0/exhibitor/exhibitor-details.cfm?exhid=933742,,,,
The Lee Company,P.O. Box 424,Westbrook,USA,860 3996281,http://www.theleeco.com,633,https://adsj19.mapyourshow.com/8_0/exhibitor/exhibitor-details.cfm?exhid=19011,"Filters,Fluid Handling/Fluid Control,Tubing Connectors,Valves",,,
The Pentagon Company,15500 Erwin St.,Van Nuys,USA,818 7855112,http://www.pentagonco.com,1032,https://adsj19.mapyourshow.com/8_0/exhibitor/exhibitor-details.cfm?exhid=15351,"EMC/EMI/ESD Products,Flexible Circuits,Gaskets and Seals,Injection Molding,Machining,Sensors and Detectors",,,
"THK America, Inc.",200 East Commerce Drive,Schaumburg,USA,847 3101111,http://www.thk.com,640,https://adsj19.mapyourshow.com/8_0/exhibitor/exhibitor-details.cfm?exhid=13621,"Automation,Controllers,Electronics Manufacturing,Laser and Die Cutting,Manufacturing Equipment",,,
Thomas Engineering Company,7024 Northland Drive N.,Minneapolis,USA,763 5331501,http://www.thomasengineering.com,632,https://adsj19.mapyourshow.com/8_0/exhibitor/exhibitor-details.cfm?exhid=22555,"Contract Manufacturing,Drug Delivery,Medical Device Components,Prototyping",,,
Toxikon Corp.,15 Wiggins Avenue,Bedford,USA,781 2753330,http://www.toxikon.com,624,https://adsj19.mapyourshow.com/8_0/exhibitor/exhibitor-details.cfm?exhid=2141,"Consulting Services,Product Design and Development,Research & Development (R&D","),Testing Services",,
TRU TECH Systems,24550 N. River Rd.,Mount Clemens,USA,877 8788324,http://www.trutechsys.com,409,https://adsj19.mapyourshow.com/8_0/exhibitor/exhibitor-details.cfm?exhid=29945,,,,
UFP Technologies and Dielectrics,100 Hale Street,Newburyport,USA,978 3522200,http://www.ufpt.com,308,https://adsj19.mapyourshow.com/8_0/exhibitor/exhibitor-details.cfm?exhid=20674,,,,
Ulbrich Stainless Steel & Special Metals Inc.,153 Washington Avenue,North Haven,USA,203 2394481,http://www.ulbrich.com,412,https://adsj19.mapyourshow.com/8_0/exhibitor/exhibitor-details.cfm?exhid=25233,,,,
VACCO Industries,10350 Vacco Street,South El Monte,USA,626 4437121,http://www.vacco.com,1028,https://adsj19.mapyourshow.com/8_0/exhibitor/exhibitor-details.cfm?exhid=23727,"Contract Manufacturing,Cutting,Filters,Medical Device Components",,,
Velentium,22316 Grand Corner Drive,Katy,USA,832 3038200,http://www.velentium.com,117,https://adsj19.mapyourshow.com/8_0/exhibitor/exhibitor-details.cfm?exhid=941695,"Consulting Services,Contract Manufacturing,Contract Manufacturing"," Medical Devices,Design Services,Engineering Services,Product Design and Development,Research & Development (R&D","),Software Design and Development,Test & Measurement Equipment",
Via Biomedical,6655 Wedgewood Road,Maple Grove,USA,763 5779936,http://www.viabiomedical.com,834,https://adsj19.mapyourshow.com/8_0/exhibitor/exhibitor-details.cfm?exhid=28941,,,,
ViaMed Corp.,15-D Plymouth Drive,So. Easton,USA,508 2380220,http://www.viamedcorp.com,926,https://adsj19.mapyourshow.com/8_0/exhibitor/exhibitor-details.cfm?exhid=28905,"Contract Manufacturing,Medical Device Components,Prototyping",,,
Vision Components GmbH,Ottostrasse 2,Ettlingen,Germany,+49 7243 21670,http://www.vision-components.com,236,https://adsj19.mapyourshow.com/8_0/exhibitor/exhibitor-details.cfm?exhid=119060,"Manufacturing Equipment,Medical Device Components,Sensors and Detectors,Test & Measurement Equipment,Vision Inspection",,,
Vulcan Spring & Mfg. Co.,501 Schoolhouse Road,Telford,USA,215 7211721,http://www.vulcanspring.com,437,https://adsj19.mapyourshow.com/8_0/exhibitor/exhibitor-details.cfm?exhid=6016,Springs and Coils,,,
West-Tech Materials,1700 Adams Avenue,Costa Mesa,USA,360 7553191,http://cirtecmed.com/,720,https://adsj19.mapyourshow.com/8_0/exhibitor/exhibitor-details.cfm?exhid=25353,"Contract Manufacturing,Medical Device Components,Precision Machining",,,
Westfall Technik,1100 E. Citrus St.,Riverside,USA,626 4492696,http://www.at-co.com/,827,https://adsj19.mapyourshow.com/8_0/exhibitor/exhibitor-details.cfm?exhid=12316,,,,
"Westpak, Inc.",83 Great Oaks Boulevard,San Jose,USA,408 2241300,http://www.westpak.com,715,https://adsj19.mapyourshow.com/8_0/exhibitor/exhibitor-details.cfm?exhid=27673,"Consulting Services,Research & Development (R&D","),Testing Services",,
Wright Engineered Plastics,3681 N. Laughlin Road,Santa Rosa,USA,707 5751218,http://www.wepmolding.com,833,https://adsj19.mapyourshow.com/8_0/exhibitor/exhibitor-details.cfm?exhid=10084,,,,
Y.C. Cable USA Inc.,,,,,,1134,https://adsj19.mapyourshow.com/8_0/exhibitor/exhibitor-details.cfm?exhid=105710,,,,
"Zed Industries, Inc.",P.O. Box 458,Vandalia,USA,937 6678407,http://www.zedindustries.com,1237,https://adsj19.mapyourshow.com/8_0/exhibitor/exhibitor-details.cfm?exhid=1109,"Blister Packaging,Form-Fill-Seal,Manufacturing Equipment,Test & Measurement Equipment,Thermoforming,Vacuum Packaging",,,
Zeus Inc.,3737 Industrial Boulevard,Orangeburg,USA,803 2689500,http://www.zeusinc.com,928,https://adsj19.mapyourshow.com/8_0/exhibitor/exhibitor-details.cfm?exhid=22764,"Extrusion Medical,Medical Device Components,Plastics and Polymers,Research & Development (R&D","),Tube Processing,Tubing Types",,
