name,address,city,country,phone,website,booth_no,src_url,products
3Play Media,34 Farnsworth St. 4th Floor,Boston,United States of America,,https://www.3playmedia.com,1359,https://atd2020.mapyourshow.com/8_0/exhibitor/exhibitor-details.cfm?exhid=10049,Interactive Video
4imprint,101 Commerce Street,Oshkosh,USA,,http://www.4imprint.com,1553,https://atd2020.mapyourshow.com/8_0/exhibitor/exhibitor-details.cfm?exhid=1657,Marketing
Absorb,"1011 9 Avenue SE, Suite 275",Calgary,Canada,,https://www.absorblms.com/,1315,https://atd2020.mapyourshow.com/8_0/exhibitor/exhibitor-details.cfm?exhid=1100,Enterprise Learning Solutions
Acendre,8221 Ritchie Highway,Pasadena,United States of America,,https://www.asentialms.com,1445,https://atd2020.mapyourshow.com/8_0/exhibitor/exhibitor-details.cfm?exhid=9907,Content Development
AchieveForum,10 Post Office Square,Boston,United States of America,,https://www.achieveforum.com/,655,https://atd2020.mapyourshow.com/8_0/exhibitor/exhibitor-details.cfm?exhid=9924,Change Management
Acumen Learning,240 North Orem Boulevard,Orem,United States,,https://www.acumenlearning.com,2011,https://atd2020.mapyourshow.com/8_0/exhibitor/exhibitor-details.cfm?exhid=1007,Business Acumen
Administrate,3 Lady Lawson Street,Edinburgh,Scotland,,https://www.getadministrate.com,961,https://atd2020.mapyourshow.com/8_0/exhibitor/exhibitor-details.cfm?exhid=2136,Enterprise Learning Solutions
Adobe,345 Park Avenue,San Jose,United States,,http://www.adobe.com,1611,https://atd2020.mapyourshow.com/8_0/exhibitor/exhibitor-details.cfm?exhid=1009,Authoring Systems
Advantexe Learning Solutions,100 Four Falls Corporate Center-Suite 101,West Conshohocken,United States,,https://www.advantexe.com,1122,https://atd2020.mapyourshow.com/8_0/exhibitor/exhibitor-details.cfm?exhid=1010,Business Acumen
Allego,117 Kendrick Street,Needham,United States of America,,https://www.allego.com,1743,https://atd2020.mapyourshow.com/8_0/exhibitor/exhibitor-details.cfm?exhid=10132,Certification
AllenComm,55 West 900 South,Salt Lake City,United States of America,,https://www.allencomm.com/,1713,https://atd2020.mapyourshow.com/8_0/exhibitor/exhibitor-details.cfm?exhid=10062,Consulting
American Management Association,1601 Broadway,New York,United States,,http://www.amanet.org,900,https://atd2020.mapyourshow.com/8_0/exhibitor/exhibitor-details.cfm?exhid=1015,Diversity
Anecdote,138 Adderly St.,West Melbourne,Australia,,https://www.anecdote.com/,516,https://atd2020.mapyourshow.com/8_0/exhibitor/exhibitor-details.cfm?exhid=10139,Communication Skills
"APTARA, INC",2901 TELESTAR COURT,Falls Church,United States,,http://www.aptaracorp.com,1262,https://atd2020.mapyourshow.com/8_0/exhibitor/exhibitor-details.cfm?exhid=1020,Content Development
Arbinger Institute,1379 North 1075 West,Farmington,USA,,http://www.arbinger.com,1300,https://atd2020.mapyourshow.com/8_0/exhibitor/exhibitor-details.cfm?exhid=1615,Coaching
"ArcSource Group, Inc.",8825 Stanford Blvd,Columbia,United States of America,,http://http://arcsourcegroup.com/,1061,https://atd2020.mapyourshow.com/8_0/exhibitor/exhibitor-details.cfm?exhid=10043,e-Learning Courseware
Area9 Lyceum,126 Woodland Road,Chestnut Hill,USA,,https://area9lyceum.com/,211,https://atd2020.mapyourshow.com/8_0/exhibitor/exhibitor-details.cfm?exhid=1597,e-Learning Services
Articulate,244 5th Avenue,New York,United States,,http://www.articulate.com,1218317,https://atd2020.mapyourshow.com/8_0/exhibitor/exhibitor-details.cfm?exhid=1023,Authoring Systems
Assessments 24x7,2873 W. Bainbridge Rd,San Diego,United States of America,,http://www.Assessments24x7.com,337,https://atd2020.mapyourshow.com/8_0/exhibitor/exhibitor-details.cfm?exhid=9966,Assessment Tools
Assessments International Inc.,"14701 Pioneer Trail, #11",Eden Prairie,United States of America,,https://www.assessmentsinternationalinc.com/,1733,https://atd2020.mapyourshow.com/8_0/exhibitor/exhibitor-details.cfm?exhid=10095,Assessment Tools
ATD Enterprise Solutions,1640 King Street,Alexandria,United States of America,,http://td.org/enterprise-solutions,123,https://atd2020.mapyourshow.com/8_0/exhibitor/exhibitor-details.cfm?exhid=10035,
AtmanCo,1050 de la Montagne #300,Montreal,Canada,,https://atmanco.com/,1538,https://atd2020.mapyourshow.com/8_0/exhibitor/exhibitor-details.cfm?exhid=10134,Applied Technology Solutions
Avant,1345 N. Jefferson St.,Milwaukee,United States of America,,,2031,https://atd2020.mapyourshow.com/8_0/exhibitor/exhibitor-details.cfm?exhid=10321,
Avion Consulting,4730 Palm Ave.,La Mesa,United States of America,,http://avionconsulting.com,1742,https://atd2020.mapyourshow.com/8_0/exhibitor/exhibitor-details.cfm?exhid=10044,Coaching
Axonify,450 Phillip St.,Waterloo,Canada,,http://www.axonify.com,1831,https://atd2020.mapyourshow.com/8_0/exhibitor/exhibitor-details.cfm?exhid=2200,Metrics
Bakers Man Entertainment Group,21515 Hawthorne Blvd,Torrance,United States of America,,http://www.bakersman.com,1614,https://atd2020.mapyourshow.com/8_0/exhibitor/exhibitor-details.cfm?exhid=10065,Content Development
"Barnes & Conti Associates, Inc.",940 Dwight Way,Berkeley,United States,,http://www.barnesconti.com,810,https://atd2020.mapyourshow.com/8_0/exhibitor/exhibitor-details.cfm?exhid=1032,Communication Skills
Becoming Your Best Global Leadership,P.O Box 971207,Orem,USA,,https://www.becomingyourbest.com,447,https://atd2020.mapyourshow.com/8_0/exhibitor/exhibitor-details.cfm?exhid=200,Leadership
BenchPrep,233 S. Wacker Dr.,Chicago,United States of America,,https://benchprep.com/,1916,https://atd2020.mapyourshow.com/8_0/exhibitor/exhibitor-details.cfm?exhid=10267,e-Learning Services
"Berrett-Koehler Publishers, Inc","1333 Broadway, Suite 1000",Oakland,US,,https://www.bkconnection.com,1224,https://atd2020.mapyourshow.com/8_0/exhibitor/exhibitor-details.cfm?exhid=1037,Leadership
BetterUp,1200 Folsom Street,San Francisco,United States of America,,,1758,https://atd2020.mapyourshow.com/8_0/exhibitor/exhibitor-details.cfm?exhid=10297,
Big Potential,302 Davis Grove Circle Ste 6015,Cary,United States of America,,http://orangefrogexperience.com,1838,https://atd2020.mapyourshow.com/8_0/exhibitor/exhibitor-details.cfm?exhid=10129,Experiential Learning
BizLibrary,14500 South Outer Forty,Town and Country,United States,,https://www.bizlibrary.com/,1423,https://atd2020.mapyourshow.com/8_0/exhibitor/exhibitor-details.cfm?exhid=1040,Enterprise Learning Solutions
BizXcel Corp,"2507 James Street, Suite 208",Syracuse,United States of America,,,237,https://atd2020.mapyourshow.com/8_0/exhibitor/exhibitor-details.cfm?exhid=10318,
Blackboard Business & Government,1111 19th St NW,Washington,United States,,https://www.blackboard.com/business,919,https://atd2020.mapyourshow.com/8_0/exhibitor/exhibitor-details.cfm?exhid=1041,Enterprise Learning Solutions
Blue Ocean Brain,4900 Cox Road,Glen Allen,United States,,https://blueoceanbrain.com/,660,https://atd2020.mapyourshow.com/8_0/exhibitor/exhibitor-details.cfm?exhid=2260,Diversity
"Bob Pike Group, The",14530 Martin Drive,Eden Prairie,United States,,http://www.bobpikegroup.com,1530,https://atd2020.mapyourshow.com/8_0/exhibitor/exhibitor-details.cfm?exhid=1042,Train-the-Trainer
BookPal,"18101 Von Karman Ave, Ste 120",Irvine,United States of America,,https://www.book-pal.com,845,https://atd2020.mapyourshow.com/8_0/exhibitor/exhibitor-details.cfm?exhid=406,Leadership
Bottom-Line Performance,P.O. Box 155,New Palestine,United States of America,,https://www.bottomlineperformance.com/,1762,https://atd2020.mapyourshow.com/8_0/exhibitor/exhibitor-details.cfm?exhid=3031,e-Learning Services
Box of Crayons,137 Marion Street,Toronto,Canada,,http://boxofcrayons.com/,1763,https://atd2020.mapyourshow.com/8_0/exhibitor/exhibitor-details.cfm?exhid=206,Change Management
Brainshark,130 Turner Street,Waltham,United States,,http://www.brainshark.com,1340,https://atd2020.mapyourshow.com/8_0/exhibitor/exhibitor-details.cfm?exhid=1046,Coaching
Bridge,"6330 South 3000 East, Suite 700",Salt Lake City,USA,,http://www.getbridge.com,1259,https://atd2020.mapyourshow.com/8_0/exhibitor/exhibitor-details.cfm?exhid=1555,Evaluation
BrightCarbon,1 Mifflin Place,Cambridge,United States,,http://www.brightcarbon.com,1323,https://atd2020.mapyourshow.com/8_0/exhibitor/exhibitor-details.cfm?exhid=1560,Content Development
Bud to Boss,8021 Westover Drive,Indianapolis,United States,,https://www.budtoboss.com,718,https://atd2020.mapyourshow.com/8_0/exhibitor/exhibitor-details.cfm?exhid=1176,Leadership
C.B.S,NA,NA,United States of America,,,2010,https://atd2020.mapyourshow.com/8_0/exhibitor/exhibitor-details.cfm?exhid=10319,
C3 SoftWorks,123 North 3rd Street,Minneapolis,United States,,http://www.c3softworks.com,746,https://atd2020.mapyourshow.com/8_0/exhibitor/exhibitor-details.cfm?exhid=1051,Games
Caliper,500 Alexander Park,Princeton,United States of America,,http://www.calipercorp.com,1460,https://atd2020.mapyourshow.com/8_0/exhibitor/exhibitor-details.cfm?exhid=10023,Assessment Tools
Capella University,225 South 6th Street,Minneapolis,USA,,http://www.capella.edu/ATD,1424,https://atd2020.mapyourshow.com/8_0/exhibitor/exhibitor-details.cfm?exhid=2288,Enterprise Learning Solutions
Capsim,55 E Monroe,Chicago,USA,,http://corporate.capsim.com/,823,https://atd2020.mapyourshow.com/8_0/exhibitor/exhibitor-details.cfm?exhid=2232,Assessment Tools
Celemi,1855 Hicks Road,Rolling Meadows,United States,,http://www.celemi.com,1352,https://atd2020.mapyourshow.com/8_0/exhibitor/exhibitor-details.cfm?exhid=1055,Business Acumen
"Center for Leadership Studies, The",280 Towerview Court,Cary,United States,,https://www.situational.com/,811,https://atd2020.mapyourshow.com/8_0/exhibitor/exhibitor-details.cfm?exhid=1057,Leadership
Central Michigan University,802 Industrial Drive,Mt. Pleasant,USA,,http://global.cmich.edu,1847,https://atd2020.mapyourshow.com/8_0/exhibitor/exhibitor-details.cfm?exhid=1002,Business Development
Centre Law & Consulting,8330 Boone Blvd,Tysons,United States of America,,https://www.centrelawgroup.com/,1663,https://atd2020.mapyourshow.com/8_0/exhibitor/exhibitor-details.cfm?exhid=10148,Consulting
Chronus,15395 SE 30th Pl,Bellevue,United States,,https://www.chronus.com,311,https://atd2020.mapyourshow.com/8_0/exhibitor/exhibitor-details.cfm?exhid=1982,Career Development
Cinecraft Productions,2515 Franklin Boulevard,Cleveland,United States of America,,https://www.cinecraft.com,756,https://atd2020.mapyourshow.com/8_0/exhibitor/exhibitor-details.cfm?exhid=10056,Content Development
Clarity Consultants,"910 E. Hamilton Ave., Ste.400",Campbell,United States,,https://clarityconsultants.com,1017,https://atd2020.mapyourshow.com/8_0/exhibitor/exhibitor-details.cfm?exhid=1065,Consulting
Cloverleaf,1605 Dana Ave,Cincinnati,United States of America,,,1722,https://atd2020.mapyourshow.com/8_0/exhibitor/exhibitor-details.cfm?exhid=10307,
Columbia Business School Executive Education,Armstrong Hall,New York,United States of America,,https://www8.gsb.columbia.edu/execed,452,https://atd2020.mapyourshow.com/8_0/exhibitor/exhibitor-details.cfm?exhid=10027,Executive Development
Commit,6755 M Mesa Blvd.,San Diego,United States of America,,http://www.commit-global.com,230,https://atd2020.mapyourshow.com/8_0/exhibitor/exhibitor-details.cfm?exhid=10159,Localization/Translation Services
Core Strengths,"2701 Loker Ave W, Suite 250",Carlsbad,United States,,http://www.corestrengths.com,431,https://atd2020.mapyourshow.com/8_0/exhibitor/exhibitor-details.cfm?exhid=1234,Assessment Tools
CoreClarity,P.O. Box 863692,Plano,United States of America,,https://www.CoreClarity.net/,462,https://atd2020.mapyourshow.com/8_0/exhibitor/exhibitor-details.cfm?exhid=10016,Organization Development
Cornerstone OnDemand,1601 Cloverfield Blvd.,Los Angeles,United States,,https://www.cornerstoneondemand.com/,323,https://atd2020.mapyourshow.com/8_0/exhibitor/exhibitor-details.cfm?exhid=1075,LMS
CorporateTrainingMaterials.com,125 Provost Street,New Glasgow,Canada,,http://www.CorporateTrainingMaterials.com,316,https://atd2020.mapyourshow.com/8_0/exhibitor/exhibitor-details.cfm?exhid=2243,e-Learning Courseware
Coursera for Business,381 E Evelyn Avenue,Mountain View,United States of America,,http://www.coursera.org/business,638,https://atd2020.mapyourshow.com/8_0/exhibitor/exhibitor-details.cfm?exhid=9927,e-Learning Services
Crestcom International,6900 E. Belleview Ave,Greenwood Village,United States of America,,http://www.crestcomleadership.com,924,https://atd2020.mapyourshow.com/8_0/exhibitor/exhibitor-details.cfm?exhid=8001,Business Acumen
"CustomGuide, Inc.",3387 Brownlow Ave.,Minneapolis,United States,,http://www.customguide.com,520,https://atd2020.mapyourshow.com/8_0/exhibitor/exhibitor-details.cfm?exhid=1078,
Cylient,"600 1st Ave, Suite 623",Seattle,United States of America,,,1059,https://atd2020.mapyourshow.com/8_0/exhibitor/exhibitor-details.cfm?exhid=10306,
D2L,151 Charles St W Suite 400,Kitchener,Canada,,http://www.d2l.com/enterprise,723,https://atd2020.mapyourshow.com/8_0/exhibitor/exhibitor-details.cfm?exhid=10028,Applied Technology Solutions
Dashe & Thomson,401 North 3rd Street Suite 500,Minneapolis,USA,,http://www.dashe.com,1058,https://atd2020.mapyourshow.com/8_0/exhibitor/exhibitor-details.cfm?exhid=2182,Change Management
Data Society,777 6th Street NW,Washington,United States of America,,https://datasociety.com,1124,https://atd2020.mapyourshow.com/8_0/exhibitor/exhibitor-details.cfm?exhid=10296,Consulting
Data Solutions International,5900 Baker Rd.,Minnetonka,United States of America,,http://www.DataSolutionsInc.com,1515,https://atd2020.mapyourshow.com/8_0/exhibitor/exhibitor-details.cfm?exhid=9873,Applied Technology Solutions
DAWA,8200 Greensboro Dr. Suite 900,McLean,United States of America,,https://www.dawaworld.com/,1414,https://atd2020.mapyourshow.com/8_0/exhibitor/exhibitor-details.cfm?exhid=10109,Creativity
DDI,1225 Washington Pike,Bridgeville,United States,,https://www.ddiworld.com,1200,https://atd2020.mapyourshow.com/8_0/exhibitor/exhibitor-details.cfm?exhid=1085,Consulting
Degreed,445 Bryant Street,San Francisco,USA,,http://www.degreed.com,1223,https://atd2020.mapyourshow.com/8_0/exhibitor/exhibitor-details.cfm?exhid=1585,Enterprise Learning Solutions
DegreePlanWorks,PO Box 154,Manquin,United States of America,,https://www.degreeplanworks.com/,1716,https://atd2020.mapyourshow.com/8_0/exhibitor/exhibitor-details.cfm?exhid=10213,Continuing Education
Designing Digitally,8401 Claude Thomas Rd,Franklin,United States of America,,https://www.designingdigitally.com,1825,https://atd2020.mapyourshow.com/8_0/exhibitor/exhibitor-details.cfm?exhid=10101,Content Development
DeVryWORKS,1200 Diehl Road,Naperville,United States,,http://devryworks.com,753,https://atd2020.mapyourshow.com/8_0/exhibitor/exhibitor-details.cfm?exhid=1086,Career Development
DigitalChalk,"Two Town Square Boulevard, Suite 242",Asheville,United States,,http://www.digitalchalk.com/,860,https://atd2020.mapyourshow.com/8_0/exhibitor/exhibitor-details.cfm?exhid=357,Distance Learning
Digitallica,"Acıbadem Mah. Çeçen sok. No:25 A Daire: 150 Istanbul,",ISTANBUL,Turkey,,http://www.digitallica.com.tr,1814,https://atd2020.mapyourshow.com/8_0/exhibitor/exhibitor-details.cfm?exhid=10322,
Docebo,"600 North Thomas St, Suite A",Athens,United States,,http://www.docebo.com,1531,https://atd2020.mapyourshow.com/8_0/exhibitor/exhibitor-details.cfm?exhid=2074,LMS
dominKnow Learning Systems,183 Michael Cowpland Dr.,Ottawa,Canada,,https://dominknow.com/,1118,https://atd2020.mapyourshow.com/8_0/exhibitor/exhibitor-details.cfm?exhid=1090,Authoring Systems
DOOR International B.V.,Staalweg 19,AS Culemborg,Netherlands,,http://www.doortraining.com,631,https://atd2020.mapyourshow.com/8_0/exhibitor/exhibitor-details.cfm?exhid=1091,
DuPont Sustainable Solutions,500 Studio Dr,Virginia Beach,United States of America,,http://www.training.dupont.com,711,https://atd2020.mapyourshow.com/8_0/exhibitor/exhibitor-details.cfm?exhid=2033,e-Learning Courseware
Dynamic Language,"15215 52nd Ave South, Suite 100",Seattle,United States of America,,,318,https://atd2020.mapyourshow.com/8_0/exhibitor/exhibitor-details.cfm?exhid=10324,
EB Enterprises Consulting Group,9051 Meadowrun Way,San Diego,United States of America,,https:// www.ebntp.com,1830,https://atd2020.mapyourshow.com/8_0/exhibitor/exhibitor-details.cfm?exhid=9978,Communication Skills
eCornell,950 Danby Road,Ithaca,USA,,https://www.ecornell.com/certificates/,1241,https://atd2020.mapyourshow.com/8_0/exhibitor/exhibitor-details.cfm?exhid=2401,Career Development
EdApp,188 Grand Street,New york,United States of America,,https://www.edapp.com,1735,https://atd2020.mapyourshow.com/8_0/exhibitor/exhibitor-details.cfm?exhid=10165,Authoring Systems
ej4,4 CityPlace Drive,St. Louis,United States of America,,https://www.ej4.com,438,https://atd2020.mapyourshow.com/8_0/exhibitor/exhibitor-details.cfm?exhid=9898,e-Learning Courseware
eLearning Brothers,732 E. Utah Valley Drive Suite 100,American Fork,United States,,https://elearningbrothers.com,1523,https://atd2020.mapyourshow.com/8_0/exhibitor/exhibitor-details.cfm?exhid=1099,Content Development
ELM Learning,188 Grand Street,New York,United States of America,,,1158,https://atd2020.mapyourshow.com/8_0/exhibitor/exhibitor-details.cfm?exhid=10269,
Enovation,The Friary Bow Street,Dublin,Ireland,,,2024,https://atd2020.mapyourshow.com/8_0/exhibitor/exhibitor-details.cfm?exhid=10323,
eXact learning solutions,1 Press Place,Athens,United States of America,,https://www.exactls.com,658,https://atd2020.mapyourshow.com/8_0/exhibitor/exhibitor-details.cfm?exhid=10171,Authoring Systems
Examity,153 Needham Street,Newton,United States of America,,https://www.examity.com,417,https://atd2020.mapyourshow.com/8_0/exhibitor/exhibitor-details.cfm?exhid=10201,Assessment Tools
"Explorance, Metrics That Matter",1470 Rue Peel,Montreal,Canada,,http://www.explorance.com,1160,https://atd2020.mapyourshow.com/8_0/exhibitor/exhibitor-details.cfm?exhid=1177,Assessment Tools
Extended DISC,32731 Egypt Lane,Magnolia,United States,,https://www.ExtendedDISC.org,1023,https://atd2020.mapyourshow.com/8_0/exhibitor/exhibitor-details.cfm?exhid=1111,Assessment Tools
Extreme Trainings,4957 Lakemont Blvd,Bellevue,United States of America,,https://ExtremeTrainings.com,643,https://atd2020.mapyourshow.com/8_0/exhibitor/exhibitor-details.cfm?exhid=10279,Performance Improvement
Fielding Graduate University,2020 De la Vina St,Santa Barbara,United States of America,,,338,https://atd2020.mapyourshow.com/8_0/exhibitor/exhibitor-details.cfm?exhid=10290,
"Fierce, Inc.",101 Yesler Way,Seattle,United States,,http://www.fierceinc.com,1610,https://atd2020.mapyourshow.com/8_0/exhibitor/exhibitor-details.cfm?exhid=1113,Communication Skills
findcourses.com,Karlavägen 104,Stockholm,Sweden,,https://www.findcourses.com/,1621,https://atd2020.mapyourshow.com/8_0/exhibitor/exhibitor-details.cfm?exhid=185,International/Multinational
Forio Online Simulations,2601 Mission Street,San Francisco,United States,,https://www.forio.com,439,https://atd2020.mapyourshow.com/8_0/exhibitor/exhibitor-details.cfm?exhid=2245,Business Acumen
Friday Night at the ER,412 NW Couch St,Portland,United States of America,,https://fridaynightattheer.com/,1435,https://atd2020.mapyourshow.com/8_0/exhibitor/exhibitor-details.cfm?exhid=9967,Experiential Learning
Gameffective,33 West 60th Street,New York,United States of America,,http://www.gameffective.com,1911,https://atd2020.mapyourshow.com/8_0/exhibitor/exhibitor-details.cfm?exhid=9952,LMS
Gamelearn,12150 SW 128 Court,Miami,USA,,http://www.game-learn.com,1253,https://atd2020.mapyourshow.com/8_0/exhibitor/exhibitor-details.cfm?exhid=1119,Games
Genos International - The Ei Academy,PO Box 2523,Oldmsar,United States of America,,,619,https://atd2020.mapyourshow.com/8_0/exhibitor/exhibitor-details.cfm?exhid=10303,
GetControl.net,179 Prospect Ave,Guilford,United States,,http://www.getcontrol.net,522,https://atd2020.mapyourshow.com/8_0/exhibitor/exhibitor-details.cfm?exhid=1123,e-Learning Courseware
Gilmore Global,120 Herzberg Rd,Kanata,Canada,,,1062,https://atd2020.mapyourshow.com/8_0/exhibitor/exhibitor-details.cfm?exhid=10025,
Global Competence Associates,24 East Third Street,Bethlehem,United States of America,,http://www.GloballyCompetent.com,562,https://atd2020.mapyourshow.com/8_0/exhibitor/exhibitor-details.cfm?exhid=9948,Assessment Tools
Global eLearning,"147 Old Solomons Island Road, Suite 320",Annapolis,United States of America,,https://www.globalelearning.com/,1922,https://atd2020.mapyourshow.com/8_0/exhibitor/exhibitor-details.cfm?exhid=10024,Language Learning and Cultural Competency
gomo,52 Old Steine,Brighton,United Kingdom,,http://gomolearning.com,1000,https://atd2020.mapyourshow.com/8_0/exhibitor/exhibitor-details.cfm?exhid=251,Authoring Systems
GP Strategies,70 Corporate Center,Columbia,United States,,http://www.gpstrategies.com,831,https://atd2020.mapyourshow.com/8_0/exhibitor/exhibitor-details.cfm?exhid=1129,Consulting
Great Circle Learning,3705 Montreux LN,Naples,United States,,https://www.greatcirclelearning.com/,724,https://atd2020.mapyourshow.com/8_0/exhibitor/exhibitor-details.cfm?exhid=1131,Courseware Design
Guidebook,340 Bryant Street,San Francisco,United States of America,,https://guidebook.com/enterprise/,722,https://atd2020.mapyourshow.com/8_0/exhibitor/exhibitor-details.cfm?exhid=9975,Applied Technology Solutions
Guroo Producer,G 04/38 - 52 Waterloo Street,Surry Hills,Australia,,,1458,https://atd2020.mapyourshow.com/8_0/exhibitor/exhibitor-details.cfm?exhid=10298,
Gyrus Systems,5400 Glenside Drive,Richmond,USA,,https://www.Gyrus.com,653,https://atd2020.mapyourshow.com/8_0/exhibitor/exhibitor-details.cfm?exhid=2193,Enterprise Learning Solutions
HansemEUG Language Service,100 Spectrum Center Drive,Irvine,United States of America,,https://hansemEUG.com,540,https://atd2020.mapyourshow.com/8_0/exhibitor/exhibitor-details.cfm?exhid=10251,Content Development
HeadScratchers,"8547 East Arapahoe Road, Suite J345",Greenwood Village,USA,,http://www.headscratchers.com,616,https://atd2020.mapyourshow.com/8_0/exhibitor/exhibitor-details.cfm?exhid=1590,Career Development
"Hogan Assessment Systems, Inc.",11 S. Greenwood Ave,Tulsa,United States,,http://www.hoganassessments.com,1511,https://atd2020.mapyourshow.com/8_0/exhibitor/exhibitor-details.cfm?exhid=1139,Assessment Tools
HP,1501 Page Mill Rd,Palo Alto,United States of America,,http://hp.com/go/vr,1953,https://atd2020.mapyourshow.com/8_0/exhibitor/exhibitor-details.cfm?exhid=10162,Experiential Learning
HR Cert Prep Pros,PO Box 1194,Conifer,United States of America,,,1157,https://atd2020.mapyourshow.com/8_0/exhibitor/exhibitor-details.cfm?exhid=10287,
HR Certification Institute (HRCI),1725 Duke Street,Alexandria,United States,,http://www.hrci.org/,1053,https://atd2020.mapyourshow.com/8_0/exhibitor/exhibitor-details.cfm?exhid=1140,Business Acumen
"HRCP, L.C.","2696 N University Ave, Suite 200",Provo,United States of America,,,434,https://atd2020.mapyourshow.com/8_0/exhibitor/exhibitor-details.cfm?exhid=10317,
HRD Press,22 Amherst Road,Amherst,United States,,http:// www.trainmoreforless.com,1231,https://atd2020.mapyourshow.com/8_0/exhibitor/exhibitor-details.cfm?exhid=1142,Assessment Tools
Human Capital Media,150 N. Michigan Ave.,Chicago,United States,,http://www.humancapitalmedia.com,1260,https://atd2020.mapyourshow.com/8_0/exhibitor/exhibitor-details.cfm?exhid=1197,Enterprise Learning Solutions
"Human Synergistics, Inc.",148 Randhurst Village Dr,Mt Prospect,United States,,http://www.humansynergistics.com/,410,https://atd2020.mapyourshow.com/8_0/exhibitor/exhibitor-details.cfm?exhid=1145,Executive Development
HUNET,"Ace Highend Tower 1st, 8th Floor Digital-ro 26-gil, 5",Seoul,South Korea,,http://www.hunet.co.kr,412,https://atd2020.mapyourshow.com/8_0/exhibitor/exhibitor-details.cfm?exhid=10146,Authoring Systems
Hurley Write,19701 Bethel Church Road,Cornelius,United States of America,,https://www.hurleywrite.com,1155,https://atd2020.mapyourshow.com/8_0/exhibitor/exhibitor-details.cfm?exhid=10136,Communication Skills
"ICC, Inc.",1873 S Bellaire St,Denver,United States of America,,http://www.innovateicc.com,416,https://atd2020.mapyourshow.com/8_0/exhibitor/exhibitor-details.cfm?exhid=10185,Leadership
Idea Translations - E-Learning Solutions,8719 Evangel Dr.,Springfield,United States of America,,http://www.elearningtranslation.com,744,https://atd2020.mapyourshow.com/8_0/exhibitor/exhibitor-details.cfm?exhid=9946,e-Learning Services
iLearnERP,8000 E Prentice Ave,Greenwood Village,United States of America,,,1718,https://atd2020.mapyourshow.com/8_0/exhibitor/exhibitor-details.cfm?exhid=10308,
Impelsys Inc.,116 West 23rd Street,New York,United States of America,,http://www.impelsys.com,558,https://atd2020.mapyourshow.com/8_0/exhibitor/exhibitor-details.cfm?exhid=10061,e-Learning Courseware
Inkling,343 Sansome St,San Francisco,USA,,https://www.inkling.com/,853,https://atd2020.mapyourshow.com/8_0/exhibitor/exhibitor-details.cfm?exhid=1613,Content Development
InsideOut Development,10542 South Jordan Gateway,South Jordan,United States,,http://www.insideoutdev.com,1245,https://atd2020.mapyourshow.com/8_0/exhibitor/exhibitor-details.cfm?exhid=1154,Coaching
Insights,4515 Seton Center Parkway,Austin,USA,,https://www.insights.com,343,https://atd2020.mapyourshow.com/8_0/exhibitor/exhibitor-details.cfm?exhid=1458,Change Management
Instilled,52 Old Steine,East Sussex,United Kingdom,,https://www.watershedlrs.com/,1003,https://atd2020.mapyourshow.com/8_0/exhibitor/exhibitor-details.cfm?exhid=10299,
Intellezy,280 Merrimack Street,Lawrence,United States of America,,https://www.intellezy.com,1361,https://atd2020.mapyourshow.com/8_0/exhibitor/exhibitor-details.cfm?exhid=9900,e-Learning Services
International Coach Federation,2365 Harrodsburg Road,Lexington,United States,,https://www.coachfederation.org,861,https://atd2020.mapyourshow.com/8_0/exhibitor/exhibitor-details.cfm?exhid=1164,Coaching
"International Institute for Learning, Inc.",110 East 59th Street-31st Floor,New York,United States,,http://www.iil.com,623,https://atd2020.mapyourshow.com/8_0/exhibitor/exhibitor-details.cfm?exhid=1000,Leadership
Intrepid by VitalSource,411 1st Avenue South #501,Seattle,United States of America,,https://www.intrepidlearning.com/,453,https://atd2020.mapyourshow.com/8_0/exhibitor/exhibitor-details.cfm?exhid=10050,Career Development
ion Learning,9191 Towne Centre Drive,San Diego,United States of America,,,1443,https://atd2020.mapyourshow.com/8_0/exhibitor/exhibitor-details.cfm?exhid=10274,
IPEVO Inc,440 N. Wolfe Road,Sunnyvale,United States of America,,,445,https://atd2020.mapyourshow.com/8_0/exhibitor/exhibitor-details.cfm?exhid=10320,
JAG Global Learning,1025 Connecticut Ave NW,"Washington, DC",United States of America,,,1619,https://atd2020.mapyourshow.com/8_0/exhibitor/exhibitor-details.cfm?exhid=10253,
JCA Solutions,8815 Conroy Windermere Rd,Orlando,United States of America,,http://www.jcasolutions.com,959,https://atd2020.mapyourshow.com/8_0/exhibitor/exhibitor-details.cfm?exhid=10037,Consulting
Jigsaw Interactive,9205 Raldon Road,Gainesville,USA,,https://www.jigsawinteractive.com,1353,https://atd2020.mapyourshow.com/8_0/exhibitor/exhibitor-details.cfm?exhid=2257,Experiential Learning
"Ken Blanchard Companies, The",125 State Place,Escondido,United States,,https://www.kenblanchard.com,1111,https://atd2020.mapyourshow.com/8_0/exhibitor/exhibitor-details.cfm?exhid=1174,Coaching
"Kevin Eikenberry Group, The",8021 Westover Drive,Indianapolis,United States,,https://www.kevineikenberry.com,716,https://atd2020.mapyourshow.com/8_0/exhibitor/exhibitor-details.cfm?exhid=2248,Leadership
KINEO,Sovereign House,Brighton,United Kingdom,,http://www.kineo.com,1237,https://atd2020.mapyourshow.com/8_0/exhibitor/exhibitor-details.cfm?exhid=2113,
Kliic.com-Customizable Assessment/Survey Platform,7181 Woodbine Avenue,Markham,Canada,,https://www.kliic.com,336,https://atd2020.mapyourshow.com/8_0/exhibitor/exhibitor-details.cfm?exhid=10009,Assessment Tools
"Kryterion, Inc.",7776 South Pointe Parkway West,Phoenix,United States,,https://www.KryterionOnline.com,1163,https://atd2020.mapyourshow.com/8_0/exhibitor/exhibitor-details.cfm?exhid=1179,Applied Technology Solutions
Language Link,701 NE 136th Ave,Vancouver,United States of America,,http://www.language.link,647,https://atd2020.mapyourshow.com/8_0/exhibitor/exhibitor-details.cfm?exhid=2100,Localization/Translation Services
LanguageLine Solutions,One Lower Ragsdale Dr,Monterey,United States of America,,http://www.languageline.com,1618,https://atd2020.mapyourshow.com/8_0/exhibitor/exhibitor-details.cfm?exhid=2087,Language Learning and Cultural Competency
LEADx Coach Amanda (AI),1601 Market Street,Philadelphia,United States of America,,https://leadx.org/,618,https://atd2020.mapyourshow.com/8_0/exhibitor/exhibitor-details.cfm?exhid=10145,Coaching
Learn@Forbes,8620 Spectrum Center Blvd,San Diego,United States of America,,https://learn.forbes.com/,537,https://atd2020.mapyourshow.com/8_0/exhibitor/exhibitor-details.cfm?exhid=10192,Distance Learning
Learning Tribes,600 Brickell Ave,Miami,United States of America,,,1337,https://atd2020.mapyourshow.com/8_0/exhibitor/exhibitor-details.cfm?exhid=10189,
LearningMate,880 Third Ave,New York,United States of America,,,315,https://atd2020.mapyourshow.com/8_0/exhibitor/exhibitor-details.cfm?exhid=10315,
LearnUpon,1st Floor Ocean House,Dublin,Ireland,,http://www.learnupon.com,1452,https://atd2020.mapyourshow.com/8_0/exhibitor/exhibitor-details.cfm?exhid=3101,LMS
LEO,52 Old Steine,East Sussex,United Kingdom,,https://leolearning.com,1001,https://atd2020.mapyourshow.com/8_0/exhibitor/exhibitor-details.cfm?exhid=10141,Content Development
"Level Five Executive, Inc.","17875 Von Karman Ave., Suite 150",Irvine,United States of America,,https://levelfiveexecutive.com/,1412,https://atd2020.mapyourshow.com/8_0/exhibitor/exhibitor-details.cfm?exhid=10094,Leadership
LinkedIn Learning,6410 Via Real,Carpinteria,United States,,https://learning.linkedin.com/,1131,https://atd2020.mapyourshow.com/8_0/exhibitor/exhibitor-details.cfm?exhid=1188,Career Development
Living As A Leader,"13890 Bishop's Drive, Suite 370",Brookfield,USA,,http://www.livingasaleader.com,1344,https://atd2020.mapyourshow.com/8_0/exhibitor/exhibitor-details.cfm?exhid=1571,Coaching
LTC Language Solutions,5750 Castle Creek Parkway,Indianapolis,USA,,http://www.LTCLanguageSolutions.com,1617,https://atd2020.mapyourshow.com/8_0/exhibitor/exhibitor-details.cfm?exhid=1640,Language Learning and Cultural Competency
Lumina Learning USA,18208 Preston Rd,Dallas,United States of America,,http://www.luminalearning.com,1723,https://atd2020.mapyourshow.com/8_0/exhibitor/exhibitor-details.cfm?exhid=803,Assessment Tools
MadCap Software,9191 Towne Center Drive,San Diego,United States of America,,https://www.madcapsoftware.com/,344,https://atd2020.mapyourshow.com/8_0/exhibitor/exhibitor-details.cfm?exhid=10240,Authoring Systems
Maestro,401 E. Michigan Ave. Suite 202,Kalamazoo,United States,,https://meetmaestro.com,523,https://atd2020.mapyourshow.com/8_0/exhibitor/exhibitor-details.cfm?exhid=1189,
"Management & Technology Consulting Group , Inc.","53 Knightsbridge Rd, Suite 216",Piscataway,United States of America,,,1616,https://atd2020.mapyourshow.com/8_0/exhibitor/exhibitor-details.cfm?exhid=10300,
Mango Languages,30445 Northwestern Highway,Farmington Hills,United States of America,,https://www.mangolanguages.com,1659,https://atd2020.mapyourshow.com/8_0/exhibitor/exhibitor-details.cfm?exhid=3028,e-Learning Services
MATRIX by CYPHER LEARNING,4 Embarcadero Center,San Francisco,United States of America,,https://www.matrixlms.com,612,https://atd2020.mapyourshow.com/8_0/exhibitor/exhibitor-details.cfm?exhid=9896,Enterprise Learning Solutions
McGraw-Hill Education,2 Penn Plaza,New York,United States,,http://www.mheducation.com/platforms,911,https://atd2020.mapyourshow.com/8_0/exhibitor/exhibitor-details.cfm?exhid=1196,Assessment Tools
MentorcliQ,595 S 3rd St,Columbus,United States of America,,https://mentorcliq.com,1745,https://atd2020.mapyourshow.com/8_0/exhibitor/exhibitor-details.cfm?exhid=130,Career Development
Meridian Knowledge Solutions,1880 Campus Commons Drive,Reston,United States,,http://www.meridianks.com/,1411,https://atd2020.mapyourshow.com/8_0/exhibitor/exhibitor-details.cfm?exhid=1198,Enterprise Learning Solutions
Metalog,Gewerbering 18,Olching,Germany,,https://www.metalogtools.com/,2030,https://atd2020.mapyourshow.com/8_0/exhibitor/exhibitor-details.cfm?exhid=1683,Experiential Learning
Mimeo,3 Park Avenue,New York,United States,,https://www.mimeo.com,1119,https://atd2020.mapyourshow.com/8_0/exhibitor/exhibitor-details.cfm?exhid=1202,Mobile Learning
Mind Gym,9 E 37th St.,New York,United States of America,,http://us.themindgym.com,1517,https://atd2020.mapyourshow.com/8_0/exhibitor/exhibitor-details.cfm?exhid=9894,Coaching
Mind Tools,The Hay Barn,Horsham,United Kingdom,,https://www.mindtools.com/corporate,634,https://atd2020.mapyourshow.com/8_0/exhibitor/exhibitor-details.cfm?exhid=9875,Career Development
MINDMARKER,3020 Highlands Parkway SE,Atlanta,United States of America,,http://www.mindmarker.com,411,https://atd2020.mapyourshow.com/8_0/exhibitor/exhibitor-details.cfm?exhid=2115,Mobile Learning
Mindspace,725 S Rural Rd,Tempe,United States of America,,https://mindspace.net,1645,https://atd2020.mapyourshow.com/8_0/exhibitor/exhibitor-details.cfm?exhid=10084,Content Development
MindTickle,115 Sansome Street,San Francisco,United States of America,,https://www.mindtickle.com/,531,https://atd2020.mapyourshow.com/8_0/exhibitor/exhibitor-details.cfm?exhid=9956,Coaching
mLevel,1117 Perimeter Center W,Atlanta,United States,,http://www.mlevel.com,331,https://atd2020.mapyourshow.com/8_0/exhibitor/exhibitor-details.cfm?exhid=127,Enterprise Learning Solutions
Mobile Coach,55 N. University Avenue,Provo,United States,,https://mobilecoach.com,1811,https://atd2020.mapyourshow.com/8_0/exhibitor/exhibitor-details.cfm?exhid=1580,Authoring Systems
Morningside Translations,450 Seventh Avenue,New York,USA,,http://www.morningtrans.com,1422,https://atd2020.mapyourshow.com/8_0/exhibitor/exhibitor-details.cfm?exhid=2314,International/Multinational
Mosaico elearning,Via del Melograno 77,Ragusa,Italy,,,1641,https://atd2020.mapyourshow.com/8_0/exhibitor/exhibitor-details.cfm?exhid=10278,
MOTIVATION TECHNOLOGIES,609 E. Lockwood Ave,St. Louis,United States of America,,https://www.motechhq.com/,625,https://atd2020.mapyourshow.com/8_0/exhibitor/exhibitor-details.cfm?exhid=10248,Content Development
MPS Interactive,"477 Madison Avenue, 6th Floor",New York,United States of America,,http://www.mpsinteractive.com,1417,https://atd2020.mapyourshow.com/8_0/exhibitor/exhibitor-details.cfm?exhid=10183,Enterprise Learning Solutions
MTa Learning,Oldworks House Wharfeside,Boston Spa,United Kingdom,,http://www.experientiallearning.org,1330,https://atd2020.mapyourshow.com/8_0/exhibitor/exhibitor-details.cfm?exhid=4002,Experiential Learning
Multi-Health Systems (MHS),3770 Victoria Park Avenue,Toronto,Canada,,https://tap.mhs.com/,1211,https://atd2020.mapyourshow.com/8_0/exhibitor/exhibitor-details.cfm?exhid=1206,Assessment Tools
"Mursion, Inc.",683 Schofield Rd,San Francisco,United States of America,,http://www.mursion.com,1946,https://atd2020.mapyourshow.com/8_0/exhibitor/exhibitor-details.cfm?exhid=205,
Newin Inc.,"7,8,9F, Yekyung Bldg., 44, Jandari-ro, Mapo-gu",Seoul,"Korea, Republic of",,,421,https://atd2020.mapyourshow.com/8_0/exhibitor/exhibitor-details.cfm?exhid=10316,
Next Element,414 N Main St,Newton,United States of America,,,553,https://atd2020.mapyourshow.com/8_0/exhibitor/exhibitor-details.cfm?exhid=10272,
Ninja Tropic eLearning,5045 W Baseline Road,Laveen Village,United States of America,,,463,https://atd2020.mapyourshow.com/8_0/exhibitor/exhibitor-details.cfm?exhid=10282,
Northeastern University,360 Huntington Ave,Boston,United States of America,,http://www.northeastern.edu,761,https://atd2020.mapyourshow.com/8_0/exhibitor/exhibitor-details.cfm?exhid=10085,Continuing Education
NovoEd,854 Folsom St,San Francisco,United States of America,,https://www.novoed.com/,1653,https://atd2020.mapyourshow.com/8_0/exhibitor/exhibitor-details.cfm?exhid=10212,Enterprise Learning Solutions
NTT Training,6675 S Kenton St.,Centennial,United States of America,,http://www.nttinc.com,858,https://atd2020.mapyourshow.com/8_0/exhibitor/exhibitor-details.cfm?exhid=10114,Consulting
O'Reilly,1005 Gravenstein Hwy N,Sebastopol,United States of America,,https://www.oreilly.com/,740,https://atd2020.mapyourshow.com/8_0/exhibitor/exhibitor-details.cfm?exhid=10017,Enterprise Learning Solutions
Omnipress,2600 Anderson St.,Madison,United States,,http://www.omnipress.com,419,https://atd2020.mapyourshow.com/8_0/exhibitor/exhibitor-details.cfm?exhid=1221,Publishing/Publications/Binding/ Books/CD ROMS
OpenSesame,1629 SW Salmon St,Portland,USA,,http://www.opensesame.com,800,https://atd2020.mapyourshow.com/8_0/exhibitor/exhibitor-details.cfm?exhid=2244,e-Learning Courseware
OPM HR Solutions,1900 E Street NW,Washington,United States of America,,https://www.opm.gov/HRS,1744,https://atd2020.mapyourshow.com/8_0/exhibitor/exhibitor-details.cfm?exhid=170,Consulting
Optify,4401 Fair Lakes Court Suite 110,Fairfax,United States of America,,https://www.optifycoaching.com,362,https://atd2020.mapyourshow.com/8_0/exhibitor/exhibitor-details.cfm?exhid=10235,Coaching
Orange Frog,302 Davis Grove Circle Ste 6015,Cary,United States of America,,http://orangefrogexperience.com,1842,https://atd2020.mapyourshow.com/8_0/exhibitor/exhibitor-details.cfm?exhid=10128,Leadership
Padcaster,119 W 23rd St Suite 700,"New York,",United States of America,,https://padcaster.com/,1810,https://atd2020.mapyourshow.com/8_0/exhibitor/exhibitor-details.cfm?exhid=10118,Content Development
Panopto,506 2nd Ave,Seattle,United States of America,,https://www.panopto.com,1252,https://atd2020.mapyourshow.com/8_0/exhibitor/exhibitor-details.cfm?exhid=9932,Enterprise Learning Solutions
Partners In Leadership,27555 Ynez Road,Temecula,United States,,https://www.partnersinleadership.com/,745,https://atd2020.mapyourshow.com/8_0/exhibitor/exhibitor-details.cfm?exhid=1229,Assessment Tools
PASport,767 Bridgeway Suite B,Sansalito,United States of America,,,1217,https://atd2020.mapyourshow.com/8_0/exhibitor/exhibitor-details.cfm?exhid=10281,
PennCLO Executive Doctoral Program,208 S. 37th Street,Philadelphia,United States of America,,https://www.pennclo.com,1154,https://atd2020.mapyourshow.com/8_0/exhibitor/exhibitor-details.cfm?exhid=3050,College/University
Pinnacle Performance Company,516 North Ogden,Chicago,United States,,http://www.pinper.com,752,https://atd2020.mapyourshow.com/8_0/exhibitor/exhibitor-details.cfm?exhid=1236,Coaching
Pluma Coaching,151 Bartlett Street,San Francisco,United States of America,,https://www.pluma.co/,617,https://atd2020.mapyourshow.com/8_0/exhibitor/exhibitor-details.cfm?exhid=10196,Coaching
Podbean,501 Silverside Road,Wilmington,United States of America,,https://www.podbean.com/,1837,https://atd2020.mapyourshow.com/8_0/exhibitor/exhibitor-details.cfm?exhid=10218,Enterprise Learning Solutions
Poll Everywhere,639 Howard Street,San Francisco,United States of America,,https://www.polleverywhere.com/,1055,https://atd2020.mapyourshow.com/8_0/exhibitor/exhibitor-details.cfm?exhid=898,Assessment Tools
Prolific Elearning,1407 N. Batavia St. Ste 106,Orange,United States of America,,,953,https://atd2020.mapyourshow.com/8_0/exhibitor/exhibitor-details.cfm?exhid=10242,e-Learning Services
"Prositions, Inc.",5550 Wild Rose Lane,West Des Moines,United States of America,,https://prositions.com,715,https://atd2020.mapyourshow.com/8_0/exhibitor/exhibitor-details.cfm?exhid=10270,Mobile Learning
Protranslating,"2850 Douglas Rod, 4th Fl",Coral Gables,United States of America,,https://www.protranslating.com/,1652,https://atd2020.mapyourshow.com/8_0/exhibitor/exhibitor-details.cfm?exhid=10007,Consulting
Qstream,3 Burlington Woods Drive,Burlington,United States of America,,https://qstream.com,1816,https://atd2020.mapyourshow.com/8_0/exhibitor/exhibitor-details.cfm?exhid=1660,Mobile Learning
Questionmark,35 Nutmeg Drive,Trumbull,United States,,http://www.questionmark.com,1817,https://atd2020.mapyourshow.com/8_0/exhibitor/exhibitor-details.cfm?exhid=1248,Assessment Tools
"Qwizdom, Inc.",12617 Meridian East,Puyallup,United States,,https://www.qwizdom.com,825,https://atd2020.mapyourshow.com/8_0/exhibitor/exhibitor-details.cfm?exhid=1249,Assessment Tools
Real Colors,319 E McDowell Rd,Phoenix,United States of America,,https://www.realcolors.org/learn-more/,1863,https://atd2020.mapyourshow.com/8_0/exhibitor/exhibitor-details.cfm?exhid=387,Assessment Tools
REAL™  CulturalFitness™,1400 Marsh Landing Parkway,Jacksonville Beach,United States of America,,http://cbnsights.com,736,https://atd2020.mapyourshow.com/8_0/exhibitor/exhibitor-details.cfm?exhid=10163,Assessment Tools
"Reflection Software, Inc.",900 South Frontenac Street,Aurora,United States,,http://www.reflectionsoftware.com,1152,https://atd2020.mapyourshow.com/8_0/exhibitor/exhibitor-details.cfm?exhid=1252,e-Learning Courseware
Rehearsal,"5475 Reno Corporate Drive, Suite 500",Reno,USA,,http://www.rehearsal.com,1631,https://atd2020.mapyourshow.com/8_0/exhibitor/exhibitor-details.cfm?exhid=2280,Coaching
Remote Leadership Institute,8021 Westover Drive,Indianapolis,United States of America,,https://www.remoteleadershipinstitute.com,720,https://atd2020.mapyourshow.com/8_0/exhibitor/exhibitor-details.cfm?exhid=1700,Career Development
Richardson,1818 Market Street,Philadelphia,United States,,http://www.richardson.com,630,https://atd2020.mapyourshow.com/8_0/exhibitor/exhibitor-details.cfm?exhid=1255,Mobile Learning
"RISC, Inc.",718 FM 1959,Houston,United States,,https://risc-inc.com,717,https://atd2020.mapyourshow.com/8_0/exhibitor/exhibitor-details.cfm?exhid=1256,Assessment Tools
RSVP Design LTD.,"2 Darluith Park, Brookfield",JOHNSTONE,United Kingdom,,http://rsvpdesign.co.uk,1433,https://atd2020.mapyourshow.com/8_0/exhibitor/exhibitor-details.cfm?exhid=9935,
Saba,"4120 Dublin Blvd, Suite 200",Dublin,United States,,http://www.saba.com,1453,https://atd2020.mapyourshow.com/8_0/exhibitor/exhibitor-details.cfm?exhid=1261,Enterprise Learning Solutions
SafetySkills,519 NW 23rd St,Oklahoma City,USA,,http://Safetyskills.com,253,https://atd2020.mapyourshow.com/8_0/exhibitor/exhibitor-details.cfm?exhid=909,Safety Training
Sandler Training,300 Red Brook Blvd Suite 400,Owings Mills,United States of America,,,322,https://atd2020.mapyourshow.com/8_0/exhibitor/exhibitor-details.cfm?exhid=10313,
SAP Litmos,4140 Dublin Blvd,Dublin,USA,,http://www.litmos.com,1501,https://atd2020.mapyourshow.com/8_0/exhibitor/exhibitor-details.cfm?exhid=2189,Enterprise Learning Solutions
Scantron,1313 Lone Oak Road,Eagan,United States,,http://www.scantron.com,1018,https://atd2020.mapyourshow.com/8_0/exhibitor/exhibitor-details.cfm?exhid=1265,Assessment Tools
Schoox,3112 Windsor Road,Austin,United States of America,,https://www.schoox.com,601,https://atd2020.mapyourshow.com/8_0/exhibitor/exhibitor-details.cfm?exhid=10135,Enterprise Learning Solutions
Screencast-O-Matic,"600 Stewart Street, Suite 400",Seattle,United States of America,,https://www.screencast-o-matic.com,1862,https://atd2020.mapyourshow.com/8_0/exhibitor/exhibitor-details.cfm?exhid=10161,Content Development
SCRIMMAGE,225 S. 6th St.  Ste. 3900,Minneapolis,United States of America,,https://www.wescrimmage.com,546,https://atd2020.mapyourshow.com/8_0/exhibitor/exhibitor-details.cfm?exhid=123,Enterprise Learning Solutions
Search Inside Yourself Leadership Institute,"1003 O'Reilly Avenue, Suite A",San Francisco,United States of America,,,1318,https://atd2020.mapyourshow.com/8_0/exhibitor/exhibitor-details.cfm?exhid=10312,
Second City Works,1616 N Wells St,Chicago,United States of America,,https://www.secondcityworks.com,542,https://atd2020.mapyourshow.com/8_0/exhibitor/exhibitor-details.cfm?exhid=150,Performance Improvement
SHRM,1800 Duke Street,Alexandria,United States,,https://shrm.org,539,https://atd2020.mapyourshow.com/8_0/exhibitor/exhibitor-details.cfm?exhid=1283,Certification
Silega,Rue Muzy CH-1207,Genève,Switzerland,,http://silega.com,917,https://atd2020.mapyourshow.com/8_0/exhibitor/exhibitor-details.cfm?exhid=1274,Experiential Learning
SIMDUSTRY®,Schwalbenring 3,Sulzbach am Main,Germany,,http://www.simdustry.com,430,https://atd2020.mapyourshow.com/8_0/exhibitor/exhibitor-details.cfm?exhid=1277,Games
simpleshow usa,7300 Biscayne Blvd,Miami,USA,,http://simpleshow.com,1557,https://atd2020.mapyourshow.com/8_0/exhibitor/exhibitor-details.cfm?exhid=2252,Communication Skills
Simplify Training,100 Winners Circle,Brentwood,United States,,http://trainingtoday.blr.com/,423,https://atd2020.mapyourshow.com/8_0/exhibitor/exhibitor-details.cfm?exhid=1322,Content Development
"Situation Management Systems, Inc.",339 Nashua Street,Milford,United States,,http://www.situationmanagementsystems.com,1311,https://atd2020.mapyourshow.com/8_0/exhibitor/exhibitor-details.cfm?exhid=1278,Communication Skills
"SIX SECONDS, The Emotional Intelligence Network",PO BOX 1985,Freedom,United States of America,,http://www.6seconds.org,1139,https://atd2020.mapyourshow.com/8_0/exhibitor/exhibitor-details.cfm?exhid=167,Assessment Tools
SkillPath,6900 Squibb Road,Mission,United States,,http://www.skillpath.com,231,https://atd2020.mapyourshow.com/8_0/exhibitor/exhibitor-details.cfm?exhid=1279,Enterprise Learning Solutions
Skillsoft,107 Northeastern Blvd,Nashua,United States of America,,http://www.skillsoft.com,1331,https://atd2020.mapyourshow.com/8_0/exhibitor/exhibitor-details.cfm?exhid=2092,
SkyPrep,145 Front St E,Toronto,Canada,,https://skyprep.com/,1357,https://atd2020.mapyourshow.com/8_0/exhibitor/exhibitor-details.cfm?exhid=1553,e-Learning Services
Smith College Executive Education,42 Green Street,Northampton,United States of America,,https://execed.smith.edu,1563,https://atd2020.mapyourshow.com/8_0/exhibitor/exhibitor-details.cfm?exhid=10090,Diversity
SNI: Shapiro Negotiation Institute,3600 Clipper Mill Road,Baltimore,United States,,https://www.shapironegotiations.com,610,https://atd2020.mapyourshow.com/8_0/exhibitor/exhibitor-details.cfm?exhid=1271,Consulting
"Sounding Board, Inc",950 Tower Lane,Foster City,United States of America,,,353,https://atd2020.mapyourshow.com/8_0/exhibitor/exhibitor-details.cfm?exhid=10305,
Sparkwork Software,169 11th St,San Francisco,United States of America,,,621,https://atd2020.mapyourshow.com/8_0/exhibitor/exhibitor-details.cfm?exhid=10264,
Speaking PowerPoint,12040 98th Ave NE,Kirkland,United States of America,,http://www.speakingppt.com,713,https://atd2020.mapyourshow.com/8_0/exhibitor/exhibitor-details.cfm?exhid=2134,Communication Skills
Strategy Execution,4301 N. Fairfax Dr,Arlington,United States of America,,https://www.strategyex.com/,515,https://atd2020.mapyourshow.com/8_0/exhibitor/exhibitor-details.cfm?exhid=10265,Enterprise Learning Solutions
STRIVR,90 Middlefield Rd.,Menlo Park,United States of America,,https://strivr.com/,561,https://atd2020.mapyourshow.com/8_0/exhibitor/exhibitor-details.cfm?exhid=10038,Enterprise Learning Solutions
Super Mega Boss,350 N 2ND ST,SAN JOSE,United States of America,,http://supermegaboss.com,1963,https://atd2020.mapyourshow.com/8_0/exhibitor/exhibitor-details.cfm?exhid=10309,Interactive Video
Synapse,410 Adelaid Street West,Toronto,United States of America,,,1559,https://atd2020.mapyourshow.com/8_0/exhibitor/exhibitor-details.cfm?exhid=10284,
Systran Technical & Training Services,12621 Featherwood Drive,Houston,USA,,http://www.systraninc.com,1355,https://atd2020.mapyourshow.com/8_0/exhibitor/exhibitor-details.cfm?exhid=1656,
"TalentSmart, Inc. (Emotional Intelligence)",11526 Sorrento Valley Road,San Diego,United States,,http://www.TalentSmart.com,1130,https://atd2020.mapyourshow.com/8_0/exhibitor/exhibitor-details.cfm?exhid=1297,Assessment Tools
TechSmith Corporation,2405 Woodlake Drive,Okemos,United States,,http://www.techsmith.com,637,https://atd2020.mapyourshow.com/8_0/exhibitor/exhibitor-details.cfm?exhid=2367,Content Development
Tesseract Learning Pvt Ltd,"Primero Towers, 201/202",Bangalore,India,,,2025,https://atd2020.mapyourshow.com/8_0/exhibitor/exhibitor-details.cfm?exhid=10295,
The AIP Group,75 E Santa Clara St,San Jose,United States of America,,,1853,https://atd2020.mapyourshow.com/8_0/exhibitor/exhibitor-details.cfm?exhid=10293,
The Futures School,2905 Boat Dock Rd.,Kissimmee,United States of America,,,1852,https://atd2020.mapyourshow.com/8_0/exhibitor/exhibitor-details.cfm?exhid=10275,
The Game Agency,470 West Ave.,STAMFORD,United States of America,,https://thegameagency.com/,1947,https://atd2020.mapyourshow.com/8_0/exhibitor/exhibitor-details.cfm?exhid=10005,Assessment Tools
The Inception Company,14 Madison Rd,Fairfield,United States of America,,,519,https://atd2020.mapyourshow.com/8_0/exhibitor/exhibitor-details.cfm?exhid=10302,
The Leadership Circle,426 Universal Circle,Sandy,United States of America,,,1931,https://atd2020.mapyourshow.com/8_0/exhibitor/exhibitor-details.cfm?exhid=10288,
The MARCOM Group LTD.,20 Creek Parkway,Upper Chichester,United States of America,,https://www.marcomltd.com/,1859,https://atd2020.mapyourshow.com/8_0/exhibitor/exhibitor-details.cfm?exhid=10304,
"The Marcus Buckingham Company, an ADP Company",8350 Wilshire Blvd,Beverly Hills,United States,,http://www.tmbc.com,511,https://atd2020.mapyourshow.com/8_0/exhibitor/exhibitor-details.cfm?exhid=1314,Coaching
The Metier Group,550 Reserve Street,Southlake,United States of America,,,1534,https://atd2020.mapyourshow.com/8_0/exhibitor/exhibitor-details.cfm?exhid=10262,
The Myers-Briggs Company,185 N. Wolfe Road,Sunnyvale,United States of America,,https://www.themyersbriggs.com,1011,https://atd2020.mapyourshow.com/8_0/exhibitor/exhibitor-details.cfm?exhid=10194,Assessment Tools
The Nova Collective,1819 W Grand Ave,Chicago,United States of America,,http://www.thenovacollective.com,535,https://atd2020.mapyourshow.com/8_0/exhibitor/exhibitor-details.cfm?exhid=10142,Consulting
The Oxford Group,Agriculture House  Oasis Park,Oxford,United Kingdom,,,1239,https://atd2020.mapyourshow.com/8_0/exhibitor/exhibitor-details.cfm?exhid=10301,
The Pennsylvania State University,301 Outreach Building,University Park,United States of America,,,418,https://atd2020.mapyourshow.com/8_0/exhibitor/exhibitor-details.cfm?exhid=10310,
The Predictive Index,101 Station Avenue,Westwood,United States of America,,,1145,https://atd2020.mapyourshow.com/8_0/exhibitor/exhibitor-details.cfm?exhid=10289,
The TRACOM Group,"6675 South Kenton Street, Suite 118",Centennial,United States of America,,http://tracom.com,1539,https://atd2020.mapyourshow.com/8_0/exhibitor/exhibitor-details.cfm?exhid=10112,Assessment Tools
Think In & Out of the Box,"Jien Tan Road, #87, 4th floor",Taipei,Taiwan R.O.C.,,http://innogreat.com/box,1325,https://atd2020.mapyourshow.com/8_0/exhibitor/exhibitor-details.cfm?exhid=10149,Experiential Learning
Tilt 365,PO Box 31743,Raleigh,United States of America,,https://www.tilt365.com/,1319,https://atd2020.mapyourshow.com/8_0/exhibitor/exhibitor-details.cfm?exhid=10144,Assessment Tools
Toastmasters International,9127 S Jamaica St,Englewood,United States,,https://www.toastmasters.org/,1153,https://atd2020.mapyourshow.com/8_0/exhibitor/exhibitor-details.cfm?exhid=1315,Career Development
TOOLING U - SME,3615 Superior Avenue East,Cleveland,United States of America,,http://www.toolingu.com,1731,https://atd2020.mapyourshow.com/8_0/exhibitor/exhibitor-details.cfm?exhid=2057,Enterprise Learning Solutions
TorranceLearning,311 Weiser Way,Chelsea,United States of America,,http://www.torrancelearning.com,324,https://atd2020.mapyourshow.com/8_0/exhibitor/exhibitor-details.cfm?exhid=875,Content Development
Tortal Training,14825 Ballantyne Way,Charlotte,United States,,http://tortal.net,1711,https://atd2020.mapyourshow.com/8_0/exhibitor/exhibitor-details.cfm?exhid=236,e-Learning Services
Totara,PO Box  #95930,San Francisco,United States of America,,https://www.totaralearning.com,731,https://atd2020.mapyourshow.com/8_0/exhibitor/exhibitor-details.cfm?exhid=2129,Enterprise Learning Solutions
Train by Cell,300 Beale Street,San Francisco,United States,,http://www.trainbycell.com,1724,https://atd2020.mapyourshow.com/8_0/exhibitor/exhibitor-details.cfm?exhid=1317,Authoring Systems
"Training Industry, Inc.",6601 Six Forks Road,Raleigh,United States of America,,https://www.trainingindustry.com,1623,https://atd2020.mapyourshow.com/8_0/exhibitor/exhibitor-details.cfm?exhid=745,Career Development
Training Magazine and Conferences,P.O. Box 247,Excelsior,United States,,http://www.Trainingmag.com,1660,https://atd2020.mapyourshow.com/8_0/exhibitor/exhibitor-details.cfm?exhid=1320,Training
Training Orchestra,135 West 41st Street,New York,United States of America,,https://www.trainingorchestra.com,920,https://atd2020.mapyourshow.com/8_0/exhibitor/exhibitor-details.cfm?exhid=2381,Enterprise Learning Solutions
Trainual,7525 E Camelback Rd,Scottsdale,United States of America,,https://trainual.com,661,https://atd2020.mapyourshow.com/8_0/exhibitor/exhibitor-details.cfm?exhid=10292,e-Learning Services
TransPerfect,3 Park Avenue,New York,United States,,http://www.transperfect.com,923,https://atd2020.mapyourshow.com/8_0/exhibitor/exhibitor-details.cfm?exhid=1326,Content Development
Trivantis,"400 Fairway Drive, Suite 101",Deerfield Beach,United States of America,,https://www.trivantis.com/,918,https://atd2020.mapyourshow.com/8_0/exhibitor/exhibitor-details.cfm?exhid=10030,Authoring Systems
True Colors,1401 N Batavia Street,Orange,United States of America,,https://www.truecolorsintl.com/,225,https://atd2020.mapyourshow.com/8_0/exhibitor/exhibitor-details.cfm?exhid=10091,Assessment Tools
TTA,287 Turnpike Road,Westborough,United States,,http://www.thetrainingassociates.com,641,https://atd2020.mapyourshow.com/8_0/exhibitor/exhibitor-details.cfm?exhid=1318,Coaching
TTI Success Insights,17785 North Pacesetter Way,Scottsdale,United States,,http://www.ttisuccessinsights.com,545,https://atd2020.mapyourshow.com/8_0/exhibitor/exhibitor-details.cfm?exhid=1329,Assessment Tools
"Turning Technologies, LLC",255 West Federal Street,Youngstown,United States,,https://www.turningtechnologies.com/,1431,https://atd2020.mapyourshow.com/8_0/exhibitor/exhibitor-details.cfm?exhid=1330,Assessment Tools
TutorPro,"1447 Peachtree Street NE,",Atlanta,United States of America,,https://www.tutorpro.com,1332,https://atd2020.mapyourshow.com/8_0/exhibitor/exhibitor-details.cfm?exhid=10229,Authoring Systems
Udemy for Business,"600 Harrison Street, 3rd Floor",San Francisco,United States of America,,https://business.udemy.com/,1637,https://atd2020.mapyourshow.com/8_0/exhibitor/exhibitor-details.cfm?exhid=1473,e-Learning Courseware
UMU,220 NW 8th Ave,Portland,United States of America,,https://www.umu.com,1345,https://atd2020.mapyourshow.com/8_0/exhibitor/exhibitor-details.cfm?exhid=2147,Enterprise Learning Solutions
Unboxed Training & Technology,2201 West Broad Street,Richmond,United States of America,,https://www.unboxedtechnology.com,1544,https://atd2020.mapyourshow.com/8_0/exhibitor/exhibitor-details.cfm?exhid=9984,Content Development
University of Denver,2211 South Josephine Street,Denver,United States,,http://www.universitycollege.du.edu,818,https://atd2020.mapyourshow.com/8_0/exhibitor/exhibitor-details.cfm?exhid=1334,College/University
University of Texas at Dallas,800 W. Campbell Road,Richardson,United States of America,,,759,https://atd2020.mapyourshow.com/8_0/exhibitor/exhibitor-details.cfm?exhid=10280,
VAIRKKO,13200 Strickland Road,Raleigh,United States of America,,https://www.vairkko.com,559,https://atd2020.mapyourshow.com/8_0/exhibitor/exhibitor-details.cfm?exhid=10133,e-Learning Services
"Values Centered Innovation, Inc.","1757 FM 423, #757",Frisco,USA,,https://www.VCI.global,1233,https://atd2020.mapyourshow.com/8_0/exhibitor/exhibitor-details.cfm?exhid=1653,Assessment Tools
"Vautier Communications, Inc.",1109 E. Oxford Lane,Arlington Heights,United States of America,,http://www.vautiercommunications.com,1338,https://atd2020.mapyourshow.com/8_0/exhibitor/exhibitor-details.cfm?exhid=10168,Communication Skills
Viatech,11935 N. Stemmons Fwy,Dallas,United States of America,,,1116,https://atd2020.mapyourshow.com/8_0/exhibitor/exhibitor-details.cfm?exhid=10075,
VitalSmarts,"282 West River Bend Ln, Ste 100",Provo,United States of America,,http://www.vitalsmarts.com,611,https://atd2020.mapyourshow.com/8_0/exhibitor/exhibitor-details.cfm?exhid=10068,Consulting
Vivayic,600 Blue Sage Blvd,Lincoln,United States of America,,,1060,https://atd2020.mapyourshow.com/8_0/exhibitor/exhibitor-details.cfm?exhid=10311,
Vocareum,2025 Gateway Place,San Jose,United States of America,,https://www.vocareum.com,1923,https://atd2020.mapyourshow.com/8_0/exhibitor/exhibitor-details.cfm?exhid=10199,College/University
Vyond,"204 E 2nd Ave, Suite 638",San Mateo,United States,,https://vyond.com,1545,https://atd2020.mapyourshow.com/8_0/exhibitor/exhibitor-details.cfm?exhid=27,Authoring Systems
WalkMe,71 Stevenson St,San Francisco,United States of America,,https://www.walkme.com/,1256,https://atd2020.mapyourshow.com/8_0/exhibitor/exhibitor-details.cfm?exhid=10029,Change Management
Watershed,52 Old Steine,East Sussex,United Kingdom,,http://www.watershedlrs.com,1002,https://atd2020.mapyourshow.com/8_0/exhibitor/exhibitor-details.cfm?exhid=2101,Consulting
Wiley,400 Highway 169 South #300,Minneapolis,United States of America,,https://www.wiley.com/en-us,1915,https://atd2020.mapyourshow.com/8_0/exhibitor/exhibitor-details.cfm?exhid=10126,Assessment Tools
WILL Interactive,10000 Falls Rd,Potomac,United States of America,,,1316,https://atd2020.mapyourshow.com/8_0/exhibitor/exhibitor-details.cfm?exhid=10097,
Wilson Learning,8000 West 78th Street,Edina,United States,,https://www.WilsonLearning.com,819,https://atd2020.mapyourshow.com/8_0/exhibitor/exhibitor-details.cfm?exhid=1352,Leadership
Workplace Learning and Performance Group,"600 B Street, Suite 300",San Diego,United States of America,,,1161,https://atd2020.mapyourshow.com/8_0/exhibitor/exhibitor-details.cfm?exhid=10286,
Workramp,486 Bryant St,San Francisvo,United States of America,,http://www.workramp.com,1346,https://atd2020.mapyourshow.com/8_0/exhibitor/exhibitor-details.cfm?exhid=10314,LMS
"Writing Assistance, Inc.",3140 Harbor Lane,Plymouth,United States,,http://www.writingassist.com,847,https://atd2020.mapyourshow.com/8_0/exhibitor/exhibitor-details.cfm?exhid=1354,Content Development
Xyleme,700 17th St.,Denver,United States of America,,http://www.xyleme.com,1159,https://atd2020.mapyourshow.com/8_0/exhibitor/exhibitor-details.cfm?exhid=1991,Authoring Systems
Yukon Learning,11529A Nuckols Road,Glen Allen,United States of America,,http://www.yukonlearning.com,1437,https://atd2020.mapyourshow.com/8_0/exhibitor/exhibitor-details.cfm?exhid=9908,e-Learning Services
