name,address,city,country,phone,website,booth_no,src_url,products
3DforScience - Visuals for Bio & Health,Nuñez de Balboa 120,Madrid,Spain,+1 845-402-0422,http://www.3dforscience.com,2422,https://bio2020.mapyourshow.com/8_0/exhibitor/exhibitor-details.cfm?exhid=00643216,Academic/Non-Profit 
3P Biopharmaceuticals,"Polfgono Mocholi, C/Mocholi 2",Navarra,Spain,,https://www.3pbio.com/,814,https://bio2020.mapyourshow.com/8_0/exhibitor/exhibitor-details.cfm?exhid=00196139,
ABL Inc,9800 Medical Center Drive,Rockville,United States,800-225-5600,http://www.ablinc.com,1237,https://bio2020.mapyourshow.com/8_0/exhibitor/exhibitor-details.cfm?exhid=00059942,Service 
ABS Inc.,701-2 Cornell Drive,Wilmington,United States,,http://www.absbio.com,1719,https://bio2020.mapyourshow.com/8_0/exhibitor/exhibitor-details.cfm?exhid=00128945,Research Tools/Support 
Abzena,Babraham Research Campus Babraham,Cambridge,United Kingdom,,http://www.abzena.com,721,https://bio2020.mapyourshow.com/8_0/exhibitor/exhibitor-details.cfm?exhid=00165082,Academic/Non-Profit 
"AES Clean Technology, Inc.",422 Stump Road,Montgomeryville,United States,215-393-6810,http://www.aesclean.com,1150,https://bio2020.mapyourshow.com/8_0/exhibitor/exhibitor-details.cfm?exhid=00064857,Service 
AGC Biologics,21511 23rd Dr. SE,Bothell,United States,425.415.1900,http://www.agcbio.com,1111,https://bio2020.mapyourshow.com/8_0/exhibitor/exhibitor-details.cfm?exhid=00123979,Drug 
Ajinomoto Bio-Pharma Services,11040 Roselle Street,San Diego,United States,858-882-0220,http://www.AjiBio-Pharma.com,1011,https://bio2020.mapyourshow.com/8_0/exhibitor/exhibitor-details.cfm?exhid=00031217,Service 
Alcami Corporation,4620 Creekstone Drive,Durham,United States,(800) 575-4224,http://www.alcaminow.com,1137,https://bio2020.mapyourshow.com/8_0/exhibitor/exhibitor-details.cfm?exhid=00605170,Service 
Aldevron,4055 41st Ave S,Fargo,United States,701.297.9256,http://www.aldevron.com,1149,https://bio2020.mapyourshow.com/8_0/exhibitor/exhibitor-details.cfm?exhid=00087468,Research Tools/Support 
Alkermes,Connaught House,Dublin,Ireland,(353) 1 772 8000,http://www.alkermes.com,4927,https://bio2020.mapyourshow.com/8_0/exhibitor/exhibitor-details.cfm?exhid=00000196,Drug 
Almac Group,20 Seagoe Industrial Estate,Craigavon,United Kingdom,+44 (0) 28 3833 2200,http://www.almacgroup.com,1342,https://bio2020.mapyourshow.com/8_0/exhibitor/exhibitor-details.cfm?exhid=00109174,Diagnostics/Device/Digital Health 
Amoytop Biotech,"No. 330 Wengjiao Road, Haicang",Xiamen,China,86 592 6889108,http://www.amoytop.com,1014,https://bio2020.mapyourshow.com/8_0/exhibitor/exhibitor-details.cfm?exhid=00109790,Drug 
Amplity Health,1000 Floral Vale Boulevard,Yardley,United States,,http://www.amplity.com,2247,https://bio2020.mapyourshow.com/8_0/exhibitor/exhibitor-details.cfm?exhid=00810924,Service 
AMRI,26 Corporate Circle,Albany,United States,518-512-2000,http://www.amriglobal.com,2119,https://bio2020.mapyourshow.com/8_0/exhibitor/exhibitor-details.cfm?exhid=00002363,Drug 
AnaBios,3030 Bunker Hill Street,San Diego,United States,,http://www.anabios.com,940,https://bio2020.mapyourshow.com/8_0/exhibitor/exhibitor-details.cfm?exhid=00461118,Drug 
Analytical Lab Group,1285 Corporate Center Drive,Eagan,United States,877-287-8378,http://analyticallabgroup.com,5122,https://bio2020.mapyourshow.com/8_0/exhibitor/exhibitor-details.cfm?exhid=00814628,Service 
AntiCancer PDOX Inc.,7917 Ostrow Street,San Diego,United States,,http://www.anticancer.com,2105,https://bio2020.mapyourshow.com/8_0/exhibitor/exhibitor-details.cfm?exhid=00830296,Drug 
APIGENEX,Podebradska 56/186,Prague,Czech Republic,,http://www.apigenex.com,642,https://bio2020.mapyourshow.com/8_0/exhibitor/exhibitor-details.cfm?exhid=00456807,Drug 
"Aragen Bioscience, Inc.",380 Woodview Avenue,Morgan Hill,United States,(408) 779-1700,https://www.gvkbio.com/,1329,https://bio2020.mapyourshow.com/8_0/exhibitor/exhibitor-details.cfm?exhid=00106009,Academic/Non-Profit 
Argentina Pavilion,866 Paraguay St.,Buenos Aires,Argentina,+54 11 5199 2263,http://www.investandtrade.org.ar,2427,https://bio2020.mapyourshow.com/8_0/exhibitor/exhibitor-details.cfm?exhid=00475338,Academic/Non-Profit 
Argonaut Manufacturing Services,2841 Loker Avenue E,Carlsbad,United States of America,,https://www.argonautms.com/,817,https://bio2020.mapyourshow.com/8_0/exhibitor/exhibitor-details.cfm?exhid=00546711,
Association of University Technology Managers (AUTM),"One Parkview Plaza, Suite 800",Oakbrook Terrace,United States,847-559-0846,http://www.autm.net,5314,https://bio2020.mapyourshow.com/8_0/exhibitor/exhibitor-details.cfm?exhid=00368313,Academic/Non-Profit 
Australia,"Level 3, 15 Queen Street",Melbourne,Australia,+61-398281400,http://www.ausbiotech.org,4907,https://bio2020.mapyourshow.com/8_0/exhibitor/exhibitor-details.cfm?exhid=00031610,Academic/Non-Profit 
"Avanti Polar Lipids, Inc.",700 Industrial Park Dr.,Alabaster,United States,,http://www.avantilipids.com,1818,https://bio2020.mapyourshow.com/8_0/exhibitor/exhibitor-details.cfm?exhid=00032441,Drug 
"Avid Bioservices, Inc.",2642 Michelle Drive,Tustin,United States,(714)508-6100,http://www.avidbio.com,1029,https://bio2020.mapyourshow.com/8_0/exhibitor/exhibitor-details.cfm?exhid=00088464,Drug 
Axiom Real-Time Metrics,1 City View Drive,Toronto,Canada,1-877-321-9191,http://www.axiommetrics.com,5306,https://bio2020.mapyourshow.com/8_0/exhibitor/exhibitor-details.cfm?exhid=00331789,Diagnostics/Device/Digital Health 
Barnes & Thornburg LLP,11 South Meridian St.,Indianapolis,United States,317-231-7356,http://www.btlaw.com,1637,https://bio2020.mapyourshow.com/8_0/exhibitor/exhibitor-details.cfm?exhid=00001679,Service 
Barrington James Limited,1001 Avenue of the Americas,New York,United States of America,2127197526,http://www.barringtonjames.com/,2347,https://bio2020.mapyourshow.com/8_0/exhibitor/exhibitor-details.cfm?exhid=00438973,Academic/Non-Profit 
Be The Match BioTherapies,500 N 5th Street,Minneapolis,United States,,https://bethematchbiotherapies.com/,712,https://bio2020.mapyourshow.com/8_0/exhibitor/exhibitor-details.cfm?exhid=00832792,Drug 
"BECERRIL, COCA & BECERRIL (BC&B)",Leibnitz 117 PH1,Mexico City,Mexico,525552638730,http://www.bcb.com.mx,1725,https://bio2020.mapyourshow.com/8_0/exhibitor/exhibitor-details.cfm?exhid=00128091,Service 
Belgium Pavilion,Koning Albert II- laan 37,Brussels,Belgium,3224220031,http://www.flandersinvestmentandtrade.com,3916,https://bio2020.mapyourshow.com/8_0/exhibitor/exhibitor-details.cfm?exhid=00186040,Academic/Non-Profit 
Berken IP,"Avenida Santa Fe 1863, Piso 1",Buenos Aires,Argentina,541152522452,http://www.berkenip.com,1645,https://bio2020.mapyourshow.com/8_0/exhibitor/exhibitor-details.cfm?exhid=00176722,Service 
Bio-Rad Laboratories,2000 Alfred Nobel Drive,Hercules,United States,(510) 741-1000,http://www.bio-rad.com,617,https://bio2020.mapyourshow.com/8_0/exhibitor/exhibitor-details.cfm?exhid=00001116,Academic/Non-Profit 
BioCentury,1235 Radio Rd.,Redwood City,United States,650-595-5333,http://www.biocentury.com,1744,https://bio2020.mapyourshow.com/8_0/exhibitor/exhibitor-details.cfm?exhid=00058834,Research Tools/Support 
BioConnection,Kloosterstraat 9,Oss,Netherlands,,http://www.bioconnection.edu,1056,https://bio2020.mapyourshow.com/8_0/exhibitor/exhibitor-details.cfm?exhid=00156052,
"BioHouston, Inc",2450 Holcombe Blve,Houston,United States,,http://www.BioHouston.org,536,https://bio2020.mapyourshow.com/8_0/exhibitor/exhibitor-details.cfm?exhid=00002981,Academic/Non-Profit 
Biologics Consulting,1555 King St.,Alexandria,United States,703-739-5695,http://www.biologicsconsulting.com,611,https://bio2020.mapyourshow.com/8_0/exhibitor/exhibitor-details.cfm?exhid=00059583,
"Bionova Scientific, Inc.","48521 Warm Springs Blvd., Suite 311",Fremont,United States,510 676 1718,http://www.bionovascientific.com,1043,https://bio2020.mapyourshow.com/8_0/exhibitor/exhibitor-details.cfm?exhid=00418054,Service 
BioPharmaSpec,363 Phoenixville Pike,Malvern,United States,(+1) 610-640-5866,http://Www.biopharmaspec.com,1025,https://bio2020.mapyourshow.com/8_0/exhibitor/exhibitor-details.cfm?exhid=00442948,Service 
BioProcess International,1201 Maryland Ave. SW,Washington,United States,,http://www.bioprocessintl.com,919,https://bio2020.mapyourshow.com/8_0/exhibitor/exhibitor-details.cfm?exhid=00660388,
"BioProcess Technology Consultants, Inc.",One International Place,Boston,United States,617-422-0700,http://www.bptc.com,1105,https://bio2020.mapyourshow.com/8_0/exhibitor/exhibitor-details.cfm?exhid=00031196,Drug 
Bioquell,702 Electronic Drive,Horsham,United States,2156820225,http://www.bioquell.com,724,https://bio2020.mapyourshow.com/8_0/exhibitor/exhibitor-details.cfm?exhid=00814523,Academic/Non-Profit 
Biorasi,19495 Biscayne Blvd,Miami,United States,7863880700,https://www.biorasi.com,437,https://bio2020.mapyourshow.com/8_0/exhibitor/exhibitor-details.cfm?exhid=00121272,Drug 
BioRender,639 Queen St. W,Toronto,Canada,,http://www.biorender.com,5014,https://bio2020.mapyourshow.com/8_0/exhibitor/exhibitor-details.cfm?exhid=00811945,Research Tools/Support 
"Bioscience Advisors, Inc.",2855 Mitchell Drive,Walnut Creek,United States,,http://www.bioscidb.com,630,https://bio2020.mapyourshow.com/8_0/exhibitor/exhibitor-details.cfm?exhid=00348881,
BioSistemika,Koprska ulica 98,Ljubljana,Slovenia,,http://www.scinote.net,2252,https://bio2020.mapyourshow.com/8_0/exhibitor/exhibitor-details.cfm?exhid=00617914,Research Tools/Support 
BioSpace,10506 Justin Dr,Urbandale,United States,8772777585,http://www.biospace.com,1537,https://bio2020.mapyourshow.com/8_0/exhibitor/exhibitor-details.cfm?exhid=00428821,Service 
Biospark Intellectual Property Law,1 Broadway,Cambridge,United States,,http://www.biospark-ip.com,5318,https://bio2020.mapyourshow.com/8_0/exhibitor/exhibitor-details.cfm?exhid=00491293,Service 
BioSpectra,100 Majestic Way,Bangor,United States,,http://www.biospectra.us,1263,https://bio2020.mapyourshow.com/8_0/exhibitor/exhibitor-details.cfm?exhid=00827507,
BioTechnique LLC,603 Science Drive,Madison,United States,626-786-7035,http://www.biotechnique.com,1336,https://bio2020.mapyourshow.com/8_0/exhibitor/exhibitor-details.cfm?exhid=00311550,Research Tools/Support 
BioUkraine.org,1090 VERMONT AVENUE NW - SUITE 600,WASHINGTON,United States,2027894467,https://bioukraine.org/,2323,https://bio2020.mapyourshow.com/8_0/exhibitor/exhibitor-details.cfm?exhid=00577490,Academic/Non-Profit 
BlueCloud by HealthCarePoint,P.O. Box 2287,Cedar Park,United States,512-302-3113,http://www.bluecloud.net,2153,https://bio2020.mapyourshow.com/8_0/exhibitor/exhibitor-details.cfm?exhid=00641117,Research Tools/Support 
"Boehringer Ingelheim Pharmaceuticals, Inc.",900 Ridgebury Road,Ridgefield,United States,,http://www.boehringer-ingelheim.com/,2219,https://bio2020.mapyourshow.com/8_0/exhibitor/exhibitor-details.cfm?exhid=00188466,Drug 
Boston Analytical,14 Manor Parkway,Salem,United States,603-893-3758,http://www.bostonanalytical.com,1053,https://bio2020.mapyourshow.com/8_0/exhibitor/exhibitor-details.cfm?exhid=00113199,Service 
"Brand Institute, Inc.",200 SE 1st Street,Miami,United States,,http://www.brandinstitute.com,1953,https://bio2020.mapyourshow.com/8_0/exhibitor/exhibitor-details.cfm?exhid=00113701,Diagnostics/Device/Digital Health 
Brandwood CKC,Level 8,St Leonards,Australia,+61 2 9906 2984,http://www.brandwoodckc.com,5002,https://bio2020.mapyourshow.com/8_0/exhibitor/exhibitor-details.cfm?exhid=00504713,
Brazilian Pavilion,"Avenida Ibirapuera, 2144",Sao Paulo,Brazil,+55 (11) 26384487,http://www.brazilianpharmasolutions.com.br,4523,https://bio2020.mapyourshow.com/8_0/exhibitor/exhibitor-details.cfm?exhid=00829309,
BRI Biopharmaceutical Research Inc.,Unit 101 8898 Heather Street,Vancover,Canada,604-432-9237,http://www.bripharm.com,1340,https://bio2020.mapyourshow.com/8_0/exhibitor/exhibitor-details.cfm?exhid=00143564,Drug 
Bristol Myers Squibb,3401 Princeton Pike,Lawrenceville,United States,1-800-332-2056,http://www.bms.com,4123,https://bio2020.mapyourshow.com/8_0/exhibitor/exhibitor-details.cfm?exhid=00000250,Drug 
BSP PHARMACEUTICALS S.p.A,VIA APPIA KM 65.561,Latina Scalo,Italy,,http://www.bsppharmaceuticals.com,1211,https://bio2020.mapyourshow.com/8_0/exhibitor/exhibitor-details.cfm?exhid=00186383,Drug 
Business France,77 Bld Saint Jaques,Paris,France,,http://www.businessfrance.fr,2916,https://bio2020.mapyourshow.com/8_0/exhibitor/exhibitor-details.cfm?exhid=00659478,Academic/Non-Profit 
CAI,2601 Fortune Cir E,Indianapolis,United States,3172139186,http://www.cagents.com,727,https://bio2020.mapyourshow.com/8_0/exhibitor/exhibitor-details.cfm?exhid=00090177,Service 
California Life Sciences Association,9191 Towne Centre Drive,San Diego,United States,,http://CALifeSciences.org,1711,https://bio2020.mapyourshow.com/8_0/exhibitor/exhibitor-details.cfm?exhid=00832475,
California Pavilion,9191 Towne Centre Drive,San Diego,United States,858-455-0300,https://www.califesciences.org,3727,https://bio2020.mapyourshow.com/8_0/exhibitor/exhibitor-details.cfm?exhid=00001256,Academic/Non-Profit 
Cardinal Health Regulatory Sciences,7400 W. 110th Street,Overland Park,United States,913-451-3955,http://www.cardinalhealth.com/regulatorysciences,5023,https://bio2020.mapyourshow.com/8_0/exhibitor/exhibitor-details.cfm?exhid=00455206,
Caregen,"16-27 LS-ro 91beon-gil, Dongan-gu",anyang-si,"Korea, Republic of",,http://www.caregen.com,1551,https://bio2020.mapyourshow.com/8_0/exhibitor/exhibitor-details.cfm?exhid=00230925,Drug 
Catalent Pharma Solutions,14 Schoolhouse Road,Somerset,United States,732 537 6200,http://www.catalent.com,1337,https://bio2020.mapyourshow.com/8_0/exhibitor/exhibitor-details.cfm?exhid=00032181,Drug 
Cayman Chemical Company,1180 East Ellsworth Road,Ann Arbor,United States,888-526-5351,https://www.caymanchem.com/services/overview,740,https://bio2020.mapyourshow.com/8_0/exhibitor/exhibitor-details.cfm?exhid=00036894,Service 
CBCC Global Research LLP,"2nd Floor Skoda House, Opp LJ Campus",Ahmedabad,India,,http://www.cbcc.global,4400,https://bio2020.mapyourshow.com/8_0/exhibitor/exhibitor-details.cfm?exhid=00819551,
Cello Health,8-9 Queen Street,London,United Kingdom,,http://www.cellohealth.com,3919,https://bio2020.mapyourshow.com/8_0/exhibitor/exhibitor-details.cfm?exhid=00812570,Service 
"Celltrion, Inc.","23, Academy-ro,Yeonsu-gu,",Incheon,"Korea, Republic of",,http://www.celltrion.com,2037,https://bio2020.mapyourshow.com/8_0/exhibitor/exhibitor-details.cfm?exhid=00060485,
CELONIC Group,Eulerstrasse 55,Basel,Switzerland,+41 (0) 61 56 49 150,http://www.celonic.com,3023,https://bio2020.mapyourshow.com/8_0/exhibitor/exhibitor-details.cfm?exhid=00336608,Service 
Charles River Laboratories,251 Ballardvale Street,Wilmington,United States,,http://www.criver.com,1143,https://bio2020.mapyourshow.com/8_0/exhibitor/exhibitor-details.cfm?exhid=00000041,Agriculture 
China Chamber of International Commerce (China Pavilion),"11 F, CCOIC Building, No.2 Huapichang Hutong, Xicheng District",Beijing,China,+86-10-82217855,http://www.ccoic.cn,"4707,4715,4807,4815",https://bio2020.mapyourshow.com/8_0/exhibitor/exhibitor-details.cfm?exhid=00484287,Service 
"Chugai Pharmaceutical Co., Ltd.",1-1 Nihonbashi-Muromachi,Tokyo,Japan,,http://www.chugai-pharm.co.jp/english,3925,https://bio2020.mapyourshow.com/8_0/exhibitor/exhibitor-details.cfm?exhid=00002537,Drug 
Cilatus Biopharma Ltd,2 Harbour Square,Dublin,Ireland,,http://www.cilatus.com,815,https://bio2020.mapyourshow.com/8_0/exhibitor/exhibitor-details.cfm?exhid=00466836,Service 
City of Phoenix,200 W. Washington St.,Phoenix,United States,6025348390,http://www.phoenix.gov/econdev/bio,517,https://bio2020.mapyourshow.com/8_0/exhibitor/exhibitor-details.cfm?exhid=00067416,Academic/Non-Profit 
City of South San Francisco,400 Grand Ave,South San Francisco,United States,650-877-8502,http://www.ssf.net,1736,https://bio2020.mapyourshow.com/8_0/exhibitor/exhibitor-details.cfm?exhid=00060735,Academic/Non-Profit 
Clarivate Analytics (US) LLC,1500 Spring Garden Street,Philadelphia,United States,+1 2153860100,http://www.clarivate.com,1821,https://bio2020.mapyourshow.com/8_0/exhibitor/exhibitor-details.cfm?exhid=00522942,Research Tools/Support 
"Clinical Trials Ontario, Life Sciences Ontario",661 University Ave.,Toronto,Canada,,http://ctontario.ca,4500,https://bio2020.mapyourshow.com/8_0/exhibitor/exhibitor-details.cfm?exhid=00832945,
CN Bio Innovations Ltd,"BioPark, Broadwater Road",Hertfordshire,England,+44 (0) 1707 358 739,http://www.cn-bio.com/,4915,https://bio2020.mapyourshow.com/8_0/exhibitor/exhibitor-details.cfm?exhid=00414632,Drug 
Cobra Biologics,Stephenson Building,"Keele, Staffordshire",United Kingdom,0044 1782 714181,http://www.cobrabio.com,936,https://bio2020.mapyourshow.com/8_0/exhibitor/exhibitor-details.cfm?exhid=00063704,Service 
Colliers International,1801 Market St.  Ste 500,Philadelphia,United States of America,,http://www.colliers.com,2104,https://bio2020.mapyourshow.com/8_0/exhibitor/exhibitor-details.cfm?exhid=00090172,
Connecticut Department of Economic & Community Development,450 Columbus Boulevard,Hartford,United States,860-500-2300,http://www.ct.gov,5223,https://bio2020.mapyourshow.com/8_0/exhibitor/exhibitor-details.cfm?exhid=00644579,Academic/Non-Profit 
Contract Development and Manufacturing Organization,13200 NW Nano Court,Alachua,United States,386-462-9663,https://www.ologybio.com/,914,https://bio2020.mapyourshow.com/8_0/exhibitor/exhibitor-details.cfm?exhid=00484987,Drug 
Contract Pharma,25 Phiilips Parkway,Montvale,United States,201-825-2552,http://www.contractpharma.com,1541,https://bio2020.mapyourshow.com/8_0/exhibitor/exhibitor-details.cfm?exhid=00031045,Service 
"CoreRx, Inc.",14205 Myerlake Circle,Clearwater,United States,17272596950,http://www.corerxpharma.com,1051,https://bio2020.mapyourshow.com/8_0/exhibitor/exhibitor-details.cfm?exhid=00113424,Drug 
CRB,"1251 NW Briarcliff Parkway, Suite 500",Kansas City,United States,816.880.9800,http://www.crbusa.com,1122,https://bio2020.mapyourshow.com/8_0/exhibitor/exhibitor-details.cfm?exhid=00375972,Service 
Cyclolab,Illatos ut 7,Budapest,Hungary,,https://cyclolab.hu/,2756,https://bio2020.mapyourshow.com/8_0/exhibitor/exhibitor-details.cfm?exhid=00625452,Drug 
Cytel,675 Massachusetts Ave,Cambridge,United States,617 661 2011,http://www.cytel.com,1949,https://bio2020.mapyourshow.com/8_0/exhibitor/exhibitor-details.cfm?exhid=00087545,Service 
Cytovance Biologics Inc,800 Research Parkway,Oklahoma City,United States,405-319-8310,http://www.cytovance.com,2043,https://bio2020.mapyourshow.com/8_0/exhibitor/exhibitor-details.cfm?exhid=00816879,Drug 
DavosPharma,600 E. Crescent Ave,Upper Saddle River,United States,,http://www.davospharma.com,5000,https://bio2020.mapyourshow.com/8_0/exhibitor/exhibitor-details.cfm?exhid=00000997,Service 
Debiopharm International S.A.,MESSIDOR 5-7,LAUSANNE,Switzerland,,http://www.debiopharm.com,4117,https://bio2020.mapyourshow.com/8_0/exhibitor/exhibitor-details.cfm?exhid=00003184,Diagnostics/Device/Digital Health 
Delaware,P.O. Box 671,Wilmington,United States,(302) 739-4271,http://www.depropseritypartnership.com,4921,https://bio2020.mapyourshow.com/8_0/exhibitor/exhibitor-details.cfm?exhid=00645592,Academic/Non-Profit 
"Distek, Inc.",121 North Center Drive,North Brunswick,United States,(732) 422-7585,http://www.distekinc.com,711,https://bio2020.mapyourshow.com/8_0/exhibitor/exhibitor-details.cfm?exhid=00442167,Research Tools/Support 
DM Bio Limited,"45, Jisikgiban-ro, Yeonsu-gu",Incheon,"Korea, Republic of",+82-70-8636-1303,http://www.dmbio.com,1447,https://bio2020.mapyourshow.com/8_0/exhibitor/exhibitor-details.cfm?exhid=00455760,Drug 
D’Hue Law LLC,4315 Commerce Drive,Lafayette,United States of America,7658381168,http://www.dhuelaw.com,331,https://bio2020.mapyourshow.com/8_0/exhibitor/exhibitor-details.cfm?exhid=00488516,Service 
EBD Group Pavilion,3150 Pio Pico Drive,Carlsbad,United States,+1 760 930 0500,http://www.ebdgroup.com,"2129,2225,2337,2437",https://bio2020.mapyourshow.com/8_0/exhibitor/exhibitor-details.cfm?exhid=00000760,
Emergent BioSolutions Inc.,400 Professional Drive,Gaithersburg,United States,800-441-4225,http://www.ebsi.com/CMO,1323,https://bio2020.mapyourshow.com/8_0/exhibitor/exhibitor-details.cfm?exhid=00087622,Drug 
emp Biotech,Robert-Roessle-Str. 10,Berlin,Germany,+49 30 9489 2201,http://www.empbiotech.com,717,https://bio2020.mapyourshow.com/8_0/exhibitor/exhibitor-details.cfm?exhid=00479972,
Enterprise Estonia,Lasnamäe 2,Tallinn,Estonia,,http://www.eas.ee,4725,https://bio2020.mapyourshow.com/8_0/exhibitor/exhibitor-details.cfm?exhid=00660213,Diagnostics/Device/Digital Health 
Enterprise Lithuania,A. Gostauto str. 40A,Vilnius,Lithuania,,https://www.enterpriselithuania.com/en/,429,https://bio2020.mapyourshow.com/8_0/exhibitor/exhibitor-details.cfm?exhid=00409070,Academic/Non-Profit 
Environmental Systems Corporation,122F Commerce Park Drive,Barrie,Canada,705-797-8877,http://www.e-s-c.com,826,https://bio2020.mapyourshow.com/8_0/exhibitor/exhibitor-details.cfm?exhid=00323654,Industrial/Environmental 
Equinox Syringes / Plas-Tech Engineering,875 Geneva Parkway N.,Lake Geneva,United States,262-248-2379,http://www.plastechengineering.com,1159,https://bio2020.mapyourshow.com/8_0/exhibitor/exhibitor-details.cfm?exhid=00091294,Diagnostics/Device/Digital Health 
EquipNet Inc.,5 Dan Road,Canton,United States,781-821-3482,http://www.EquipNet.com,1010,https://bio2020.mapyourshow.com/8_0/exhibitor/exhibitor-details.cfm?exhid=00112564,Diagnostics/Device/Digital Health 
ErtelAlsop,132 Flatbush Avenue,Kingston,United States of America,,http://www.ertelalsop.com/,715,https://bio2020.mapyourshow.com/8_0/exhibitor/exhibitor-details.cfm?exhid=00832620,
Eurogentec SA,Rue Bois Saint-Jean 14,Seraing,Belgium,+32 43727400,http://www.eurogentec.com,915,https://bio2020.mapyourshow.com/8_0/exhibitor/exhibitor-details.cfm?exhid=00085286,Diagnostics/Device/Digital Health 
European Patent Office,Bob-van-Benthem-Platz 1,Munich,Germany,,http://www.epo.org,1511,https://bio2020.mapyourshow.com/8_0/exhibitor/exhibitor-details.cfm?exhid=00236925,
Evaluate,60 State Street,Boston,United States of America,,http://www.evaluate.com,2561,https://bio2020.mapyourshow.com/8_0/exhibitor/exhibitor-details.cfm?exhid=00109713,Service 
FAREVA,24 West 57th St,NY,United States,908-813-8595,http://www.fareva.com,937,https://bio2020.mapyourshow.com/8_0/exhibitor/exhibitor-details.cfm?exhid=00337164,Drug 
FDA/CDER/DDI,10001 New Hampshire Avenue,Silver Spring,United States,,http://www.fda.gov,2450,https://bio2020.mapyourshow.com/8_0/exhibitor/exhibitor-details.cfm?exhid=00485623,Academic/Non-Profit 
FreeMind Group,423 Brookline Ave.,Boston,United States,9085022925,http://www.freemindconsultants.com,4016,https://bio2020.mapyourshow.com/8_0/exhibitor/exhibitor-details.cfm?exhid=00067987,Service 
"Frontage Laboratories, Inc.",700 Pennsylvania Drive,Exton,United States,(610) 232-0100,http://www.frontagelab.com/,911,https://bio2020.mapyourshow.com/8_0/exhibitor/exhibitor-details.cfm?exhid=00339327,
Fujifilm Corporation,1 Candle Square,Cambridge,United States,,http://www.fujifilmusa.com/products/life_sciences,3623,https://bio2020.mapyourshow.com/8_0/exhibitor/exhibitor-details.cfm?exhid=00408617,
Fujifilm Diosynth Biotechnologies,101 J. Morris Commons Lane,Morrisville,United States,,http://www.fujifilmdiosynth.com,827,https://bio2020.mapyourshow.com/8_0/exhibitor/exhibitor-details.cfm?exhid=00002604,Service 
"G-CON Manufacturing, Inc",6161 Imperial Loop,College Station,United States,979-431-0700,http://www.gconbio.com,951,https://bio2020.mapyourshow.com/8_0/exhibitor/exhibitor-details.cfm?exhid=00488036,Drug 
GE Healthcare,100 Results Way,Marlborough,United States,8005263593,http://www.gelifesciences.com,1525,https://bio2020.mapyourshow.com/8_0/exhibitor/exhibitor-details.cfm?exhid=00459343,Academic/Non-Profit 
"Georgia, USA","75 Fifth Street, NW",Atlanta,United States,,http://www.georgia.org,737,https://bio2020.mapyourshow.com/8_0/exhibitor/exhibitor-details.cfm?exhid=00368641,Academic/Non-Profit 
Germfree,4 Sunshine Blvd.,Ormond Beach,United States,3862654300,http://www.germfree.com,728,https://bio2020.mapyourshow.com/8_0/exhibitor/exhibitor-details.cfm?exhid=00419051,Academic/Non-Profit 
Grand River Aseptic Manufacturing,"140 Front Avenue SW, Suite 3",Grand Rapids,United States,,http://www.grandriverasepticmfg.com,1347,https://bio2020.mapyourshow.com/8_0/exhibitor/exhibitor-details.cfm?exhid=00483972,Service 
"Green Energy Nano Technology Co.,Ltd.",104 NO.8 ALLY3 LANE60  SEC 3 MINQUAN EAST RD TAIPEI TAIWAN,Taipei,Taiwan R.O.C.,,http://www.greene.com.tw,1703,https://bio2020.mapyourshow.com/8_0/exhibitor/exhibitor-details.cfm?exhid=00832250,
Grifols,"Avinguda de la Generalitat, 152","08174 San Cugat del Valles, Barcelona",Spain,34-93 571 00 00,http://www.grifols.com,4017,https://bio2020.mapyourshow.com/8_0/exhibitor/exhibitor-details.cfm?exhid=00349001,Diagnostics/Device/Digital Health 
Groupe Parima,4450 rue Cousens,Montreal,Canada,514-338-3780,http://www.groupeparima.com,1047,https://bio2020.mapyourshow.com/8_0/exhibitor/exhibitor-details.cfm?exhid=00444016,Drug 
Halix B.V.,J.H. Oortweg 15-17,CH Leiden,Netherlands,,http://www.halix.nl,942,https://bio2020.mapyourshow.com/8_0/exhibitor/exhibitor-details.cfm?exhid=00461141,Service 
Hawaii Life Sciences,250 S. Hotel St. 5th Floor,Honolulu,United States,(808) 587-2750,http://m.hi.gov/hawaiilifesciences,537,https://bio2020.mapyourshow.com/8_0/exhibitor/exhibitor-details.cfm?exhid=00068198,Academic/Non-Profit 
"Holy Stone Healthcare Co., Ltd.","4F, No.88, Sec. 1, Neihu Rd.,",Taipei,Taiwan,(886) 2 8797 5966,http://www.hshc.com.tw,1824,https://bio2020.mapyourshow.com/8_0/exhibitor/exhibitor-details.cfm?exhid=00381716,Drug 
Hong Kong Pavilion,219 East 46th Street,New York,United States,(1) 212 838 8688,http://www.hktdc.com,511,https://bio2020.mapyourshow.com/8_0/exhibitor/exhibitor-details.cfm?exhid=00229184,Academic/Non-Profit 
Ichor Medical Systems,6310 Nancy Ridge Drive,San Diego,United States,8585502022,http://www.ichorms.com,4018,https://bio2020.mapyourshow.com/8_0/exhibitor/exhibitor-details.cfm?exhid=00002448,Diagnostics/Device/Digital Health 
IDT Biologika GmbH,Am Pharmapark,Dessau-Rosslau,Germany,+49 34901 8850,http://www.idt-biologika.com,1037,https://bio2020.mapyourshow.com/8_0/exhibitor/exhibitor-details.cfm?exhid=00176693,Service 
ILDONG,"2, Baumoe-ro 27-gil, Seocho-gu",Seoul,"Korea, Republic of",,https://www.ildong.com/kor/main/main.id,2103,https://bio2020.mapyourshow.com/8_0/exhibitor/exhibitor-details.cfm?exhid=00116234,Diagnostics/Device/Digital Health 
Illingworth Research Group Ltd,"Suite 5, Silk House, Park Green","Macclesfield, Cheshire",United Kingdom,441625617447,http://www.illingworthresearch.com,4913,https://bio2020.mapyourshow.com/8_0/exhibitor/exhibitor-details.cfm?exhid=00329308,Service 
Imerys,2500 Miguelito Rd,Lompoc,United States,,http://www.imerys-filtration.com,713,https://bio2020.mapyourshow.com/8_0/exhibitor/exhibitor-details.cfm?exhid=00641420,Diagnostics/Device/Digital Health 
ImmigrationOptions.com,"Savitz Law Offices, P.C.",Boston,United States,1-617-723-7111,http://www.ImmigrationOptions.com,1241,https://bio2020.mapyourshow.com/8_0/exhibitor/exhibitor-details.cfm?exhid=00352204,Service 
INDIA,"No. 123/C, 16th Main,",Bangalore,India,91 80 41636853,http://www.ableindia.in,"1747,1753,1847,1853",https://bio2020.mapyourshow.com/8_0/exhibitor/exhibitor-details.cfm?exhid=00818587,Academic/Non-Profit 
"Innoplexus Holdings, Inc.","258 Newark Street, Suite 301",Hoboken,United States,,http://www.innoplexus.com,5213,https://bio2020.mapyourshow.com/8_0/exhibitor/exhibitor-details.cfm?exhid=00664004,Research Tools/Support 
Innovation Zone,"1201 Maryland Ave. SW, Suite 900","Washington, DC",United States,,http://www.bio.org,137,https://bio2020.mapyourshow.com/8_0/exhibitor/exhibitor-details.cfm?exhid=00801579,
Integral BioSystems LLC,23 Crosby Dr Ste 100A,BEDFORD,United States,,http://www.integralbiosystems.com,1254,https://bio2020.mapyourshow.com/8_0/exhibitor/exhibitor-details.cfm?exhid=00623708,
Integrity Bio,3235 Grande Vista,Thousand Oaks,United States,805-258-7159,http://www.integritybio.com,1304,https://bio2020.mapyourshow.com/8_0/exhibitor/exhibitor-details.cfm?exhid=00582505,Diagnostics/Device/Digital Health 
Intrinsik Corp,"6605 Hurontario St., Ste. 400",Mississauga,Canada,,http://www.intrinsik.com,5120,https://bio2020.mapyourshow.com/8_0/exhibitor/exhibitor-details.cfm?exhid=00240373,
Inventage Lab Inc.,"Headquarter 801, Woolim Lions Valley 3",Seongnam,"Korea, Republic of",,http://inventagelab.com/,1723,https://bio2020.mapyourshow.com/8_0/exhibitor/exhibitor-details.cfm?exhid=00811772,Drug 
Iowa Biotechnology Association/Iowa Econ Dev Authority,900 E Des Moines St,Des Moines,United States,,http://www.iowabio.org,2311,https://bio2020.mapyourshow.com/8_0/exhibitor/exhibitor-details.cfm?exhid=00002272,Academic/Non-Profit 
"IPS-Integrated Project Services, LLC",2860 Michelle Drive,Irvine,United States of America,,http://www.ipsdb.com,804,https://bio2020.mapyourshow.com/8_0/exhibitor/exhibitor-details.cfm?exhid=00339344,
IQVIA Biotech,4820 Emperor Boulevard,Durham,United States,,http://www.iqviabiotech.com,1937,https://bio2020.mapyourshow.com/8_0/exhibitor/exhibitor-details.cfm?exhid=00000468,Drug 
IRBM,IRBM Science Park,Pomezia,Italy,,http://www.irbm.com,625,https://bio2020.mapyourshow.com/8_0/exhibitor/exhibitor-details.cfm?exhid=00369168,
ISS National Laboratory,6905 North Wickham Road,Melbourne,United States,1-888-641-7797,http://www.issnationallab.org,2349,https://bio2020.mapyourshow.com/8_0/exhibitor/exhibitor-details.cfm?exhid=00342051,Research Tools/Support 
ITR Laboratories Canada Inc,19601 Clark Graham Baie d'Urfe,Montreal,Canada,,http://www.itrlab.com,1146,https://bio2020.mapyourshow.com/8_0/exhibitor/exhibitor-details.cfm?exhid=00068475,
JobsOhio,"41 S. High Street, Suite 1500",Columbus,United States,,http://www.JobsOhio.com,5315,https://bio2020.mapyourshow.com/8_0/exhibitor/exhibitor-details.cfm?exhid=00458929,Academic/Non-Profit 
JoVE,"1 Alewife Center, Suite 200",Cambridge,United States,,http://www.joVE.com,5310,https://bio2020.mapyourshow.com/8_0/exhibitor/exhibitor-details.cfm?exhid=00403712,Agriculture 
JWP Patent & Trademark Attorneys,Sienna Center,Warsaw,Poland,48224360507,http://www.jwp.pl,622,https://bio2020.mapyourshow.com/8_0/exhibitor/exhibitor-details.cfm?exhid=00522925,Service 
Kaleidoscope Consultants,East Side,London,United Kingdom,,http://www.kaleidoscopeconsultants.com,1643,https://bio2020.mapyourshow.com/8_0/exhibitor/exhibitor-details.cfm?exhid=00812538,
KBI Biopharma,1101 Hamlin Road,Durham,United States,,http://www.kbibiopharma.com,1417,https://bio2020.mapyourshow.com/8_0/exhibitor/exhibitor-details.cfm?exhid=00033401,
Kemwell Biopharma,34th KM Tumkur road,Bangalore,India,9845400011,http://www.kemwellbiopharma.com,813,https://bio2020.mapyourshow.com/8_0/exhibitor/exhibitor-details.cfm?exhid=00196212,Research Tools/Support 
Korea Pavilion (KOTRA),seoulsi seochogu Hunleungro 13,seoulsi,"Korea, Republic of",,http://www.koreabio.org,3317,https://bio2020.mapyourshow.com/8_0/exhibitor/exhibitor-details.cfm?exhid=00417928,
Kuhner Shaker Inc.,299 Old County Rd,San Carlos,United States of America,,http://www.kuhnershaker.us,613,https://bio2020.mapyourshow.com/8_0/exhibitor/exhibitor-details.cfm?exhid=00832980,
"Lampire Biological Laboratories, Inc.",PO Box 270,Pipersville,United States,215-795-2838,http://www.lampire.com,2603,https://bio2020.mapyourshow.com/8_0/exhibitor/exhibitor-details.cfm?exhid=00034491,Academic/Non-Profit 
Latham BioPharm Group,"101 Main Street, Suite 1400",Cambridge,United States,978-823-9151,http://www.lathambiopharm.com,903,https://bio2020.mapyourshow.com/8_0/exhibitor/exhibitor-details.cfm?exhid=00403344,Diagnostics/Device/Digital Health 
Leaderboard Branding,7621 Little Avenue,Charlotte,United States,,http://www.leaderboardbranding.com,2356,https://bio2020.mapyourshow.com/8_0/exhibitor/exhibitor-details.cfm?exhid=00800084,Diagnostics/Device/Digital Health 
Leidos Life Sciences,5202 PRESIDENTS CT STE 110,Frederick,United States,,http://www.leidos.com/health/life-sciences,1356,https://bio2020.mapyourshow.com/8_0/exhibitor/exhibitor-details.cfm?exhid=00426896,Agriculture 
LifeNet Health,1864 Concert Drive,Virginia Beach,United States,757-464-4761,http://www.lifenethealth.org,2317,https://bio2020.mapyourshow.com/8_0/exhibitor/exhibitor-details.cfm?exhid=00296840,Diagnostics/Device/Digital Health 
Lonza Pharma & Biotech,101 International Drive,Portsmouth,United States,+1 201 316 9200,http://www.lonza.com,1425,https://bio2020.mapyourshow.com/8_0/exhibitor/exhibitor-details.cfm?exhid=00830643,Drug 
LSNE Contract Manufacturing,23 Commerce Drive,Bedford,United States,603-668-5763,http://www.LSNE.com,1257,https://bio2020.mapyourshow.com/8_0/exhibitor/exhibitor-details.cfm?exhid=00832150,Drug 
Lukasiewicz Research Network - Institute of Industrial Organic Chemistry Branch Pszczyna,Doswiadczalna 27,Pszczyna,Poland,48322103081,http://www.ipo-pszczyna.pl,1055,https://bio2020.mapyourshow.com/8_0/exhibitor/exhibitor-details.cfm?exhid=00347701,Academic/Non-Profit 
"Lyophilization Technology, Inc.",30 Indian Drive,Ivyland,United States,215-396-8373,http://www.lyotechnology.com,1155,https://bio2020.mapyourshow.com/8_0/exhibitor/exhibitor-details.cfm?exhid=00343524,Service 
MabPlex,4059 Clipper Ct,Fremont,United States,800-925-3608,http://www.mabplexinc.com,910,https://bio2020.mapyourshow.com/8_0/exhibitor/exhibitor-details.cfm?exhid=00480868,Service 
magellan IP - intellectual property - Brazil,"Rua da Assembleia, 10","Rio de Janeiro, RJ",Brazil,+55 21 4063-3297,http://www.magellan-ip.com,1644,https://bio2020.mapyourshow.com/8_0/exhibitor/exhibitor-details.cfm?exhid=00441884,Service 
Magnentum Inc,4145 Herbst Drive,Doyelstown,United States,347-989-7556,http://www.magnentum.com,1539,https://bio2020.mapyourshow.com/8_0/exhibitor/exhibitor-details.cfm?exhid=00832524,Research Tools/Support 
ManagedLab Services,16855 West Bernardo Drive,San Diego,United States,+1 (858) 605-7058,http://www.managedlab.com,1552,https://bio2020.mapyourshow.com/8_0/exhibitor/exhibitor-details.cfm?exhid=00434375,Research Tools/Support 
Marken,1009 Slater Road,Durham,United States of America,1800 Marken1,https://www.marken.com/,1353,https://bio2020.mapyourshow.com/8_0/exhibitor/exhibitor-details.cfm?exhid=00068797,Diagnostics/Device/Digital Health 
Marks & Clerk Intellectual Property Services,15 Fetter Ln,London,United Kingdom,+44 207 420 0000,http://www.marks-clerk.com,1547,https://bio2020.mapyourshow.com/8_0/exhibitor/exhibitor-details.cfm?exhid=00085359,Service 
Masimo,52 Discovery,Irvine,United States,,http://www.masimo.com,5021,https://bio2020.mapyourshow.com/8_0/exhibitor/exhibitor-details.cfm?exhid=00437673,
"Massachusetts, The State of Possible","300 Technology Square, 8th Floor",Cambridge,United States,(617) 674-5100,http://www.massbio.org,5229,https://bio2020.mapyourshow.com/8_0/exhibitor/exhibitor-details.cfm?exhid=00002274,Academic/Non-Profit 
Maucher Jenkins,26 Caxton Street,London,United Kingdom,+44 207931 7141,http://www.maucherjenkins.com,1603,https://bio2020.mapyourshow.com/8_0/exhibitor/exhibitor-details.cfm?exhid=00418338,Service 
MCDC (Medical CBRN Defense Consortium),315 Sigma Drive,Summerville,United States,,http://www.medicalcbrn.org,2048,https://bio2020.mapyourshow.com/8_0/exhibitor/exhibitor-details.cfm?exhid=00506959,
McDonnell Boehnen Hulbert & Berghoff LLP,MBHB,Chicago,United States,312-913-0001,http://mbhb.com,1828,https://bio2020.mapyourshow.com/8_0/exhibitor/exhibitor-details.cfm?exhid=00112029,Service 
MilliporeSigma,80 Ashby Road,Bedford,United States,,http://www.emdmillipore.com,1437,https://bio2020.mapyourshow.com/8_0/exhibitor/exhibitor-details.cfm?exhid=00337616,
Miraca Research Institute G.K.,"51 Komiya-machi, Hachioji-shi",Tokyo,Japan,,https://www.miraca.com/research/en/,722,https://bio2020.mapyourshow.com/8_0/exhibitor/exhibitor-details.cfm?exhid=00832547,Diagnostics/Device/Digital Health 
Momentive,4901 Campbell Road,Willoughby,United States,(440) 953-7877,http://PurQ.Momentive.com,1441,https://bio2020.mapyourshow.com/8_0/exhibitor/exhibitor-details.cfm?exhid=00283327,Diagnostics/Device/Digital Health 
Montana BioScience Alliance,P.O. Box 17723,Billings,United States,406-896-5876,http://www.montanabio.org,1704,https://bio2020.mapyourshow.com/8_0/exhibitor/exhibitor-details.cfm?exhid=00079548,Academic/Non-Profit 
Morningside Translations,450 7th Avenue,New York,United States,(212)-643-8800,http://www.morningtrans.com,1943,https://bio2020.mapyourshow.com/8_0/exhibitor/exhibitor-details.cfm?exhid=00083545,Drug 
MTEC,315 Sigma Drive,Summerville,United States,,http://www.mtec-s.org,2046,https://bio2020.mapyourshow.com/8_0/exhibitor/exhibitor-details.cfm?exhid=00629212,Academic/Non-Profit 
Nanobot Medical Animation Studio,11723 Stoney Peak Dr. Suite 58,San Diego,United States,+1 858 207-87-81,http://www.nanobotmedical.com,5211,https://bio2020.mapyourshow.com/8_0/exhibitor/exhibitor-details.cfm?exhid=00813855,Research Tools/Support 
National Institutes of Health (NIH),9000 Rockville Pike,Bethesda,United States,,http://www.nih.gov,"2443,2446",https://bio2020.mapyourshow.com/8_0/exhibitor/exhibitor-details.cfm?exhid=00310161,Academic/Non-Profit 
Netherlands Pavilion,Wilhelmina van Pruisenweg 104,The Hague,Netherlands,31703495404,http://www.health-holland.com,2519,https://bio2020.mapyourshow.com/8_0/exhibitor/exhibitor-details.cfm?exhid=00462080,
NEUROSERVICE,Domaine St Hilaire 595 rue Pierre Berthier,Aix en Provence,France,33442991220,http://www.neuroservice.com,845,https://bio2020.mapyourshow.com/8_0/exhibitor/exhibitor-details.cfm?exhid=00339305,
New Jersey,1255 Whitehorse-Mercerville Road,Trenton,United States,(609) 890-3185,http://www.bionj.org,4217,https://bio2020.mapyourshow.com/8_0/exhibitor/exhibitor-details.cfm?exhid=00002278,
New York BIO,633 Third Avenue,New York,United States,(212) 803-3100,https://esd.ny.gov/,2747,https://bio2020.mapyourshow.com/8_0/exhibitor/exhibitor-details.cfm?exhid=00002279,Academic/Non-Profit 
Nikon Instruments Inc.,1300 Walt Whitman Road,Melville,United States,1-800-52-NIKON,http://www.microscope.healthcare.nikon.com,1543,https://bio2020.mapyourshow.com/8_0/exhibitor/exhibitor-details.cfm?exhid=00129186,Research Tools/Support 
Nitto Denko Technical Corporation,10618 Science Center Dr.,San Diego,United States,,http://www.ndtcorp.com,5219,https://bio2020.mapyourshow.com/8_0/exhibitor/exhibitor-details.cfm?exhid=00069202,Diagnostics/Device/Digital Health 
NJ BIO,675 US Highway 1,North Brunswick,United States,732-202-5664,https://njbiopharmaceuticals.com/,623,https://bio2020.mapyourshow.com/8_0/exhibitor/exhibitor-details.cfm?exhid=00701216,Service 
NMBio,P.O. Box 31516,Santa Fe,United States,610-731-3671,http://www.nmbio.org,749,https://bio2020.mapyourshow.com/8_0/exhibitor/exhibitor-details.cfm?exhid=00002736,Academic/Non-Profit 
Northway Biotechpharma,Mokslininku Str. 4,Vilnius,Lithuania,,http://www.northwaybiotech.com,945,https://bio2020.mapyourshow.com/8_0/exhibitor/exhibitor-details.cfm?exhid=00417571,Service 
Nuventra Pharma Sciences,2525 Meridian Parkway,Durham,United States,888.615.5111,http://www.nuventra.com,1540,https://bio2020.mapyourshow.com/8_0/exhibitor/exhibitor-details.cfm?exhid=00441287,Service 
OK BIO,123 Park Avenue,Oklahoma City,United States,,http://www.okbio.org,2411,https://bio2020.mapyourshow.com/8_0/exhibitor/exhibitor-details.cfm?exhid=00001150,
OriginLab Corporation,1 Roundhouse Plaza,Northhampton,United States,4135862013,https://www.originlab.com/,1947,https://bio2020.mapyourshow.com/8_0/exhibitor/exhibitor-details.cfm?exhid=00230617,Academic/Non-Profit 
Pacific BioLabs,551 Linus Pauling Drive,"Hercules, California",United States,,http://www.pacificbiolabs.com,811,https://bio2020.mapyourshow.com/8_0/exhibitor/exhibitor-details.cfm?exhid=00480267,Service 
Paras Biopharmaceuticals Finland OY,Kiviharjunlenkki 10,Oulu,Finland,358442709462,http://www.parasbiopharma.com,736,https://bio2020.mapyourshow.com/8_0/exhibitor/exhibitor-details.cfm?exhid=00363190,Research Tools/Support 
"Pennside Partners, a Two Labs Company",1220 Broadcasting Road,Wyomissing,United States,610-372-7000,https://www.twolabs.com/,1721,https://bio2020.mapyourshow.com/8_0/exhibitor/exhibitor-details.cfm?exhid=00817462,Drug 
Phage Consultants,Partyzantow 10 m 18,Gdansk,Poland,48503636224,http://www.phageconsultants.com,1120,https://bio2020.mapyourshow.com/8_0/exhibitor/exhibitor-details.cfm?exhid=00198058,Drug 
Pharma Intelligence-Informa,"605 3rd Ave,",New York,United States,+1 646 957 8919,https://pharmaintelligence.informa.com,2147,https://bio2020.mapyourshow.com/8_0/exhibitor/exhibitor-details.cfm?exhid=00461198,Research Tools/Support 
PharmaCircle,323 Sunny Isles Blvd. Suite 700,Sunny Isles Beach,United States,8004395130,http://www.pharmacircle.com,5012,https://bio2020.mapyourshow.com/8_0/exhibitor/exhibitor-details.cfm?exhid=00341773,Research Tools/Support 
Pharmalex,2302 Lee Hwy,Fairfax,United States,,http://www.pharmalex.com,1536,https://bio2020.mapyourshow.com/8_0/exhibitor/exhibitor-details.cfm?exhid=00153702,Service 
Philips Respironics,920 SW Emkay Way,Bend,United States,(800) 685-2999,http://www.actigraphy.com,2410,https://bio2020.mapyourshow.com/8_0/exhibitor/exhibitor-details.cfm?exhid=00411217,Research Tools/Support 
"PHL Life Sciences, a division of the PHLCVB",1601 Market Street,Philadelphia,United States,,http://PHLLife.com,1827,https://bio2020.mapyourshow.com/8_0/exhibitor/exhibitor-details.cfm?exhid=00828998,
Pillsbury,333 Commerce Street,Nashville,United States,(203) 770-7972,http://www.pillsburylaw.com,2042,https://bio2020.mapyourshow.com/8_0/exhibitor/exhibitor-details.cfm?exhid=00002388,Service 
Piramal Pharma Inc.,1500 Bull Lea Road,Lexington,United States,,http://www.piramalpharmasolutions.com,837,https://bio2020.mapyourshow.com/8_0/exhibitor/exhibitor-details.cfm?exhid=00106421,Service 
Polpharma Biologics S.A.,ul. Trzy Lipy 3,Gdansk,Poland,+48 58 770 95 59,http://www.polpharmabiologics.com/,1127,https://bio2020.mapyourshow.com/8_0/exhibitor/exhibitor-details.cfm?exhid=00330956,Drug 
PolyPeptide Group,9395 Cabot Drive,San Diego,United States,5086121618,http://www.polypeptide.com,531,https://bio2020.mapyourshow.com/8_0/exhibitor/exhibitor-details.cfm?exhid=00086414,Service 
"Portal Instruments, Inc.",190 5th St.,Cambridge,United States,,http://www.portalinstruments.com,738,https://bio2020.mapyourshow.com/8_0/exhibitor/exhibitor-details.cfm?exhid=00536504,Diagnostics/Device/Digital Health 
Premier Research,"One Park Drive, Suite 150",Durham,United States,,http://www.premier-research.com,1811,https://bio2020.mapyourshow.com/8_0/exhibitor/exhibitor-details.cfm?exhid=00129852,Service 
Protagen Protein Services,Otto-Hahn-Str. 15,Dortmund,Germany,,http://www.protagenproteinservices.com,1040,https://bio2020.mapyourshow.com/8_0/exhibitor/exhibitor-details.cfm?exhid=00424913,
PTI - Packaging Technologies & Inspection,8 skyline drive,Hawthorne,United States,9143372005,http://www.PTIUSA.com,1646,https://bio2020.mapyourshow.com/8_0/exhibitor/exhibitor-details.cfm?exhid=00601232,Diagnostics/Device/Digital Health 
Puerto Rico Pavilion - Induniv,"Lopategui #9, Guaynabo PR, 00969",Guaynabo,United States,7876713006,http://www.induniv.org,3329,https://bio2020.mapyourshow.com/8_0/exhibitor/exhibitor-details.cfm?exhid=00068356,Academic/Non-Profit 
"PYRAMID Laboratories, Inc.",3598 Cadillac Av.,Costa Mesa,United States,7144359800,http://www.pyramidlabs.com,1121,https://bio2020.mapyourshow.com/8_0/exhibitor/exhibitor-details.cfm?exhid=00338025,Service 
Random42 Scientific Communication,51 Great Marlborough Street,London,United Kingdom,442077346001,http://www.random42.com,5118,https://bio2020.mapyourshow.com/8_0/exhibitor/exhibitor-details.cfm?exhid=00333842,Research Tools/Support 
"Raybow Pharmaceutical Co., Ltd","11 Deer Park Drive, Suite 204",Monmouth Junction,United States,,http://www.raybowpharma.com,5312,https://bio2020.mapyourshow.com/8_0/exhibitor/exhibitor-details.cfm?exhid=00667182,
Rhode Island Commerce Corporation,315 Iron Horse Way,Providence,United States,,http://www.commerceri.com,5123,https://bio2020.mapyourshow.com/8_0/exhibitor/exhibitor-details.cfm?exhid=00814270,Academic/Non-Profit 
"RJR Consulting, Inc.",154 E Main Street,New Albany,United States,6143040105,http://www.rjrconsulting.com,1945,https://bio2020.mapyourshow.com/8_0/exhibitor/exhibitor-details.cfm?exhid=00443342,Diagnostics/Device/Digital Health 
ROUSSELOT,Kanaaldijk Noord 20,Son,Netherlands,31499364100,http://www.rousselot.com,5215,https://bio2020.mapyourshow.com/8_0/exhibitor/exhibitor-details.cfm?exhid=00455552,Diagnostics/Device/Digital Health 
Salvat Biotech,1200 Brickell Ave Suite 1950,Miami,United States,17865285273,http://www.svt.com,941,https://bio2020.mapyourshow.com/8_0/exhibitor/exhibitor-details.cfm?exhid=00128344,Diagnostics/Device/Digital Health 
Samsung BioLogics,"300 Songdo Bio-daero, Yeonsu-gu",Incheon,"Korea, Republic of",+82-32-455-3114,http://www.samsungbiologics.com,1311,https://bio2020.mapyourshow.com/8_0/exhibitor/exhibitor-details.cfm?exhid=00832506,Service 
SCHOTT AG,Hattenbergstrasse 10,Mainz,Germany,,http://www.schott.com/pharmaceutical_packaging,957,https://bio2020.mapyourshow.com/8_0/exhibitor/exhibitor-details.cfm?exhid=00102981,Industrial/Environmental 
Science/AAAS,"1200 New York Avenue, NW",Washington,United States,202-326-6417,http://www.SCIENCEMAG.org,643,https://bio2020.mapyourshow.com/8_0/exhibitor/exhibitor-details.cfm?exhid=00091471,Academic/Non-Profit 
Scottish Development International,150 Broomielaw,Glasgow,United Kingdom,+44-1412282560,http://www.sdi.co.uk,2537,https://bio2020.mapyourshow.com/8_0/exhibitor/exhibitor-details.cfm?exhid=00815323,Academic/Non-Profit 
Sekisui,Liphook Way,Maidstone,United Kingdom,+1 314 722 1650,http://www.bioproduction-sekisui.com/,729,https://bio2020.mapyourshow.com/8_0/exhibitor/exhibitor-details.cfm?exhid=00329267,Service 
Selexis SA,"Chemin des Aulx, 14",Plan-les-Ouates,Switzerland,41 (0)22 308 93 60,http://www.selexis.com,1411,https://bio2020.mapyourshow.com/8_0/exhibitor/exhibitor-details.cfm?exhid=00069816,Drug 
SGS Life Sciences,606 Brandywine Parkway,West Chester,United States,610-696-8210,http://www.sgs.com/lifescience,816,https://bio2020.mapyourshow.com/8_0/exhibitor/exhibitor-details.cfm?exhid=00085299,Service 
Shanghai Henlius Biotech,"9F, Innov Tower,  1801 Hongmei Road",Shanghai,China,,http://www.henlius.com,5307,https://bio2020.mapyourshow.com/8_0/exhibitor/exhibitor-details.cfm?exhid=00483535,Drug 
Simbec Orion Group Limited,Merthyr Tydfil Industrial Estate,Merthyr Tydfil,United Kingdom,+44 1443 690977,http://www.simbecorioncro.com,2648,https://bio2020.mapyourshow.com/8_0/exhibitor/exhibitor-details.cfm?exhid=00444488,Drug 
Sinopeg,"Room 805, Jianye Building",Xiamen,China,,http://www.sinopeg.com,710,https://bio2020.mapyourshow.com/8_0/exhibitor/exhibitor-details.cfm?exhid=00411906,Academic/Non-Profit 
Site Selection Magazine,6625 The Corners Parkway,Norcross,United States,770-446-6996,http://www.siteselection.com,5019,https://bio2020.mapyourshow.com/8_0/exhibitor/exhibitor-details.cfm?exhid=00036027,Service 
Skolkovo,42 Bolshoy Blvd building 1,Moscow,Russian Federation,,http://www.sk.ru,5029,https://bio2020.mapyourshow.com/8_0/exhibitor/exhibitor-details.cfm?exhid=00331224,Academic/Non-Profit 
SOUSEIKAI Global Clinical Research Center,"3-5-1 Kashiiteriha, Higashi-ku",Fukuoka,Japan,,http://www.lta-med.com/SouseikaiGlobal/,2257,https://bio2020.mapyourshow.com/8_0/exhibitor/exhibitor-details.cfm?exhid=00833822,
South Africa,Francie van Zijl Drive Parowvallei,Cape Town,South Africa,,http://www.mrc.ac.za/,5107,https://bio2020.mapyourshow.com/8_0/exhibitor/exhibitor-details.cfm?exhid=00413810,Academic/Non-Profit 
SPAIN PAVILION,500 N. Michigan Ave,Chicago,United States,(312)  644-1154 ext 53339,http://www.spainbusiness.com,2210,https://bio2020.mapyourshow.com/8_0/exhibitor/exhibitor-details.cfm?exhid=00036039,Academic/Non-Profit 
Springer Nature,1 New York Plaza,New York,United States,+1 212-460-1500,http://www.springernature.com/,1641,https://bio2020.mapyourshow.com/8_0/exhibitor/exhibitor-details.cfm?exhid=00483157,Service 
Stelis Biopharma Pvt. Ltd.,"#293, Bommasandra Jigani Link Road",Bangalore,India,00 91 80 67840444,http://www.stelis.com,629,https://bio2020.mapyourshow.com/8_0/exhibitor/exhibitor-details.cfm?exhid=00457063,Drug 
"StemExpress, LLC",1743 Creekside Drive,Folsom,United States,530-626-7000,http://stemexpress.com,641,https://bio2020.mapyourshow.com/8_0/exhibitor/exhibitor-details.cfm?exhid=00490926,Academic/Non-Profit 
STERIS,5960 Heisley Road,Mentor,United States of America,800.523.9852,http://www.sterislifesciences.com,2353,https://bio2020.mapyourshow.com/8_0/exhibitor/exhibitor-details.cfm?exhid=00505489,
"Sterling Bay, LLC.",1330 W. Fulton,Chicago,United States,,http://www.sterlingbay.com,2555,https://bio2020.mapyourshow.com/8_0/exhibitor/exhibitor-details.cfm?exhid=00832497,
"Sterne, Kessler, Goldstein & Fox","1100 New York Avenue, N.W.",Washington,United States,202-371-2600,http://www.sternekessler.com,4917,https://bio2020.mapyourshow.com/8_0/exhibitor/exhibitor-details.cfm?exhid=00000494,Service 
Stevanato Group,"Via Molinella, 17",35017-Piombino Dese,Italy,9092120290,https://pharma.stevanatogroup.com/glass-primary-packaging/,3323,https://bio2020.mapyourshow.com/8_0/exhibitor/exhibitor-details.cfm?exhid=00366044,Service 
Swiss Pavilion,Stampfenbachstrasse 85,Zurich,Switzerland,+41 44 365 51 51,http://www.s-ge.com,1919,https://bio2020.mapyourshow.com/8_0/exhibitor/exhibitor-details.cfm?exhid=00416225,Academic/Non-Profit 
Symbiosis Pharmaceutical Services,Scion House,Stirling,United Kingdom,+44(0)1786220000,http://www.symbiosis-pharma.com,1243,https://bio2020.mapyourshow.com/8_0/exhibitor/exhibitor-details.cfm?exhid=00426818,Service 
Syngene International Limited,"Biocon Park Plot No.2 & 3, Bommasandra IV Phase",Bangalore,India,,http://www.syngeneintl.com,1036,https://bio2020.mapyourshow.com/8_0/exhibitor/exhibitor-details.cfm?exhid=00283479,Academic/Non-Profit 
Synteract,5909 Sea Otter Place,Carlsbad,United States,760-268-8200,https://www.synteract.com,647,https://bio2020.mapyourshow.com/8_0/exhibitor/exhibitor-details.cfm?exhid=00034212,Drug 
Synthego,"3696 Haven Ave, Suite A",Redwood City,United States,,http://www.synthego.com/,3917,https://bio2020.mapyourshow.com/8_0/exhibitor/exhibitor-details.cfm?exhid=00656077,
TACONIC BIOSCIENCES,"1 Discovery Drive, Suite 304",Rensselaer,United States,518-697-3915,http://www.taconic.com,637,https://bio2020.mapyourshow.com/8_0/exhibitor/exhibitor-details.cfm?exhid=00611839,Drug 
Taiwan Pavilion,"Rm. 236, 2 F, Bldg. 53, 195, Sec. 4, Chung Hsing Rd.,","Chutung, Hsinchu",Taiwan,+886-2-2655-8135,https://www.itri.org.tw,"3017,3117",https://bio2020.mapyourshow.com/8_0/exhibitor/exhibitor-details.cfm?exhid=00000045,Academic/Non-Profit 
Takeda Pharmaceutical Company Limited,12-10 Nihonbashi 2-chome,Tokyo,Japan,,http://www.takeda.com,4307,https://bio2020.mapyourshow.com/8_0/exhibitor/exhibitor-details.cfm?exhid=00001346,Drug 
"Technical Resources International, Inc.",6500 Rock Spring Drive,Bethesda,United States,301-564-6400,http://www.tech-res.com,1640,https://bio2020.mapyourshow.com/8_0/exhibitor/exhibitor-details.cfm?exhid=00625477,Service 
TEXAS PAVILION,815 Brazos Street,AUSTIN,United States,(512) 708-8424,http://www.thbi.com,1611,https://bio2020.mapyourshow.com/8_0/exhibitor/exhibitor-details.cfm?exhid=00002212,Academic/Non-Profit 
Thailand Pavilion,"9th Floor, SPE Tower Building 252, Phaholyothin Road Samsennai",Bangkok,Thailand,,http://www.tcels.or.th,1517,https://bio2020.mapyourshow.com/8_0/exhibitor/exhibitor-details.cfm?exhid=00128580,Academic/Non-Profit 
The Nordics,Wallingatan 24,Stockholm,Sweden,,http://www.swedenbio.se,2329,https://bio2020.mapyourshow.com/8_0/exhibitor/exhibitor-details.cfm?exhid=00070604,Academic/Non-Profit 
"Therapeutics, Inc",9025 Balboa Avenue,San Diego,United States,,http://www.therapeuticsinc.com,523,https://bio2020.mapyourshow.com/8_0/exhibitor/exhibitor-details.cfm?exhid=00224485,
Therapure Biomanufacturing,2585 Meadowpine Blvd.,Mississauga,Canada,905-286-6200,http://www.therapurebio.com,828,https://bio2020.mapyourshow.com/8_0/exhibitor/exhibitor-details.cfm?exhid=00193187,Service 
Thermo Fisher Scientific,168 Third Avenue,Waltham,United States,,http://thermofisher.com,1227,https://bio2020.mapyourshow.com/8_0/exhibitor/exhibitor-details.cfm?exhid=00001210,Diagnostics/Device/Digital Health 
Thomas Horstemeyer LLP,"3200 Windy Hill Road, Suite 1600E",Atlanta,United States,,http://www.thomashorstemeyer.com,330,https://bio2020.mapyourshow.com/8_0/exhibitor/exhibitor-details.cfm?exhid=00419201,
"ToxStrategies, Inc.",23501 Cinco Ranch Blvd.,Katy,United States,,https://toxstrategies.com/,543,https://bio2020.mapyourshow.com/8_0/exhibitor/exhibitor-details.cfm?exhid=00352388,Service 
Trilogy Writing & Consulting,Falkensteiner Str. 77,Frankfurt,Germany,,http://www.trilogywriting.com,1453,https://bio2020.mapyourshow.com/8_0/exhibitor/exhibitor-details.cfm?exhid=00801095,Service 
TriNet,One Park Place,Dublin,United States,888.874.6388,http://www.trinet.com,5016,https://bio2020.mapyourshow.com/8_0/exhibitor/exhibitor-details.cfm?exhid=00623936,Service 
Vanrx Pharmasystems Inc,3811 N Fraser Way,Burnaby,Canada,,https://vanrx.com/,810,https://bio2020.mapyourshow.com/8_0/exhibitor/exhibitor-details.cfm?exhid=00328425,Diagnostics/Device/Digital Health 
Venair,"Calle Cerdanya, 26, Pol. Ind. Nord","TERRASSA, BARCELONA",Spain,696958577,http://www.venair.com,1205,https://bio2020.mapyourshow.com/8_0/exhibitor/exhibitor-details.cfm?exhid=00546270,Industrial/Environmental 
"VGXI, Inc.","2700 Research Forest Drive, Suite 180",The Woodlands,United States,2814663790,http://vgxii.com,1116,https://bio2020.mapyourshow.com/8_0/exhibitor/exhibitor-details.cfm?exhid=00176928,Drug 
Wacker Biotech GmbH,Hans-Knoell-Strasse 3,Jena and Halle,Germany,,http://www.wacker.com/biologics,1017,https://bio2020.mapyourshow.com/8_0/exhibitor/exhibitor-details.cfm?exhid=00242430,Service 
Washington University in St. Louis,One Brookings Drive,St. Louis,United States,,https://wustl.edu/,5217,https://bio2020.mapyourshow.com/8_0/exhibitor/exhibitor-details.cfm?exhid=00128239,Diagnostics/Device/Digital Health 
West Pharmaceutical Services,530 Herman O. West Drive,Exton,United States,,http://www.westpharma.com,841,https://bio2020.mapyourshow.com/8_0/exhibitor/exhibitor-details.cfm?exhid=00829683,Diagnostics/Device/Digital Health 
"Wilshire Technologies, Inc.",243 Wall Street,Princeton,United States,609-683-1117,http://www.wilshiretechnologies.com,2549,https://bio2020.mapyourshow.com/8_0/exhibitor/exhibitor-details.cfm?exhid=00466507,Research Tools/Support 
Women In Bio,PO Box 31493,Sea Island,United States,(240) 204 0719,http://www.womeninbio.org,2305,https://bio2020.mapyourshow.com/8_0/exhibitor/exhibitor-details.cfm?exhid=00103544,Academic/Non-Profit 
"World Courier, Inc.",1313 4th Avenue,New Hyde Park,United States,,http://www.worldcourier.com,1142,https://bio2020.mapyourshow.com/8_0/exhibitor/exhibitor-details.cfm?exhid=00060415,Diagnostics/Device/Digital Health 
Worldwide Clinical Trials,3800 Paramount Parkway,Morrisville,United States,+1 610-632-8150,http://www.worldwide.com,1636,https://bio2020.mapyourshow.com/8_0/exhibitor/exhibitor-details.cfm?exhid=00429786,Service 
WTS Patent Attorneys,ul. Tamka 34/25,Warsaw,Poland,+48 71 346 74 30,http://www.wtspatent.pl,430,https://bio2020.mapyourshow.com/8_0/exhibitor/exhibitor-details.cfm?exhid=00199842,Academic/Non-Profit 
WuXi AppTec,2540 Executive Drive,St. Paul,United States,+86 (21) 5046-1111,http://www.wuxiapptec.com,1627,https://bio2020.mapyourshow.com/8_0/exhibitor/exhibitor-details.cfm?exhid=00801576,Drug 
WuXi Biologics,108 Meiliang Rd W,Wuxi,China,,http://www.wuxibiologics.com,1727,https://bio2020.mapyourshow.com/8_0/exhibitor/exhibitor-details.cfm?exhid=00818243,Drug 
Yokogawa,2-9-32 Nakacho,Tokyo,Japan,,http://www.yokogawa.com,510,https://bio2020.mapyourshow.com/8_0/exhibitor/exhibitor-details.cfm?exhid=00066860,
YPSOMED,Brunnmattstrasse 6,Burgdorf,Switzerland,+41 34 424 41 11,http://www.ypsomed.com,1642,https://bio2020.mapyourshow.com/8_0/exhibitor/exhibitor-details.cfm?exhid=00321459,Diagnostics/Device/Digital Health 
