name,address,city,country,phone,website,booth_no,src_url,products
Wacker Neuson Corporation,N92 W15000 Anthony Ave,,,,,F2548,https://ceca20.mapyourshow.com/8_0/exhibitor/exhibitor-details.cfm?exhid=1020780,"Earthmoving Equipment & Material Handling , Attachments , Breakers,Earthmoving Equipment & Material Handling , Attachments , Buckets,Earthmoving Equipment & Material Handling , Attachments , Fork,Earthmoving Equipment & Material Handling , Attachments , Grapple,Earthmoving Equipment & Material Handling , Attachments , Quick Couplers,Earthmoving Equipment & Material Handling , Excavators,Earthmoving Equipment & Material Handling , Loaders,Earthmoving Equipment & Material Handling , Material Handling Equipment,Earthmoving Equipment & Material Handling , Skid Steer/CTL"
WAI Global,3300 Corporate Way,,,,,B93921,https://ceca20.mapyourshow.com/8_0/exhibitor/exhibitor-details.cfm?exhid=1020677,
Walterscheid Powertrain Group,1200 Windsor Rd,,,,,S83600,https://ceca20.mapyourshow.com/8_0/exhibitor/exhibitor-details.cfm?exhid=1022428,"Engines, Components & Electronics , Engines & Powertrains , Clutches & Clutch Facings,Engines, Components & Electronics , Engines & Powertrains , Drivetrains & Accessories"
Walvoil Fluid Power Corp,4111 North Garrett Road,,,918-858-7100,http://www.waloil.com,S81743,https://ceca20.mapyourshow.com/8_0/exhibitor/exhibitor-details.cfm?exhid=1022135,"Industrial Hydraulic Products - IFPE , Controls (Electronic) & Software  , Serial Interface/Fieldbus,Industrial Hydraulic Products - IFPE , Pumps , Fixed (Gear),Mobile Hydraulic Products - IFPE , Actuators , Motors (Gear),Mobile Hydraulic Products - IFPE , Valves-Control , Cartridge Screw-In (Directional),Mobile Hydraulic Products - IFPE , Valves-Control , Cartridge Screw-in (Pressure),Mobile Hydraulic Products - IFPE , Valves-Control , Stacking Body (Directional),Mobile Hydraulic Products - IFPE , Valves-Control , Stacking Body (Electrohydaulic Proportional),Mobile Hydraulic Products - IFPE , Valves-Control , Stacking Body (Electrohydaulic Servo),Mobile Hydraulic Products - IFPE , Valves-Control , Stacking Body (Flow),Mobile Hydraulic Products - IFPE , Valves-Control , Stacking Body (Pressure)"
Walz Scale,656 High Point Lane,,,3096943200,https://www.walzscale.com/walz-scanner,S5680,https://ceca20.mapyourshow.com/8_0/exhibitor/exhibitor-details.cfm?exhid=1020014,"Aggregates Processing , Conveyors,Aggregates Processing , Crushers,Business Solutions , Inventory & Equipment Management,Business Solutions , Monitoring,Business Solutions , Software, Cost Management/Estimating/Bidding,Business Solutions , Testing & Analysis,Jobsite Applications , Imaging Products,Jobsite Applications , Opertor Equipment Tracking,Land Clearing , Shredders, Brush/Compost/Refuse/Soil"
WAM USA,75 Boulderbrook Cir,,,,,B7319,https://ceca20.mapyourshow.com/8_0/exhibitor/exhibitor-details.cfm?exhid=1020609,
Wanco Inc,5870 Tennyson St,,,303-427-5700,https://www.wanco.com/,S64607,https://ceca20.mapyourshow.com/8_0/exhibitor/exhibitor-details.cfm?exhid=1020343,"Infrastructure Support , Generators,Infrastructure Support , Light Towers,Safety & Traffic , Camera Systems"
"Wandfluh of America, Inc.",909 High St,,,,,S80259,https://ceca20.mapyourshow.com/8_0/exhibitor/exhibitor-details.cfm?exhid=1020051,
Warn Industries,12900 SE Capps Road,,,,,F101324,https://ceca20.mapyourshow.com/8_0/exhibitor/exhibitor-details.cfm?exhid=1021747,
Washout Watchdog,5640 Arrow Hwy.,,,(626) 893-4170,,S61035,https://ceca20.mapyourshow.com/8_0/exhibitor/exhibitor-details.cfm?exhid=1021806,
Watson Inc,4015 S Freeway,,,8179278486,http://www.watsonusa.com,F1748,https://ceca20.mapyourshow.com/8_0/exhibitor/exhibitor-details.cfm?exhid=1022150,"Underground Construction , Drill Rigs"
WCS Permits,150 E. Arrow Hwy,,,,,B92224,https://ceca20.mapyourshow.com/8_0/exhibitor/exhibitor-details.cfm?exhid=1022597,
Weasler Engineering,PO  Box 558,,,262-338-2161,http://www.weasler.com,C31036,https://ceca20.mapyourshow.com/8_0/exhibitor/exhibitor-details.cfm?exhid=1022692,"Electrical & Mechanical Power Transmission Products - IFPE , Clutches , Friction,Electrical & Mechanical Power Transmission Products - IFPE , Clutches , Torque-Limiting,Electrical & Mechanical Power Transmission Products - IFPE , Gear Drives , Bevel,Electrical & Mechanical Power Transmission Products - IFPE , Gear Drives , Helical,Electrical & Mechanical Power Transmission Products - IFPE , Gear Drives , Planetary,Electrical & Mechanical Power Transmission Products - IFPE , Gear Drives , Spur,Electrical & Mechanical Power Transmission Products - IFPE , Power Take Offs,Electrical & Mechanical Power Transmission Products - IFPE , Transmissions,Electrical & Mechanical Power Transmission Products - IFPE , Universal Joints,Electrical & Mechanical Power Transmission Products - IFPE , Variable Speed Drives (Mechanical)"
"Webasto Thermo & Comfort North America, Inc.",15083 North Rd,,,810-593-6000,https://www.webasto-comfort.com/en-us/heating-solutions/off-highway/,S84131,https://ceca20.mapyourshow.com/8_0/exhibitor/exhibitor-details.cfm?exhid=1020210,"Engines, Components & Electronics , Engines & Powertrains , Batteries, Battery Chargers, Services,Engines, Components & Electronics , Engines & Powertrains , Heat Exchangers"
"Weber MT, Inc",4717 Broadmoor Ave SE Suite B,,,,,B8300,https://ceca20.mapyourshow.com/8_0/exhibitor/exhibitor-details.cfm?exhid=1020310,
Webster Combustion Technology,619 Industrial Rd,,,620-221-7464,http://www.webster-engineering.com,B90003,https://ceca20.mapyourshow.com/8_0/exhibitor/exhibitor-details.cfm?exhid=1020139,"Asphalt Production & Paving , Burners, Bituminous Equipment,Asphalt Production & Paving , Heaters"
Webtec LLC,1290 E Waterford Ave,,,,,B90325,https://ceca20.mapyourshow.com/8_0/exhibitor/exhibitor-details.cfm?exhid=1022760,
Weego (Paris Corporation),800 Highland Dr,,,,,B93727,https://ceca20.mapyourshow.com/8_0/exhibitor/exhibitor-details.cfm?exhid=1023178,
Weg Electric Motor Corp,6655 Sugarloaf Parkway,,,,,C32589,https://ceca20.mapyourshow.com/8_0/exhibitor/exhibitor-details.cfm?exhid=1020091,
WEILER,815 Weiler Dr,,,6418286622,http://www.weilerproducts.com,C32501,https://ceca20.mapyourshow.com/8_0/exhibitor/exhibitor-details.cfm?exhid=1021220,"Asphalt Production & Paving , Compactors,Asphalt Production & Paving , Finishers,Asphalt Production & Paving , Mixers,Asphalt Production & Paving , Patching Equipment,Asphalt Production & Paving , Pavers,Asphalt Production & Paving , Rollers,Asphalt Production & Paving , Screeds,Asphalt Production & Paving , Sprayers,Asphalt Production & Paving , Spreaders"
Weir Minerals,2701 S Stoughton Rd,,,608-221-2261,http://www.minerals.weir,C31719,https://ceca20.mapyourshow.com/8_0/exhibitor/exhibitor-details.cfm?exhid=1020164,"Aggregates Processing , Conveyors,Aggregates Processing , Crushers,Aggregates Processing , Screens,Aggregates Processing , Washers,Pneumatic Products - IFPE , Other Components , Fittings (Hose Ends),Pneumatic Products - IFPE , Other Components , Hose (Rubber),Pneumatic Products - IFPE , Other Components , Vacuum Products (Hose),Pumps , Pumps , Centrifugal,Pumps , Pumps , Components/Accessories,Pumps , Pumps , Submersible"
Welker Engineered Products,1401 Piedmont Drive,,,,,B92127,https://ceca20.mapyourshow.com/8_0/exhibitor/exhibitor-details.cfm?exhid=1022019,
Wells Fargo Equipment Finance,"2700 South Price Rd, 3rd Floor",,,,,N11525,https://ceca20.mapyourshow.com/8_0/exhibitor/exhibitor-details.cfm?exhid=1021120,
Werk-Brau Company Inc,PO Box 545,,,800-537-9561,http://www.werk-brau.com,F3168,https://ceca20.mapyourshow.com/8_0/exhibitor/exhibitor-details.cfm?exhid=1022230,"Aggregates Processing , Attachment , Rippers & Scarifiers,Asphalt Production & Paving , Attachment , Compaction Wheel,Concrete Construction & Manufacturing , Attachment , Bucket,Earthmoving Equipment & Material Handling , Attachments , Backhoe,Earthmoving Equipment & Material Handling , Attachments , Buckets,Earthmoving Equipment & Material Handling , Attachments , Fork,Earthmoving Equipment & Material Handling , Attachments , Grapple,Earthmoving Equipment & Material Handling , Attachments , Quick Couplers"
West Craft Manufacturing,PO Box 596,,,936-858-4426,,C31078,https://ceca20.mapyourshow.com/8_0/exhibitor/exhibitor-details.cfm?exhid=1020726,"Industrial Hydraulic Products - IFPE , Actuators , Cylinders (Intensifier),Industrial Hydraulic Products - IFPE , Actuators , Cylinders (Mill),Industrial Hydraulic Products - IFPE , Actuators , Cylinders (Position Sensing-Linear),Industrial Hydraulic Products - IFPE , Actuators , Cylinders (Telescopic)"
West-Mark,PO Box 100,,,(209) 537-4747,http://www.west-mark.com,F3659,https://ceca20.mapyourshow.com/8_0/exhibitor/exhibitor-details.cfm?exhid=1020217,
Western Consolidated Technologies,1425 Lake Ave,,,,,,https://ceca20.mapyourshow.com/8_0/exhibitor/exhibitor-details.cfm?exhid=1020193,
Western Global,1707 Northwood Drive,,,,,F101801,https://ceca20.mapyourshow.com/8_0/exhibitor/exhibitor-details.cfm?exhid=1022991,
Western Star Trucks,2477 Deerfield Dr,,,,,S63639,https://ceca20.mapyourshow.com/8_0/exhibitor/exhibitor-details.cfm?exhid=1021159,
Wetherell Manufacturing,407 W Grace st,,,712-436-2266,http://wetherellmfg.com,S81321,https://ceca20.mapyourshow.com/8_0/exhibitor/exhibitor-details.cfm?exhid=1020437,"Industrial Hydraulic Products - IFPE , Actuators , Cylinders (Intensifier),Industrial Hydraulic Products - IFPE , Actuators , Cylinders (Mill),Industrial Hydraulic Products - IFPE , Actuators , Cylinders (Position Sensing-Linear),Industrial Hydraulic Products - IFPE , Actuators , Cylinders (Telescopic),Mobile Hydraulic Products - IFPE , Actuators , Cylinders (Agricultural),Mobile Hydraulic Products - IFPE , Actuators , Cylinders (Electrohydraulic),Mobile Hydraulic Products - IFPE , Actuators , Cylinders (Welded)"
Weycor US Inc.,Visbeker Strabe 35,,,+49 4431 981-0,http://www.weycor.de,S6833,https://ceca20.mapyourshow.com/8_0/exhibitor/exhibitor-details.cfm?exhid=1022771,"Asphalt Production & Paving , Attachment , Compaction Wheel,Asphalt Production & Paving , Attachment , Roller,Asphalt Production & Paving , Compactors,Asphalt Production & Paving , Rollers,Earthmoving Equipment & Material Handling , Attachments , Buckets,Earthmoving Equipment & Material Handling , Attachments , Fork,Earthmoving Equipment & Material Handling , Attachments , Quick Couplers,Earthmoving Equipment & Material Handling , Loaders,Earthmoving Equipment & Material Handling , Material Handling Equipment,Earthmoving Equipment & Material Handling , Rough Terrain Forklift"
Wheels India Limited,"Mth Road, Padi",,,,,F100223,https://ceca20.mapyourshow.com/8_0/exhibitor/exhibitor-details.cfm?exhid=1023060,
Whelen Engineering Co Inc,51 Winthrop Rd,,,8605269504,http://www.whelen.com,S61130,https://ceca20.mapyourshow.com/8_0/exhibitor/exhibitor-details.cfm?exhid=1020346,"Safety & Traffic , Flags, Lights, Markers, Signs"
WheresMyConcrete,331 North Main St,,,,,S61949,https://ceca20.mapyourshow.com/8_0/exhibitor/exhibitor-details.cfm?exhid=1021742,
Whirlygig Company,2418 Bishop Circle,,,,,F100014,https://ceca20.mapyourshow.com/8_0/exhibitor/exhibitor-details.cfm?exhid=1022683,
WIKA Mobile Control LP,1540 Orchard Dr,,,717-217-2200,http://www.wika-mc.com,F101819,https://ceca20.mapyourshow.com/8_0/exhibitor/exhibitor-details.cfm?exhid=1021603,"Engines, Components & Electronics , Electronics, Controls, Instrumentation , Controls, Other,Engines, Components & Electronics , Sensors,Lifting (Aerial & Cranes) , Cranes , All Terrain,Lifting (Aerial & Cranes) , Cranes , Hydraulic Boom,Lifting (Aerial & Cranes) , Cranes , Lattice Boom, Crawler Mounted,Lifting (Aerial & Cranes) , Cranes , Lattice, Boom, Wheel Mounted,Lifting (Aerial & Cranes) , Cranes , Rough Terrain,Lifting (Aerial & Cranes) , Material Handlers , Forklift,Lifting (Aerial & Cranes) , Material Handlers , Personal Work Platform,Safety & Traffic , Operational Aids"
WIKA USA,1000 Wiegand Blvd,,,,,S83735,https://ceca20.mapyourshow.com/8_0/exhibitor/exhibitor-details.cfm?exhid=1021761,"Engines, Components & Electronics , Electronics, Controls, Instrumentation , Gauges, All Types,Engines, Components & Electronics , Sensors,Industrial Hydraulic Products - IFPE , Accessories , Gauges (Pressure),Industrial Hydraulic Products - IFPE , Accessories , Gauges (Temperature),Industrial Hydraulic Products - IFPE , Controls (Electronic) & Software  , Feedback Devices,Mobile Hydraulic Products - IFPE , Accessories , Gauges (Site),Mobile Hydraulic Products - IFPE , Accessories , Switches (Pressure),Mobile Hydraulic Products - IFPE , Controls (Electronic) & Software  , (Electrical Connectors),Water Hydraulic Products - IFPE , Accessories , Gauges (Level),Water Hydraulic Products - IFPE , Accessories , Switches (Level)"
Wildcat Rock Drilling Tools/ Kwang Sung GM,441-16 Namyang Ro,,,,,BL455,https://ceca20.mapyourshow.com/8_0/exhibitor/exhibitor-details.cfm?exhid=1023103,
Wilkes & McLean Ltd,600 Estes Ave,,,8475342000,http://www.wilkesandmclean.com,S83110,https://ceca20.mapyourshow.com/8_0/exhibitor/exhibitor-details.cfm?exhid=1022619,"Industrial Hydraulic Products - IFPE , Accessories , Clamps,Industrial Hydraulic Products - IFPE , Accessories , Gauges (Pressure),Industrial Hydraulic Products - IFPE , Accumulators , Diaphragm,Mobile Hydraulic Products - IFPE , Accessories , Shock Absorbers (Adjustable Single Orifice),Water Hydraulic Products - IFPE , Accessories , Shock Absorbers (Adjustable Multiple Orifice),Water Hydraulic Products - IFPE , Accumulators , Bladder"
Williams Form Engineering,8165 Graphic Dr NE,,,,,B90023,https://ceca20.mapyourshow.com/8_0/exhibitor/exhibitor-details.cfm?exhid=1020225,
Willscot,901 South Bond St,,,,,B7619,https://ceca20.mapyourshow.com/8_0/exhibitor/exhibitor-details.cfm?exhid=1022885,
WingFan,540 Mt Gallant Rd,,,,,B92303,https://ceca20.mapyourshow.com/8_0/exhibitor/exhibitor-details.cfm?exhid=1022287,
Winters Instruments,121 Railside Rd.,,,281-880-8607,http://www.winters.com,S83410,https://ceca20.mapyourshow.com/8_0/exhibitor/exhibitor-details.cfm?exhid=1020986,"Industrial Hydraulic Products - IFPE , Accessories , Gauges (Pressure),Industrial Hydraulic Products - IFPE , Accessories , Gauges (Temperature),Pneumatic Products - IFPE , Other Components , Gauges (Pressure),Pneumatic Products - IFPE , Other Components , Gauges (Vacuum),Pneumatic Products - IFPE , Other Components , Switches (Pressure),Pneumatic Products - IFPE , Valves , Ball,Pneumatic Products - IFPE , Valves , Shutoff"
WireCo WorldGroup,2400 W. 75th St.,,,+1(816)270-4700,http://www.wireco.com,F101111,https://ceca20.mapyourshow.com/8_0/exhibitor/exhibitor-details.cfm?exhid=1020355,"Infrastructure Support , Wire Assemblies,Lifting (Aerial & Cranes) , Wire Rope"
Wirtgen America,6030 Dana Way,,,(615) 501-0600,https://www.wirtgen-group.com/america/en-us/,S5419,https://ceca20.mapyourshow.com/8_0/exhibitor/exhibitor-details.cfm?exhid=1020332,"Aggregates Processing , Crushers,Aggregates Processing , Reclaimers/Recyclers,Aggregates Processing , Screens,Asphalt Production & Paving , Cold Planers/Milling Machines,Asphalt Production & Paving , Compactors,Asphalt Production & Paving , Pavers,Asphalt Production & Paving , Reclaimers/Recyclers"
Wisconsin Precision Casting Corporation,300 Interchange North,,,,,B90319,https://ceca20.mapyourshow.com/8_0/exhibitor/exhibitor-details.cfm?exhid=1022651,
Witzco Challenger Trailers Inc.,6101 South McIntosh Road,,,9419225301,http://www.witzco.com,F101704,https://ceca20.mapyourshow.com/8_0/exhibitor/exhibitor-details.cfm?exhid=1020373,"Hauling Equipment , Trailers , Flatbed & Platform"
WJB Bearings,535 Brea Canyon Road,,,9095986238,http://www.wjbgroup.com,S82559,https://ceca20.mapyourshow.com/8_0/exhibitor/exhibitor-details.cfm?exhid=1020744,"Aggregates Processing , Conveyors,Electrical & Mechanical Power Transmission Products - IFPE , Bearings , Ball,Electrical & Mechanical Power Transmission Products - IFPE , Bearings , Bearing Components,Electrical & Mechanical Power Transmission Products - IFPE , Bearings , Linear,Electrical & Mechanical Power Transmission Products - IFPE , Bearings , Plain,Electrical & Mechanical Power Transmission Products - IFPE , Bearings , Roller,Electrical & Mechanical Power Transmission Products - IFPE , Bearings , Spherical,Electrical & Mechanical Power Transmission Products - IFPE , Sprockets , Chain (Metal),Engines, Components & Electronics , Engines & Powertrains , Engines, All Types,Lifting (Aerial & Cranes) , Hoists"
Wolfe Heavy Equipment,700 Wright St,,,519 289 2150,http://www.wolfeequipment.com,F3573,https://ceca20.mapyourshow.com/8_0/exhibitor/exhibitor-details.cfm?exhid=1022067,"Aggregates Processing , Dewatering,Earthmoving Equipment & Material Handling , Trenchers,Infrastructure Support , Ditchers & Trenchers"
WOLFFKRAN Inc.,"45 Main St, Suite 712",,,,,F5832,https://ceca20.mapyourshow.com/8_0/exhibitor/exhibitor-details.cfm?exhid=1021600,
Women of Asphalt / Asphalt Pavement Alliance,2233 Park Avenue,,,904.446.0758,,GL20901,https://ceca20.mapyourshow.com/8_0/exhibitor/exhibitor-details.cfm?exhid=1022667,
Woods Construction,2606 South Illinois Route 2,,,800-848-3447,http://www.woodsconstructionequipment.com,F7290,https://ceca20.mapyourshow.com/8_0/exhibitor/exhibitor-details.cfm?exhid=1022059,"Aggregates Processing , Attachment , Rippers & Scarifiers,Asphalt Production & Paving , Attachment , Cold Planer/Milling,Concrete Construction & Manufacturing , Attachment , Bucket,Earthmoving Equipment & Material Handling , Attachments , Backhoe,Earthmoving Equipment & Material Handling , Attachments , Buckets,Earthmoving Equipment & Material Handling , Attachments , Fork,Earthmoving Equipment & Material Handling , Attachments , Grapple,Earthmoving Equipment & Material Handling , Attachments , Quick Couplers,Infrastructure Support , Attachments , Sweeper & Broom,Land Clearing , Attachments , Stump Grinder"
Wooster Hydrostatics Inc,4570 W Old Lincoln Way,,,330-263-6555,http://www.woosterhydrostatics.com,S80746,https://ceca20.mapyourshow.com/8_0/exhibitor/exhibitor-details.cfm?exhid=1021173,"Industrial Hydraulic Products - IFPE , Hydrostatic Drives,Industrial Hydraulic Products - IFPE , Power Units, Modular,Industrial Hydraulic Products - IFPE , Pumps , Fixed (Other),Industrial Hydraulic Products - IFPE , Pumps , Fixed (Vane),Industrial Hydraulic Products - IFPE , Pumps , Variable Displacement (Vane),Mobile Hydraulic Products - IFPE , Pumps , Fixed (Piston),Mobile Hydraulic Products - IFPE , Pumps , Variable Displacement (Piston),Pumps , Pumps , Hydraulic"
WORD Rock Drills,4565 Reid Rd,,,,,C32901,https://ceca20.mapyourshow.com/8_0/exhibitor/exhibitor-details.cfm?exhid=1021208,
WORD Rock Drills,4565 Reid Rd,,,,,S6145,https://ceca20.mapyourshow.com/8_0/exhibitor/exhibitor-details.cfm?exhid=1023144,
Worksaver Inc,PO Box 100,,,217-324-5973,http://worksaver.com,C20904,https://ceca20.mapyourshow.com/8_0/exhibitor/exhibitor-details.cfm?exhid=1020523,"Asphalt Production & Paving , Mixers,Earthmoving Equipment & Material Handling , Attachments , Auger,Earthmoving Equipment & Material Handling , Attachments , Blade,Earthmoving Equipment & Material Handling , Attachments , Fork,Earthmoving Equipment & Material Handling , Attachments , Grapple,Earthmoving Equipment & Material Handling , Graders (Fine, Motor, Pull-Type),Earthmoving Equipment & Material Handling , Material Handling Equipment,Earthmoving Equipment & Material Handling , Tool Carriers,Land Clearing , Attachments , Stump Grinder"
World Diamond Source,"2987 Center Port Circle, Suite 4 & 5",,,,,S62239,https://ceca20.mapyourshow.com/8_0/exhibitor/exhibitor-details.cfm?exhid=1020876,
World of Concrete,6191 North State Hwy. 161,,,9725366379,http://www.worldofconcrete.com,S61122,https://ceca20.mapyourshow.com/8_0/exhibitor/exhibitor-details.cfm?exhid=1021137,"Associations & Organization , Expositions,Business Solutions , Education & Training"
World Wide Fittings Corporation,600 Corporate Woods Parkway,,,847-588-2200,http://www.worldwidefittings.com,S83107,https://ceca20.mapyourshow.com/8_0/exhibitor/exhibitor-details.cfm?exhid=1022444,"Industrial Hydraulic Products - IFPE , Conductors & Connectors , Fittings (Adapters),Industrial Hydraulic Products - IFPE , Conductors & Connectors , Flanges (Pump-to-Motor),Industrial Hydraulic Products - IFPE , Nuts, Any,Industrial Hydraulic Products - IFPE , Seals , O-Rings"
"Worldwide Drilling Resource, Inc.",PO Box 660,,,,,GL31506,https://ceca20.mapyourshow.com/8_0/exhibitor/exhibitor-details.cfm?exhid=1021504,
Worthington Industries Engineered Cabs,200 Old Wilson Bridge Road,,,(614) 840-4259,https://worthingtonindustries.com/Products/Engineered-Cabs,B9607,https://ceca20.mapyourshow.com/8_0/exhibitor/exhibitor-details.cfm?exhid=1023122,"Engines, Components & Electronics , Cabs/Cab Enclosures"
WPT Power Corporation,PO Box 8148,,,940-761-1971,,S85521,https://ceca20.mapyourshow.com/8_0/exhibitor/exhibitor-details.cfm?exhid=1020271,"Electrical & Mechanical Power Transmission Products - IFPE , Clutch Brakes,Electrical & Mechanical Power Transmission Products - IFPE , Clutches , Friction,Electrical & Mechanical Power Transmission Products - IFPE , Clutches , Torque-Limiting,Electrical & Mechanical Power Transmission Products - IFPE , Power Take Offs"
WRT Equipment Ltd.,818 - 43rd Street East,,,,,B8305,https://ceca20.mapyourshow.com/8_0/exhibitor/exhibitor-details.cfm?exhid=1023290,"Aggregates Processing , Conveyors,Aggregates Processing , Crushers,Aggregates Processing , Screens,Asphalt Production & Paving , Bag Houses,Asphalt Production & Paving , Bins & Silos,Asphalt Production & Paving , Burners, Bituminous Equipment,Asphalt Production & Paving , Compactors,Asphalt Production & Paving , Dryers,Asphalt Production & Paving , Plants,Asphalt Production & Paving , Rollers"
"WUHAN SQUIRREL CONSTRUCTION MACHINERY CO., LTE","No.313, Unit 2, Buiding 7, No.38 Tangxunhu North Road",,,,,B93830,https://ceca20.mapyourshow.com/8_0/exhibitor/exhibitor-details.cfm?exhid=1021424,
Wurth Electronics ICS Inc,7496 Webster St,,,9374157700,http://www.we-ics.com,B90619,https://ceca20.mapyourshow.com/8_0/exhibitor/exhibitor-details.cfm?exhid=1020604,"Electrical & Mechanical Power Transmission Products - IFPE , Controls (Electronic) & Software , Program Controllers,Electrical & Mechanical Power Transmission Products - IFPE , Controls (Electronic) & Software , Relays,Engines, Components & Electronics , Electronics, Controls, Instrumentation , Controls, Other,Engines, Components & Electronics , Electronics, Controls, Instrumentation , Electric Connectors"
"Wuxi Hongsheng Heat Exchanger Manufacturing Co., Ltd.","66 Nandi Road, Mashan Industry Park, Binhu",,,,,B93609,https://ceca20.mapyourshow.com/8_0/exhibitor/exhibitor-details.cfm?exhid=1022520,
"WUXI ZHENHUA MACHINERY CO.,LTD","NO. 7 TIANSHUN ROAD, YANGSHAN, HUISHAN",,,,,S81459,https://ceca20.mapyourshow.com/8_0/exhibitor/exhibitor-details.cfm?exhid=1020957,
"Wyco, a Division of Badger Meter",4545 W. Brown Deer Rd.,,,800-233-9926,http://www.wycotool.com,B7016,https://ceca20.mapyourshow.com/8_0/exhibitor/exhibitor-details.cfm?exhid=1020538,"Concrete Construction & Manufacturing , Admixtures,Concrete Construction & Manufacturing , Screeds,Concrete Construction & Manufacturing , Vibrators,Engines, Components & Electronics , Electronics, Controls, Instrumentation , Meters,Pneumatic Products - IFPE , Other Components , Gauges (Flow),Water Hydraulic Products - IFPE , Fluid Maintenance , Fluid Testing Equipment"
Xcentric Ripper International,27050 Gloucester Way,,,6048555101,https://www.xcentricripper.com/en/,S6713,https://ceca20.mapyourshow.com/8_0/exhibitor/exhibitor-details.cfm?exhid=1022309,"Aggregates Processing , Attachment , Breaker Tools,Aggregates Processing , Attachment , Breakers Demolition,Aggregates Processing , Attachment , Breakers Rocks,Aggregates Processing , Attachment , Rippers & Scarifiers,Aggregates Processing , Crushers,Earthmoving Equipment & Material Handling , Attachments , Breakers"
"Xiamen Congxing Machinery Co., Ltd.","Unit 1001, No.11 Jinzhong Road",,,,,B90526,https://ceca20.mapyourshow.com/8_0/exhibitor/exhibitor-details.cfm?exhid=1022030,
"Xiamen SDTZ Bearing Co., Ltd.","Rm.11, 4th Floor, Shizheng Bldg.",,,,,S83661,https://ceca20.mapyourshow.com/8_0/exhibitor/exhibitor-details.cfm?exhid=1022024,
Xianlong,609 Monterey Pass Road,,,,,S82345,https://ceca20.mapyourshow.com/8_0/exhibitor/exhibitor-details.cfm?exhid=1022891,
Ximaike International Exhibition Co Ltd,"Flr 13, No.178 Guang an men wai St",,,,,,https://ceca20.mapyourshow.com/8_0/exhibitor/exhibitor-details.cfm?exhid=1021280,
XL Specialized Trailers,PO Box 400,,,,,F6413,https://ceca20.mapyourshow.com/8_0/exhibitor/exhibitor-details.cfm?exhid=1021167,
Xtreme Manufacturing,8350 Eastgate Road,,,702-636-2969,http://www.xmfg.com,F6962,https://ceca20.mapyourshow.com/8_0/exhibitor/exhibitor-details.cfm?exhid=1021583,
"XUZHOU CONSTRUCTION MACHINERY GROUP IMP.& EXP. CO.,LTD","Industrial Zone 1, Xuzhou Economic Development Zone",,,,,F6424,https://ceca20.mapyourshow.com/8_0/exhibitor/exhibitor-details.cfm?exhid=1021533,
"Xuzhou Tianwei Beilai Machinery Technology Co., Ltd.",No.1 Xinda Road,,,,,S62412,https://ceca20.mapyourshow.com/8_0/exhibitor/exhibitor-details.cfm?exhid=1022657,
Xylem,22 Floodgate Rd,,,,,C31438,https://ceca20.mapyourshow.com/8_0/exhibitor/exhibitor-details.cfm?exhid=1021592,
YAK ACCESS,2438 Hwy. 98 East,,,8449252377,http://www.yakaccess.com,B90618,https://ceca20.mapyourshow.com/8_0/exhibitor/exhibitor-details.cfm?exhid=1020406,
Yale Cordage,77 Industrial Park Rd,,,207-282-3396,http://yalecordage.com,F101319,https://ceca20.mapyourshow.com/8_0/exhibitor/exhibitor-details.cfm?exhid=1020519,"Lifting (Aerial & Cranes) , Hoists,Underground Construction , Cable, Line, Pipe Laying Equipment"
"Yanggu Haoquan Rock Tools Co., Ltd.",Liumiao Yanggu,,,,,B91329,https://ceca20.mapyourshow.com/8_0/exhibitor/exhibitor-details.cfm?exhid=1022031,
Yates Cylinders,23050 Industrial Dr E,,,586-778-7680,http://www.yatesind.com,S81911,https://ceca20.mapyourshow.com/8_0/exhibitor/exhibitor-details.cfm?exhid=1020499,"Earthmoving Equipment & Material Handling , Excavators,Industrial Hydraulic Products - IFPE , Accumulators , Piston,Industrial Hydraulic Products - IFPE , Actuators , Cylinders (Mill),Industrial Hydraulic Products - IFPE , Actuators , Cylinders (Telescopic),Industrial Hydraulic Products - IFPE , Actuators , Cylinders (Tie Rod-NFPA),Mobile Hydraulic Products - IFPE , Actuators , Cylinders (Agricultural),Mobile Hydraulic Products - IFPE , Actuators , Cylinders (Welded),Pneumatic Products - IFPE , Actuators/Cylinders , NFPA Interchangeable (Round),Pneumatic Products - IFPE , Actuators/Cylinders , NFPA Interchangeable (Tie Rod),Underground Construction , Vacuum, Excavation/Industrial"
YENMAK MOTOR GOMLEK SAN. TIC. A.S.,1 OSB. ATABEY SOK. NO:6 SELCUKLU,,,,,B92018,https://ceca20.mapyourshow.com/8_0/exhibitor/exhibitor-details.cfm?exhid=1022688,
"YEOSHE HYDRAULICS TECHNOLOGY CO., LTD.","No. 68, Wukong 1st Rd., WuFeng Dist",,,+886-423332339,https://www.yeoshehydraulic.com/,S82808,https://ceca20.mapyourshow.com/8_0/exhibitor/exhibitor-details.cfm?exhid=1021118,"Industrial Hydraulic Products - IFPE , Valves , Check,Mobile Hydraulic Products - IFPE , Pumps , Variable Displacement (Piston),Pumps , Pumps , Components/Accessories,Pumps , Pumps , High Pressure,Pumps , Pumps , Hydraulic,Pumps , Pumps , Oil"
"Ymer Technology, Inc.",20060 Nichols Way,,,(281)  429-1600,http://www.ymer.com,S83216,https://ceca20.mapyourshow.com/8_0/exhibitor/exhibitor-details.cfm?exhid=1020239,"Engines, Components & Electronics , Engines & Powertrains , Heat Exchangers,Industrial Hydraulic Products - IFPE , Accessories , Heat Exchangers (Air Cooled)"
Yoder & Frey Auctioneers,2384 Grant Road,,,419.865.3990,,S65433,https://ceca20.mapyourshow.com/8_0/exhibitor/exhibitor-details.cfm?exhid=1021601,"Asphalt Production & Paving , Pavers,Asphalt Production & Paving , Rollers,Business Solutions , Appraisers,Business Solutions , Auctioneers,Earthmoving Equipment & Material Handling , Backhoe,Earthmoving Equipment & Material Handling , Dozers,Earthmoving Equipment & Material Handling , Excavators,Earthmoving Equipment & Material Handling , Loaders,Earthmoving Equipment & Material Handling , Skid Steer/CTL,Earthmoving Equipment & Material Handling , Tractors"
Youli Hydraulic Industrial Co Ltd.,"No.9 Lane 145, Tai Ming Rd.",,,+886 23358996,http://www.tw-youli.com,S82649,https://ceca20.mapyourshow.com/8_0/exhibitor/exhibitor-details.cfm?exhid=1021260,"Mobile Hydraulic Products - IFPE , Mobile Hydraulic Safety Products,Mobile Hydraulic Products - IFPE , Valves, Regenerative (Inline)"
Young Corporation,PO Box 3522,,,,,F100626,https://ceca20.mapyourshow.com/8_0/exhibitor/exhibitor-details.cfm?exhid=1020133,
Young Powertech Inc,3060 Plaza Dr #107,,,,,S83154,https://ceca20.mapyourshow.com/8_0/exhibitor/exhibitor-details.cfm?exhid=1022719,
Young Windows Inc,680 Colwell Ln,,,610-828-5422,http://youngwindows.com,F100800,https://ceca20.mapyourshow.com/8_0/exhibitor/exhibitor-details.cfm?exhid=1021312,"Earthmoving Equipment & Material Handling , Backhoe,Earthmoving Equipment & Material Handling , Dozers,Earthmoving Equipment & Material Handling , Excavators,Earthmoving Equipment & Material Handling , Graders (Fine, Motor, Pull-Type),Earthmoving Equipment & Material Handling , Haulers,Earthmoving Equipment & Material Handling , Loaders,Earthmoving Equipment & Material Handling , Scrapers,Earthmoving Equipment & Material Handling , Skid Steer/CTL,Earthmoving Equipment & Material Handling , Tractors,Earthmoving Equipment & Material Handling , Trenchers"
"Yuhuan Xinyuanchang Machinery Co., Ltd.",Chengbei Industry Park,,,,,B92528,https://ceca20.mapyourshow.com/8_0/exhibitor/exhibitor-details.cfm?exhid=1022515,
"Yung Lung Air Hydraulics Co., Ltd.","No.682, Sec 2, Bixing Rd.",,,886-49-2322176,http://www.yeonglongs.com.tw/,S82446,https://ceca20.mapyourshow.com/8_0/exhibitor/exhibitor-details.cfm?exhid=1021083,"Industrial Hydraulic Products - IFPE , Nuts, Any,Mobile Hydraulic Products - IFPE , Brakes, Spring/Hydraulic/Multi-Disc,Mobile Hydraulic Products - IFPE , Conductors & Connectors , Hose (Rubber),Pneumatic Products - IFPE , Other Components , Fittings (Hose Ends),Pneumatic Products - IFPE , Other Components , Hose (Rubber),Pneumatic Products - IFPE , Other Components , Hose (Thermoplastic),Water Hydraulic Products - IFPE , Conductors & Connectors , Fittings (Hose),Water Hydraulic Products - IFPE , Conductors & Connectors , Hose (Crimped)"
ZC Rubber America,663 BREA CANYON ROAD,,,+86 571 86755902,http://www.zc-rubber.com,F100601,https://ceca20.mapyourshow.com/8_0/exhibitor/exhibitor-details.cfm?exhid=1020956,"Earthmoving Equipment & Material Handling , Tires & Rims"
Zerust Corrosion Solutions,4201 Woodland Road,,,(763) 225-6600,http://www.zerust.com,B93419,https://ceca20.mapyourshow.com/8_0/exhibitor/exhibitor-details.cfm?exhid=1020732,"Concrete Construction & Manufacturing , Coatings,Electrical & Mechanical Power Transmission Products - IFPE , Bearings , Ball,Electrical & Mechanical Power Transmission Products - IFPE , Plastic Protective Products,Engines, Components & Electronics , Electronics, Controls, Instrumentation , Computer Controls,Engines, Components & Electronics , Electronics, Controls, Instrumentation , Controls, Other,Engines, Components & Electronics , Engines & Powertrains , Brakes, Brake Lever Assemblies, Linings,Engines, Components & Electronics , Engines & Powertrains , Engines, All Types,Engines, Components & Electronics , Engines & Powertrains , Heat Exchangers,Engines, Components & Electronics , Lubricants and Lubrication Systems,Water Hydraulic Products - IFPE , Fluids , Water & Additives"
ZF Friedrichshafen AG,777 Hickory Hill Dr,,,,,S85113,https://ceca20.mapyourshow.com/8_0/exhibitor/exhibitor-details.cfm?exhid=1020815,
"Zhangjiagang Free Zone Yongda Machinery Co,. Ltd.",No.11 Guangdong Road,,,,,B91625,https://ceca20.mapyourshow.com/8_0/exhibitor/exhibitor-details.cfm?exhid=1021966,
"Zhejiang Fomay Industrial Machinery Co., Ltd",No. 188 Chuangye Avenue,,,,,B91221,https://ceca20.mapyourshow.com/8_0/exhibitor/exhibitor-details.cfm?exhid=1022053,
"Zhejiang Hongyuan Wheel Co., Ltd.","Yuxin Town, Nanhu District",,,,,S62506,https://ceca20.mapyourshow.com/8_0/exhibitor/exhibitor-details.cfm?exhid=1022668,
"Zhejiang Ideal Bell Technology Co., Ltd.","Room 2501, Jindu International Building",,,,,S82060,https://ceca20.mapyourshow.com/8_0/exhibitor/exhibitor-details.cfm?exhid=1021476,
"Zhejiang Keister Hydraulic Co., Ltd.","High-Tech Park, Anzhou Street",,,,,S80035,https://ceca20.mapyourshow.com/8_0/exhibitor/exhibitor-details.cfm?exhid=1021905,
"Zhejiang Minghe Steel Pipe Co., Ltd.","NO.768, EAST CHANGHONG STREET",,,,,B92728,https://ceca20.mapyourshow.com/8_0/exhibitor/exhibitor-details.cfm?exhid=1022510,
"Zhejiang Shengda Machinery Co., Ltd.",ShaoJia Village,,,,,B93530,https://ceca20.mapyourshow.com/8_0/exhibitor/exhibitor-details.cfm?exhid=1021428,
"Zhejiang Tiancheng Controls Co., Ltd.",Tiantai Economic Development Zone,,,,,B91130,https://ceca20.mapyourshow.com/8_0/exhibitor/exhibitor-details.cfm?exhid=1022032,
Zhejiang Yuanchuang Rubber Track Co Ltd,Sha Tian Yang Industrial District,,,,,B91803,https://ceca20.mapyourshow.com/8_0/exhibitor/exhibitor-details.cfm?exhid=1021426,
Zimmerman Industries Inc,196 Wabash Rd.,,,717 733 6166,http://www.zimmermanindustries.com,S62616,https://ceca20.mapyourshow.com/8_0/exhibitor/exhibitor-details.cfm?exhid=1020009,"Concrete Construction & Manufacturing , Plants,Concrete Construction & Manufacturing , Truck Mixers,Concrete Construction & Manufacturing , Volumetric Mixers"
Zinga Industries,2400 Zinga Dr,,, (608) 524-4200,,S81520,https://ceca20.mapyourshow.com/8_0/exhibitor/exhibitor-details.cfm?exhid=1021204,"Industrial Hydraulic Products - IFPE , Accessories , Gauges (Accessories),Industrial Hydraulic Products - IFPE , Filters , Pressure (Cartridge),Industrial Hydraulic Products - IFPE , Filters , Return (In-Tank),Industrial Hydraulic Products - IFPE , Filters , Suction,Mobile Hydraulic Products - IFPE , Filters , Pressure (Spin-On),Mobile Hydraulic Products - IFPE , Filters , Return (Spin-On),Mobile Hydraulic Products - IFPE , Filters , Suction (Strainers)"
ZIPLEVEL/Technidea Corporation,2121 East Valley Parkway,,,760-480-4740,http://www.ziplevel.com,S65506,https://ceca20.mapyourshow.com/8_0/exhibitor/exhibitor-details.cfm?exhid=1021549,"Asphalt Production & Paving , Pavers,Concrete Construction & Manufacturing , Concrete Masonry Products,Concrete Construction & Manufacturing , Pavers,Earthmoving Equipment & Material Handling , Excavators,Infrastructure Support , Surveying Equipment,Jobsite Applications , Surveying Equipment"
ZIPPKOOL Cooling Gear,15154 Transistor Lane,,,,,B93018,https://ceca20.mapyourshow.com/8_0/exhibitor/exhibitor-details.cfm?exhid=1022994,
Zonar,18200 Cascade Ave S,,,2068782459,http://www.zonarsystems.com,S60805,https://ceca20.mapyourshow.com/8_0/exhibitor/exhibitor-details.cfm?exhid=1020257,"Business Solutions , Construction Management Services,Business Solutions , Education & Training,Business Solutions , Equipment Inspection Services,Business Solutions , Equipment Maintenance Services,Business Solutions , Equipment Scheduling & Dispatch,Business Solutions , Fleet Management Systems,Business Solutions , Software, Cost Management/Estimating/Bidding,Safety & Traffic , Fencing,Safety & Traffic , Operational Aids,Safety & Traffic , Safety Training Aids"
"Zoomlion Heavy Industry Science & Technology Co., Ltd","No. 613, 3rd Section, Middle Furong Road",,,,,B7001,https://ceca20.mapyourshow.com/8_0/exhibitor/exhibitor-details.cfm?exhid=1021745,
"Zoomlion Heavy Industry Science & Technology Co., Ltd","No. 613, 3rd Section, Middle Furong Road",,,,,F6270,https://ceca20.mapyourshow.com/8_0/exhibitor/exhibitor-details.cfm?exhid=1021746,
ZSI-FOSTER,45065 Michigan Ave,,,+1.800.323.7053,https://www.zsi-foster.com/,S83643,https://ceca20.mapyourshow.com/8_0/exhibitor/exhibitor-details.cfm?exhid=1020969,"Industrial Hydraulic Products - IFPE , Accessories , Clamps,Industrial Hydraulic Products - IFPE , Conductors & Connectors , Fittings (Adapters),Industrial Hydraulic Products - IFPE , Conductors & Connectors , Fittings (Quick Disconnect),Industrial Hydraulic Products - IFPE , Conductors & Connectors , Hose (Push-On),Mobile Hydraulic Products - IFPE , Conductors & Connectors , Tubing (Clamping System),Pneumatic Products - IFPE , Other Components , Clamps,Pneumatic Products - IFPE , Other Components , Fittings (Adapters),Pneumatic Products - IFPE , Other Components , Fittings (Hose Ends),Pneumatic Products - IFPE , Other Components , Fittings (Quick Disconnects),Pneumatic Products - IFPE , Other Components , Fittings (Tube)"
ZTR Control Systems,8050 County Rd 101 East,,,952-233-4340,http://www.ztr.com,S63009,https://ceca20.mapyourshow.com/8_0/exhibitor/exhibitor-details.cfm?exhid=1020053,"Jobsite Applications , Telematics & GPS"
