name,address,city,country,phone,website,booth_no,src_url,products,
Advanced Valve Solutions  USA Inc,184 Edie Rd Suite C,,,518 2602574,http://www.advancedvalvesolutions.com,912,https://ep19.mapyourshow.com/8_0/exhibitor/exhibitor-details.cfm?exhid=adv912,"DESIGN,ENGINEERING,CONSTRUCTION,HRSG RELATED EQUIPMENT,SERVICES,INSTRUMENTATION, CONTROLS, COMPUTERS, SOFTWARE, IT,STEAM TURBINES, GAS TURBINES, DIESELS & THEIR AUXILIARIES - E.G., FEEDWATER HEATERS,VALVES, PIPING & FITTINGS",
"AFL Industries, A Division of RGF Environmental Group, Inc.",1101 W. 13th Street,,,561 3184679,http://www.rgf.com/AFL-industries.com,1018,https://ep19.mapyourshow.com/8_0/exhibitor/exhibitor-details.cfm?exhid=afl1018,"DESIGN,ENGINEERING,CONSTRUCTION,WATER TREATMENT,COOLING",
Air - Cure Inc,8501 Evergreen Blvd.,,,763 7170707,http://www.aircure.com,913,https://ep19.mapyourshow.com/8_0/exhibitor/exhibitor-details.cfm?exhid=air913,AIR POLLUTION CONTROL,
AirPro Fan & Blower Co.,P.O. Box 543,,,7153653267,http://www.airprofan.com,1313,https://ep19.mapyourshow.com/8_0/exhibitor/exhibitor-details.cfm?exhid=air1313,,
Alfred Conhagen Inc.,203 Texas Avenue,,,409 9384226,http://www.conhagen.com,723,https://ep19.mapyourshow.com/8_0/exhibitor/exhibitor-details.cfm?exhid=alf723,"PUMPS & COMPRESSORS,STEAM TURBINES, GAS TURBINES, DIESELS & THEIR AUXILIARIES - E.G., FEEDWATER HEATERS",
American Pulverizer Company,1319 Macklind Avenue,,,314 7816100,http://www.ampulverizer.com,830,https://ep19.mapyourshow.com/8_0/exhibitor/exhibitor-details.cfm?exhid=ame830,"DESIGN,ENGINEERING,CONSTRUCTION",
AMETEK Land,150 Freeport Road,,,412 8264444,http://www.ametek-land.com,1119,https://ep19.mapyourshow.com/8_0/exhibitor/exhibitor-details.cfm?exhid=ame1119,"AIR POLLUTION CONTROL,BOILERS, REACTORS & AUXILIARIES - E.G., FANS,INSTRUMENTATION, CONTROLS, COMPUTERS, SOFTWARE, IT",
Arid - Dry by Controlled Dehumidification,5931 Ford Court,,,810 2297900,http://www.ctrdh.com,524,https://ep19.mapyourshow.com/8_0/exhibitor/exhibitor-details.cfm?exhid=ari524,,
"ASGCO ""Complete Conveyor Solutions""",301 Gordon Street,,,610 7788958,http://www.asgco.com,607,https://ep19.mapyourshow.com/8_0/exhibitor/exhibitor-details.cfm?exhid=asg607,"DESIGN,ENGINEERING,CONSTRUCTION,FUELS & FUEL HANDLING",
"Auma Actuators, Inc.",100 Southpointe Blvd,,,724 7432862,http://www.auma.com,1118,https://ep19.mapyourshow.com/8_0/exhibitor/exhibitor-details.cfm?exhid=aum1118,,
AVO Training Institute,4271 Bronze Way,,,18775943156,http://www.avotraining.com,321,https://ep19.mapyourshow.com/8_0/exhibitor/exhibitor-details.cfm?exhid=avo318,"DESIGN,ENGINEERING,CONSTRUCTION,PLANT O&M; PRODUCTS,SERVICES,WORKFORCE SERVICES (RECRUITMENT, TRAINING)",
"Babcock Power, Inc.",506 Charlotte Highway,,,864 9492917,https://www.babcockpower.com/,901,https://ep19.mapyourshow.com/8_0/exhibitor/exhibitor-details.cfm?exhid=bab901,"AIR POLLUTION CONTROL,BOILERS, REACTORS & AUXILIARIES - E.G., FANS,DESIGN,ENGINEERING,CONSTRUCTION,HRSG RELATED EQUIPMENT,SERVICES,PLANT O&M; PRODUCTS,SERVICES",
Badger Industries,100 Badger Drive,,,865 3402100,http://www.badgerind.com,1213,https://ep19.mapyourshow.com/8_0/exhibitor/exhibitor-details.cfm?exhid=bad1213,"DESIGN,ENGINEERING,CONSTRUCTION,PLANT O&M; PRODUCTS,SERVICES,VALVES, PIPING & FITTINGS",
Benetech Inc.,"2245 Sequoia Dr, Suite 300",,,630 8067882,http://www.benetechusa.com,1006,https://ep19.mapyourshow.com/8_0/exhibitor/exhibitor-details.cfm?exhid=ben1009,"AIR POLLUTION CONTROL,DESIGN,ENGINEERING,CONSTRUCTION,FUELS & FUEL HANDLING,PLANT O&M", PRODUCTS/SERVICES
"BirdBuffer, LLC",1420 80th St. SW Suite D,,,425 6974274,http://www.birdbuffer.com,1013,https://ep19.mapyourshow.com/8_0/exhibitor/exhibitor-details.cfm?exhid=bir1013,"INSTRUMENTATION, CONTROLS, COMPUTERS, SOFTWARE, IT",
"Brace Integrated Services, Inc.",12A John Road,,,401 9329159,http://www.brace.com,403,https://ep19.mapyourshow.com/8_0/exhibitor/exhibitor-details.cfm?exhid=bra403,"DESIGN,ENGINEERING,CONSTRUCTION,HRSG RELATED EQUIPMENT,SERVICES,INSTRUMENTATION, CONTROLS, COMPUTERS, SOFTWARE, IT,VALVES, PIPING & FITTINGS,WATER TREATMENT,COOLING",
BrandSafway,1325 Cobb International Dr,,,800 5584772,https://brandsafway.com/,1025,https://ep19.mapyourshow.com/8_0/exhibitor/exhibitor-details.cfm?exhid=bra1025,"DESIGN,ENGINEERING,CONSTRUCTION",
Brucks Siwertell,5975 Shiloh Road Ste 109,,,770 8490100,http://www.bruks-siwertell.com,825,https://ep19.mapyourshow.com/8_0/exhibitor/exhibitor-details.cfm?exhid=bru825,"DESIGN,ENGINEERING,CONSTRUCTION,FUELS & FUEL HANDLING,RENEWABLE TECHNOLOGY",
Burns & McDonnell,9400 Ward Parkway,,,816 8223856,http://www.burnsmcd.com,923,https://ep19.mapyourshow.com/8_0/exhibitor/exhibitor-details.cfm?exhid=bur923,"DECOMMISSIONING SERVICES,DESIGN,ENGINEERING,CONSTRUCTION,INSTRUMENTATION, CONTROLS, COMPUTERS, SOFTWARE, IT,RENEWABLE TECHNOLOGY,WATER TREATMENT,COOLING",
"BWF Envirotec, USA",1800 Worldwide Blvd.,,,859 9051223,http://www.bwf-envirotec.us,728,https://ep19.mapyourshow.com/8_0/exhibitor/exhibitor-details.cfm?exhid=bwf728,"AIR POLLUTION CONTROL,PLANT O&M", PRODUCTS/SERVICES
Carlton Industries L.P.,P.O. Box 280,,,979 2425055,http://www.carltonusa.com,1124,https://ep19.mapyourshow.com/8_0/exhibitor/exhibitor-details.cfm?exhid=car1124,"DESIGN,ENGINEERING,CONSTRUCTION,PLANT O&M; PRODUCTS,SERVICES,VALVES, PIPING & FITTINGS,WATER TREATMENT,COOLING,WORKFORCE SERVICES (RECRUITMENT, TRAINING)",
Censys Technologies,"1511 Aviation Center Pkwy Micaplex, Suite 220G",,,386 4922572,http://censystech.com,201,https://ep19.mapyourshow.com/8_0/exhibitor/exhibitor-details.cfm?exhid=cen201,"INSTRUMENTATION, CONTROLS, COMPUTERS, SOFTWARE, IT",
CHART Inc.,407 Seventh Street NW,,,952 7584484,http://www.ChartLNG.com,1125,https://ep19.mapyourshow.com/8_0/exhibitor/exhibitor-details.cfm?exhid=CHA1125,"BOILERS, REACTORS & AUXILIARIES - E.G., FANS,DESIGN,ENGINEERING,CONSTRUCTION,DISTRIBUTED GENERATION TECHNOLOGY,FUELS & FUEL HANDLING,WATER TREATMENT,COOLING",
"CHEMetrics, Inc.",4295 Catlett Road,,,540 7889026,http://www.chemetrics.com,422,https://ep19.mapyourshow.com/8_0/exhibitor/exhibitor-details.cfm?exhid=che422,"BOILERS, REACTORS & AUXILIARIES - E.G., FANS,STEAM TURBINES, GAS TURBINES, DIESELS & THEIR AUXILIARIES - E.G., FEEDWATER HEATERS,WATER TREATMENT,COOLING",
Cleaver-Brooks Inc.,6940 Cornhusker Highway,,,402 4342080,http://www.cleaver-brooks.com,309,https://ep19.mapyourshow.com/8_0/exhibitor/exhibitor-details.cfm?exhid=cle309,"BOILERS, REACTORS & AUXILIARIES - E.G., FANS,HRSG RELATED EQUIPMENT,SERVICES",
CMG Electric Suplpy,9436 Ravenna Rd.,,,440 2514880,http://w,323,https://ep19.mapyourshow.com/8_0/exhibitor/exhibitor-details.cfm?exhid=cmg323,,
COLUMBIA Water Technology,PO Box 549,,,360 9049812,http://www.columbiawatertech.com,301,https://ep19.mapyourshow.com/8_0/exhibitor/exhibitor-details.cfm?exhid=col301,,
Company Wrench,4805 Scooby Lane,,,866 2624181,http://www.companywrench.com,507,https://ep19.mapyourshow.com/8_0/exhibitor/exhibitor-details.cfm?exhid=com507,,
ConnectMe Solutions,4495 W. Hacienda Ave.,,,702 2474491,http://www.officewirelesslv.com,207,https://ep19.mapyourshow.com/8_0/exhibitor/exhibitor-details.cfm?exhid=con207,,
Conspec Controls Inc.,6 Guttman Blvd,,,724 4898450,http://www.conspec-controls.com,1110,https://ep19.mapyourshow.com/8_0/exhibitor/exhibitor-details.cfm?exhid=con1110,"AIR POLLUTION CONTROL,FUELS & FUEL HANDLING,INSTRUMENTATION, CONTROLS, COMPUTERS, SOFTWARE, IT",
Cooling Technology Institute (CTI),P.O. Box 681807,,,9705938637,http://www.cti.org,423,https://ep19.mapyourshow.com/8_0/exhibitor/exhibitor-details.cfm?exhid=cti423,"WATER TREATMENT,COOLING",
Customer Contact Solutions,725 Canton St,,,617 9682000,http://www.ccscrm.com,424,https://ep19.mapyourshow.com/8_0/exhibitor/exhibitor-details.cfm?exhid=cus424,"INSTRUMENTATION, CONTROLS, COMPUTERS, SOFTWARE, IT,WORKFORCE SERVICES (RECRUITMENT, TRAINING)",
Day & Zimmermann,1827 Freedom Road,,,717 3917998,http://www.dayzim.com,300,https://ep19.mapyourshow.com/8_0/exhibitor/exhibitor-details.cfm?exhid=day300,,
Dry Ice Blasting of Atlanta,1300 Cobb International Dr Suite F,,,770 4287493,http://www.dryiceblastingofatlanta.com,1219,https://ep19.mapyourshow.com/8_0/exhibitor/exhibitor-details.cfm?exhid=dry1219,"BOILERS, REACTORS & AUXILIARIES - E.G., FANS,HRSG RELATED EQUIPMENT,SERVICES",
DustMASTER Enviro Systems,PO Box 10,,,262 6913100,http://www.dustmaster.com,828,https://ep19.mapyourshow.com/8_0/exhibitor/exhibitor-details.cfm?exhid=dus828,AIR POLLUTION CONTROL,
ELECTRIC POWER,"11000 Richmond Ave, Suite 690",,,713 3431900,http://www.electricpowerexpo.com,929,https://ep19.mapyourshow.com/8_0/exhibitor/exhibitor-details.cfm?exhid=ele929,,
Electric Power Research Institute (EPRI),1300 West Harris Blvd,,,7042495816,http://www.epri.com,1315,https://ep19.mapyourshow.com/8_0/exhibitor/exhibitor-details.cfm?exhid=epr1315,"INSTRUMENTATION, CONTROLS, COMPUTERS, SOFTWARE, IT,PLANT O&M; PRODUCTS,SERVICES",
Electro Industries/GaugeTech,1800 Shames Dr.,,,516 3340870,http://www.electroind.com,1014,https://ep19.mapyourshow.com/8_0/exhibitor/exhibitor-details.cfm?exhid=ele1014,"DESIGN,ENGINEERING,CONSTRUCTION",
Energy Providers Coalition for Education (EPCE),"6143 S. Willow Drive, Suite #350",,,303 8044671,http://www.EPCEonline.org,1115,https://ep19.mapyourshow.com/8_0/exhibitor/exhibitor-details.cfm?exhid=ene1115,"WORKFORCE SERVICES (RECRUITMENT, TRAINING)",
EnergyArmour,3630 Cairo Road,,,270 4444993,http://www.energyarmour.us,314,https://ep19.mapyourshow.com/8_0/exhibitor/exhibitor-details.cfm?exhid=tri314,"DESIGN,ENGINEERING,CONSTRUCTION",
"Englo, Inc",PO Box 1124,,,304 2530777,http://www.engartinc.com,800,https://ep19.mapyourshow.com/8_0/exhibitor/exhibitor-details.cfm?exhid=eng800,AIR POLLUTION CONTROL,
Environmental Energy Services,5 Turnberry Lane,,,203 2700337,http://www.eescorp.com,1024,https://ep19.mapyourshow.com/8_0/exhibitor/exhibitor-details.cfm?exhid=env1024,"AIR POLLUTION CONTROL,WATER TREATMENT,COOLING",
Everlasting Valve Co,108 Somogyi Court,,,908 7690700,http://www.everlastingvalveusa.com,812,https://ep19.mapyourshow.com/8_0/exhibitor/exhibitor-details.cfm?exhid=eve812,"BOILERS, REACTORS & AUXILIARIES - E.G., FANS,VALVES, PIPING & FITTINGS",
Expo Enterprise Inc,"3305 Spring Mountain Rd, #80",,,702 2722666,http://www.emsworld.com,1215,https://ep19.mapyourshow.com/8_0/exhibitor/exhibitor-details.cfm?exhid=exp1215,"WORKFORCE SERVICES (RECRUITMENT, TRAINING)",
F&M MAFCO Inc.,P.O. Box 11013,,,513 3678216,http://www.fmmafco.com,1121,https://ep19.mapyourshow.com/8_0/exhibitor/exhibitor-details.cfm?exhid=fm1121,"BOILERS, REACTORS & AUXILIARIES - E.G., FANS,DESIGN,ENGINEERING,CONSTRUCTION,PLANT O&M; PRODUCTS,SERVICES,PUMPS & COMPRESSORS,STEAM TURBINES, GAS TURBINES, DIESELS & THEIR AUXILIARIES - E.G., FEEDWATER HEATERS",
FLEXCO,2525 Wisconsin Avenue,,,630 9710150,http://www.flexco.com,900,https://ep19.mapyourshow.com/8_0/exhibitor/exhibitor-details.cfm?exhid=fle900,"AIR POLLUTION CONTROL,PLANT O&M", PRODUCTS/SERVICES
Frontier Industrial Corp,"500 Senece Street, Suite 504",,,716 4477587,http://www.fic-services.com,1318,https://ep19.mapyourshow.com/8_0/exhibitor/exhibitor-details.cfm?exhid=fro1318,DECOMMISSIONING SERVICES,
Gecko Robotics,6901 Lynn Way,,,412 4072444,http://www.geckorobotics.com,1214,https://ep19.mapyourshow.com/8_0/exhibitor/exhibitor-details.cfm?exhid=ger1214,"BOILERS, REACTORS & AUXILIARIES - E.G., FANS,INSTRUMENTATION, CONTROLS, COMPUTERS, SOFTWARE, IT",
Goodway Technologies Corp,420 West Avenue,,,203 3594708,http://www.goodway.com,815,https://ep19.mapyourshow.com/8_0/exhibitor/exhibitor-details.cfm?exhid=goo815,,
Ground Penetrating Radar Systems,5217 MONROE ST.,,,419 2057913,http://www.gprsinc.com,729,https://ep19.mapyourshow.com/8_0/exhibitor/exhibitor-details.cfm?exhid=gro729,"DESIGN,ENGINEERING,CONSTRUCTION,PLANT O&M", PRODUCTS/SERVICES
GRT Corporation,"263 Tresser Blvd, Suite 900",,,203 3400277,http://www.grtcorp.com,1314,https://ep19.mapyourshow.com/8_0/exhibitor/exhibitor-details.cfm?exhid=grt1314,"DESIGN,ENGINEERING,CONSTRUCTION,DISTRIBUTED GENERATION TECHNOLOGY,INSTRUMENTATION, CONTROLS, COMPUTERS, SOFTWARE, IT,PLANT O&M; PRODUCTS,SERVICES",
Hannon Electric Company,1605 Waynesburg Dr. SE,,,330 4564728,http://www.hannonelectric.com,823,https://ep19.mapyourshow.com/8_0/exhibitor/exhibitor-details.cfm?exhid=han823,,
Heyl & Patterson Equipment,701 Technology Drive,,,724 8247177,http://www.heylpatterson.com,628,https://ep19.mapyourshow.com/8_0/exhibitor/exhibitor-details.cfm?exhid=hey628,,
HII Mechanical,11850 Jefferson Avenue,,,757 3803889,https://tsd.huntingtoningalls.com/capabilities/nuclear-environmental-group/,824,https://ep19.mapyourshow.com/8_0/exhibitor/exhibitor-details.cfm?exhid=new824,"PLANT O&M; PRODUCTS,SERVICES,PUMPS & COMPRESSORS,STEAM TURBINES, GAS TURBINES, DIESELS & THEIR AUXILIARIES - E.G., FEEDWATER HEATERS,VALVES, PIPING & FITTINGS,WORKFORCE SERVICES (RECRUITMENT, TRAINING)",
Hilco,100 West Fourth Street,,,607 7337121,http://www.hilliardcorp.com,807,https://ep19.mapyourshow.com/8_0/exhibitor/exhibitor-details.cfm?exhid=hil807,"DESIGN,ENGINEERING,CONSTRUCTION,DISTRIBUTED GENERATION TECHNOLOGY,FUELS & FUEL HANDLING,STEAM TURBINES, GAS TURBINES, DIESELS & THEIR AUXILIARIES - E.G., FEEDWATER HEATERS",
"HRSG User's Group, INC",PO BOX 1054,,,406 5828655,http://www.hrsgusers.org,1220,https://ep19.mapyourshow.com/8_0/exhibitor/exhibitor-details.cfm?exhid=hrs1220,,
HSI,55 James E Casey Drive,,,888 4263755,http://www.hanessupply.com,313,https://ep19.mapyourshow.com/8_0/exhibitor/exhibitor-details.cfm?exhid=hsi313,PLANT O&M, PRODUCTS/SERVICES
"Hydro, Inc",834 West Madison Street,,,3127383000,http://www.hydroinc.com/,813,https://ep19.mapyourshow.com/8_0/exhibitor/exhibitor-details.cfm?exhid=hyd813,,
HYDROLOX,301 Plantation Road,,,866 5862825,http://www.hydrolox.com,512,https://ep19.mapyourshow.com/8_0/exhibitor/exhibitor-details.cfm?exhid=hyd512,"WATER TREATMENT,COOLING",
"Illini Drilled Foundations, Inc.",PO Box 1351,,,217 4428765,http://www.illinidrilling.com,1222,https://ep19.mapyourshow.com/8_0/exhibitor/exhibitor-details.cfm?exhid=idf1222,"DESIGN,ENGINEERING,CONSTRUCTION",
Indeck Power Equipment Company,1111 Willis Avenue,,,847 5418300,http://www.indeck.com,713,https://ep19.mapyourshow.com/8_0/exhibitor/exhibitor-details.cfm?exhid=ind713,"BOILERS, REACTORS & AUXILIARIES - E.G., FANS,DESIGN,ENGINEERING,CONSTRUCTION,INSTRUMENTATION, CONTROLS, COMPUTERS, SOFTWARE, IT,WATER TREATMENT,COOLING",
Industrial Design Solutions,"2222 W. Parkside Ln, Ste 115",,,6234340183,http://www.idspower.com,1324,https://ep19.mapyourshow.com/8_0/exhibitor/exhibitor-details.cfm?exhid=ind1324,"DESIGN,ENGINEERING,CONSTRUCTION,DISTRIBUTED GENERATION TECHNOLOGY,INSTRUMENTATION, CONTROLS, COMPUTERS, SOFTWARE, IT,PLANT O&M; PRODUCTS,SERVICES,STEAM TURBINES, GAS TURBINES, DIESELS & THEIR AUXILIARIES - E.G., FEEDWATER HEATERS",
Industrial Info Resources,2277 Plaza Drive Suite #300,,,713 7835147,http://www.industrialinfo.com,712,https://ep19.mapyourshow.com/8_0/exhibitor/exhibitor-details.cfm?exhid=ind613,"INSTRUMENTATION, CONTROLS, COMPUTERS, SOFTWARE, IT",
"Innovative Combustion Technologies, Inc.",10 Commerce Drive,,,205 4530236,http://www.innovativecombustion.com,924,https://ep19.mapyourshow.com/8_0/exhibitor/exhibitor-details.cfm?exhid=inn924,"AIR POLLUTION CONTROL,BOILERS, REACTORS & AUXILIARIES - E.G., FANS,DESIGN,ENGINEERING,CONSTRUCTION,PLANT O&M; PRODUCTS,SERVICES",
inoLECT,9330 North Interstate Dr.,,,225 7517535,http://www.inolect.com,203,https://ep19.mapyourshow.com/8_0/exhibitor/exhibitor-details.cfm?exhid=ino203,,
Integrated Power Services,"3 Independence Pointe, Ste 100",,,864 4515600,http://www.ips.us,401,https://ep19.mapyourshow.com/8_0/exhibitor/exhibitor-details.cfm?exhid=int401,"DECOMMISSIONING SERVICES,PLANT O&M", PRODUCTS/SERVICES
"Job-Site Safety LTD - Inspection Services, LLC",3617 E US Hwy 12,,,877 7856274,http://www.jobsitesafety.org,1023,https://ep19.mapyourshow.com/8_0/exhibitor/exhibitor-details.cfm?exhid=job1023,"DECOMMISSIONING SERVICES,PLANT O&M; PRODUCTS,SERVICES,WORKFORCE SERVICES (RECRUITMENT, TRAINING)",
K-Tek Power,9755 SW Commerce Circle Ste B2,,,503 5046803,http://www.ktekintl.com/,303,https://ep19.mapyourshow.com/8_0/exhibitor/exhibitor-details.cfm?exhid=kte303,"BOILERS, REACTORS & AUXILIARIES - E.G., FANS,DESIGN,ENGINEERING,CONSTRUCTION,PLANT O&M; PRODUCTS,SERVICES,PUMPS & COMPRESSORS,VALVES, PIPING & FITTINGS",
Kalenborn Abresist,5541 North State Road 13,,,800 3480717,http://www.abresist.com,412,https://ep19.mapyourshow.com/8_0/exhibitor/exhibitor-details.cfm?exhid=kal412,"DESIGN,ENGINEERING,CONSTRUCTION,FUELS & FUEL HANDLING,VALVES, PIPING & FITTINGS,WATER TREATMENT,COOLING",
Kelly Klosure Systems,PO Box 1058,,,402 7271344,http://www.kellyklosure.com,1020,https://ep19.mapyourshow.com/8_0/exhibitor/exhibitor-details.cfm?exhid=kel1020,"DESIGN,ENGINEERING,CONSTRUCTION",
Keramida Inc.,401 North College Avenue,,,317 6856600,http://www.keramida.com,209,https://ep19.mapyourshow.com/8_0/exhibitor/exhibitor-details.cfm?exhid=ker200,"AIR POLLUTION CONTROL,DECOMMISSIONING SERVICES,DESIGN,ENGINEERING,CONSTRUCTION,PLANT O&M", PRODUCTS/SERVICES
"Komax Systems, Inc",15301 Graham St,,,310 8304320,http://www.komax.com,522,https://ep19.mapyourshow.com/8_0/exhibitor/exhibitor-details.cfm?exhid=kom522,"DESIGN,ENGINEERING,CONSTRUCTION,PLANT O&M; PRODUCTS,SERVICES,RENEWABLE TECHNOLOGY,VALVES, PIPING & FITTINGS,WATER TREATMENT,COOLING",
KSB Dubric,"3739 Laramie Drive, NE",,,616 7846355,http://www.dubric.com,1312,https://ep19.mapyourshow.com/8_0/exhibitor/exhibitor-details.cfm?exhid=ksb1312,"BOILERS, REACTORS & AUXILIARIES - E.G., FANS,PLANT O&M; PRODUCTS,SERVICES,PUMPS & COMPRESSORS,WATER TREATMENT,COOLING",
Lectrodryer,135 Quality Drive,,,859 6242091,http://www.lectrodryer.com,307,https://ep19.mapyourshow.com/8_0/exhibitor/exhibitor-details.cfm?exhid=lec307,"STEAM TURBINES, GAS TURBINES, DIESELS & THEIR AUXILIARIES - E.G., FEEDWATER HEATERS",
Lone Star Sherp,6718 Grand Canal Ct,,,325 6507049,http://www.lonestarsherp.com,213,https://ep19.mapyourshow.com/8_0/exhibitor/exhibitor-details.cfm?exhid=lon213,"HRSG RELATED EQUIPMENT,SERVICES",
Marioff North America,"400 Main Street,",,,508 2312696,http://www.marioff.com/,919,https://ep19.mapyourshow.com/8_0/exhibitor/exhibitor-details.cfm?exhid=mar919,,
Metrix Instruments Co.,8824 Fallbrook Drive,,,281 9401748,http://www.metrixvibration.com,921,https://ep19.mapyourshow.com/8_0/exhibitor/exhibitor-details.cfm?exhid=met921,"INSTRUMENTATION, CONTROLS, COMPUTERS, SOFTWARE, IT,PLANT O&M; PRODUCTS,SERVICES,PUMPS & COMPRESSORS,STEAM TURBINES, GAS TURBINES, DIESELS & THEIR AUXILIARIES - E.G., FEEDWATER HEATERS,WATER TREATMENT,COOLING",
Metso Minerals Industries Inc.,2715 Pleasant Valley Road,,,7178438671,http://www.metso.com,413,https://ep19.mapyourshow.com/8_0/exhibitor/exhibitor-details.cfm?exhid=met413,"DESIGN,ENGINEERING,CONSTRUCTION,PLANT O&M; PRODUCTS,SERVICES,PUMPS & COMPRESSORS,VALVES, PIPING & FITTINGS",
Middough Inc.,"1901 East 13th Street, Suite 400",,,216 3676338,http://www.middough.com,319,https://ep19.mapyourshow.com/8_0/exhibitor/exhibitor-details.cfm?exhid=mid319,"DESIGN,ENGINEERING,CONSTRUCTION",
MinTech,PO Box 19903,,,800 5563967,http://www.mintech.com,719,https://ep19.mapyourshow.com/8_0/exhibitor/exhibitor-details.cfm?exhid=min719,"AIR POLLUTION CONTROL,DESIGN,ENGINEERING,CONSTRUCTION,FUELS & FUEL HANDLING,PLANT O&M", PRODUCTS/SERVICES
"Miron Construction Co., Inc.",1471 McMahon Drive,,,920 9697000,http://www.miron-construction.com,629,https://ep19.mapyourshow.com/8_0/exhibitor/exhibitor-details.cfm?exhid=mir629,"BOILERS, REACTORS & AUXILIARIES - E.G., FANS,DESIGN,ENGINEERING,CONSTRUCTION,DISTRIBUTED GENERATION TECHNOLOGY,RENEWABLE TECHNOLOGY,STEAM TURBINES, GAS TURBINES, DIESELS & THEIR AUXILIARIES - E.G., FEEDWATER HEATERS",
"Mitsubishi Hitachi Power Systems Americas, Inc.","400 Colonial Center Parkway, Suite 400",,,407 6886100,http://www.amer.mhps.com,501,https://ep19.mapyourshow.com/8_0/exhibitor/exhibitor-details.cfm?exhid=mhp501,"AIR POLLUTION CONTROL,PLANT O&M; PRODUCTS,SERVICES,STEAM TURBINES, GAS TURBINES, DIESELS & THEIR AUXILIARIES - E.G., FEEDWATER HEATERS",
National Electric Coil,800 King Avenue,,,614 4881151,http://www.national-electric-coil.com,1021,https://ep19.mapyourshow.com/8_0/exhibitor/exhibitor-details.cfm?exhid=nat1021,"DESIGN,ENGINEERING,CONSTRUCTION,PLANT O&M; PRODUCTS,SERVICES,STEAM TURBINES, GAS TURBINES, DIESELS & THEIR AUXILIARIES - E.G., FEEDWATER HEATERS",
Nightstick,640 S. Sanden Blvd,,,469 3269492,https://www.nightstick.com,915,https://ep19.mapyourshow.com/8_0/exhibitor/exhibitor-details.cfm?exhid=nig915,,
On-site Survey,"11000 Richmond Ave, Suite 690",,,7133431893,http://www.electricpowerexpo.com,831,https://ep19.mapyourshow.com/8_0/exhibitor/exhibitor-details.cfm?exhid=on831,,
Otek Corp.,4016 E Tennessee Street,,,520 7487900,http://www.otekcorp.com,400,https://ep19.mapyourshow.com/8_0/exhibitor/exhibitor-details.cfm?exhid=OTE400,"INSTRUMENTATION, CONTROLS, COMPUTERS, SOFTWARE, IT",
Plastocor Inc,100 Research Road,,,724 9420582,http://www.plastocor.com,306,https://ep19.mapyourshow.com/8_0/exhibitor/exhibitor-details.cfm?exhid=pla306,"PLANT O&M; PRODUCTS,SERVICES,PUMPS & COMPRESSORS,STEAM TURBINES, GAS TURBINES, DIESELS & THEIR AUXILIARIES - E.G., FEEDWATER HEATERS,VALVES, PIPING & FITTINGS,WATER TREATMENT,COOLING",
POWER,"11000 Richmond Ave, Ste 690",,,713 3431900,http://www.powermag.com,929,https://ep19.mapyourshow.com/8_0/exhibitor/exhibitor-details.cfm?exhid=pow929,,
Power Plant Services,3131 W. Soffel Ave,,,708 3458600,http://www.ppsvcs.com,1112,https://ep19.mapyourshow.com/8_0/exhibitor/exhibitor-details.cfm?exhid=pow1112,"BOILERS, REACTORS & AUXILIARIES - E.G., FANS,DESIGN,ENGINEERING,CONSTRUCTION,PLANT O&M; PRODUCTS,SERVICES,PUMPS & COMPRESSORS,STEAM TURBINES, GAS TURBINES, DIESELS & THEIR AUXILIARIES - E.G., FEEDWATER HEATERS",
PRUFTECHNIK Inc.,7821 Bartram Av.,,,8442426296,http://www.pruftechnik.com/us,421,https://ep19.mapyourshow.com/8_0/exhibitor/exhibitor-details.cfm?exhid=pru421,"INSTRUMENTATION, CONTROLS, COMPUTERS, SOFTWARE, IT,PLANT O&M; PRODUCTS,SERVICES",
PS Access Solutions,1150 South 48th Street,,,877 4461519,http://www.psaccesssolutions.com,1114,https://ep19.mapyourshow.com/8_0/exhibitor/exhibitor-details.cfm?exhid=psd1114,"DESIGN,ENGINEERING,CONSTRUCTION,PLANT O&M", PRODUCTS/SERVICES
"R-Levels Power Partner, LLC.",10714 Moorcreek Drive,,,979 5836546,http://www.rlevels.com,529,https://ep19.mapyourshow.com/8_0/exhibitor/exhibitor-details.cfm?exhid=rle529,"FUELS & FUEL HANDLING,HRSG RELATED EQUIPMENT,SERVICES,INSTRUMENTATION, CONTROLS, COMPUTERS, SOFTWARE, IT",
"R-V Industries, Inc.",584 Poplar Road,,,610 2732457,http://www.rvii.com,312,https://ep19.mapyourshow.com/8_0/exhibitor/exhibitor-details.cfm?exhid=rvi312,"BOILERS, REACTORS & AUXILIARIES - E.G., FANS,PLANT O&M; PRODUCTS,SERVICES,PUMPS & COMPRESSORS",
Recharge Station,9733 Russian Hill Street,,,702 2836401,http://www.emp10.com,428,https://ep19.mapyourshow.com/8_0/exhibitor/exhibitor-details.cfm?exhid=rec428,,
Reliability Management Group (RMG),"350 W. Burnsville Pkwy, Suite 465",,,952 8828122,http://www.rmgmpls.com,402,https://ep19.mapyourshow.com/8_0/exhibitor/exhibitor-details.cfm?exhid=rel402,"BOILERS, REACTORS & AUXILIARIES - E.G., FANS,RENEWABLE TECHNOLOGY",
"ReNOx, Inc.",250 east 5th St. Suite 1500,,,513 5621818,http://www.renox-us.com,1212,https://ep19.mapyourshow.com/8_0/exhibitor/exhibitor-details.cfm?exhid=ren1212,"AIR POLLUTION CONTROL,HRSG RELATED EQUIPMENT,SERVICES,PLANT O&M", PRODUCTS/SERVICES
"Resource West, Inc",2245 Colex Drive,,,866 9569378,http://www.resourcewest.net,928,https://ep19.mapyourshow.com/8_0/exhibitor/exhibitor-details.cfm?exhid=res928,PLANT O&M, PRODUCTS/SERVICES|WATER TREATMENT/COOLING
Richmond Engineering Works,1601 Parkway View Drive,,,412 7879640,http://www.richmondengineering.com,819,https://ep19.mapyourshow.com/8_0/exhibitor/exhibitor-details.cfm?exhid=ric819,"DESIGN,ENGINEERING,CONSTRUCTION,FUELS & FUEL HANDLING,INSTRUMENTATION, CONTROLS, COMPUTERS, SOFTWARE, IT,PLANT O&M; PRODUCTS,SERVICES",
Riverhawk Company,215 Clinton Rd,,,315 7684855,http://www.riverhawk.com,1218,https://ep19.mapyourshow.com/8_0/exhibitor/exhibitor-details.cfm?exhid=riv1218,"DESIGN,ENGINEERING,CONSTRUCTION,INSTRUMENTATION, CONTROLS, COMPUTERS, SOFTWARE, IT,STEAM TURBINES, GAS TURBINES, DIESELS & THEIR AUXILIARIES - E.G., FEEDWATER HEATERS",
Rockwool Technical Insulation,"2203 Timberloch Place, Suite 100",,,713 3309518,http://www.rti.rockwool.com,325,https://ep19.mapyourshow.com/8_0/exhibitor/exhibitor-details.cfm?exhid=roc325,"DESIGN,ENGINEERING,CONSTRUCTION,PLANT O&M; PRODUCTS,SERVICES,STEAM TURBINES, GAS TURBINES, DIESELS & THEIR AUXILIARIES - E.G., FEEDWATER HEATERS,VALVES, PIPING & FITTINGS",
"S.T. Cotter Turbine Services, Inc",2167 19th St E,,,612 4245614,http://www.stcotterturbine.com,907,https://ep19.mapyourshow.com/8_0/exhibitor/exhibitor-details.cfm?exhid=stc907,,
Seaman Corporation,1000 Venture Blvd.,,,330 2021111,http://www.seamancorp.com/,1022,https://ep19.mapyourshow.com/8_0/exhibitor/exhibitor-details.cfm?exhid=sea1022,"DESIGN,ENGINEERING,CONSTRUCTION,FUELS & FUEL HANDLING,PLANT O&M", PRODUCTS/SERVICES|WATER TREATMENT/COOLING
SIFCO ASC,5708 E. Schaaf Rd,,,216 5240099,http://www.sifcoasc.com,425,https://ep19.mapyourshow.com/8_0/exhibitor/exhibitor-details.cfm?exhid=sif425,"DESIGN,ENGINEERING,CONSTRUCTION,HRSG RELATED EQUIPMENT,SERVICES,PLANT O&M", PRODUCTS/SERVICES
SimGenics Simulation Systems,"744 Horizon Crt, Suite 100",,,970 6392498,http://www.simgenics.com,1113,https://ep19.mapyourshow.com/8_0/exhibitor/exhibitor-details.cfm?exhid=sim1113,"DESIGN,ENGINEERING,CONSTRUCTION,DISTRIBUTED GENERATION TECHNOLOGY,INSTRUMENTATION, CONTROLS, COMPUTERS, SOFTWARE, IT,WORKFORCE SERVICES (RECRUITMENT, TRAINING)",
Southern Environmental,6690 West Nine Mile Road,,,850 9413001,https://www.southernenvironmental.com/,1003,https://ep19.mapyourshow.com/8_0/exhibitor/exhibitor-details.cfm?exhid=sou1003,"AIR POLLUTION CONTROL,DESIGN,ENGINEERING,CONSTRUCTION",
SPEEDY SWEEP,"8414 W. Farm Rd Ste 180, Box 319",,,702 5389741,http://www.janitorialequipmentsupply.com,1325,https://ep19.mapyourshow.com/8_0/exhibitor/exhibitor-details.cfm?exhid=spe1325,,
SSS Clutch Company Inc,610 W Basin Rd,,,302 3228080,http://www.sssclutch.com,818,https://ep19.mapyourshow.com/8_0/exhibitor/exhibitor-details.cfm?exhid=sss818,"BOILERS, REACTORS & AUXILIARIES - E.G., FANS,DESIGN,ENGINEERING,CONSTRUCTION,DISTRIBUTED GENERATION TECHNOLOGY,PUMPS & COMPRESSORS,STEAM TURBINES, GAS TURBINES, DIESELS & THEIR AUXILIARIES - E.G., FEEDWATER HEATERS",
"Sterling Boiler & Mechanical, LLC",1420 Kimber Lane,,,812 3055438,http://www.sterlingboiler.com,513,https://ep19.mapyourshow.com/8_0/exhibitor/exhibitor-details.cfm?exhid=ste513,"AIR POLLUTION CONTROL,BOILERS, REACTORS & AUXILIARIES - E.G., FANS,PUMPS & COMPRESSORS,RENEWABLE TECHNOLOGY,STEAM TURBINES, GAS TURBINES, DIESELS & THEIR AUXILIARIES - E.G., FEEDWATER HEATERS",
Sunbelt Rentals Inc,2341 Deefield Dr,,,781 9320310,http://www.sunbeltrentals.com,406,https://ep19.mapyourshow.com/8_0/exhibitor/exhibitor-details.cfm?exhid=sun406,"BOILERS, REACTORS & AUXILIARIES - E.G., FANS,DESIGN,ENGINEERING,CONSTRUCTION,PUMPS & COMPRESSORS,STEAM TURBINES, GAS TURBINES, DIESELS & THEIR AUXILIARIES - E.G., FEEDWATER HEATERS,WATER TREATMENT,COOLING",
Taprogge America Corp,15 MICHAEL Ave.,,,631 9641400,http://www.taprogge.com,308,https://ep19.mapyourshow.com/8_0/exhibitor/exhibitor-details.cfm?exhid=tap308,"STEAM TURBINES, GAS TURBINES, DIESELS & THEIR AUXILIARIES - E.G., FEEDWATER HEATERS,WATER TREATMENT,COOLING",
Team Industrial Services,"13131 Dairy Ashford Road, Ste 600",,,281 3883487,http://www.teaminc.com,820,https://ep19.mapyourshow.com/8_0/exhibitor/exhibitor-details.cfm?exhid=tea820,"VALVES, PIPING & FITTINGS",
TEES - Turbomachinery Laboratory,3254 TAMU,,,979 8457417,http://tps.tamu.edu/,429,https://ep19.mapyourshow.com/8_0/exhibitor/exhibitor-details.cfm?exhid=tee529,"INSTRUMENTATION, CONTROLS, COMPUTERS, SOFTWARE, IT,PUMPS & COMPRESSORS,STEAM TURBINES, GAS TURBINES, DIESELS & THEIR AUXILIARIES - E.G., FEEDWATER HEATERS,VALVES, PIPING & FITTINGS,WORKFORCE SERVICES (RECRUITMENT, TRAINING)",
"The Progress Group, Inc.",918 Kennedy Ave,,,219 3223700,http://www.theprogressgroupinc.com,918,https://ep19.mapyourshow.com/8_0/exhibitor/exhibitor-details.cfm?exhid=the918,"BOILERS, REACTORS & AUXILIARIES - E.G., FANS,DESIGN,ENGINEERING,CONSTRUCTION,PLANT O&M; PRODUCTS,SERVICES,PUMPS & COMPRESSORS,STEAM TURBINES, GAS TURBINES, DIESELS & THEIR AUXILIARIES - E.G., FEEDWATER HEATERS",
Tioga Air Heaters,4810 Lilac Drive North,,,303 9576238,http://wwww.mobileair.com,1012,https://ep19.mapyourshow.com/8_0/exhibitor/exhibitor-details.cfm?exhid=tio1012,"AIR POLLUTION CONTROL,DESIGN,ENGINEERING,CONSTRUCTION",
"TurbinePROs, LLC",14510 North Dale Blvd,,,612 2798145,http://www.turbinepros.com/,1019,https://ep19.mapyourshow.com/8_0/exhibitor/exhibitor-details.cfm?exhid=tur428,,
"U.S. Department of Energy, Office of Fossil Energy","1000 Independence Avenue, SW",,,703 8191092,http://www.ee.doe.gov,1120,https://ep19.mapyourshow.com/8_0/exhibitor/exhibitor-details.cfm?exhid=usd1120,,
UBC Millwrights,212 Carpenters Union Way,,,908 4979050,http://www.ubcmillwrights.org/,612,https://ep19.mapyourshow.com/8_0/exhibitor/exhibitor-details.cfm?exhid=ubc422,PLANT O&M, PRODUCTS/SERVICES
United Rentals,100 First Stamford Place Suite 700,,,800 8773687,http://www.unitedrentals.com,601,https://ep19.mapyourshow.com/8_0/exhibitor/exhibitor-details.cfm?exhid=uni601,,
USA Borescopes,2061 Bearden Road,,,931 3623304,http://www.usaborescopes.com,329,https://ep19.mapyourshow.com/8_0/exhibitor/exhibitor-details.cfm?exhid=usa329,"BOILERS, REACTORS & AUXILIARIES - E.G., FANS,VALVES, PIPING & FITTINGS",
Victory Energy Operations LLC,10701 E. 126th Street N.,,,918 3824840,http://www.victoryenergy.com,518,https://ep19.mapyourshow.com/8_0/exhibitor/exhibitor-details.cfm?exhid=vic518,"BOILERS, REACTORS & AUXILIARIES - E.G., FANS,HRSG RELATED EQUIPMENT,SERVICES,INSTRUMENTATION, CONTROLS, COMPUTERS, SOFTWARE, IT",
ViewTech Borescopes,1745 Barlow St,,,231 9431171,http://www.viewtech.com,1009,https://ep19.mapyourshow.com/8_0/exhibitor/exhibitor-details.cfm?exhid=vie1009,"BOILERS, REACTORS & AUXILIARIES - E.G., FANS,PLANT O&M; PRODUCTS,SERVICES,PUMPS & COMPRESSORS,STEAM TURBINES, GAS TURBINES, DIESELS & THEIR AUXILIARIES - E.G., FEEDWATER HEATERS,VALVES, PIPING & FITTINGS",
Viking Automatic Sprinkler Co./VFP Fire Systems,301 York Avenue,,,651 5583300,http://www.vikingsprinkler.com,528,https://ep19.mapyourshow.com/8_0/exhibitor/exhibitor-details.cfm?exhid=vik528,"DESIGN,ENGINEERING,CONSTRUCTION,VALVES, PIPING & FITTINGS",
Virginia-Georgia Transformer,220 Glade View Drive,,,540 6825189,http://www.vatransformer.com,1225,https://ep19.mapyourshow.com/8_0/exhibitor/exhibitor-details.cfm?exhid=vir1225,"DESIGN,ENGINEERING,CONSTRUCTION,RENEWABLE TECHNOLOGY",
Vitalyte Sports Nutrition,540 S. Andreason Dr.  Suite H&L,,,,(619) 708-2510,http://www.vitalyte.com,1001,"https:,,ep19.mapyourshow.com,8_0,exhibitor,exhibitor-details.cfm?exhid=vit1001","WORKFORCE SERVICES (RECRUITMENT, TRAINING)"
"W-K-Enterprises, LLC",2029 S-225th Lane,,,623 3862734,http://www.wkmetalworks.com,930,https://ep19.mapyourshow.com/8_0/exhibitor/exhibitor-details.cfm?exhid=wke930,"BOILERS, REACTORS & AUXILIARIES - E.G., FANS,FUELS & FUEL HANDLING,HRSG RELATED EQUIPMENT,SERVICES,STEAM TURBINES, GAS TURBINES, DIESELS & THEIR AUXILIARIES - E.G., FEEDWATER HEATERS",
"WaterSolve, LLC",5031 68th Street SE,,,616 5758693,http://www.gowatersolve.com,829,https://ep19.mapyourshow.com/8_0/exhibitor/exhibitor-details.cfm?exhid=wat829,"WATER TREATMENT,COOLING",
Wolf Point Engineers & Contractors,"One North LaSalle Street, Suite 4000",,,312 5085543,http://wolfpointengineers.com/,418,https://ep19.mapyourshow.com/8_0/exhibitor/exhibitor-details.cfm?exhid=wol418,"AIR POLLUTION CONTROL,DESIGN,ENGINEERING,CONSTRUCTION,FUELS & FUEL HANDLING",
Zequanox by Marrone Bio Innovations,1540 Drew Ave,,,530 7502800,http://www.marronebio.com,922,https://ep19.mapyourshow.com/8_0/exhibitor/exhibitor-details.cfm?exhid=zeq922,PLANT O&M, PRODUCTS/SERVICES|RENEWABLE TECHNOLOGY|WATER TREATMENT/COOLING
