name,address,city,country,phone,website,booth_no,src_url,products
AABO-IDEAL A/S,,,,,,3925,https://fabtechmexico20.mapyourshow.com/8_0/exhibitor/exhibitor-details.cfm?exhid=893,
AABO-IDEAL A/S,,,,,,3925,https://fabtechmexico20.mapyourshow.com/8_0/exhibitor/exhibitor-details.cfm?exhid=893,
ABB,,,,,,1316,https://fabtechmexico20.mapyourshow.com/8_0/exhibitor/exhibitor-details.cfm?exhid=1571,
ABB,,,,,,1316,https://fabtechmexico20.mapyourshow.com/8_0/exhibitor/exhibitor-details.cfm?exhid=1571,
ACAT Mexicana S.A. de C.V.,,,,,,"2220,324,3437,3534,3536",https://fabtechmexico20.mapyourshow.com/8_0/exhibitor/exhibitor-details.cfm?exhid=1683,
ACAT Mexicana S.A. de C.V.,,,,,,"2220,324,3437,3534,3536",https://fabtechmexico20.mapyourshow.com/8_0/exhibitor/exhibitor-details.cfm?exhid=1683,
AIDA-AMERICA CORP.,,,,,,412,https://fabtechmexico20.mapyourshow.com/8_0/exhibitor/exhibitor-details.cfm?exhid=1635,
AIDA-AMERICA CORP.,,,,,,412,https://fabtechmexico20.mapyourshow.com/8_0/exhibitor/exhibitor-details.cfm?exhid=1635,
Air Quality de Mexico,,,,,,4116,https://fabtechmexico20.mapyourshow.com/8_0/exhibitor/exhibitor-details.cfm?exhid=3446737,
Air Quality de Mexico,,,,,,4116,https://fabtechmexico20.mapyourshow.com/8_0/exhibitor/exhibitor-details.cfm?exhid=3446737,
Airgas/Air Liquide,,,,,,1428,https://fabtechmexico20.mapyourshow.com/8_0/exhibitor/exhibitor-details.cfm?exhid=2525,
Airgas/Air Liquide,,,,,,1428,https://fabtechmexico20.mapyourshow.com/8_0/exhibitor/exhibitor-details.cfm?exhid=2525,
Ajan Elektronik Servis Sanayi Ve Ticaret Ltd St,,,,,,1928,https://fabtechmexico20.mapyourshow.com/8_0/exhibitor/exhibitor-details.cfm?exhid=3446628,
Ajan Elektronik Servis Sanayi Ve Ticaret Ltd St,,,,,,1928,https://fabtechmexico20.mapyourshow.com/8_0/exhibitor/exhibitor-details.cfm?exhid=3446628,
"AKZO NOBEL INDA, SA DE CV",,,,,,5030,https://fabtechmexico20.mapyourshow.com/8_0/exhibitor/exhibitor-details.cfm?exhid=72,
"AKZO NOBEL INDA, SA DE CV",,,,,,5030,https://fabtechmexico20.mapyourshow.com/8_0/exhibitor/exhibitor-details.cfm?exhid=72,
Allied Machine & Engineering,,,,,,3843,https://fabtechmexico20.mapyourshow.com/8_0/exhibitor/exhibitor-details.cfm?exhid=1768,
Allied Machine & Engineering,,,,,,3843,https://fabtechmexico20.mapyourshow.com/8_0/exhibitor/exhibitor-details.cfm?exhid=1768,
ALTEC FLUIDOS,,,,,,4123,https://fabtechmexico20.mapyourshow.com/8_0/exhibitor/exhibitor-details.cfm?exhid=3446753,
ALTEC FLUIDOS,,,,,,4123,https://fabtechmexico20.mapyourshow.com/8_0/exhibitor/exhibitor-details.cfm?exhid=3446753,
Alternative Parts Inc.,,,,,,3402,https://fabtechmexico20.mapyourshow.com/8_0/exhibitor/exhibitor-details.cfm?exhid=2204,
Alternative Parts Inc.,,,,,,3402,https://fabtechmexico20.mapyourshow.com/8_0/exhibitor/exhibitor-details.cfm?exhid=2204,
AMADA DE MÉXICO,,,,,,3216,https://fabtechmexico20.mapyourshow.com/8_0/exhibitor/exhibitor-details.cfm?exhid=1594,
AMADA DE MÉXICO,,,,,,3216,https://fabtechmexico20.mapyourshow.com/8_0/exhibitor/exhibitor-details.cfm?exhid=1594,
AMADA ORII,,,,,,224,https://fabtechmexico20.mapyourshow.com/8_0/exhibitor/exhibitor-details.cfm?exhid=1949,
American Torch Tip,,,,,,1943,https://fabtechmexico20.mapyourshow.com/8_0/exhibitor/exhibitor-details.cfm?exhid=1566,
American Torch Tip,,,,,,1943,https://fabtechmexico20.mapyourshow.com/8_0/exhibitor/exhibitor-details.cfm?exhid=1566,
ANAEROBIA,,,,,,3929,https://fabtechmexico20.mapyourshow.com/8_0/exhibitor/exhibitor-details.cfm?exhid=44,
ANAEROBIA,,,,,,3929,https://fabtechmexico20.mapyourshow.com/8_0/exhibitor/exhibitor-details.cfm?exhid=44,
ANAND ARC LTD,,,,,,1843,https://fabtechmexico20.mapyourshow.com/8_0/exhibitor/exhibitor-details.cfm?exhid=3446648,
ANAND ARC LTD,,,,,,1843,https://fabtechmexico20.mapyourshow.com/8_0/exhibitor/exhibitor-details.cfm?exhid=3446648,
Anest Iwata Mexico,,,,,,4202,https://fabtechmexico20.mapyourshow.com/8_0/exhibitor/exhibitor-details.cfm?exhid=3446521,
Anest Iwata Mexico,,,,,,4202,https://fabtechmexico20.mapyourshow.com/8_0/exhibitor/exhibitor-details.cfm?exhid=3446521,
APW S.A. de C.V.,,,,,,3548,https://fabtechmexico20.mapyourshow.com/8_0/exhibitor/exhibitor-details.cfm?exhid=3446744,
APW S.A. de C.V.,,,,,,3548,https://fabtechmexico20.mapyourshow.com/8_0/exhibitor/exhibitor-details.cfm?exhid=3446744,
Aqua Machinery / OMAX,,,,,,2706,https://fabtechmexico20.mapyourshow.com/8_0/exhibitor/exhibitor-details.cfm?exhid=0003,
Aqua Machinery / OMAX,,,,,,2706,https://fabtechmexico20.mapyourshow.com/8_0/exhibitor/exhibitor-details.cfm?exhid=0003,
ASSA ABLOY Entrance Systems,,,,,,2328,https://fabtechmexico20.mapyourshow.com/8_0/exhibitor/exhibitor-details.cfm?exhid=3446653,
ATI Industrial Automation,,,,,,1634,https://fabtechmexico20.mapyourshow.com/8_0/exhibitor/exhibitor-details.cfm?exhid=1539,
ATI Industrial Automation,,,,,,1634,https://fabtechmexico20.mapyourshow.com/8_0/exhibitor/exhibitor-details.cfm?exhid=1539,
Austromex,,,,,,2134,https://fabtechmexico20.mapyourshow.com/8_0/exhibitor/exhibitor-details.cfm?exhid=1503,
Austromex,,,,,,2134,https://fabtechmexico20.mapyourshow.com/8_0/exhibitor/exhibitor-details.cfm?exhid=1503,
Axalta Coating Systems,,,,,,4311,https://fabtechmexico20.mapyourshow.com/8_0/exhibitor/exhibitor-details.cfm?exhid=601,
Axalta Coating Systems,,,,,,4311,https://fabtechmexico20.mapyourshow.com/8_0/exhibitor/exhibitor-details.cfm?exhid=601,
AYRVEN Hornos y Sistemas Industriales,,,,,,3912,https://fabtechmexico20.mapyourshow.com/8_0/exhibitor/exhibitor-details.cfm?exhid=15,
AYRVEN Hornos y Sistemas Industriales,,,,,,3912,https://fabtechmexico20.mapyourshow.com/8_0/exhibitor/exhibitor-details.cfm?exhid=15,
BCI Surface Technologies Mexico S de RL de CV,,,,,,4128,https://fabtechmexico20.mapyourshow.com/8_0/exhibitor/exhibitor-details.cfm?exhid=871,
BCI Surface Technologies Mexico S de RL de CV,,,,,,4128,https://fabtechmexico20.mapyourshow.com/8_0/exhibitor/exhibitor-details.cfm?exhid=871,
Beijing Essen Welding & Cutting Fair,,,,,,1100,https://fabtechmexico20.mapyourshow.com/8_0/exhibitor/exhibitor-details.cfm?exhid=3446641,
Beijing Essen Welding & Cutting Fair,,,,,,1100,https://fabtechmexico20.mapyourshow.com/8_0/exhibitor/exhibitor-details.cfm?exhid=3446641,
BEKO TECHNOLOGIES,,,,,,4028,https://fabtechmexico20.mapyourshow.com/8_0/exhibitor/exhibitor-details.cfm?exhid=2673,
Big Ass Fans,,,,,,2930,https://fabtechmexico20.mapyourshow.com/8_0/exhibitor/exhibitor-details.cfm?exhid=3446576,
Big Ass Fans,,,,,,2930,https://fabtechmexico20.mapyourshow.com/8_0/exhibitor/exhibitor-details.cfm?exhid=3446576,
Binzel - Thermacut,,,,,,1536,https://fabtechmexico20.mapyourshow.com/8_0/exhibitor/exhibitor-details.cfm?exhid=1509,
BLM Group Mexico,,,,,,3712,https://fabtechmexico20.mapyourshow.com/8_0/exhibitor/exhibitor-details.cfm?exhid=1920,
BLM Group Mexico,,,,,,3712,https://fabtechmexico20.mapyourshow.com/8_0/exhibitor/exhibitor-details.cfm?exhid=1920,
British Federal México S.A. de C.V.,,,,,,1836,https://fabtechmexico20.mapyourshow.com/8_0/exhibitor/exhibitor-details.cfm?exhid=1549,
British Federal México S.A. de C.V.,,,,,,1836,https://fabtechmexico20.mapyourshow.com/8_0/exhibitor/exhibitor-details.cfm?exhid=1549,
BRUDER NDT,,,,,,1946,https://fabtechmexico20.mapyourshow.com/8_0/exhibitor/exhibitor-details.cfm?exhid=3446414,
Bystronic México S.A. de C.V.,,,,,,3242,https://fabtechmexico20.mapyourshow.com/8_0/exhibitor/exhibitor-details.cfm?exhid=2507,
Bystronic México S.A. de C.V.,,,,,,3242,https://fabtechmexico20.mapyourshow.com/8_0/exhibitor/exhibitor-details.cfm?exhid=2507,
CABYCAL S.L.,,,,,,4122,https://fabtechmexico20.mapyourshow.com/8_0/exhibitor/exhibitor-details.cfm?exhid=47,
Canaweld Welding  Cutting Equipment,,,,,,1434,https://fabtechmexico20.mapyourshow.com/8_0/exhibitor/exhibitor-details.cfm?exhid=2627,
Canaweld Welding  Cutting Equipment,,,,,,1434,https://fabtechmexico20.mapyourshow.com/8_0/exhibitor/exhibitor-details.cfm?exhid=2627,
"Capacitacion y Pruebas No Destructivas de México, S. C.",,,,,,2036,https://fabtechmexico20.mapyourshow.com/8_0/exhibitor/exhibitor-details.cfm?exhid=2524,
"Carlisle Fluid Technologies Mexico, S. de R.L. de C.V.",,,,,,4313,https://fabtechmexico20.mapyourshow.com/8_0/exhibitor/exhibitor-details.cfm?exhid=3446375,
"Carlisle Fluid Technologies Mexico, S. de R.L. de C.V.",,,,,,3922,https://fabtechmexico20.mapyourshow.com/8_0/exhibitor/exhibitor-details.cfm?exhid=3446375,
Carr Lane Manufacturing,,,,,,1537,https://fabtechmexico20.mapyourshow.com/8_0/exhibitor/exhibitor-details.cfm?exhid=2601,
Carr Lane Manufacturing,,,,,,1537,https://fabtechmexico20.mapyourshow.com/8_0/exhibitor/exhibitor-details.cfm?exhid=2601,
Century 3D,,,,,,2624,https://fabtechmexico20.mapyourshow.com/8_0/exhibitor/exhibitor-details.cfm?exhid=3446524,
Century 3D,,,,,,2624,https://fabtechmexico20.mapyourshow.com/8_0/exhibitor/exhibitor-details.cfm?exhid=3446524,
Changzhou Asia S&T Ltd.,,,,,,2104,https://fabtechmexico20.mapyourshow.com/8_0/exhibitor/exhibitor-details.cfm?exhid=3446426,
Changzhou Asia S&T Ltd.,,,,,,2104,https://fabtechmexico20.mapyourshow.com/8_0/exhibitor/exhibitor-details.cfm?exhid=3446426,
"CHANGZHOU HUARUI WELDING AND CUTTING MACHINERY CO., LTD",,,,,,1809,https://fabtechmexico20.mapyourshow.com/8_0/exhibitor/exhibitor-details.cfm?exhid=2110,
"CHANGZHOU HUARUI WELDING AND CUTTING MACHINERY CO., LTD",,,,,,1809,https://fabtechmexico20.mapyourshow.com/8_0/exhibitor/exhibitor-details.cfm?exhid=2110,
CHEMETALL MEXICANA S.A. DE C.V.,,,,,,4029,https://fabtechmexico20.mapyourshow.com/8_0/exhibitor/exhibitor-details.cfm?exhid=38,
CHEMETALL MEXICANA S.A. DE C.V.,,,,,,4029,https://fabtechmexico20.mapyourshow.com/8_0/exhibitor/exhibitor-details.cfm?exhid=38,
"CHONGQING SENCI IMP. & EXP. TRADE CO., LTD.",,,,,,1807,https://fabtechmexico20.mapyourshow.com/8_0/exhibitor/exhibitor-details.cfm?exhid=3446706,
"CHONGQING SENCI IMP. & EXP. TRADE CO., LTD.",,,,,,1807,https://fabtechmexico20.mapyourshow.com/8_0/exhibitor/exhibitor-details.cfm?exhid=3446706,
Cloos Robotic de Mexico,,,,,,1742,https://fabtechmexico20.mapyourshow.com/8_0/exhibitor/exhibitor-details.cfm?exhid=1967,
Cloos Robotic de Mexico,,,,,,1742,https://fabtechmexico20.mapyourshow.com/8_0/exhibitor/exhibitor-details.cfm?exhid=1967,
Col-Met Engineered Finishing Systems,,,,,,4216,https://fabtechmexico20.mapyourshow.com/8_0/exhibitor/exhibitor-details.cfm?exhid=3446624,
Col-Met Engineered Finishing Systems,,,,,,4216,https://fabtechmexico20.mapyourshow.com/8_0/exhibitor/exhibitor-details.cfm?exhid=3446624,
Combilift,,,,,,2612,https://fabtechmexico20.mapyourshow.com/8_0/exhibitor/exhibitor-details.cfm?exhid=1804,
Combilift,,,,,,2612,https://fabtechmexico20.mapyourshow.com/8_0/exhibitor/exhibitor-details.cfm?exhid=1804,
Cometel Mexicana,,,,,,805,https://fabtechmexico20.mapyourshow.com/8_0/exhibitor/exhibitor-details.cfm?exhid=1668,
Cometel Mexicana,,,,,,805,https://fabtechmexico20.mapyourshow.com/8_0/exhibitor/exhibitor-details.cfm?exhid=1668,
Creaform,,,,,,3528,https://fabtechmexico20.mapyourshow.com/8_0/exhibitor/exhibitor-details.cfm?exhid=3446666,
Creaform,,,,,,3528,https://fabtechmexico20.mapyourshow.com/8_0/exhibitor/exhibitor-details.cfm?exhid=3446666,
"D&F International Exhibition (Beijing) Co., Ltd",,,,,,3752,https://fabtechmexico20.mapyourshow.com/8_0/exhibitor/exhibitor-details.cfm?exhid=3446796,
D.B. Roberts,,,,,,2648,https://fabtechmexico20.mapyourshow.com/8_0/exhibitor/exhibitor-details.cfm?exhid=1557,
Daihen Mexico S.A. de C.V.,,,,,,1524,https://fabtechmexico20.mapyourshow.com/8_0/exhibitor/exhibitor-details.cfm?exhid=3446510,
Daihen Mexico S.A. de C.V.,,,,,,1524,https://fabtechmexico20.mapyourshow.com/8_0/exhibitor/exhibitor-details.cfm?exhid=3446510,
DB Roberts,,,,,,2648,https://fabtechmexico20.mapyourshow.com/8_0/exhibitor/exhibitor-details.cfm?exhid=3446605,
"Dees Hydraulic Industrial Co., LTD.",,,,,,834,https://fabtechmexico20.mapyourshow.com/8_0/exhibitor/exhibitor-details.cfm?exhid=3446418,
Dengensha México S. de R.L. de C.V.,,,,,,1324,https://fabtechmexico20.mapyourshow.com/8_0/exhibitor/exhibitor-details.cfm?exhid=1519,
Dengensha México S. de R.L. de C.V.,,,,,,1324,https://fabtechmexico20.mapyourshow.com/8_0/exhibitor/exhibitor-details.cfm?exhid=1519,
Diper Maquinaria S.L.,,,,,,3849,https://fabtechmexico20.mapyourshow.com/8_0/exhibitor/exhibitor-details.cfm?exhid=2396,
DISMA,,,,,,"2828,2908",https://fabtechmexico20.mapyourshow.com/8_0/exhibitor/exhibitor-details.cfm?exhid=1577,
DISMA,,,,,,"2828,2908",https://fabtechmexico20.mapyourshow.com/8_0/exhibitor/exhibitor-details.cfm?exhid=1577,
"Dongguan Zerostart Tool Co., Ltd.",,,,,,1034,https://fabtechmexico20.mapyourshow.com/8_0/exhibitor/exhibitor-details.cfm?exhid=3446748,
"Dongguan Zerostart Tool Co., Ltd.",,,,,,1034,https://fabtechmexico20.mapyourshow.com/8_0/exhibitor/exhibitor-details.cfm?exhid=3446748,
Dove Equipment de Mexico,,,,,,4302,https://fabtechmexico20.mapyourshow.com/8_0/exhibitor/exhibitor-details.cfm?exhid=1471,
DQ Powder Coatings,,,,,,4201,https://fabtechmexico20.mapyourshow.com/8_0/exhibitor/exhibitor-details.cfm?exhid=3446779,
Durable USA Inc.,,,,,,2335,https://fabtechmexico20.mapyourshow.com/8_0/exhibitor/exhibitor-details.cfm?exhid=1961,
Durable USA Inc.,,,,,,2335,https://fabtechmexico20.mapyourshow.com/8_0/exhibitor/exhibitor-details.cfm?exhid=1961,
DWT GMBH,,,,,,2042,https://fabtechmexico20.mapyourshow.com/8_0/exhibitor/exhibitor-details.cfm?exhid=3446647,
DWT GMBH,,,,,,2042,https://fabtechmexico20.mapyourshow.com/8_0/exhibitor/exhibitor-details.cfm?exhid=3446647,
Edon / Redbo,,,,,,2433,https://fabtechmexico20.mapyourshow.com/8_0/exhibitor/exhibitor-details.cfm?exhid=3446688,
Edon / Redbo,,,,,,2433,https://fabtechmexico20.mapyourshow.com/8_0/exhibitor/exhibitor-details.cfm?exhid=3446688,
EMKA Mexico Beschlagteile,,,,,,2228,https://fabtechmexico20.mapyourshow.com/8_0/exhibitor/exhibitor-details.cfm?exhid=3275,
EMKA Mexico Beschlagteile,,,,,,2228,https://fabtechmexico20.mapyourshow.com/8_0/exhibitor/exhibitor-details.cfm?exhid=3275,
ENEOS Sun-Energy Corporation,,,,,,2640,https://fabtechmexico20.mapyourshow.com/8_0/exhibitor/exhibitor-details.cfm?exhid=3446786,
ENOMOTO Machine,,,,,,201,https://fabtechmexico20.mapyourshow.com/8_0/exhibitor/exhibitor-details.cfm?exhid=1697,
ENOMOTO Machine,,,,,,201,https://fabtechmexico20.mapyourshow.com/8_0/exhibitor/exhibitor-details.cfm?exhid=1697,
Epicor Software,,,,,,935,https://fabtechmexico20.mapyourshow.com/8_0/exhibitor/exhibitor-details.cfm?exhid=3446754,
Epicor Software,,,,,,935,https://fabtechmexico20.mapyourshow.com/8_0/exhibitor/exhibitor-details.cfm?exhid=3446754,
ESAB México,,,,,,1616,https://fabtechmexico20.mapyourshow.com/8_0/exhibitor/exhibitor-details.cfm?exhid=1528,
ESAB México,,,,,,1816,https://fabtechmexico20.mapyourshow.com/8_0/exhibitor/exhibitor-details.cfm?exhid=1528,
Euchner México S de RL de CV,,,,,,2238,https://fabtechmexico20.mapyourshow.com/8_0/exhibitor/exhibitor-details.cfm?exhid=3446750,
Euchner México S de RL de CV,,,,,,2238,https://fabtechmexico20.mapyourshow.com/8_0/exhibitor/exhibitor-details.cfm?exhid=3446750,
EUROIMPIANTI,,,,,,4004,https://fabtechmexico20.mapyourshow.com/8_0/exhibitor/exhibitor-details.cfm?exhid=3446430,
EUROIMPIANTI,,,,,,4004,https://fabtechmexico20.mapyourshow.com/8_0/exhibitor/exhibitor-details.cfm?exhid=3446430,
"EUROMÁQUINAS HERRAMIENTAS, S.A. DE C.V.",,,,,,3423,https://fabtechmexico20.mapyourshow.com/8_0/exhibitor/exhibitor-details.cfm?exhid=3446568,
"EUROMÁQUINAS HERRAMIENTAS, S.A. DE C.V.",,,,,,3423,https://fabtechmexico20.mapyourshow.com/8_0/exhibitor/exhibitor-details.cfm?exhid=3446568,
Eurovac,,,,,,2305,https://fabtechmexico20.mapyourshow.com/8_0/exhibitor/exhibitor-details.cfm?exhid=2629,
Eurovac,,,,,,2305,https://fabtechmexico20.mapyourshow.com/8_0/exhibitor/exhibitor-details.cfm?exhid=2629,
Exel Air,,,,,,2336,https://fabtechmexico20.mapyourshow.com/8_0/exhibitor/exhibitor-details.cfm?exhid=1544,
Exel Air,,,,,,2329,https://fabtechmexico20.mapyourshow.com/8_0/exhibitor/exhibitor-details.cfm?exhid=1544,
FABexperts,,,,,,3051,https://fabtechmexico20.mapyourshow.com/8_0/exhibitor/exhibitor-details.cfm?exhid=3446783,
Fabricators and Manufacturers Association (FMA),,,,,,3148,https://fabtechmexico20.mapyourshow.com/8_0/exhibitor/exhibitor-details.cfm?exhid=1765,
Fabricators and Manufacturers Association (FMA),,,,,,3148,https://fabtechmexico20.mapyourshow.com/8_0/exhibitor/exhibitor-details.cfm?exhid=1765,
FACCIN S.p.A.,,,,,,3552,https://fabtechmexico20.mapyourshow.com/8_0/exhibitor/exhibitor-details.cfm?exhid=1846,
FAFERRO S.A. de C.V.,,,,,,1642,https://fabtechmexico20.mapyourshow.com/8_0/exhibitor/exhibitor-details.cfm?exhid=3446698,
FAFERRO S.A. de C.V.,,,,,,1642,https://fabtechmexico20.mapyourshow.com/8_0/exhibitor/exhibitor-details.cfm?exhid=3446698,
FANUC America Corporation,,,,,,1828,https://fabtechmexico20.mapyourshow.com/8_0/exhibitor/exhibitor-details.cfm?exhid=2683,
FANUC America Corporation,,,,,,1828,https://fabtechmexico20.mapyourshow.com/8_0/exhibitor/exhibitor-details.cfm?exhid=2683,
FARINA (Jinan) WELDTEC & MACHINE,,,,,,1639,https://fabtechmexico20.mapyourshow.com/8_0/exhibitor/exhibitor-details.cfm?exhid=3446785,
FARO Technologies,,,,,,2916,https://fabtechmexico20.mapyourshow.com/8_0/exhibitor/exhibitor-details.cfm?exhid=1608,
FARO Technologies,,,,,,2916,https://fabtechmexico20.mapyourshow.com/8_0/exhibitor/exhibitor-details.cfm?exhid=1608,
Flame Spray,,,,,,1738,https://fabtechmexico20.mapyourshow.com/8_0/exhibitor/exhibitor-details.cfm?exhid=1698,
Flame Spray,,,,,,1738,https://fabtechmexico20.mapyourshow.com/8_0/exhibitor/exhibitor-details.cfm?exhid=1698,
FLOW Int'l,,,,,,3602,https://fabtechmexico20.mapyourshow.com/8_0/exhibitor/exhibitor-details.cfm?exhid=1595,
FLOW Int'l,,,,,,3602,https://fabtechmexico20.mapyourshow.com/8_0/exhibitor/exhibitor-details.cfm?exhid=1595,
Formtek International,,,,,,316,https://fabtechmexico20.mapyourshow.com/8_0/exhibitor/exhibitor-details.cfm?exhid=3446702,
Formtek International,,,,,,316,https://fabtechmexico20.mapyourshow.com/8_0/exhibitor/exhibitor-details.cfm?exhid=3446702,
"Fortech Products México, S.A.  de C.V.",,,,,,905,https://fabtechmexico20.mapyourshow.com/8_0/exhibitor/exhibitor-details.cfm?exhid=3446716,
"Fortech Products México, S.A.  de C.V.",,,,,,905,https://fabtechmexico20.mapyourshow.com/8_0/exhibitor/exhibitor-details.cfm?exhid=3446716,
"Foshan Sanqiao Welding Industrial Co., Ltd.",,,,,,2004,https://fabtechmexico20.mapyourshow.com/8_0/exhibitor/exhibitor-details.cfm?exhid=3446730,
"Foshan Sanqiao Welding Industrial Co., Ltd.",,,,,,2004,https://fabtechmexico20.mapyourshow.com/8_0/exhibitor/exhibitor-details.cfm?exhid=3446730,
Fronius,,,,,,1816,https://fabtechmexico20.mapyourshow.com/8_0/exhibitor/exhibitor-details.cfm?exhid=1551,
Fronius,,,,,,1616,https://fabtechmexico20.mapyourshow.com/8_0/exhibitor/exhibitor-details.cfm?exhid=1551,
Gema Mexicon Powder Finishing,,,,,,4114,https://fabtechmexico20.mapyourshow.com/8_0/exhibitor/exhibitor-details.cfm?exhid=805,
"Gema Mexicon Powder Finishing, S. de R.L. de C.V.",,,,,,4114,https://fabtechmexico20.mapyourshow.com/8_0/exhibitor/exhibitor-details.cfm?exhid=805,
Genesis Systems Group Mexico,,,,,,1529,https://fabtechmexico20.mapyourshow.com/8_0/exhibitor/exhibitor-details.cfm?exhid=1529,
Genesis Systems Group Mexico,,,,,,1529,https://fabtechmexico20.mapyourshow.com/8_0/exhibitor/exhibitor-details.cfm?exhid=1529,
GEORGE KOCH,,,,,,3934,https://fabtechmexico20.mapyourshow.com/8_0/exhibitor/exhibitor-details.cfm?exhid=12,
GEORGE KOCH,,,,,,3934,https://fabtechmexico20.mapyourshow.com/8_0/exhibitor/exhibitor-details.cfm?exhid=12,
Gerb Aislamiento de Vibraciones,,,,,,724,https://fabtechmexico20.mapyourshow.com/8_0/exhibitor/exhibitor-details.cfm?exhid=1661,
Gerb Aislamiento de Vibraciones,,,,,,724,https://fabtechmexico20.mapyourshow.com/8_0/exhibitor/exhibitor-details.cfm?exhid=1661,
Glorystar,,,,,,3828,https://fabtechmexico20.mapyourshow.com/8_0/exhibitor/exhibitor-details.cfm?exhid=3446739,
Glorystar,,,,,,3828,https://fabtechmexico20.mapyourshow.com/8_0/exhibitor/exhibitor-details.cfm?exhid=3446739,
GOOMING Tools and Dies,,,,,,803,https://fabtechmexico20.mapyourshow.com/8_0/exhibitor/exhibitor-details.cfm?exhid=2397,
GOOMING Tools and Dies,,,,,,803,https://fabtechmexico20.mapyourshow.com/8_0/exhibitor/exhibitor-details.cfm?exhid=2397,
"Gorbel, Inc.",,,,,,3542,https://fabtechmexico20.mapyourshow.com/8_0/exhibitor/exhibitor-details.cfm?exhid=2392,
GREENSPARE,,,,,,1228,https://fabtechmexico20.mapyourshow.com/8_0/exhibitor/exhibitor-details.cfm?exhid=3446640,
GREENSPARE,,,,,,1228,https://fabtechmexico20.mapyourshow.com/8_0/exhibitor/exhibitor-details.cfm?exhid=3446640,
Grupo IDEMET,,,,,,3429,https://fabtechmexico20.mapyourshow.com/8_0/exhibitor/exhibitor-details.cfm?exhid=0012,
Grupo IDEMET,,,,,,3429,https://fabtechmexico20.mapyourshow.com/8_0/exhibitor/exhibitor-details.cfm?exhid=0012,
GTM,,,,,,3916,https://fabtechmexico20.mapyourshow.com/8_0/exhibitor/exhibitor-details.cfm?exhid=78,
GTM,,,,,,3916,https://fabtechmexico20.mapyourshow.com/8_0/exhibitor/exhibitor-details.cfm?exhid=78,
Gu Eagle America Inc.,,,,,,2741,https://fabtechmexico20.mapyourshow.com/8_0/exhibitor/exhibitor-details.cfm?exhid=2721,
Gu Eagle America Inc.,,,,,,2741,https://fabtechmexico20.mapyourshow.com/8_0/exhibitor/exhibitor-details.cfm?exhid=2721,
"Guangdong Topzone Tooling Co.,Ltd",,,,,,722,https://fabtechmexico20.mapyourshow.com/8_0/exhibitor/exhibitor-details.cfm?exhid=3446721,
"Guangdong Topzone Tooling Co.,Ltd",,,,,,722,https://fabtechmexico20.mapyourshow.com/8_0/exhibitor/exhibitor-details.cfm?exhid=3446721,
Güdel-TSC,,,,,,1935,https://fabtechmexico20.mapyourshow.com/8_0/exhibitor/exhibitor-details.cfm?exhid=1638,
Güdel-TSC,,,,,,1935,https://fabtechmexico20.mapyourshow.com/8_0/exhibitor/exhibitor-details.cfm?exhid=1638,
"Haeger Inc., a PennEngineering Company",,,,,,2748,https://fabtechmexico20.mapyourshow.com/8_0/exhibitor/exhibitor-details.cfm?exhid=2445,
"Haeger Inc., a PennEngineering Company",,,,,,2748,https://fabtechmexico20.mapyourshow.com/8_0/exhibitor/exhibitor-details.cfm?exhid=2445,
Haite,,,,,,1604,https://fabtechmexico20.mapyourshow.com/8_0/exhibitor/exhibitor-details.cfm?exhid=3446421,
Haite,,,,,,1604,https://fabtechmexico20.mapyourshow.com/8_0/exhibitor/exhibitor-details.cfm?exhid=3446421,
"Hans Laser Smart Equipment Group Co.,Ltd",,,,,,3802,https://fabtechmexico20.mapyourshow.com/8_0/exhibitor/exhibitor-details.cfm?exhid=3446662,
"Hans Laser Smart Equipment Group Co.,Ltd",,,,,,3802,https://fabtechmexico20.mapyourshow.com/8_0/exhibitor/exhibitor-details.cfm?exhid=3446662,
Hardy,,,,,,2652,https://fabtechmexico20.mapyourshow.com/8_0/exhibitor/exhibitor-details.cfm?exhid=3446450,
Harris Products Group,,,,,,1424,https://fabtechmexico20.mapyourshow.com/8_0/exhibitor/exhibitor-details.cfm?exhid=1513,
Harris Products Group,,,,,,1424,https://fabtechmexico20.mapyourshow.com/8_0/exhibitor/exhibitor-details.cfm?exhid=1513,
Headux Electric Co. Ltd.,,,,,,1805,https://fabtechmexico20.mapyourshow.com/8_0/exhibitor/exhibitor-details.cfm?exhid=3446736,
Headux Electric Co. Ltd.,,,,,,1805,https://fabtechmexico20.mapyourshow.com/8_0/exhibitor/exhibitor-details.cfm?exhid=3446736,
Henan Huamao Metal Materials Co Ltd.,,,,,,2403,https://fabtechmexico20.mapyourshow.com/8_0/exhibitor/exhibitor-details.cfm?exhid=3446468,
Henan Huamao Metal Materials Co Ltd.,,,,,,2403,https://fabtechmexico20.mapyourshow.com/8_0/exhibitor/exhibitor-details.cfm?exhid=3446468,
HILMAN ROLLERS,,,,,,3514,https://fabtechmexico20.mapyourshow.com/8_0/exhibitor/exhibitor-details.cfm?exhid=3446756,
HILMAN ROLLERS,,,,,,3514,https://fabtechmexico20.mapyourshow.com/8_0/exhibitor/exhibitor-details.cfm?exhid=3446756,
HIWIN Corp.,,,,,,2736,https://fabtechmexico20.mapyourshow.com/8_0/exhibitor/exhibitor-details.cfm?exhid=1605,
HIWIN Corp.,,,,,,2736,https://fabtechmexico20.mapyourshow.com/8_0/exhibitor/exhibitor-details.cfm?exhid=1605,
HLC Metal Parts Ltd.,,,,,,825,https://fabtechmexico20.mapyourshow.com/8_0/exhibitor/exhibitor-details.cfm?exhid=3446749,
HLC Metal Parts Ltd.,,,,,,825,https://fabtechmexico20.mapyourshow.com/8_0/exhibitor/exhibitor-details.cfm?exhid=3446749,
Hougen Mfg.,,,,,,2616,https://fabtechmexico20.mapyourshow.com/8_0/exhibitor/exhibitor-details.cfm?exhid=1753,
Hougen Mfg.,,,,,,2616,https://fabtechmexico20.mapyourshow.com/8_0/exhibitor/exhibitor-details.cfm?exhid=1753,
"HSG Laser Technology Co., Ltd.",,,,,,2950,https://fabtechmexico20.mapyourshow.com/8_0/exhibitor/exhibitor-details.cfm?exhid=3446643,
"HSG Laser Technology Co., Ltd.",,,,,,2950,https://fabtechmexico20.mapyourshow.com/8_0/exhibitor/exhibitor-details.cfm?exhid=3446643,
Hubbard Hall,,,,,,4300,https://fabtechmexico20.mapyourshow.com/8_0/exhibitor/exhibitor-details.cfm?exhid=3446432,
Hubbard Hall,,,,,,4300,https://fabtechmexico20.mapyourshow.com/8_0/exhibitor/exhibitor-details.cfm?exhid=3446432,
Hypertherm,,,,,,2516,https://fabtechmexico20.mapyourshow.com/8_0/exhibitor/exhibitor-details.cfm?exhid=1617,
Hypertherm,,,,,,2516,https://fabtechmexico20.mapyourshow.com/8_0/exhibitor/exhibitor-details.cfm?exhid=1617,
ICOP Technology,,,,,,2805,https://fabtechmexico20.mapyourshow.com/8_0/exhibitor/exhibitor-details.cfm?exhid=3446743,
ICOP Technology,,,,,,2805,https://fabtechmexico20.mapyourshow.com/8_0/exhibitor/exhibitor-details.cfm?exhid=3446743,
Industrias Frimar S.A. de C.V.,,,,,,3443,https://fabtechmexico20.mapyourshow.com/8_0/exhibitor/exhibitor-details.cfm?exhid=2523,
Industrias Frimar S.A. de C.V.,,,,,,3443,https://fabtechmexico20.mapyourshow.com/8_0/exhibitor/exhibitor-details.cfm?exhid=2523,
INFRA,,,,,,1116,https://fabtechmexico20.mapyourshow.com/8_0/exhibitor/exhibitor-details.cfm?exhid=1536,
INFRA,,,,,,1116,https://fabtechmexico20.mapyourshow.com/8_0/exhibitor/exhibitor-details.cfm?exhid=1536,
INNOVATELIA,,,,,,1204,https://fabtechmexico20.mapyourshow.com/8_0/exhibitor/exhibitor-details.cfm?exhid=3446609,
INNOVATELIA,,,,,,1204,https://fabtechmexico20.mapyourshow.com/8_0/exhibitor/exhibitor-details.cfm?exhid=3446609,
IPC Metalmak / Maquicorp,,,,,,3409,https://fabtechmexico20.mapyourshow.com/8_0/exhibitor/exhibitor-details.cfm?exhid=3446403,
IPC Metalmak / Maquicorp,,,,,,3409,https://fabtechmexico20.mapyourshow.com/8_0/exhibitor/exhibitor-details.cfm?exhid=3446403,
IPG Photonics de México S de RL de CV,,,,,,2129,https://fabtechmexico20.mapyourshow.com/8_0/exhibitor/exhibitor-details.cfm?exhid=2715,
IPG Photonics de México S de RL de CV,,,,,,2129,https://fabtechmexico20.mapyourshow.com/8_0/exhibitor/exhibitor-details.cfm?exhid=2715,
IPR,,,,,,2436,https://fabtechmexico20.mapyourshow.com/8_0/exhibitor/exhibitor-details.cfm?exhid=3446789,
IPS Mexico / Wagner / Magic Racks / Masklogik/ TCI Powder / Filtros Andreae / Airflow Technology,,,,,,4023,https://fabtechmexico20.mapyourshow.com/8_0/exhibitor/exhibitor-details.cfm?exhid=2401,
IPS Mexico / Wagner / Magic Racks / Masklogik/ TCI Powder / Filtros Andreae / Airflow Technology,,,,,,4023,https://fabtechmexico20.mapyourshow.com/8_0/exhibitor/exhibitor-details.cfm?exhid=2401,
J.W. Winco,,,,,,2642,https://fabtechmexico20.mapyourshow.com/8_0/exhibitor/exhibitor-details.cfm?exhid=1643,
"J.W. Winco, Co.",,,,,,2642,https://fabtechmexico20.mapyourshow.com/8_0/exhibitor/exhibitor-details.cfm?exhid=1643,
Jet-Set®,,,,,,923,https://fabtechmexico20.mapyourshow.com/8_0/exhibitor/exhibitor-details.cfm?exhid=3446665,
Jet-Set®,,,,,,923,https://fabtechmexico20.mapyourshow.com/8_0/exhibitor/exhibitor-details.cfm?exhid=3446665,
"Jiangyin Xinlian Welding Equipment Co.,ltd.",,,,,,2046,https://fabtechmexico20.mapyourshow.com/8_0/exhibitor/exhibitor-details.cfm?exhid=2559,
Jier North America,,,,,,823,https://fabtechmexico20.mapyourshow.com/8_0/exhibitor/exhibitor-details.cfm?exhid=010285,
Jier North America,,,,,,823,https://fabtechmexico20.mapyourshow.com/8_0/exhibitor/exhibitor-details.cfm?exhid=010285,
"Jinan Bodor CNC Machine CO.,LTD.",,,,,,3452,https://fabtechmexico20.mapyourshow.com/8_0/exhibitor/exhibitor-details.cfm?exhid=2424,
"Jinan Bodor CNC Machine CO.,LTD.",,,,,,3452,https://fabtechmexico20.mapyourshow.com/8_0/exhibitor/exhibitor-details.cfm?exhid=2424,
"Jinan G.Weike Science & Technology Co.,Ltd",,,,,,3543,https://fabtechmexico20.mapyourshow.com/8_0/exhibitor/exhibitor-details.cfm?exhid=3446458,
"Jinan G.Weike Science & Technology Co.,Ltd",,,,,,3543,https://fabtechmexico20.mapyourshow.com/8_0/exhibitor/exhibitor-details.cfm?exhid=3446458,
"Jinan Xintian Technology Co., Ltd.",,,,,,2848,https://fabtechmexico20.mapyourshow.com/8_0/exhibitor/exhibitor-details.cfm?exhid=3446746,
"Jinan Xintian Technology Co., Ltd.",,,,,,2848,https://fabtechmexico20.mapyourshow.com/8_0/exhibitor/exhibitor-details.cfm?exhid=3446746,
KAESER Compresores de México,,,,,,2628,https://fabtechmexico20.mapyourshow.com/8_0/exhibitor/exhibitor-details.cfm?exhid=1559,
KAESER Compresores de México,,,,,,2628,https://fabtechmexico20.mapyourshow.com/8_0/exhibitor/exhibitor-details.cfm?exhid=1559,
"Klingspor Abrasivos, S.A. DE C.V.",,,,,,2434,https://fabtechmexico20.mapyourshow.com/8_0/exhibitor/exhibitor-details.cfm?exhid=1506,
"Klingspor Abrasivos, S.A. DE C.V.",,,,,,2434,https://fabtechmexico20.mapyourshow.com/8_0/exhibitor/exhibitor-details.cfm?exhid=1506,
Kobelco Welding of America,,,,,,2128,https://fabtechmexico20.mapyourshow.com/8_0/exhibitor/exhibitor-details.cfm?exhid=1951,
Kobelco Welding of America,,,,,,2128,https://fabtechmexico20.mapyourshow.com/8_0/exhibitor/exhibitor-details.cfm?exhid=1951,
Koike Aronson Inc.,,,,,,2509,https://fabtechmexico20.mapyourshow.com/8_0/exhibitor/exhibitor-details.cfm?exhid=2645,
Koike Aronson Inc.,,,,,,2509,https://fabtechmexico20.mapyourshow.com/8_0/exhibitor/exhibitor-details.cfm?exhid=2645,
Komatsu America Industries LLC,,,,,,516,https://fabtechmexico20.mapyourshow.com/8_0/exhibitor/exhibitor-details.cfm?exhid=1657,
Komatsu America Industries LLC,,,,,,516,https://fabtechmexico20.mapyourshow.com/8_0/exhibitor/exhibitor-details.cfm?exhid=1657,
KOSMEK USA LTD -MEXICO OFFICE-,,,,,,226,https://fabtechmexico20.mapyourshow.com/8_0/exhibitor/exhibitor-details.cfm?exhid=1772,
KOSMEK USA LTD -MEXICO OFFICE-,,,,,,226,https://fabtechmexico20.mapyourshow.com/8_0/exhibitor/exhibitor-details.cfm?exhid=1772,
KUKA de México,,,,,,2124,https://fabtechmexico20.mapyourshow.com/8_0/exhibitor/exhibitor-details.cfm?exhid=1530,
KUKA de México,,,,,,2124,https://fabtechmexico20.mapyourshow.com/8_0/exhibitor/exhibitor-details.cfm?exhid=1530,
Lantek,,,,,,2622,https://fabtechmexico20.mapyourshow.com/8_0/exhibitor/exhibitor-details.cfm?exhid=1711,
Lantek,,,,,,2622,https://fabtechmexico20.mapyourshow.com/8_0/exhibitor/exhibitor-details.cfm?exhid=1711,
Laser Experts México,,,,,,3413,https://fabtechmexico20.mapyourshow.com/8_0/exhibitor/exhibitor-details.cfm?exhid=2390,
Laser Experts México,,,,,,3413,https://fabtechmexico20.mapyourshow.com/8_0/exhibitor/exhibitor-details.cfm?exhid=2390,
"Lianyungang Orientcraft Abrasives CO.,LTD",,,,,,2127,https://fabtechmexico20.mapyourshow.com/8_0/exhibitor/exhibitor-details.cfm?exhid=2667,
"Lianyungang Orientcraft Abrasives CO.,LTD",,,,,,2127,https://fabtechmexico20.mapyourshow.com/8_0/exhibitor/exhibitor-details.cfm?exhid=2667,
Lincoln Electric,,,,,,1516,https://fabtechmexico20.mapyourshow.com/8_0/exhibitor/exhibitor-details.cfm?exhid=1674,
Lincoln Electric,,,,,,1516,https://fabtechmexico20.mapyourshow.com/8_0/exhibitor/exhibitor-details.cfm?exhid=1674,
Linear Transfer Automation,,,,,,617,https://fabtechmexico20.mapyourshow.com/8_0/exhibitor/exhibitor-details.cfm?exhid=1840,
Linear Transfer Automation,,,,,,617,https://fabtechmexico20.mapyourshow.com/8_0/exhibitor/exhibitor-details.cfm?exhid=1840,
LLOG,,,,,,2504,https://fabtechmexico20.mapyourshow.com/8_0/exhibitor/exhibitor-details.cfm?exhid=1603,
LLOG,,,,,,2504,https://fabtechmexico20.mapyourshow.com/8_0/exhibitor/exhibitor-details.cfm?exhid=1603,
Lufhissa,,,,,,704,https://fabtechmexico20.mapyourshow.com/8_0/exhibitor/exhibitor-details.cfm?exhid=1715,
Lufhissa,,,,,,704,https://fabtechmexico20.mapyourshow.com/8_0/exhibitor/exhibitor-details.cfm?exhid=1715,
LVD Strippit México S. de R.L. de C.V.,,,,,,3728,https://fabtechmexico20.mapyourshow.com/8_0/exhibitor/exhibitor-details.cfm?exhid=1128,
LVD Strippit México S. de R.L. de C.V.,,,,,,3728,https://fabtechmexico20.mapyourshow.com/8_0/exhibitor/exhibitor-details.cfm?exhid=1128,
MACOSA ENTRON LEBRONZE,,,,,,624,https://fabtechmexico20.mapyourshow.com/8_0/exhibitor/exhibitor-details.cfm?exhid=2201,
Magid de México,,,,,,1746,https://fabtechmexico20.mapyourshow.com/8_0/exhibitor/exhibitor-details.cfm?exhid=2468,
Mahr,,,,,,1128,https://fabtechmexico20.mapyourshow.com/8_0/exhibitor/exhibitor-details.cfm?exhid=3446717,
Mahr,,,,,,1128,https://fabtechmexico20.mapyourshow.com/8_0/exhibitor/exhibitor-details.cfm?exhid=3446717,
Main Casa,,,,,,"3737,3742",https://fabtechmexico20.mapyourshow.com/8_0/exhibitor/exhibitor-details.cfm?exhid=1586,
Maquinaria Pirámide,,,,,,1137,https://fabtechmexico20.mapyourshow.com/8_0/exhibitor/exhibitor-details.cfm?exhid=1717,
Maquinaria Pirámide,,,,,,1137,https://fabtechmexico20.mapyourshow.com/8_0/exhibitor/exhibitor-details.cfm?exhid=1717,
"MAQUINAS HERRAMIENTAS BIMEX, S.A. DE C.V.",,,,,,3229,https://fabtechmexico20.mapyourshow.com/8_0/exhibitor/exhibitor-details.cfm?exhid=1602,
"MAQUINAS HERRAMIENTAS BIMEX, S.A. DE C.V.",,,,,,3229,https://fabtechmexico20.mapyourshow.com/8_0/exhibitor/exhibitor-details.cfm?exhid=1602,
MARPOL Parlatici Sanayi ve Ticaret A.S.,,,,,,1905,https://fabtechmexico20.mapyourshow.com/8_0/exhibitor/exhibitor-details.cfm?exhid=3446642,
MARPOL Parlatici Sanayi ve Ticaret A.S.,,,,,,1905,https://fabtechmexico20.mapyourshow.com/8_0/exhibitor/exhibitor-details.cfm?exhid=3446642,
Maruka,,,,,,416,https://fabtechmexico20.mapyourshow.com/8_0/exhibitor/exhibitor-details.cfm?exhid=3446745,
Maruka,,,,,,416,https://fabtechmexico20.mapyourshow.com/8_0/exhibitor/exhibitor-details.cfm?exhid=3446745,
Master Fans,,,,,,3425,https://fabtechmexico20.mapyourshow.com/8_0/exhibitor/exhibitor-details.cfm?exhid=3446735,
Master Fans,,,,,,3425,https://fabtechmexico20.mapyourshow.com/8_0/exhibitor/exhibitor-details.cfm?exhid=3446735,
Mate Precision Tooling,,,,,,2924,https://fabtechmexico20.mapyourshow.com/8_0/exhibitor/exhibitor-details.cfm?exhid=2509,
Mate Precision Tooling,,,,,,2924,https://fabtechmexico20.mapyourshow.com/8_0/exhibitor/exhibitor-details.cfm?exhid=2509,
Mazak Optonics Corp.,,,,,,3228,https://fabtechmexico20.mapyourshow.com/8_0/exhibitor/exhibitor-details.cfm?exhid=2325,
Mazak Optonics Corp.,,,,,,3228,https://fabtechmexico20.mapyourshow.com/8_0/exhibitor/exhibitor-details.cfm?exhid=2325,
MDL México,,,,,,732,https://fabtechmexico20.mapyourshow.com/8_0/exhibitor/exhibitor-details.cfm?exhid=1660,
MDL México,,,,,,732,https://fabtechmexico20.mapyourshow.com/8_0/exhibitor/exhibitor-details.cfm?exhid=1660,
Meltric de México S. de R. L. de C. V.,,,,,,1226,https://fabtechmexico20.mapyourshow.com/8_0/exhibitor/exhibitor-details.cfm?exhid=2123,
Meltric de México S. de R. L. de C. V.,,,,,,1226,https://fabtechmexico20.mapyourshow.com/8_0/exhibitor/exhibitor-details.cfm?exhid=2123,
Mercado Machinery,,,,,,"2842,2942",https://fabtechmexico20.mapyourshow.com/8_0/exhibitor/exhibitor-details.cfm?exhid=1601,
Mercado Machinery,,,,,,"2842,2942",https://fabtechmexico20.mapyourshow.com/8_0/exhibitor/exhibitor-details.cfm?exhid=1601,
Metal Cleaning de Mexico,,,,,,2608,https://fabtechmexico20.mapyourshow.com/8_0/exhibitor/exhibitor-details.cfm?exhid=2127,
Metal Cleaning de Mexico,,,,,,2608,https://fabtechmexico20.mapyourshow.com/8_0/exhibitor/exhibitor-details.cfm?exhid=2127,
Metal World,,,,,,"3042,3142",https://fabtechmexico20.mapyourshow.com/8_0/exhibitor/exhibitor-details.cfm?exhid=123,
Metal World,,,,,,3042,https://fabtechmexico20.mapyourshow.com/8_0/exhibitor/exhibitor-details.cfm?exhid=123,
Metamation,,,,,,3411,https://fabtechmexico20.mapyourshow.com/8_0/exhibitor/exhibitor-details.cfm?exhid=1581,
Metamation,,,,,,3411,https://fabtechmexico20.mapyourshow.com/8_0/exhibitor/exhibitor-details.cfm?exhid=1581,
Metform International,,,,,,2742,https://fabtechmexico20.mapyourshow.com/8_0/exhibitor/exhibitor-details.cfm?exhid=1614,
Metform International,,,,,,2742,https://fabtechmexico20.mapyourshow.com/8_0/exhibitor/exhibitor-details.cfm?exhid=1614,
MGages,,,,,,716,https://fabtechmexico20.mapyourshow.com/8_0/exhibitor/exhibitor-details.cfm?exhid=3446571,
MGages,,,,,,716,https://fabtechmexico20.mapyourshow.com/8_0/exhibitor/exhibitor-details.cfm?exhid=3446571,
Midalloy,,,,,,1229,https://fabtechmexico20.mapyourshow.com/8_0/exhibitor/exhibitor-details.cfm?exhid=1929,
Midalloy,,,,,,1229,https://fabtechmexico20.mapyourshow.com/8_0/exhibitor/exhibitor-details.cfm?exhid=1929,
Mitsubishi Laser/MC Machinery Systems De Mexico,,,,,,3222,https://fabtechmexico20.mapyourshow.com/8_0/exhibitor/exhibitor-details.cfm?exhid=2147,
Mitsubishi Laser/MC Machinery Systems De Mexico,,,,,,3222,https://fabtechmexico20.mapyourshow.com/8_0/exhibitor/exhibitor-details.cfm?exhid=2147,
Mitutoyo,,,,,,808,https://fabtechmexico20.mapyourshow.com/8_0/exhibitor/exhibitor-details.cfm?exhid=3446670,
Mitutoyo,,,,,,808,https://fabtechmexico20.mapyourshow.com/8_0/exhibitor/exhibitor-details.cfm?exhid=3446670,
MONODE,,,,,,2638,https://fabtechmexico20.mapyourshow.com/8_0/exhibitor/exhibitor-details.cfm?exhid=3446757,
Motofil Group,,,,,,1916,https://fabtechmexico20.mapyourshow.com/8_0/exhibitor/exhibitor-details.cfm?exhid=1526,
Motofil Group,,,,,,1916,https://fabtechmexico20.mapyourshow.com/8_0/exhibitor/exhibitor-details.cfm?exhid=1526,
Nachi Robotics,,,,,,"1334,2324",https://fabtechmexico20.mapyourshow.com/8_0/exhibitor/exhibitor-details.cfm?exhid=1548,
Nachi Robotics,,,,,,1334,https://fabtechmexico20.mapyourshow.com/8_0/exhibitor/exhibitor-details.cfm?exhid=1548,
Nederman,,,,,,2216,https://fabtechmexico20.mapyourshow.com/8_0/exhibitor/exhibitor-details.cfm?exhid=2046,
Nederman,,,,,,2216,https://fabtechmexico20.mapyourshow.com/8_0/exhibitor/exhibitor-details.cfm?exhid=2046,
Nelson Stud Welding/Stanley Engineered Fastening,,,,,,2322,https://fabtechmexico20.mapyourshow.com/8_0/exhibitor/exhibitor-details.cfm?exhid=1563,
Nelson Stud Welding/Stanley Engineered Fastening,,,,,,2322,https://fabtechmexico20.mapyourshow.com/8_0/exhibitor/exhibitor-details.cfm?exhid=1563,
NEXTTEC Machinery,,,,,,"3016,3028",https://fabtechmexico20.mapyourshow.com/8_0/exhibitor/exhibitor-details.cfm?exhid=1704,
NEXTTEC Machinery,,,,,,3028,https://fabtechmexico20.mapyourshow.com/8_0/exhibitor/exhibitor-details.cfm?exhid=1704,
"Nidec Press & Automation / Minster, Arisa, Kyori, Vamco & SYS",,,,,,908,https://fabtechmexico20.mapyourshow.com/8_0/exhibitor/exhibitor-details.cfm?exhid=1723,
"Nidec Press & Automation / Minster, Arisa, Kyori, Vamco & SYS",,,,,,908,https://fabtechmexico20.mapyourshow.com/8_0/exhibitor/exhibitor-details.cfm?exhid=1723,
"Ningbo Hifly Tool Technology Co., Ltd",,,,,,922,https://fabtechmexico20.mapyourshow.com/8_0/exhibitor/exhibitor-details.cfm?exhid=3446719,
"Ningbo Hifly Tool Technology Co., Ltd",,,,,,922,https://fabtechmexico20.mapyourshow.com/8_0/exhibitor/exhibitor-details.cfm?exhid=3446719,
Nitrogeno Verde,,,,,,2926,https://fabtechmexico20.mapyourshow.com/8_0/exhibitor/exhibitor-details.cfm?exhid=3446671,
Nitrogeno Verde,,,,,,2926,https://fabtechmexico20.mapyourshow.com/8_0/exhibitor/exhibitor-details.cfm?exhid=3446671,
Nitto Kohki,,,,,,2904,https://fabtechmexico20.mapyourshow.com/8_0/exhibitor/exhibitor-details.cfm?exhid=1724,
Nitto Kohki,,,,,,2904,https://fabtechmexico20.mapyourshow.com/8_0/exhibitor/exhibitor-details.cfm?exhid=1724,
"NORDSON DE MÉXICO, S.A. DE C.V.",,,,,,4002,https://fabtechmexico20.mapyourshow.com/8_0/exhibitor/exhibitor-details.cfm?exhid=18,
"NORDSON DE MÉXICO, S.A. DE C.V.",,,,,,4002,https://fabtechmexico20.mapyourshow.com/8_0/exhibitor/exhibitor-details.cfm?exhid=18,
Norelem México,,,,,,1035,https://fabtechmexico20.mapyourshow.com/8_0/exhibitor/exhibitor-details.cfm?exhid=2725,
Norelem México,,,,,,1035,https://fabtechmexico20.mapyourshow.com/8_0/exhibitor/exhibitor-details.cfm?exhid=2725,
North,,,,,,2224,https://fabtechmexico20.mapyourshow.com/8_0/exhibitor/exhibitor-details.cfm?exhid=3446742,
North,,,,,,2224,https://fabtechmexico20.mapyourshow.com/8_0/exhibitor/exhibitor-details.cfm?exhid=3446742,
Okila,,,,,,2116,https://fabtechmexico20.mapyourshow.com/8_0/exhibitor/exhibitor-details.cfm?exhid=1520,
Okila,,,,,,2116,https://fabtechmexico20.mapyourshow.com/8_0/exhibitor/exhibitor-details.cfm?exhid=1520,
Olvera CNC Maquinas,,,,,,1638,https://fabtechmexico20.mapyourshow.com/8_0/exhibitor/exhibitor-details.cfm?exhid=3446794,
Olympus América de México,,,,,,1704,https://fabtechmexico20.mapyourshow.com/8_0/exhibitor/exhibitor-details.cfm?exhid=1532,
Olympus América de México,,,,,,1704,https://fabtechmexico20.mapyourshow.com/8_0/exhibitor/exhibitor-details.cfm?exhid=1532,
Orttech,,,,,,929,https://fabtechmexico20.mapyourshow.com/8_0/exhibitor/exhibitor-details.cfm?exhid=1655,
Peddinghaus Corporation,,,,,,3539,https://fabtechmexico20.mapyourshow.com/8_0/exhibitor/exhibitor-details.cfm?exhid=1597,
Peddinghaus Corporation,,,,,,3539,https://fabtechmexico20.mapyourshow.com/8_0/exhibitor/exhibitor-details.cfm?exhid=1597,
PIECSA,,,,,,2034,https://fabtechmexico20.mapyourshow.com/8_0/exhibitor/exhibitor-details.cfm?exhid=1628,
PIECSA,,,,,,2034,https://fabtechmexico20.mapyourshow.com/8_0/exhibitor/exhibitor-details.cfm?exhid=1628,
Plasma Automation,,,,,,2528,https://fabtechmexico20.mapyourshow.com/8_0/exhibitor/exhibitor-details.cfm?exhid=2,
Plasma Automation,,,,,,2528,https://fabtechmexico20.mapyourshow.com/8_0/exhibitor/exhibitor-details.cfm?exhid=2,
Plásticos y Alambres (PYASA),,,,,,2333,https://fabtechmexico20.mapyourshow.com/8_0/exhibitor/exhibitor-details.cfm?exhid=1517,
Plásticos y Alambres (PYASA),,,,,,2333,https://fabtechmexico20.mapyourshow.com/8_0/exhibitor/exhibitor-details.cfm?exhid=1517,
POWDERTRONIC,,,,,,5002,https://fabtechmexico20.mapyourshow.com/8_0/exhibitor/exhibitor-details.cfm?exhid=3446483,
POWDERTRONIC,,,,,,5002,https://fabtechmexico20.mapyourshow.com/8_0/exhibitor/exhibitor-details.cfm?exhid=3446483,
PPG INDUSTRIES DE MEXICO SA DE CV,,,,,,4104,https://fabtechmexico20.mapyourshow.com/8_0/exhibitor/exhibitor-details.cfm?exhid=46,
PPG INDUSTRIES DE MEXICO SA DE CV,,,,,,4104,https://fabtechmexico20.mapyourshow.com/8_0/exhibitor/exhibitor-details.cfm?exhid=46,
Praxair,,,,,,2028,https://fabtechmexico20.mapyourshow.com/8_0/exhibitor/exhibitor-details.cfm?exhid=1750,
Praxair,,,,,,2028,https://fabtechmexico20.mapyourshow.com/8_0/exhibitor/exhibitor-details.cfm?exhid=1750,
Precitec Inc,,,,,,3516,https://fabtechmexico20.mapyourshow.com/8_0/exhibitor/exhibitor-details.cfm?exhid=2728,
Precitec Inc,,,,,,3516,https://fabtechmexico20.mapyourshow.com/8_0/exhibitor/exhibitor-details.cfm?exhid=2728,
Prensa Jundiai,,,,,,708,https://fabtechmexico20.mapyourshow.com/8_0/exhibitor/exhibitor-details.cfm?exhid=2612,
Prensa Jundiaí,,,,,,616,https://fabtechmexico20.mapyourshow.com/8_0/exhibitor/exhibitor-details.cfm?exhid=2612,
Prensas y Cilindros,,,,,,2533,https://fabtechmexico20.mapyourshow.com/8_0/exhibitor/exhibitor-details.cfm?exhid=1726,
Prensas y Cilindros,,,,,,2533,https://fabtechmexico20.mapyourshow.com/8_0/exhibitor/exhibitor-details.cfm?exhid=1726,
Prima Power North America,,,,,,3442,https://fabtechmexico20.mapyourshow.com/8_0/exhibitor/exhibitor-details.cfm?exhid=2603,
Prima Power North America,,,,,,3442,https://fabtechmexico20.mapyourshow.com/8_0/exhibitor/exhibitor-details.cfm?exhid=2603,
PRO INT,,,,,,1636,https://fabtechmexico20.mapyourshow.com/8_0/exhibitor/exhibitor-details.cfm?exhid=2370,
Quaker Houghton (Tecniquimia Mexicana SA de CV),,,,,,817,https://fabtechmexico20.mapyourshow.com/8_0/exhibitor/exhibitor-details.cfm?exhid=1981,
RADAN,,,,,,3006,https://fabtechmexico20.mapyourshow.com/8_0/exhibitor/exhibitor-details.cfm?exhid=3446565,
RADAN,,,,,,3006,https://fabtechmexico20.mapyourshow.com/8_0/exhibitor/exhibitor-details.cfm?exhid=3446565,
RAYOMEX,,,,,,1129,https://fabtechmexico20.mapyourshow.com/8_0/exhibitor/exhibitor-details.cfm?exhid=1906,
RAYOMEX,,,,,,1129,https://fabtechmexico20.mapyourshow.com/8_0/exhibitor/exhibitor-details.cfm?exhid=1906,
REDINDUSTRIAL - Mekishiko Systems,,,,,,3837,https://fabtechmexico20.mapyourshow.com/8_0/exhibitor/exhibitor-details.cfm?exhid=3446793,
Riggers Group,,,,,,118,https://fabtechmexico20.mapyourshow.com/8_0/exhibitor/exhibitor-details.cfm?exhid=1730,
Riggers Group,,,,,,118,https://fabtechmexico20.mapyourshow.com/8_0/exhibitor/exhibitor-details.cfm?exhid=1730,
Rigging Services Mexico,,,,,,122,https://fabtechmexico20.mapyourshow.com/8_0/exhibitor/exhibitor-details.cfm?exhid=1985,
Roberts Sinto de Mexico,,,,,,3829,https://fabtechmexico20.mapyourshow.com/8_0/exhibitor/exhibitor-details.cfm?exhid=3446705,
Roberts Sinto de Mexico,,,,,,3829,https://fabtechmexico20.mapyourshow.com/8_0/exhibitor/exhibitor-details.cfm?exhid=3446705,
SALVAGNINI MEXICO,,,,,,3341,https://fabtechmexico20.mapyourshow.com/8_0/exhibitor/exhibitor-details.cfm?exhid=1917,
SALVAGNINI MEXICO,,,,,,3341,https://fabtechmexico20.mapyourshow.com/8_0/exhibitor/exhibitor-details.cfm?exhid=1917,
Schmalz,,,,,,3142,https://fabtechmexico20.mapyourshow.com/8_0/exhibitor/exhibitor-details.cfm?exhid=3446442,
SD MAQ,,,,,,3246,https://fabtechmexico20.mapyourshow.com/8_0/exhibitor/exhibitor-details.cfm?exhid=3446795,
"Select-Arc, Inc.",,,,,,1934,https://fabtechmexico20.mapyourshow.com/8_0/exhibitor/exhibitor-details.cfm?exhid=1545,
"Select-Arc, Inc.",,,,,,1934,https://fabtechmexico20.mapyourshow.com/8_0/exhibitor/exhibitor-details.cfm?exhid=1545,
Serapid,,,,,,925,https://fabtechmexico20.mapyourshow.com/8_0/exhibitor/exhibitor-details.cfm?exhid=2153,
Serapid,,,,,,925,https://fabtechmexico20.mapyourshow.com/8_0/exhibitor/exhibitor-details.cfm?exhid=2153,
SEYI México,,,,,,522,https://fabtechmexico20.mapyourshow.com/8_0/exhibitor/exhibitor-details.cfm?exhid=1636,
SEYI México,,,,,,522,https://fabtechmexico20.mapyourshow.com/8_0/exhibitor/exhibitor-details.cfm?exhid=1636,
"Shandong Leapion Machinery, Co., Ltd.",,,,,,3016,https://fabtechmexico20.mapyourshow.com/8_0/exhibitor/exhibitor-details.cfm?exhid=3446788,
"Shanghai HI-ZONE Welding Equipment Manufacture Co.,Ltd.",,,,,,1436,https://fabtechmexico20.mapyourshow.com/8_0/exhibitor/exhibitor-details.cfm?exhid=3446791,
"Shenzhen Huayuanda Technology Co., Ltd.",,,,,,627,https://fabtechmexico20.mapyourshow.com/8_0/exhibitor/exhibitor-details.cfm?exhid=1892,
"Shenzhen Huayuanda Technology Co., Ltd.",,,,,,627,https://fabtechmexico20.mapyourshow.com/8_0/exhibitor/exhibitor-details.cfm?exhid=1892,
"Shenzhen Manyes Precision Metal Co., Ltd.",,,,,,804,https://fabtechmexico20.mapyourshow.com/8_0/exhibitor/exhibitor-details.cfm?exhid=3446751,
"Shenzhen Manyes Precision Metal Co., Ltd.",,,,,,804,https://fabtechmexico20.mapyourshow.com/8_0/exhibitor/exhibitor-details.cfm?exhid=3446751,
"ShenZhen Zhuotai Precision Tooling Co.,Ltd",,,,,,532,https://fabtechmexico20.mapyourshow.com/8_0/exhibitor/exhibitor-details.cfm?exhid=2713,
"ShenZhen Zhuotai Precision Tooling Co.,Ltd",,,,,,532,https://fabtechmexico20.mapyourshow.com/8_0/exhibitor/exhibitor-details.cfm?exhid=2713,
Sherwin-Williams,,,,,,4016,https://fabtechmexico20.mapyourshow.com/8_0/exhibitor/exhibitor-details.cfm?exhid=3446549,
Sherwin-Williams,,,,,,4016,https://fabtechmexico20.mapyourshow.com/8_0/exhibitor/exhibitor-details.cfm?exhid=3446549,
SIDECO,,,,,,3252,https://fabtechmexico20.mapyourshow.com/8_0/exhibitor/exhibitor-details.cfm?exhid=2526,
SIDECO,,,,,,3252,https://fabtechmexico20.mapyourshow.com/8_0/exhibitor/exhibitor-details.cfm?exhid=2526,
SigmaTEK Systems Mexico SA de CV,,,,,,2704,https://fabtechmexico20.mapyourshow.com/8_0/exhibitor/exhibitor-details.cfm?exhid=2126,
SigmaTEK Systems Mexico SA de CV,,,,,,2704,https://fabtechmexico20.mapyourshow.com/8_0/exhibitor/exhibitor-details.cfm?exhid=2126,
SIMPAC,,,,,,608,https://fabtechmexico20.mapyourshow.com/8_0/exhibitor/exhibitor-details.cfm?exhid=1988,
SIMPAC,,,,,,608,https://fabtechmexico20.mapyourshow.com/8_0/exhibitor/exhibitor-details.cfm?exhid=1988,
SMA Abrasives Corporation,,,,,,1528,https://fabtechmexico20.mapyourshow.com/8_0/exhibitor/exhibitor-details.cfm?exhid=1533,
SMA Abrasives Corporation,,,,,,1528,https://fabtechmexico20.mapyourshow.com/8_0/exhibitor/exhibitor-details.cfm?exhid=1533,
Soldadura y Equipos Automáticos,,,,,,1404,https://fabtechmexico20.mapyourshow.com/8_0/exhibitor/exhibitor-details.cfm?exhid=1735,
Soldadura y Equipos Automáticos,,,,,,1404,https://fabtechmexico20.mapyourshow.com/8_0/exhibitor/exhibitor-details.cfm?exhid=1735,
Soldaduras Industriales INFRA,,,,,,"1023,1124",https://fabtechmexico20.mapyourshow.com/8_0/exhibitor/exhibitor-details.cfm?exhid=3446741,
Soldaduras Industriales INFRA,,,,,,"1023,1124",https://fabtechmexico20.mapyourshow.com/8_0/exhibitor/exhibitor-details.cfm?exhid=3446741,
Soldaduras y Superaleaciones,,,,,,2208,https://fabtechmexico20.mapyourshow.com/8_0/exhibitor/exhibitor-details.cfm?exhid=1514,
Soldaduras y Superaleaciones,,,,,,2208,https://fabtechmexico20.mapyourshow.com/8_0/exhibitor/exhibitor-details.cfm?exhid=1514,
Southern Welding Systems Int'l,,,,,,1224,https://fabtechmexico20.mapyourshow.com/8_0/exhibitor/exhibitor-details.cfm?exhid=1511,
Southern Welding Systems Int'l,,,,,,1224,https://fabtechmexico20.mapyourshow.com/8_0/exhibitor/exhibitor-details.cfm?exhid=1511,
"Stamtec, Inc.",,,,,,424,https://fabtechmexico20.mapyourshow.com/8_0/exhibitor/exhibitor-details.cfm?exhid=1629,
"Stamtec, Inc.",,,,,,424,https://fabtechmexico20.mapyourshow.com/8_0/exhibitor/exhibitor-details.cfm?exhid=1629,
Steel Warehouse,,,,,,3004,https://fabtechmexico20.mapyourshow.com/8_0/exhibitor/exhibitor-details.cfm?exhid=1736,
Steel Warehouse,,,,,,3004,https://fabtechmexico20.mapyourshow.com/8_0/exhibitor/exhibitor-details.cfm?exhid=1736,
Steelmax,,,,,,2234,https://fabtechmexico20.mapyourshow.com/8_0/exhibitor/exhibitor-details.cfm?exhid=3446438,
Steelmax,,,,,,2234,https://fabtechmexico20.mapyourshow.com/8_0/exhibitor/exhibitor-details.cfm?exhid=3446438,
Steinel-HEMSA,,,,,,632,https://fabtechmexico20.mapyourshow.com/8_0/exhibitor/exhibitor-details.cfm?exhid=3446606,
Steinel-HEMSA,,,,,,632,https://fabtechmexico20.mapyourshow.com/8_0/exhibitor/exhibitor-details.cfm?exhid=3446606,
STM Robotics,,,,,,3551,https://fabtechmexico20.mapyourshow.com/8_0/exhibitor/exhibitor-details.cfm?exhid=3446712,
STM Robotics,,,,,,3737,https://fabtechmexico20.mapyourshow.com/8_0/exhibitor/exhibitor-details.cfm?exhid=3446712,
Suhner Productos Industriales Mexicanos,,,,,,1134,https://fabtechmexico20.mapyourshow.com/8_0/exhibitor/exhibitor-details.cfm?exhid=3446398,
Suhner Productos Industriales Mexicanos,,,,,,1134,https://fabtechmexico20.mapyourshow.com/8_0/exhibitor/exhibitor-details.cfm?exhid=3446398,
"SYIT Tooling Co., Ltd.",,,,,,728,https://fabtechmexico20.mapyourshow.com/8_0/exhibitor/exhibitor-details.cfm?exhid=3446738,
"SYIT Tooling Co., Ltd.",,,,,,728,https://fabtechmexico20.mapyourshow.com/8_0/exhibitor/exhibitor-details.cfm?exhid=3446738,
T-Drill Industries,,,,,,3508,https://fabtechmexico20.mapyourshow.com/8_0/exhibitor/exhibitor-details.cfm?exhid=3446591,
T-Drill Industries,,,,,,3508,https://fabtechmexico20.mapyourshow.com/8_0/exhibitor/exhibitor-details.cfm?exhid=3446591,
"Taizhou Xuanye Welding Materials Co., LTD",,,,,,1539,https://fabtechmexico20.mapyourshow.com/8_0/exhibitor/exhibitor-details.cfm?exhid=3446752,
"Taizhou Xuanye Welding Materials Co., LTD",,,,,,1539,https://fabtechmexico20.mapyourshow.com/8_0/exhibitor/exhibitor-details.cfm?exhid=3446752,
Tecnologia en Soldadura y Corte,,,,,,2542,https://fabtechmexico20.mapyourshow.com/8_0/exhibitor/exhibitor-details.cfm?exhid=6969,
Tecnopress,,,,,,604,https://fabtechmexico20.mapyourshow.com/8_0/exhibitor/exhibitor-details.cfm?exhid=1738,
Tecnopress,,,,,,604,https://fabtechmexico20.mapyourshow.com/8_0/exhibitor/exhibitor-details.cfm?exhid=1738,
TECOI CORTE S.L.,,,,,,2416,https://fabtechmexico20.mapyourshow.com/8_0/exhibitor/exhibitor-details.cfm?exhid=1968,
TECOI CORTE S.L.,,,,,,2416,https://fabtechmexico20.mapyourshow.com/8_0/exhibitor/exhibitor-details.cfm?exhid=1968,
Tierra Tech de México S.A. de C.V.,,,,,,3522,https://fabtechmexico20.mapyourshow.com/8_0/exhibitor/exhibitor-details.cfm?exhid=2384,
Tierra Tech de México S.A. de C.V.,,,,,,3522,https://fabtechmexico20.mapyourshow.com/8_0/exhibitor/exhibitor-details.cfm?exhid=2384,
Tiger Drylac Mexico,,,,,,4301,https://fabtechmexico20.mapyourshow.com/8_0/exhibitor/exhibitor-details.cfm?exhid=23178,
Tiger Drylac Mexico,,,,,,4301,https://fabtechmexico20.mapyourshow.com/8_0/exhibitor/exhibitor-details.cfm?exhid=23178,
Topwell,,,,,,2515,https://fabtechmexico20.mapyourshow.com/8_0/exhibitor/exhibitor-details.cfm?exhid=3446740,
Topwell,,,,,,2515,https://fabtechmexico20.mapyourshow.com/8_0/exhibitor/exhibitor-details.cfm?exhid=3446740,
Tower Fasteners De Mexico,,,,,,3835,https://fabtechmexico20.mapyourshow.com/8_0/exhibitor/exhibitor-details.cfm?exhid=1625,
Tower Fasteners De Mexico,,,,,,3835,https://fabtechmexico20.mapyourshow.com/8_0/exhibitor/exhibitor-details.cfm?exhid=1625,
Tower Metalworking Fluids,,,,,,625,https://fabtechmexico20.mapyourshow.com/8_0/exhibitor/exhibitor-details.cfm?exhid=1665,
Tower Metalworking Fluids,,,,,,625,https://fabtechmexico20.mapyourshow.com/8_0/exhibitor/exhibitor-details.cfm?exhid=1665,
"TOX PRESSOTECHNIK DE MEXICO, S DE RL DE CV",,,,,,302,https://fabtechmexico20.mapyourshow.com/8_0/exhibitor/exhibitor-details.cfm?exhid=2679,
"TOX PRESSOTECHNIK DE MEXICO, S DE RL DE CV",,,,,,302,https://fabtechmexico20.mapyourshow.com/8_0/exhibitor/exhibitor-details.cfm?exhid=2679,
Travers Tool,,,,,,2636,https://fabtechmexico20.mapyourshow.com/8_0/exhibitor/exhibitor-details.cfm?exhid=1996,
Travers Tool,,,,,,2636,https://fabtechmexico20.mapyourshow.com/8_0/exhibitor/exhibitor-details.cfm?exhid=1996,
Trimble Solutions Mexico,,,,,,3538,https://fabtechmexico20.mapyourshow.com/8_0/exhibitor/exhibitor-details.cfm?exhid=3446386,
Troax Safety Systems,,,,,,1736,https://fabtechmexico20.mapyourshow.com/8_0/exhibitor/exhibitor-details.cfm?exhid=2318,
Troax Safety Systems,,,,,,1736,https://fabtechmexico20.mapyourshow.com/8_0/exhibitor/exhibitor-details.cfm?exhid=2318,
TRUMPF,,,,,,3422,https://fabtechmexico20.mapyourshow.com/8_0/exhibitor/exhibitor-details.cfm?exhid=1600,
TRUMPF,,,,,,3422,https://fabtechmexico20.mapyourshow.com/8_0/exhibitor/exhibitor-details.cfm?exhid=1600,
Turck,,,,,,1104,https://fabtechmexico20.mapyourshow.com/8_0/exhibitor/exhibitor-details.cfm?exhid=3446441,
Turck,,,,,,1104,https://fabtechmexico20.mapyourshow.com/8_0/exhibitor/exhibitor-details.cfm?exhid=3446441,
TWILIGHT SA DE CV,,,,,,1543,https://fabtechmexico20.mapyourshow.com/8_0/exhibitor/exhibitor-details.cfm?exhid=27,
TWILIGHT SA DE CV,,,,,,1543,https://fabtechmexico20.mapyourshow.com/8_0/exhibitor/exhibitor-details.cfm?exhid=27,
"Ulbrinox, Inc.",,,,,,837,https://fabtechmexico20.mapyourshow.com/8_0/exhibitor/exhibitor-details.cfm?exhid=2385,
"Ulbrinox, Inc.",,,,,,837,https://fabtechmexico20.mapyourshow.com/8_0/exhibitor/exhibitor-details.cfm?exhid=2385,
UNICO TG / AFCO,,,,,,1025,https://fabtechmexico20.mapyourshow.com/8_0/exhibitor/exhibitor-details.cfm?exhid=3446790,
Unist Inc.,,,,,,623,https://fabtechmexico20.mapyourshow.com/8_0/exhibitor/exhibitor-details.cfm?exhid=2624,
Unist Inc.,,,,,,623,https://fabtechmexico20.mapyourshow.com/8_0/exhibitor/exhibitor-details.cfm?exhid=2624,
Universal Robots Mexico,,,,,,1216,https://fabtechmexico20.mapyourshow.com/8_0/exhibitor/exhibitor-details.cfm?exhid=2473,
Universal Robots Mexico,,,,,,1216,https://fabtechmexico20.mapyourshow.com/8_0/exhibitor/exhibitor-details.cfm?exhid=2473,
Uniweld Products Inc.,,,,,,1126,https://fabtechmexico20.mapyourshow.com/8_0/exhibitor/exhibitor-details.cfm?exhid=1553,
Uniweld Products Inc.,,,,,,1126,https://fabtechmexico20.mapyourshow.com/8_0/exhibitor/exhibitor-details.cfm?exhid=1553,
Vapor Technologies,,,,,,4124,https://fabtechmexico20.mapyourshow.com/8_0/exhibitor/exhibitor-details.cfm?exhid=3446784,
Vaughn Manufacturing,,,,,,836,https://fabtechmexico20.mapyourshow.com/8_0/exhibitor/exhibitor-details.cfm?exhid=1944,
Vaughn Manufacturing,,,,,,836,https://fabtechmexico20.mapyourshow.com/8_0/exhibitor/exhibitor-details.cfm?exhid=1944,
VBT Industrial,,,,,,2536,https://fabtechmexico20.mapyourshow.com/8_0/exhibitor/exhibitor-details.cfm?exhid=2530,
Verisurf,,,,,,916,https://fabtechmexico20.mapyourshow.com/8_0/exhibitor/exhibitor-details.cfm?exhid=3446787,
VI-TRA,,,,,,3823,https://fabtechmexico20.mapyourshow.com/8_0/exhibitor/exhibitor-details.cfm?exhid=1649,
VI-TRA,,,,,,3823,https://fabtechmexico20.mapyourshow.com/8_0/exhibitor/exhibitor-details.cfm?exhid=1649,
Viking International Group,,,,,,1029,https://fabtechmexico20.mapyourshow.com/8_0/exhibitor/exhibitor-details.cfm?exhid=3446572,
Viking International Group,,,,,,1029,https://fabtechmexico20.mapyourshow.com/8_0/exhibitor/exhibitor-details.cfm?exhid=3446572,
Vinssa,,,,,,1236,https://fabtechmexico20.mapyourshow.com/8_0/exhibitor/exhibitor-details.cfm?exhid=2319,
Vinssa,,,,,,1236,https://fabtechmexico20.mapyourshow.com/8_0/exhibitor/exhibitor-details.cfm?exhid=2319,
Vitracoat Pinturas en Polvo S.A de C.V.,,,,,,5020,https://fabtechmexico20.mapyourshow.com/8_0/exhibitor/exhibitor-details.cfm?exhid=29,
Vitracoat Pinturas en Polvo S.A de C.V.,,,,,,5020,https://fabtechmexico20.mapyourshow.com/8_0/exhibitor/exhibitor-details.cfm?exhid=29,
VITRONIC,,,,,,2123,https://fabtechmexico20.mapyourshow.com/8_0/exhibitor/exhibitor-details.cfm?exhid=3446504,
VITRONIC,,,,,,2123,https://fabtechmexico20.mapyourshow.com/8_0/exhibitor/exhibitor-details.cfm?exhid=3446504,
"Wagner Systems, Inc.",,,,,,4024,https://fabtechmexico20.mapyourshow.com/8_0/exhibitor/exhibitor-details.cfm?exhid=3446574,
"Wagner Systems, Inc.",,,,,,4024,https://fabtechmexico20.mapyourshow.com/8_0/exhibitor/exhibitor-details.cfm?exhid=3446574,
Weiler de México,,,,,,2523,https://fabtechmexico20.mapyourshow.com/8_0/exhibitor/exhibitor-details.cfm?exhid=1570,
Weiler de México,,,,,,2523,https://fabtechmexico20.mapyourshow.com/8_0/exhibitor/exhibitor-details.cfm?exhid=1570,
Weldsale LLC,,,,,,2304,https://fabtechmexico20.mapyourshow.com/8_0/exhibitor/exhibitor-details.cfm?exhid=1560,
Weldsale LLC,,,,,,2304,https://fabtechmexico20.mapyourshow.com/8_0/exhibitor/exhibitor-details.cfm?exhid=1560,
Wenzhou Xidin,,,,,,2525,https://fabtechmexico20.mapyourshow.com/8_0/exhibitor/exhibitor-details.cfm?exhid=3446633,
Wenzhou Xidin,,,,,,2525,https://fabtechmexico20.mapyourshow.com/8_0/exhibitor/exhibitor-details.cfm?exhid=3446633,
Wila USA,,,,,,3302,https://fabtechmexico20.mapyourshow.com/8_0/exhibitor/exhibitor-details.cfm?exhid=1588,
Wila USA,,,,,,3302,https://fabtechmexico20.mapyourshow.com/8_0/exhibitor/exhibitor-details.cfm?exhid=1588,
Wire Wizard Welding Products,,,,,,1722,https://fabtechmexico20.mapyourshow.com/8_0/exhibitor/exhibitor-details.cfm?exhid=1552a,
Wire Wizard Welding Products,,,,,,1722,https://fabtechmexico20.mapyourshow.com/8_0/exhibitor/exhibitor-details.cfm?exhid=1552a,
"Wise Welding Technology & Engineering Co.,Ltd",,,,,,2527,https://fabtechmexico20.mapyourshow.com/8_0/exhibitor/exhibitor-details.cfm?exhid=2665,
"Wise Welding Technology & Engineering Co.,Ltd",,,,,,2527,https://fabtechmexico20.mapyourshow.com/8_0/exhibitor/exhibitor-details.cfm?exhid=2665,
"Wuxi Longteng Welding and Cutting Equipment Co.,Ltd",,,,,,1448,https://fabtechmexico20.mapyourshow.com/8_0/exhibitor/exhibitor-details.cfm?exhid=3446792,
"Wuzhou Ally Protect Co., Ltd.",,,,,,1546,https://fabtechmexico20.mapyourshow.com/8_0/exhibitor/exhibitor-details.cfm?exhid=3446747,
"Wuzhou Ally Protect Co., Ltd.",,,,,,1546,https://fabtechmexico20.mapyourshow.com/8_0/exhibitor/exhibitor-details.cfm?exhid=3446747,
XINYONGXU METAL & MOULD (SHENZHEN) CO. LTD.,,,,,,1022,https://fabtechmexico20.mapyourshow.com/8_0/exhibitor/exhibitor-details.cfm?exhid=2398,
XINYONGXU METAL & MOULD (SHENZHEN) CO. LTD.,,,,,,1022,https://fabtechmexico20.mapyourshow.com/8_0/exhibitor/exhibitor-details.cfm?exhid=2398,
Yaskawa Mexico S.A. de C.V,,,,,,1908,https://fabtechmexico20.mapyourshow.com/8_0/exhibitor/exhibitor-details.cfm?exhid=1543,
Yaskawa Mexico S.A. de C.V,,,,,,1908,https://fabtechmexico20.mapyourshow.com/8_0/exhibitor/exhibitor-details.cfm?exhid=1543,
"YLM USA, Inc.",,,,,,3816,https://fabtechmexico20.mapyourshow.com/8_0/exhibitor/exhibitor-details.cfm?exhid=2670,
"YLM USA, Inc.",,,,,,3816,https://fabtechmexico20.mapyourshow.com/8_0/exhibitor/exhibitor-details.cfm?exhid=2670,
"Yongda Precision Mould Co., Ltd",,,,,,1028,https://fabtechmexico20.mapyourshow.com/8_0/exhibitor/exhibitor-details.cfm?exhid=3446427,
"Yongda Precision Mould Co., Ltd",,,,,,1028,https://fabtechmexico20.mapyourshow.com/8_0/exhibitor/exhibitor-details.cfm?exhid=3446427,
Zerust Corrosion Solutions,,,,,,3439,https://fabtechmexico20.mapyourshow.com/8_0/exhibitor/exhibitor-details.cfm?exhid=2512,
Zerust Corrosion Solutions,,,,,,3439,https://fabtechmexico20.mapyourshow.com/8_0/exhibitor/exhibitor-details.cfm?exhid=2512,
"Zhejiang Jingwei Welding & Cutting Technology Co., Ltd.",,,,,,2534,https://fabtechmexico20.mapyourshow.com/8_0/exhibitor/exhibitor-details.cfm?exhid=3446615,
"Zhejiang Jingwei Welding & Cutting Technology Co., Ltd.",,,,,,2534,https://fabtechmexico20.mapyourshow.com/8_0/exhibitor/exhibitor-details.cfm?exhid=3446615,
Zhengzhou Anxin Abrasives,,,,,,3524,https://fabtechmexico20.mapyourshow.com/8_0/exhibitor/exhibitor-details.cfm?exhid=1510,
Zhengzhou Anxin Abrasives,,,,,,3524,https://fabtechmexico20.mapyourshow.com/8_0/exhibitor/exhibitor-details.cfm?exhid=1510,
"ZHIJIA TOOL＆DIE CO.,LTD.",,,,,,822,https://fabtechmexico20.mapyourshow.com/8_0/exhibitor/exhibitor-details.cfm?exhid=2710,
"ZHIJIA TOOL＆DIE CO.,LTD.",,,,,,822,https://fabtechmexico20.mapyourshow.com/8_0/exhibitor/exhibitor-details.cfm?exhid=2710,
Ziroba Industrial,,,,,,1328,https://fabtechmexico20.mapyourshow.com/8_0/exhibitor/exhibitor-details.cfm?exhid=1531,
Ziroba Industrial,,,,,,1328,https://fabtechmexico20.mapyourshow.com/8_0/exhibitor/exhibitor-details.cfm?exhid=1531,
