name,address,city,country,phone,website,booth_no,src_url,products,,
360 Yield Center,,,,2177371469,http://360yieldcenter.com,768,https://hhd19.mapyourshow.com/8_0/exhibitor/exhibitor-details.cfm?exhid=371400,,,
"4-L Manufacturing, Inc. / Ultra Light",,,,319-455-2450,http://WWW.4LMFG.COM,129,https://hhd19.mapyourshow.com/8_0/exhibitor/exhibitor-details.cfm?exhid=375377,,,
5M Ag LLC/Groff AG,,,,3088820014,http://www.groffag.com,736,https://hhd19.mapyourshow.com/8_0/exhibitor/exhibitor-details.cfm?exhid=10005550,"FERTILIZER APPLICATION,GPS & PRECISION AG PRODUCTS,GUIDANCE SYSTEMS,PLANTERS & ACCESSORIES,TILLAGE EQUIPMENT & ACCESSORIES",,
"A Home of Your Own, Inc.",,,,5075533103,http://www.ahomeofyourown.com,DIBN1579,https://hhd19.mapyourshow.com/8_0/exhibitor/exhibitor-details.cfm?exhid=10002548,,,
A&I Products,,,,8006574343,http://www.aiproducts.com,1145,https://hhd19.mapyourshow.com/8_0/exhibitor/exhibitor-details.cfm?exhid=10011198,,,
"Abel, Inc.",,,,4022763389,http://www.abelinc.net,1017,https://hhd19.mapyourshow.com/8_0/exhibitor/exhibitor-details.cfm?exhid=407540,,,
Abilene Machine LLC,,,,8002550337,http://www.AbileneMachine.com,29,https://hhd19.mapyourshow.com/8_0/exhibitor/exhibitor-details.cfm?exhid=10000150,,,
Ace Irrigation & Mfg. Co.,,,,3082375173,http://acenebraska.com,340,https://hhd19.mapyourshow.com/8_0/exhibitor/exhibitor-details.cfm?exhid=10000151,,,
Ackerman Distributing,,,,8007269091,http://www.AckermanDistributing.com,104,https://hhd19.mapyourshow.com/8_0/exhibitor/exhibitor-details.cfm?exhid=10007315,"FEEDING EQUIPMENT & ACCESSORIES,FENCING, GATES & PANELS,GRAIN HANDLING EQUIPMENT,LIVESTOCK HANDLING EQUIPMENT,LIVESTOCK SUPPLIES,LIVESTOCK WATERERS,PEST CONTROL",,
ADS Bulk Seed Buggy / Ag Dryer Services,,,,3088564636,http://www.agdryer.com,10E,https://hhd19.mapyourshow.com/8_0/exhibitor/exhibitor-details.cfm?exhid=10002544,,,
Advocare Independent Distributor,,,,3083805026,,42W,https://hhd19.mapyourshow.com/8_0/exhibitor/exhibitor-details.cfm?exhid=351646,,,
Aero Industries,,,,8005358552,,857,https://hhd19.mapyourshow.com/8_0/exhibitor/exhibitor-details.cfm?exhid=10003039,,,
Ag & Industrial Equipment,,,,4028934745,http://331 Relf Ave,932,https://hhd19.mapyourshow.com/8_0/exhibitor/exhibitor-details.cfm?exhid=10005265,,,
AG Belt,,,,5152870310,http://www.agbeltinc.com,DIBW1725,https://hhd19.mapyourshow.com/8_0/exhibitor/exhibitor-details.cfm?exhid=10011387,"CONVEYORS,HAY HANDLING EQUIPMENT,PARTS & ACCESSORIES,TOOLS",,
Ag Express Electronics,,,,3083812905,http://www.agexpress.com,DIBS1678,https://hhd19.mapyourshow.com/8_0/exhibitor/exhibitor-details.cfm?exhid=10001598,,,
Ag Leader Technology,,,,5157357000,http://www.agleader.com,57,https://hhd19.mapyourshow.com/8_0/exhibitor/exhibitor-details.cfm?exhid=10001599,,,
Ag Spray,,,,4025644544,http://agspray.com,733,https://hhd19.mapyourshow.com/8_0/exhibitor/exhibitor-details.cfm?exhid=10000357,,,
AGCO Corporation,,,,8775254384,http://AGCOcorp.com,450,https://hhd19.mapyourshow.com/8_0/exhibitor/exhibitor-details.cfm?exhid=10000000,"COMBINES & ACCESSORIES,FERTILIZER APPLICATION,HARVESTING EQUIPMENT,HAY RAKES,PLANTERS & ACCESSORIES,TILLAGE EQUIPMENT & ACCESSORIES,TRACTORS & ACCESSORIES",,
AGI,,,,2044891855,http://aggrowth.com,326,https://hhd19.mapyourshow.com/8_0/exhibitor/exhibitor-details.cfm?exhid=10011896,,,
AGI Batco,,,,8776677421,http://batcomfg.com,326,https://hhd19.mapyourshow.com/8_0/exhibitor/exhibitor-details.cfm?exhid=10003623,,,
AGI Hutchinson-Mayrath,,,,7856322161,http://www.hutchinson-mayrath.com,326,https://hhd19.mapyourshow.com/8_0/exhibitor/exhibitor-details.cfm?exhid=10002923,,,
AGI MFS-York-Stormor-Brownie,,,,3083849320,http://www.mfsyork.com,326,https://hhd19.mapyourshow.com/8_0/exhibitor/exhibitor-details.cfm?exhid=10000283,,,
AGI NECO,,,,4024536912,http://necodryers.com,326,https://hhd19.mapyourshow.com/8_0/exhibitor/exhibitor-details.cfm?exhid=10000301,,,
AGI REM,,,,8776677421,http://grainvac.com,326,https://hhd19.mapyourshow.com/8_0/exhibitor/exhibitor-details.cfm?exhid=345475,,,
AGI Sentinel,,,,4023955076,http://www.sentinelbuildings.com,326,https://hhd19.mapyourshow.com/8_0/exhibitor/exhibitor-details.cfm?exhid=10000358,,,
AGI SureTrack,,,,2042359495,http://aggrowth.com,326,https://hhd19.mapyourshow.com/8_0/exhibitor/exhibitor-details.cfm?exhid=10011851,,,
AGI Wheatheart,,,,8664677207,http://www.wheatheart.com,326,https://hhd19.mapyourshow.com/8_0/exhibitor/exhibitor-details.cfm?exhid=10003627,,,
Agri-Inject,,,,9708485336,http://www.agri-inject.com,DIBS1655,https://hhd19.mapyourshow.com/8_0/exhibitor/exhibitor-details.cfm?exhid=10006595,,,
AgriGold,,,,6189435776,http://agrigold.com,1122,https://hhd19.mapyourshow.com/8_0/exhibitor/exhibitor-details.cfm?exhid=10001530,,,
AGROdeviate,,,,3087088185,http://www.hawkinsag.com,713714,https://hhd19.mapyourshow.com/8_0/exhibitor/exhibitor-details.cfm?exhid=10002625,,,
AGROECOPOWER LLC,,,,4027108350,https://www.agroecopower.com/,748,https://hhd19.mapyourshow.com/8_0/exhibitor/exhibitor-details.cfm?exhid=406356,,,
"AgSynergy, LLC",,,,7853366333,http://www.agsynergy.com,419,https://hhd19.mapyourshow.com/8_0/exhibitor/exhibitor-details.cfm?exhid=10010863,,,
Agworld,,,,(559) 931-0030,http://agworld.com,DIBN1528,https://hhd19.mapyourshow.com/8_0/exhibitor/exhibitor-details.cfm?exhid=430161,"COMPUTERS & SOFTWARE,FARM & FIELD RECORDKEEPING,GPS & PRECISION AG PRODUCTS",,
AKRON,,,,4025631502,http://www.buschequipment.com,64,https://hhd19.mapyourshow.com/8_0/exhibitor/exhibitor-details.cfm?exhid=421826,,,
"Alkota Cleaning Systems, Inc.",,,,6059342222,http://www.alkota.com,619,https://hhd19.mapyourshow.com/8_0/exhibitor/exhibitor-details.cfm?exhid=10000553,,,
"All States Ag Parts, LLC",,,,5158668558,http://tractorpartsasap.com,DIBW1700,https://hhd19.mapyourshow.com/8_0/exhibitor/exhibitor-details.cfm?exhid=10001343,,,
Alliance Tire Group,,,,3399008051,http://www.atgtire.com,258,https://hhd19.mapyourshow.com/8_0/exhibitor/exhibitor-details.cfm?exhid=296395,,,
"Allied Genetics, LLC.",,,,7126542559,http://alliedgenetics.com,43E,https://hhd19.mapyourshow.com/8_0/exhibitor/exhibitor-details.cfm?exhid=10002834,,,
America's Alfalfa,,,,970-629-0263,http://www.americasalfalfa.com,DIBW1731,https://hhd19.mapyourshow.com/8_0/exhibitor/exhibitor-details.cfm?exhid=10003278,,,
American Eagle,,,,6419234340,http://www.americaneagleacc.com,814,https://hhd19.mapyourshow.com/8_0/exhibitor/exhibitor-details.cfm?exhid=259773,"LUBRICANTS, FUELS & EQUIPMENT,TRAILERS & ACCESSORIES,TRUCKS, AUTOS & ACCESSORIES",,
American Welding Society,,,,8004439353,http://www.aws.org,127,https://hhd19.mapyourshow.com/8_0/exhibitor/exhibitor-details.cfm?exhid=165628,,,
Amish Furniture of Nebraska,,,,3083842284,http://www.AmishFurnitureofNE.com,1022,https://hhd19.mapyourshow.com/8_0/exhibitor/exhibitor-details.cfm?exhid=10003096,HOME PRODUCTS & SERVICES,,
"Anderson Industrial Engines Co., Inc.",,,,4025588700,http://ai-engines.com,234,https://hhd19.mapyourshow.com/8_0/exhibitor/exhibitor-details.cfm?exhid=10002833,,,
Apache Palco Henke Buffalo,,,,4023711400,http://www.apacheequipment.com,468,https://hhd19.mapyourshow.com/8_0/exhibitor/exhibitor-details.cfm?exhid=10000157,,,
Artex Manufacturing,,,,5076442893,http://www.artexmfg.com,352,https://hhd19.mapyourshow.com/8_0/exhibitor/exhibitor-details.cfm?exhid=10010959,,,
Arts & Craft Tent,,,,4024899366,,42W,https://hhd19.mapyourshow.com/8_0/exhibitor/exhibitor-details.cfm?exhid=10010426,,,
Ashland Industries Earthmovers,,,,7156824622,http://www.ashlandind.com,64,https://hhd19.mapyourshow.com/8_0/exhibitor/exhibitor-details.cfm?exhid=10002835,,,
Astro Buildings,,,,4022929894,http://www.astrobuildings.com,620,https://hhd19.mapyourshow.com/8_0/exhibitor/exhibitor-details.cfm?exhid=10000159,,,
AuctionTime.com,,,,8003347445,http://www.auctiontime.com,1137,https://hhd19.mapyourshow.com/8_0/exhibitor/exhibitor-details.cfm?exhid=10010398,"AUCTIONS,COMBINES & ACCESSORIES,HARVESTING EQUIPMENT,PUBLICATIONS,TRACTORS & ACCESSORIES,TRAILERS & ACCESSORIES",,
Automatic Equipment Manufacturing,,,,4023852844,http://www.automaticag.com,452,https://hhd19.mapyourshow.com/8_0/exhibitor/exhibitor-details.cfm?exhid=401172,,,
B.B.'s Metalworks Inc.,,,,4023638976,,639,https://hhd19.mapyourshow.com/8_0/exhibitor/exhibitor-details.cfm?exhid=10010659,,,
Barn Candle Company LLC,,,,4024614763,,42W,https://hhd19.mapyourshow.com/8_0/exhibitor/exhibitor-details.cfm?exhid=10012285,,,
Beaver Valley Supply Co Inc,,,,8009821280,http://www.beavervalleysupply.com,912,https://hhd19.mapyourshow.com/8_0/exhibitor/exhibitor-details.cfm?exhid=10000170,,,
"Beef Producer, BEEF & Feedstuffs",,,,6305244723,http://www.BeefProducer.com, www.BEEFmagazine.com, www.Feedstuffs.com, www.NationalHogFarmer.com,LIB1921,https://hhd19.mapyourshow.com/8_0/exhibitor/exhibitor-details.cfm?exhid=347405
Behlen Building Systems,,,,4025624190,http://www.behlenmfg.com,536,https://hhd19.mapyourshow.com/8_0/exhibitor/exhibitor-details.cfm?exhid=10002898,,,
Behlen Country,,,,4025624190,http://www.behlencountry.com,367,https://hhd19.mapyourshow.com/8_0/exhibitor/exhibitor-details.cfm?exhid=10002561,,,
Bella Design & Decor,,,,3083981212,,42W,https://hhd19.mapyourshow.com/8_0/exhibitor/exhibitor-details.cfm?exhid=423764,,,
"Besler Industries, Inc.",,,,3086974698,http://www.beslerindustries.com,45,https://hhd19.mapyourshow.com/8_0/exhibitor/exhibitor-details.cfm?exhid=10000168,,,
Bestway Sales,,,,7857422949,http://www.bestwaysalesllc.com,625,https://hhd19.mapyourshow.com/8_0/exhibitor/exhibitor-details.cfm?exhid=10002708,,,
Big Dog Mowers,,,,4029681744,http://www.bigdogmnowerco.com,55,https://hhd19.mapyourshow.com/8_0/exhibitor/exhibitor-details.cfm?exhid=421962,MOWERS,,
Big John Mfg Co,,,,4027483860,http://www.bigjohnmfg.com,834,https://hhd19.mapyourshow.com/8_0/exhibitor/exhibitor-details.cfm?exhid=10000171,,,
BigIron,,,,4023056372,http://www.bigiron.com,1133,https://hhd19.mapyourshow.com/8_0/exhibitor/exhibitor-details.cfm?exhid=10002064,,,
BigIron Realty,,,,4026491786,http://www.bigironrealty.com,"1123,DIBN1552",https://hhd19.mapyourshow.com/8_0/exhibitor/exhibitor-details.cfm?exhid=422033,,,
"Bills Volume Sales, Inc.",,,,3089463068,http://www.billsvolume.com,356,https://hhd19.mapyourshow.com/8_0/exhibitor/exhibitor-details.cfm?exhid=10000174,,,
Black Hills Energy,,,,888-890-5554,http://www.naturalgetsitdone.com,705,https://hhd19.mapyourshow.com/8_0/exhibitor/exhibitor-details.cfm?exhid=368882,"GRAIN HANDLING EQUIPMENT,IRRIGATION & CHEMIGATION EQPT.,UTILITY COMPANIES,WIND & ALTERNATIVE ENERGY",,
Blankets 4 U,,,,3083805026,,42W,https://hhd19.mapyourshow.com/8_0/exhibitor/exhibitor-details.cfm?exhid=10011645,,,
Blattner Feedlot Construction,,,,6208552385,http://www.blattnerlivestock.com,9W,https://hhd19.mapyourshow.com/8_0/exhibitor/exhibitor-details.cfm?exhid=10010304,,,
BLU-JET,,,,4029223835,http://www.blu-jet.com,27W,https://hhd19.mapyourshow.com/8_0/exhibitor/exhibitor-details.cfm?exhid=10000381,"FERTILIZER APPLICATION,IRRIGATION & CHEMIGATION EQPT.,PIVOT TRACK CLOSERS,STRIP TILL,TILING EQUIPMENT & ACCESSORIES,TILLAGE EQUIPMENT & ACCESSORIES",,
Blue River Art & Crafts,,,,4029848976,,42W,https://hhd19.mapyourshow.com/8_0/exhibitor/exhibitor-details.cfm?exhid=10003580,,,
Bobcat Company,,,,4026435099,http://www.bobcat.com,30,https://hhd19.mapyourshow.com/8_0/exhibitor/exhibitor-details.cfm?exhid=10006311,,,
Boots & Barbwire Creations,,,,4024542208,,42W,https://hhd19.mapyourshow.com/8_0/exhibitor/exhibitor-details.cfm?exhid=423382,,,
Brand Hydraulics Co.,,,,4023444434,http://Brand-hyd.com,DIBN1503,https://hhd19.mapyourshow.com/8_0/exhibitor/exhibitor-details.cfm?exhid=120732,,,
BRANDT,,,,4073109181,,DIBW1704,https://hhd19.mapyourshow.com/8_0/exhibitor/exhibitor-details.cfm?exhid=376737,,,
Brandt Agricultural Products,,,,3067915953,http://www.brandt.ca,718,https://hhd19.mapyourshow.com/8_0/exhibitor/exhibitor-details.cfm?exhid=10007620,,,
Bridgeview Manufacturing Inc.,,,,4023402179,http://www.bridgeviewmanufacturing.com,9E,https://hhd19.mapyourshow.com/8_0/exhibitor/exhibitor-details.cfm?exhid=10010686,,,
Brillion Farm Equipment,,,,7855624602,http://www.landoll.com,542,https://hhd19.mapyourshow.com/8_0/exhibitor/exhibitor-details.cfm?exhid=129530,,,
Bristol Windows,,,,4024358815,,DIBW1755,https://hhd19.mapyourshow.com/8_0/exhibitor/exhibitor-details.cfm?exhid=10003705,,,
Brock Grain Systems,,,,5746584191,http://www.BrockGrain.com,847,https://hhd19.mapyourshow.com/8_0/exhibitor/exhibitor-details.cfm?exhid=10001223,"AERATION,AUGERS,BINS,CONVEYORS,DRYERS & DRYING EQUIPMENT,FANS,GRAIN HANDLING EQUIPMENT",,
Brothers Equipment Inc.,,,,4029472831,http://brothersequip.com,954,https://hhd19.mapyourshow.com/8_0/exhibitor/exhibitor-details.cfm?exhid=10000176,,,
Brute Cattle Equipment - Dodge Manufacturing Co.,,,,4026932221,http://www.dodgemfg.com,260,https://hhd19.mapyourshow.com/8_0/exhibitor/exhibitor-details.cfm?exhid=10005180,,,
Burchland Manufacturing Inc.,,,,6414982063,http://www.burchlandmfg.com,1129,https://hhd19.mapyourshow.com/8_0/exhibitor/exhibitor-details.cfm?exhid=10008928,,,
Bureau of Land Management,,,,3088564498,,50E,https://hhd19.mapyourshow.com/8_0/exhibitor/exhibitor-details.cfm?exhid=10000804,,,
Busch Equipment Co. LLC,,,,4025631502,http://www.buschequipment.com,64,https://hhd19.mapyourshow.com/8_0/exhibitor/exhibitor-details.cfm?exhid=10005540,,,
Bush Hog Inc.,,,,3348742853,http://www.bushhog.com,1121,https://hhd19.mapyourshow.com/8_0/exhibitor/exhibitor-details.cfm?exhid=10001119,,,
Buzzard Gulch Inc.,,,,6604392785,http://www.buzzardgulch.com,46E,https://hhd19.mapyourshow.com/8_0/exhibitor/exhibitor-details.cfm?exhid=10001533,,,
C5 Manufacturing LLC,,,,6205323675,http://www.c5mfg.com,255,https://hhd19.mapyourshow.com/8_0/exhibitor/exhibitor-details.cfm?exhid=10000181,,,
Callicrate Banders,,,,7853323344,http://www.callicratebanders.com,LIB1933,https://hhd19.mapyourshow.com/8_0/exhibitor/exhibitor-details.cfm?exhid=10002947,,,
"Calmer Corn Heads, Inc.",,,,3096299000,http://www.calmercornheads.com,1E,https://hhd19.mapyourshow.com/8_0/exhibitor/exhibitor-details.cfm?exhid=10001301,,,
Camso,,,,8198681500,http://www.camso.co,114,https://hhd19.mapyourshow.com/8_0/exhibitor/exhibitor-details.cfm?exhid=10003198,,,
Can-Am BRP,,,,4505322211,https://can-am.brp.com/off-road,1151,https://hhd19.mapyourshow.com/8_0/exhibitor/exhibitor-details.cfm?exhid=406352,,,
"Cappel Sales, Inc.",,,,3083455115,http://www.cappelsales.com,249,https://hhd19.mapyourshow.com/8_0/exhibitor/exhibitor-details.cfm?exhid=10011006,,,
CapstanAG,,,,7852324477,http://www.capstanag.com,344,https://hhd19.mapyourshow.com/8_0/exhibitor/exhibitor-details.cfm?exhid=10010137,,,
Case IH,,,,2626365547,http://www.caseih.com,1154,https://hhd19.mapyourshow.com/8_0/exhibitor/exhibitor-details.cfm?exhid=10004287,"COMBINES & ACCESSORIES,CROP PROTECTION,HARVESTING EQUIPMENT,LIVESTOCK,PLANTERS & ACCESSORIES,SPRAYERS & ACCESSORIES,TILLAGE EQUIPMENT & ACCESSORIES",,
Central City Scale Inc,,,,3089463591,http://www.ccscales.com,368,https://hhd19.mapyourshow.com/8_0/exhibitor/exhibitor-details.cfm?exhid=10000182,,,
Central Community College,,,,3083987420,http://www.cccneb.edu,232,https://hhd19.mapyourshow.com/8_0/exhibitor/exhibitor-details.cfm?exhid=10002841,,,
CGB - Diversified Crop Insurance Services & AgriFinancial,,,,2174300455,http://www.diversifiedcropinsuranceservices.com,725,https://hhd19.mapyourshow.com/8_0/exhibitor/exhibitor-details.cfm?exhid=428762,,,
Champion Seed,,,,8884172004,,1105,https://hhd19.mapyourshow.com/8_0/exhibitor/exhibitor-details.cfm?exhid=10009350,,,
Channel,,,,3146941000,,22E,https://hhd19.mapyourshow.com/8_0/exhibitor/exhibitor-details.cfm?exhid=10002562,,,
Chevrolet,,,,4695651010,http://Chevrolet.com,564,https://hhd19.mapyourshow.com/8_0/exhibitor/exhibitor-details.cfm?exhid=408196,,,
Chief Industries - BonnaVilla,,,,3083898305,http://www.bonnavilla.com,432,https://hhd19.mapyourshow.com/8_0/exhibitor/exhibitor-details.cfm?exhid=10008211,,,
"Chief Industries, Inc.",,,,8003597600,http://chiefind.com,430,https://hhd19.mapyourshow.com/8_0/exhibitor/exhibitor-details.cfm?exhid=10000185,"AERATION,BINS,BUILDINGS & COMPONENTS,DRYERS & DRYING EQUIPMENT,ENVIRONMENTAL PRODUCTS & SYSTEMS,GRAIN HANDLING EQUIPMENT",,
Chugwater Chili Corp.,,,,3074223345,,42W,https://hhd19.mapyourshow.com/8_0/exhibitor/exhibitor-details.cfm?exhid=428758,,,
Circle D Corporation,,,,6209472385,,253,https://hhd19.mapyourshow.com/8_0/exhibitor/exhibitor-details.cfm?exhid=10000186,,,
CL Fabrication Inc,,,,7125425500,http://www.clfab.com,661,https://hhd19.mapyourshow.com/8_0/exhibitor/exhibitor-details.cfm?exhid=376202,"HAY HANDLING EQUIPMENT,LAWN & GARDEN,LOADERS & ACCESSORIES,SKID STEER LOADERS & ACCESSORIES,SNOW PLOWS & SNOW REMOVAL EQPT.,TRACTORS & ACCESSORIES,TREE CUTTING & TRIMMING",,
CLAAS of America,,,,4028611000,https://www.claasofamerica.com/,1068,https://hhd19.mapyourshow.com/8_0/exhibitor/exhibitor-details.cfm?exhid=10005961,"COMBINES & ACCESSORIES,FORAGE EQPT. & ACCESSORIES,HARVESTING EQUIPMENT,TRACTORS & ACCESSORIES",,
Clarks Ag Supply,,,,3085482555,http://clarksagsupply.com,907,https://hhd19.mapyourshow.com/8_0/exhibitor/exhibitor-details.cfm?exhid=10000187,,,
Cleary Building Corp,,,,8003735550,http://ClearyBuilding.com,806,https://hhd19.mapyourshow.com/8_0/exhibitor/exhibitor-details.cfm?exhid=10002581,,,
Colby Canvas Company,,,,7854623981,http://colbycanvas.com,663,https://hhd19.mapyourshow.com/8_0/exhibitor/exhibitor-details.cfm?exhid=10003008,,,
Colorado Hemp Genetics,,,,7195820399,https://www.cohempgenetics.com/,DIBS1627,https://hhd19.mapyourshow.com/8_0/exhibitor/exhibitor-details.cfm?exhid=429991,SEED,,
Commercial Industrial Supply,,,,8165052345,,218,https://hhd19.mapyourshow.com/8_0/exhibitor/exhibitor-details.cfm?exhid=416257,,,
Conklin AgroVantage Yield Champions,,,,4024307727,http://www.YieldChampions.com,DIBN1575,https://hhd19.mapyourshow.com/8_0/exhibitor/exhibitor-details.cfm?exhid=10000379,,,
Conrad American/Pride of the Farm,,,,3083827207,http://www.prideofthefarm.com,830,https://hhd19.mapyourshow.com/8_0/exhibitor/exhibitor-details.cfm?exhid=10000190,,,
Conveyair,,,,4025631502,http://www.buschequipment.com,64,https://hhd19.mapyourshow.com/8_0/exhibitor/exhibitor-details.cfm?exhid=347818,,,
"Cooperative Producers, Inc.",,,,4024635148,http://www.cpicoop.com,53,https://hhd19.mapyourshow.com/8_0/exhibitor/exhibitor-details.cfm?exhid=10006545,,,
Copperhead Ag,,,,8557407440,http://www.CopperheadAg.com,957,https://hhd19.mapyourshow.com/8_0/exhibitor/exhibitor-details.cfm?exhid=10009470,,,
Copperhead Concave Systems,,,,,https://www.copperheadag.com/category/copperhead-concave-system/,957,https://hhd19.mapyourshow.com/8_0/exhibitor/exhibitor-details.cfm?exhid=375649,,,
Country Rhoads Jalapeno Jelly,,,,4028795383,,42W,https://hhd19.mapyourshow.com/8_0/exhibitor/exhibitor-details.cfm?exhid=10011528,,,
Crary Industries,,,,8002477335,http://www.crary.com,130,https://hhd19.mapyourshow.com/8_0/exhibitor/exhibitor-details.cfm?exhid=10002843,,,
Cream of Country,,,,6053485974,,42W,https://hhd19.mapyourshow.com/8_0/exhibitor/exhibitor-details.cfm?exhid=10002885,,,
Critel Buildings,,,,4029849613,http://critelbuildings.com,1018,https://hhd19.mapyourshow.com/8_0/exhibitor/exhibitor-details.cfm?exhid=421828,,,
CropMetrics,,,,3083800509,http://www.CropMetrics.com,DIBW1732,https://hhd19.mapyourshow.com/8_0/exhibitor/exhibitor-details.cfm?exhid=405764,,,
"Cross and Sons, Inc",,,,4026410300,http://www.crossandsonsinc.com,1112,https://hhd19.mapyourshow.com/8_0/exhibitor/exhibitor-details.cfm?exhid=400272,,,
Crossroads Welding LLC,,,,3088321287,http://www.crossroadswelding.com,262,https://hhd19.mapyourshow.com/8_0/exhibitor/exhibitor-details.cfm?exhid=10007117,,,
Crustbuster / Speed King Inc.,,,,6202277106,,41,https://hhd19.mapyourshow.com/8_0/exhibitor/exhibitor-details.cfm?exhid=10002592,,,
Cummins Inc.,,,,4025517678,http://salesandservice.cummins.com,20,https://hhd19.mapyourshow.com/8_0/exhibitor/exhibitor-details.cfm?exhid=370099,,,
Customer Solutions Network,,,,3083819355,,"1157,DIBW1832",https://hhd19.mapyourshow.com/8_0/exhibitor/exhibitor-details.cfm?exhid=10010380,,,
Dalton Ag Products,,,,1-800-342-7498,http://www.daltonag.com,140,https://hhd19.mapyourshow.com/8_0/exhibitor/exhibitor-details.cfm?exhid=10009055,,,
Davis Instruments,,,,5107329229,http://www.davisinstruments.com,DIBW1834,https://hhd19.mapyourshow.com/8_0/exhibitor/exhibitor-details.cfm?exhid=256689,"COMPUTERS & SOFTWARE,CROP PROTECTION,ENVIRONMENTAL PRODUCTS & SYSTEMS,GPS & PRECISION AG PRODUCTS,IRRIGATION & CHEMIGATION EQPT.,PEST CONTROL",,
Deines Manufacturing Corporation,,,,7857312271,http://marty-j.com,525,https://hhd19.mapyourshow.com/8_0/exhibitor/exhibitor-details.cfm?exhid=10000198,,,
DEKALB Asgrow,,,,3146941000,,6,https://hhd19.mapyourshow.com/8_0/exhibitor/exhibitor-details.cfm?exhid=10010269,,,
Delta Plastics,,,,5015888932,http://www.deltaplastics.com,DIBW1703,https://hhd19.mapyourshow.com/8_0/exhibitor/exhibitor-details.cfm?exhid=401229,,,
Delux Grain Dryers,,,,3082372274,http://deluxmfg.com,723,https://hhd19.mapyourshow.com/8_0/exhibitor/exhibitor-details.cfm?exhid=10002596,,,
Demco,,,,7127252311,http://www.demco-products.com,421,https://hhd19.mapyourshow.com/8_0/exhibitor/exhibitor-details.cfm?exhid=10001608,,,
DigiFarm VBN,,,,3194158234,http://www.godigifarm.com,DIBW1752,https://hhd19.mapyourshow.com/8_0/exhibitor/exhibitor-details.cfm?exhid=371182,,,
"DODA USA, INC.",,,,5076300058,http://www.dodausa.com,527,https://hhd19.mapyourshow.com/8_0/exhibitor/exhibitor-details.cfm?exhid=401589,,,
Dougherty Forestry Mfg.,,,,4055423520,http://www.doughertymfg.com,1108,https://hhd19.mapyourshow.com/8_0/exhibitor/exhibitor-details.cfm?exhid=10012408,,,
Downey Drilling Inc.,,,,13089915828,http://www.downeydrilling.com,1153,https://hhd19.mapyourshow.com/8_0/exhibitor/exhibitor-details.cfm?exhid=423777,WATER MANAGEMENT EQUIPMENT,,
"Doyle Equipment Manufacturing Co., Inc.",,,,2172221592,http://www.doylemfg.com,960,https://hhd19.mapyourshow.com/8_0/exhibitor/exhibitor-details.cfm?exhid=10007659,,,
Drago,,,,8887892723,http://dragotec.com,759,https://hhd19.mapyourshow.com/8_0/exhibitor/exhibitor-details.cfm?exhid=10002603,"GRAIN HANDLING EQUIPMENT,HARVESTING EQUIPMENT",,
DTN,,,,4023996466,http://www.dtn.com,802,https://hhd19.mapyourshow.com/8_0/exhibitor/exhibitor-details.cfm?exhid=10002604,,,
Duo Lift Mfg.,,,,4025631502,,64,https://hhd19.mapyourshow.com/8_0/exhibitor/exhibitor-details.cfm?exhid=10002605,,,
Eco-Drip Irrigation,,,,4027442411,http://www.eco-drip.com,110,https://hhd19.mapyourshow.com/8_0/exhibitor/exhibitor-details.cfm?exhid=10009348,,,
Ekotuning Nebraska,,,,3083528063,,841,https://hhd19.mapyourshow.com/8_0/exhibitor/exhibitor-details.cfm?exhid=400276,,,
Elmer's Manufacturing,,,,2043246263,http://www.elmersmfg.com,350,https://hhd19.mapyourshow.com/8_0/exhibitor/exhibitor-details.cfm?exhid=10011662,,,
Emerson Equipment,,,,3084588151,http://emersonranchequipment.com,3W,https://hhd19.mapyourshow.com/8_0/exhibitor/exhibitor-details.cfm?exhid=421970,,,
Encore Mfg. Company Inc.,,,,4022284255,http://www.encoreequipment.com,560,https://hhd19.mapyourshow.com/8_0/exhibitor/exhibitor-details.cfm?exhid=347505,,,
Energy Panel Structures,,,,7128593219,http://www.epsbuildings.com,125,https://hhd19.mapyourshow.com/8_0/exhibitor/exhibitor-details.cfm?exhid=10003370,,,
Equipment Technologies,,,,3172107030,http://www.etsprayers.com,1054,https://hhd19.mapyourshow.com/8_0/exhibitor/exhibitor-details.cfm?exhid=10002757,,,
Ev's Ceramics & Gifts,,,,3254233194,,42W,https://hhd19.mapyourshow.com/8_0/exhibitor/exhibitor-details.cfm?exhid=430314,,,
Exactrix Global Systems LLC,,,,5095359925,http://EXACTRIX.COM,546,https://hhd19.mapyourshow.com/8_0/exhibitor/exhibitor-details.cfm?exhid=10002911,,,
Exmark Mfg. Co. Inc.,,,,4028061177,http://2101 Ashland Avenue,920,https://hhd19.mapyourshow.com/8_0/exhibitor/exhibitor-details.cfm?exhid=10002611,,,
Fairbank Equipment Inc.,,,,8004417550,http://www.fairbankequipment.com,649,https://hhd19.mapyourshow.com/8_0/exhibitor/exhibitor-details.cfm?exhid=10000212,,,
Farm Credit Services of America,,,,8008843276,http://www.fcsamerica.com,538,https://hhd19.mapyourshow.com/8_0/exhibitor/exhibitor-details.cfm?exhid=10002613,,,
Farm King,,,,2046618711,http://www.farm-king.com,206,https://hhd19.mapyourshow.com/8_0/exhibitor/exhibitor-details.cfm?exhid=10010315,,,
Farmers Business Network,,,,844-200-3276,http://www.farmersbusinessnetwork.com,128,https://hhd19.mapyourshow.com/8_0/exhibitor/exhibitor-details.cfm?exhid=375743,,,
Farmers National Company,,,,3082495619,http://farmersnational.com,DIBW1825,https://hhd19.mapyourshow.com/8_0/exhibitor/exhibitor-details.cfm?exhid=10000214,,,
FarmLogic/SoilTestPro,,,,2707618000,http://www.farmlogic.com,DIBW1734,https://hhd19.mapyourshow.com/8_0/exhibitor/exhibitor-details.cfm?exhid=10006997,,,
FAST AG Solutions,,,,7125516138,http://fastsprayers.com,949,https://hhd19.mapyourshow.com/8_0/exhibitor/exhibitor-details.cfm?exhid=10002615,,,
"FEI, Inc.",,,,7018459305,http://www.feiinc.com,148,https://hhd19.mapyourshow.com/8_0/exhibitor/exhibitor-details.cfm?exhid=10009257,,,
Fellowship of Christian Farmers International,,,,3093658710,http://www.fcfi.org,1160,https://hhd19.mapyourshow.com/8_0/exhibitor/exhibitor-details.cfm?exhid=10002915,,,
Flowserve,,,,8004378671,http://www.flowserve.com,35,https://hhd19.mapyourshow.com/8_0/exhibitor/exhibitor-details.cfm?exhid=10000218,"IRRIGATION & CHEMIGATION EQPT.,PUMPS & ACCESSORIES",,
Fontanelle,,,,3146942331,,30E,https://hhd19.mapyourshow.com/8_0/exhibitor/exhibitor-details.cfm?exhid=10002616,"CROP PROTECTION,SEED",,
Forever Feeders,,,,6054613317,,556,https://hhd19.mapyourshow.com/8_0/exhibitor/exhibitor-details.cfm?exhid=10008134,,,
FullField Ag,,,,4026415859,http://www.fullfieldag.com,DIBW1730,https://hhd19.mapyourshow.com/8_0/exhibitor/exhibitor-details.cfm?exhid=408791,,,
G. I. Trailer Inc.,,,,3083826700,http://www.gitrailer.com,23W,https://hhd19.mapyourshow.com/8_0/exhibitor/exhibitor-details.cfm?exhid=10000225,,,
Gallagher North America,,,,8005315908,http://www.GallagherUSA.com,LIB1923,https://hhd19.mapyourshow.com/8_0/exhibitor/exhibitor-details.cfm?exhid=10001229,,,
Gelbvieh Association in Nebraska,,,,3084701254,http://Gelbviehassociationinnebraska.org,167,https://hhd19.mapyourshow.com/8_0/exhibitor/exhibitor-details.cfm?exhid=10003368,,,
Geringhoff,,,,3202524633,http://www.geringhoff.com,422,https://hhd19.mapyourshow.com/8_0/exhibitor/exhibitor-details.cfm?exhid=10001518,,,
Giant Rubber Water Tanks,,,,3072810065,,459,https://hhd19.mapyourshow.com/8_0/exhibitor/exhibitor-details.cfm?exhid=10000224,,,
Gingerich Structures LLC,,,,4024265022,http://www.gingerichstructures.com,DIBN1554,https://hhd19.mapyourshow.com/8_0/exhibitor/exhibitor-details.cfm?exhid=418752,,,
GMX Magnetic Irrigation Water Treatment,,,,7195890661,http://gmxinternational.com,DIBW1828,https://hhd19.mapyourshow.com/8_0/exhibitor/exhibitor-details.cfm?exhid=407185,,,
Golden Harvest,,,,8006527333,http://www.goldenharvestseeds.com,1013,https://hhd19.mapyourshow.com/8_0/exhibitor/exhibitor-details.cfm?exhid=244151,,,
GoServ Global,,,,5154483131,http://www.goservglobal.org,68,https://hhd19.mapyourshow.com/8_0/exhibitor/exhibitor-details.cfm?exhid=400876,,,
Graham Electric Planter,,,,9705207979,http://grahamelectricplanter.com,DIBN1500,https://hhd19.mapyourshow.com/8_0/exhibitor/exhibitor-details.cfm?exhid=10011474,,,
Graham Tire Company,,,,6052210537,http://www.grahamtire.com,530,https://hhd19.mapyourshow.com/8_0/exhibitor/exhibitor-details.cfm?exhid=10003182,,,
Grain Cleaning LLC,,,,7633601467,http://www.gcsgraincleaner.com,621,https://hhd19.mapyourshow.com/8_0/exhibitor/exhibitor-details.cfm?exhid=406350,,,
Grain Handler USA,,,,6127221085,http://www.grainhandler.com,120,https://hhd19.mapyourshow.com/8_0/exhibitor/exhibitor-details.cfm?exhid=351290,,,
Grainfield Supply Inc.,,,,7856734321,http://heartlandtrucklifts.com,38E,https://hhd19.mapyourshow.com/8_0/exhibitor/exhibitor-details.cfm?exhid=10008212,,,
Grammer Inc.,,,,7153774566,https://usa.grammer.com/grammer-usa.html,DIBN1531,https://hhd19.mapyourshow.com/8_0/exhibitor/exhibitor-details.cfm?exhid=413137,,,
Grasshopper Company,,,,6203458621,http://PO Box 637,616,https://hhd19.mapyourshow.com/8_0/exhibitor/exhibitor-details.cfm?exhid=10002918,,,
Great Plains Mfg,,,,7858233276,http://www.greatplainsag.com,5,https://hhd19.mapyourshow.com/8_0/exhibitor/exhibitor-details.cfm?exhid=10002919,,,
Green Cover Seed,,,,4024696784,http://www.greencoverseed.com,40E,https://hhd19.mapyourshow.com/8_0/exhibitor/exhibitor-details.cfm?exhid=427718,SEED,,
Greene Galvanized Stairs,,,,2173754244,http://www.greenestairs.com,224,https://hhd19.mapyourshow.com/8_0/exhibitor/exhibitor-details.cfm?exhid=10001346,,,
Grone's Outdoor Power / Hydro Cleaning Systems,,,,3083845168,,909,https://hhd19.mapyourshow.com/8_0/exhibitor/exhibitor-details.cfm?exhid=10003305,,,
Grouser Products,,,,7012827710,http://grouser.com,930,https://hhd19.mapyourshow.com/8_0/exhibitor/exhibitor-details.cfm?exhid=10004815,,,
GSI,,,,2172265136,http://www.grainsystems.com,349,https://hhd19.mapyourshow.com/8_0/exhibitor/exhibitor-details.cfm?exhid=10002621,,,
H & L Quality Buildings Inc.,,,,3089465212,,268,https://hhd19.mapyourshow.com/8_0/exhibitor/exhibitor-details.cfm?exhid=10000240,,,
Hagie Mfg Co,,,,9139612599,http://www.Hagie.com,256,https://hhd19.mapyourshow.com/8_0/exhibitor/exhibitor-details.cfm?exhid=10002623,,,
Hanson Silo Co.,,,,3206644171,http://11587 COUNTY ROAD 8 SE,355,https://hhd19.mapyourshow.com/8_0/exhibitor/exhibitor-details.cfm?exhid=10007539,,,
HARDI North America Inc.,,,,5638234447,http://www.hardi-us.com,316,https://hhd19.mapyourshow.com/8_0/exhibitor/exhibitor-details.cfm?exhid=10001620,,,
Hardsteel Buildings EuroPanels Insulated Steel Panels,,,,8772169127,http://www.hardsteelbuildings.com,220,https://hhd19.mapyourshow.com/8_0/exhibitor/exhibitor-details.cfm?exhid=10004344,,,
Harsh International Inc.,,,,9704542291,http://www.harshenviro.com,266,https://hhd19.mapyourshow.com/8_0/exhibitor/exhibitor-details.cfm?exhid=370262,"AUGERS,CONVEYORS,FEED & FEED YARDS,FEEDING EQUIPMENT & ACCESSORIES",,
Harvest International,,,,7122135100,http://www.harvest-international.com,230,https://hhd19.mapyourshow.com/8_0/exhibitor/exhibitor-details.cfm?exhid=10005465,,,
Hastings Equity Manufacturing,,,,4024622189,http://www.hastingstank.com,LIB1930,https://hhd19.mapyourshow.com/8_0/exhibitor/exhibitor-details.cfm?exhid=369682,,,
Haybuster / DuraTech Industries,,,,7012524601,http://www.haybuster.com,755,https://hhd19.mapyourshow.com/8_0/exhibitor/exhibitor-details.cfm?exhid=10000563,,,
Healpains,,,,9136452364,,42W,https://hhd19.mapyourshow.com/8_0/exhibitor/exhibitor-details.cfm?exhid=408604,,,
Heartland Ag,,,,3083841102,http://www.heartlandag.com,414,https://hhd19.mapyourshow.com/8_0/exhibitor/exhibitor-details.cfm?exhid=10000235,,,
Hefty Nebraska - Crop Protection,,,,4023729900,,17E,https://hhd19.mapyourshow.com/8_0/exhibitor/exhibitor-details.cfm?exhid=10012434,,,
Herbster Angus Farms,,,,4022457939,http://www.herbsterangus.com,361,https://hhd19.mapyourshow.com/8_0/exhibitor/exhibitor-details.cfm?exhid=372802,,,
Heritage Homes of Nebraska Inc.,,,,4023692032,http://heritagehomesofne.com,1161,https://hhd19.mapyourshow.com/8_0/exhibitor/exhibitor-details.cfm?exhid=10000236,,,
HERSCHEL PARTS,,,,5153719019,http://www.herschelparts.com,312,https://hhd19.mapyourshow.com/8_0/exhibitor/exhibitor-details.cfm?exhid=10001690,,,
Highline Manufacturing Ltd,,,,3062582233,http://www.highlinemfg.com,263,https://hhd19.mapyourshow.com/8_0/exhibitor/exhibitor-details.cfm?exhid=10009217,,,
Hillsboro Industries,,,,6209473127,http://www.hillsboroindustries.com,20W,https://hhd19.mapyourshow.com/8_0/exhibitor/exhibitor-details.cfm?exhid=10003116,,,
Hiniker Company,,,,7014128414,http://www.hiniker.com,868,https://hhd19.mapyourshow.com/8_0/exhibitor/exhibitor-details.cfm?exhid=10000564,,,
HitchDoc Manufacturing,,,,5078474049,http://www.hitchdoc.com,863,https://hhd19.mapyourshow.com/8_0/exhibitor/exhibitor-details.cfm?exhid=10007833,,,
HM Crafts,,,,3083797753,,42W,https://hhd19.mapyourshow.com/8_0/exhibitor/exhibitor-details.cfm?exhid=428753,,,
Hobart Welding Products,,,,9202778104,http://www.hobartwelders.com,1012,https://hhd19.mapyourshow.com/8_0/exhibitor/exhibitor-details.cfm?exhid=10010003,,,
Hoegemeyer Hybrids,,,,4026543399,http://www.therightseed.com,24E,https://hhd19.mapyourshow.com/8_0/exhibitor/exhibitor-details.cfm?exhid=10008830,,,
Hog Slat,,,,319-640-0186,http://www.hogslat.com,264,https://hhd19.mapyourshow.com/8_0/exhibitor/exhibitor-details.cfm?exhid=274154,"ANIMAL CARE PRODUCTS,BUILDINGS & COMPONENTS,FEEDING EQUIPMENT & ACCESSORIES,FENCING, GATES & PANELS,LIVESTOCK HANDLING EQUIPMENT,LIVESTOCK SHELTERS,LIVESTOCK WATERERS",,
"Holcomb Scraper, Inc.",,,,6202772333,http://WWW.Holcombscraper.com,363,https://hhd19.mapyourshow.com/8_0/exhibitor/exhibitor-details.cfm?exhid=10000247,,,
Holdrege Equipment,,,,3038848447,http://www.holdregeequipment.com,241,https://hhd19.mapyourshow.com/8_0/exhibitor/exhibitor-details.cfm?exhid=429725,"FEEDING EQUIPMENT & ACCESSORIES,FERTILIZER APPLICATION,FORAGE EQPT. & ACCESSORIES,GPS & PRECISION AG PRODUCTS,MANURE HANDLING EQUIPMENT,SCALES & SCALE CONVEYORS",,
Honey Bee Mfg. Ltd.,,,,3062962297,http://www.harvestfaster.com,833,https://hhd19.mapyourshow.com/8_0/exhibitor/exhibitor-details.cfm?exhid=10011283,,,
Hotsy Equipment Co.,,,,4023304343,http://www.hotsyequipment.com,728,https://hhd19.mapyourshow.com/8_0/exhibitor/exhibitor-details.cfm?exhid=10001476,,,
Howes,,,,8004384693,http://www.howeslube.com,DIBS1628,https://hhd19.mapyourshow.com/8_0/exhibitor/exhibitor-details.cfm?exhid=292486,"ENERGY, FUELS & OIL COMPANIES,LUBRICANTS, FUELS & EQUIPMENT",,
"Hundertmark Cleaning Systems, Inc.",,,,7122521572,http://www.hundertmarkinc.com,16E,https://hhd19.mapyourshow.com/8_0/exhibitor/exhibitor-details.cfm?exhid=10001358,,,
"Husker Power Products, Inc",,,,4024631531,http://huskerpowerproducts.com,626,https://hhd19.mapyourshow.com/8_0/exhibitor/exhibitor-details.cfm?exhid=10003080,,,
Hustler Turf Equipment,,,,6203271229,http://www.hustlerturf.com,950,https://hhd19.mapyourshow.com/8_0/exhibitor/exhibitor-details.cfm?exhid=10003291,,,
HydraBed by Triple C Inc.,,,,7852843674,http://www.hydrabeds.com,364,https://hhd19.mapyourshow.com/8_0/exhibitor/exhibitor-details.cfm?exhid=10000388,,,
Hydro Rain Agriculture,,,,3082587677,http://hydrorainag.com,DIBN1555,https://hhd19.mapyourshow.com/8_0/exhibitor/exhibitor-details.cfm?exhid=424609,,,
Industrial Irrigation Services,,,,4024631377,http://www.industrial-irrigation.com,245,https://hhd19.mapyourshow.com/8_0/exhibitor/exhibitor-details.cfm?exhid=10000252,,,
IntelliDrive,,,,5159793327,http://www.intellidriveusa.com,154,https://hhd19.mapyourshow.com/8_0/exhibitor/exhibitor-details.cfm?exhid=415432,,,
International Visitors Centers,,,,3086272962,,34,https://hhd19.mapyourshow.com/8_0/exhibitor/exhibitor-details.cfm?exhid=429150,,,
IRROMETER Company Inc.,,,,9516829505,http://www.IRROMETER.com,DIBN1557,https://hhd19.mapyourshow.com/8_0/exhibitor/exhibitor-details.cfm?exhid=10001491,,,
Island Supply Welding Co,,,,3083823680,http://www.islandsupplywelding.com,722,https://hhd19.mapyourshow.com/8_0/exhibitor/exhibitor-details.cfm?exhid=10005315,,,
"J & M Manufacturing Co., Inc",,,,4193752376,http://www.jm-inc.com,333,https://hhd19.mapyourshow.com/8_0/exhibitor/exhibitor-details.cfm?exhid=10002634,,,
J.D. Skiles,,,,8006269338,http://www.jdskiles.com,523,https://hhd19.mapyourshow.com/8_0/exhibitor/exhibitor-details.cfm?exhid=10002926,,,
Jain Irrigation,,,,5594595350,http://www.jainsusa.com,112,https://hhd19.mapyourshow.com/8_0/exhibitor/exhibitor-details.cfm?exhid=10006764,,,
Jantzen Equipment Co.,,,,3083528620,http://www.jantzenequipment.com,943,https://hhd19.mapyourshow.com/8_0/exhibitor/exhibitor-details.cfm?exhid=10012060,,,
Javy's Originals,,,,4023101856,,42W,https://hhd19.mapyourshow.com/8_0/exhibitor/exhibitor-details.cfm?exhid=402150,,,
JBI Enterprises LLC,,,,4023667533,,854,https://hhd19.mapyourshow.com/8_0/exhibitor/exhibitor-details.cfm?exhid=10006905,,,
Jenkins Iron and Steel Inc.,,,,8557323843,http://www.jenkinsiron.com,321,https://hhd19.mapyourshow.com/8_0/exhibitor/exhibitor-details.cfm?exhid=402186,,,
Jet Company,,,,5153323117,http://www.jetcompany.com,923,https://hhd19.mapyourshow.com/8_0/exhibitor/exhibitor-details.cfm?exhid=10001627,,,
John Day Company/Heartland Distribution,,,,4024558000,http://www.johnday.com,1155,https://hhd19.mapyourshow.com/8_0/exhibitor/exhibitor-details.cfm?exhid=350393,,,
John Deere,,,,1866993337,http://www.JohnDeere.com,256,https://hhd19.mapyourshow.com/8_0/exhibitor/exhibitor-details.cfm?exhid=10004115,"COMBINES & ACCESSORIES,FINANCIAL INSTITUTIONS & SERVICES,HARVESTING EQUIPMENT,PLANTERS & ACCESSORIES,TILLAGE EQUIPMENT & ACCESSORIES,TRACTORS & ACCESSORIES,UTILITY VEHICLES",,
John Deere Ride & Drive,,,,9139612599,http://www.deere.com,John Deere Gator Ride and Drive,https://hhd19.mapyourshow.com/8_0/exhibitor/exhibitor-details.cfm?exhid=351870,,,
Johns Trucks & Equipment,,,,4023802736,http://www.johnstrucks.net,921,https://hhd19.mapyourshow.com/8_0/exhibitor/exhibitor-details.cfm?exhid=414751,"EARTH MOVING EQUIPMENT,FERTILIZER APPLICATION,GRAIN HANDLING EQUIPMENT,MANURE HANDLING EQUIPMENT,TRAILERS & ACCESSORIES,TRUCKS, AUTOS & ACCESSORIES",,
Johnson Concrete Waterers,,,,4024631359,http://www.johnsonconcreteproducts.com,6W,https://hhd19.mapyourshow.com/8_0/exhibitor/exhibitor-details.cfm?exhid=370101,,,
"Johnson Mfg., Inc.",,,,7016472331,http://www.johnsonmfg-hygrade.com,1115,https://hhd19.mapyourshow.com/8_0/exhibitor/exhibitor-details.cfm?exhid=10005419,,,
Jones Mfg/ Mighty Giant Tub Grinders,,,,4025283861,http://www.mightygiant.com,109,https://hhd19.mapyourshow.com/8_0/exhibitor/exhibitor-details.cfm?exhid=400210,,,
Ju Ju's Products LLC,,,,4022155373,,42W,https://hhd19.mapyourshow.com/8_0/exhibitor/exhibitor-details.cfm?exhid=415499,,,
K-Line Agriculture,,,,7019221744,http://www.k-lineag.com/,1024,https://hhd19.mapyourshow.com/8_0/exhibitor/exhibitor-details.cfm?exhid=408814,,,
Kay's Krafts,,,,3082634321,,42W,https://hhd19.mapyourshow.com/8_0/exhibitor/exhibitor-details.cfm?exhid=10002481,,,
Ken's Trailer Sales & Repair,,,,4023790490,http://www.kenstrailersales.net,251,https://hhd19.mapyourshow.com/8_0/exhibitor/exhibitor-details.cfm?exhid=10001613,,,
"Kinze Manufacturing, Inc.",,,,3196681300,http://www.kinze.com,415,https://hhd19.mapyourshow.com/8_0/exhibitor/exhibitor-details.cfm?exhid=10001629,,,
KIOTI Tractor,,,,9193745023,http://www.kioti.com/,764,https://hhd19.mapyourshow.com/8_0/exhibitor/exhibitor-details.cfm?exhid=351863,,,
Kit Held Seed & Chem,,,,4022702686,,720,https://hhd19.mapyourshow.com/8_0/exhibitor/exhibitor-details.cfm?exhid=424099,,,
Klute Truck Equipment,,,,4027364375,http://www.klutetruck.com,142,https://hhd19.mapyourshow.com/8_0/exhibitor/exhibitor-details.cfm?exhid=10008777,,,
KMW Front End Loaders,,,,6202783641,http://www.kmwloaders.com,862,https://hhd19.mapyourshow.com/8_0/exhibitor/exhibitor-details.cfm?exhid=344609,,,
Koyker Manufacturing,,,,6053361750,http://www.koykermfg.com,646,https://hhd19.mapyourshow.com/8_0/exhibitor/exhibitor-details.cfm?exhid=10002929,,,
Kramer Mfg. Inc.,,,,4029255433,http://kramermanufacturing.com,16W,https://hhd19.mapyourshow.com/8_0/exhibitor/exhibitor-details.cfm?exhid=10000265,,,
KRVN Radio,,,,3083242371,http://www.krvn.com,50,https://hhd19.mapyourshow.com/8_0/exhibitor/exhibitor-details.cfm?exhid=10002927,,,
KSi,,,,7852840600,http://www.ksiedge.com,216,https://hhd19.mapyourshow.com/8_0/exhibitor/exhibitor-details.cfm?exhid=10001546,,,
Kubota Tractor Corporation,,,,8177561171,http://www.kubotausa.com,1134,https://hhd19.mapyourshow.com/8_0/exhibitor/exhibitor-details.cfm?exhid=10002643,"HAY HANDLING EQUIPMENT,HAY RAKES,LAWN & GARDEN,SKID STEER LOADERS & ACCESSORIES,TRACTORS & ACCESSORIES,UTILITY VEHICLES",,
Kugler Company,,,,13083452280,http://www.kqxrn.com,551,https://hhd19.mapyourshow.com/8_0/exhibitor/exhibitor-details.cfm?exhid=10003195,,,
Kuhn Krause Inc.,,,,6206636161,,1042,https://hhd19.mapyourshow.com/8_0/exhibitor/exhibitor-details.cfm?exhid=10000264,,,
"Kuhn North America, Inc.",,,,6088972131,http://www.kuhnnorthamerica.com,1042,https://hhd19.mapyourshow.com/8_0/exhibitor/exhibitor-details.cfm?exhid=10002644,,,
"Kuhns Mfg, LLC",,,,4406934630,http://www.kuhnsmfg.com,763,https://hhd19.mapyourshow.com/8_0/exhibitor/exhibitor-details.cfm?exhid=344630,,,
KZEN,,,,4025642866,,740,https://hhd19.mapyourshow.com/8_0/exhibitor/exhibitor-details.cfm?exhid=10003005,,,
KZValve,,,,4029442767,http://www.kzvalve.com,DIBN1530,https://hhd19.mapyourshow.com/8_0/exhibitor/exhibitor-details.cfm?exhid=10009453,,,
L & V Innovations,,,,4023766791,,DIBS1606,https://hhd19.mapyourshow.com/8_0/exhibitor/exhibitor-details.cfm?exhid=10008146,,,
Lakeside Livestock Equipment LLC,,,,4026495992,http://www.lakesidelivestock.com,7W,https://hhd19.mapyourshow.com/8_0/exhibitor/exhibitor-details.cfm?exhid=10009618,,,
Landoll Corporation,,,,7855625381,http://www.landoll.com,542,https://hhd19.mapyourshow.com/8_0/exhibitor/exhibitor-details.cfm?exhid=10000267,,,
Larson Metal LLC,,,,3086415527,http://Larsonmetal.com,348,https://hhd19.mapyourshow.com/8_0/exhibitor/exhibitor-details.cfm?exhid=10000268,,,
"LCL Truck Equipment, inc.",,,,4024636864,http://www.lcltruckequipment.com,612,https://hhd19.mapyourshow.com/8_0/exhibitor/exhibitor-details.cfm?exhid=10000269,,,
"LeafFilter North, LLC.",,,,8007267703,http://www.leaffilter.com/,DIBW1753,https://hhd19.mapyourshow.com/8_0/exhibitor/exhibitor-details.cfm?exhid=408607,,,
Lemken USA Inc.,,,,7016309154,,1139,https://hhd19.mapyourshow.com/8_0/exhibitor/exhibitor-details.cfm?exhid=10011961,,,
"Lester Building Systems, LLC",,,,8008264439,http://www.lesterbuildings.com,309,https://hhd19.mapyourshow.com/8_0/exhibitor/exhibitor-details.cfm?exhid=10009650,,,
Levrack,,,,4025601042,http://www.levrack.com,117,https://hhd19.mapyourshow.com/8_0/exhibitor/exhibitor-details.cfm?exhid=408200,,,
Lewis Cattle Oilers/MB Enterprises,,,,6204086387,http://usalewiscattleoilers.com,LIB1920,https://hhd19.mapyourshow.com/8_0/exhibitor/exhibitor-details.cfm?exhid=406819,,,
LG Seeds,,,,3093976414,http://www.lgseeds.com,26E,https://hhd19.mapyourshow.com/8_0/exhibitor/exhibitor-details.cfm?exhid=10002650,SEED,,
Lincoln Electric Co./Island Supply Welding Co,,,,3083823680,,724,https://hhd19.mapyourshow.com/8_0/exhibitor/exhibitor-details.cfm?exhid=369039,,,
Lincoln Vet Center,,,,402.476.973,http://www.va.gov/rcs,210,https://hhd19.mapyourshow.com/8_0/exhibitor/exhibitor-details.cfm?exhid=348983,,,
Lindsay Corp.,,,,4026727859,http://www.lindsay.com,410,https://hhd19.mapyourshow.com/8_0/exhibitor/exhibitor-details.cfm?exhid=10005918,,,
Linn Post and Pipe,,,,7853485526,http://www.linnpost.com,10W,https://hhd19.mapyourshow.com/8_0/exhibitor/exhibitor-details.cfm?exhid=10002655,,,
Loftness,,,,8008287624,http://www.loftness.com,657,https://hhd19.mapyourshow.com/8_0/exhibitor/exhibitor-details.cfm?exhid=10001522,,,
"Longnecker Fertilizers, LLC.",,,,5153824441,http://wwwlongneckerfertilizer.com,DIBW1710,https://hhd19.mapyourshow.com/8_0/exhibitor/exhibitor-details.cfm?exhid=368777,,,
Loup Electronics Inc,,,,4024647131,http://www.loupelectronics.com,DIBS1604,https://hhd19.mapyourshow.com/8_0/exhibitor/exhibitor-details.cfm?exhid=10000275,,,
Luck Now Products,,,,4179482929,,13W,https://hhd19.mapyourshow.com/8_0/exhibitor/exhibitor-details.cfm?exhid=10005434,,,
Lundell Plastics,,,,7126682400,http://www.lundellplastics.com,1117,https://hhd19.mapyourshow.com/8_0/exhibitor/exhibitor-details.cfm?exhid=344750,"AUGERS,COMBINES & ACCESSORIES,FLIGHTING,PLANTERS & ACCESSORIES,SEED HANDLING EQUIPMENT",,
M R Farms,,,,4024326499,,42W,https://hhd19.mapyourshow.com/8_0/exhibitor/exhibitor-details.cfm?exhid=428760,,,
MacDon Inc.,,,,2048313358,http://macdon.com,754,https://hhd19.mapyourshow.com/8_0/exhibitor/exhibitor-details.cfm?exhid=10002934,,,
Mach 2 Company,,,,9206483402,http://www.mach2tires.com,635,https://hhd19.mapyourshow.com/8_0/exhibitor/exhibitor-details.cfm?exhid=10002933,,,
Magnation Water Technology,,,,3089910894,http://www.rainlikewater.com/,46,https://hhd19.mapyourshow.com/8_0/exhibitor/exhibitor-details.cfm?exhid=414642,,,
Mainero,,,,4025631502,http://www.buschequipment.com,64,https://hhd19.mapyourshow.com/8_0/exhibitor/exhibitor-details.cfm?exhid=421824,,,
Manitou North Americas LLC,,,,2623346612,http://www.manitou.com,334,https://hhd19.mapyourshow.com/8_0/exhibitor/exhibitor-details.cfm?exhid=10000995,,,
Marcrest Manufacturing Inc.,,,,5198879910,http://www.marcrestmfg.com,64,https://hhd19.mapyourshow.com/8_0/exhibitor/exhibitor-details.cfm?exhid=10009773,,,
Martin Industries LLC,,,,2702655817,http://www.martintill.com,15E,https://hhd19.mapyourshow.com/8_0/exhibitor/exhibitor-details.cfm?exhid=10001159,,,
Maschio Gaspardo North America Inc.,,,,5636596400,http://www.maschio.us,1164,https://hhd19.mapyourshow.com/8_0/exhibitor/exhibitor-details.cfm?exhid=10005356,,,
Matheson,,,,3083818700,http://www.mathesongas.com,925,https://hhd19.mapyourshow.com/8_0/exhibitor/exhibitor-details.cfm?exhid=369032,,,
Maximum H2O,,,,8002630048,http://MaximumH2O.com,DIBS1631,https://hhd19.mapyourshow.com/8_0/exhibitor/exhibitor-details.cfm?exhid=376204,"ENVIRONMENTAL PRODUCTS & SYSTEMS,HOME PRODUCTS & SERVICES,IRRIGATION & CHEMIGATION EQPT.,LAWN & GARDEN,LIVESTOCK WATERERS,SPRAYERS & ACCESSORIES,WATER MANAGEMENT EQUIPMENT",,
May-Wes Mfg.,,,,8007886483,http://www.maywes.com,948,https://hhd19.mapyourshow.com/8_0/exhibitor/exhibitor-details.cfm?exhid=10005228,,,
MayaAmerica,,,,5155059611,http://www.MayaAmerica.com,1113,https://hhd19.mapyourshow.com/8_0/exhibitor/exhibitor-details.cfm?exhid=369232,,,
McCormick North America,,,,6783366352,http://www.McCormickNA.com,958,https://hhd19.mapyourshow.com/8_0/exhibitor/exhibitor-details.cfm?exhid=10008245,,,
"McCrometer, Inc.",,,,9516526811,http://www.mccrometer.com,DIBS1681,https://hhd19.mapyourshow.com/8_0/exhibitor/exhibitor-details.cfm?exhid=10000230,,,
McFarlane Manufacturing Co. Inc.,,,,4024997293,http://www.flexharrrow.com,522,https://hhd19.mapyourshow.com/8_0/exhibitor/exhibitor-details.cfm?exhid=10002662,,,
MDS Mfg. Co.,,,,6059287951,http://mdsmfg.com,864,https://hhd19.mapyourshow.com/8_0/exhibitor/exhibitor-details.cfm?exhid=10004973,,,
Merritt Trailers Inc.,,,,3036180867,http://merritt-trailers.com/,812,https://hhd19.mapyourshow.com/8_0/exhibitor/exhibitor-details.cfm?exhid=10000282,,,
Micro-Trak Systems,,,,5072573600,http://111 LeRay Ave,DIBS1607,https://hhd19.mapyourshow.com/8_0/exhibitor/exhibitor-details.cfm?exhid=10000569,,,
Mid-Plains Equipment,,,,3082375810,http://www.midplainsonline.com,460,https://hhd19.mapyourshow.com/8_0/exhibitor/exhibitor-details.cfm?exhid=10000284,,,
Midland Genetics,,,,8008197333,http://MidlandGenetics.com,42E,https://hhd19.mapyourshow.com/8_0/exhibitor/exhibitor-details.cfm?exhid=407323,,,
Midwest Engine Services,,,,4024635623,,533,https://hhd19.mapyourshow.com/8_0/exhibitor/exhibitor-details.cfm?exhid=10001780,,,
Midwest Ford Dealers/Ford,,,,9138515841,http://BuyFordNow.com,310,https://hhd19.mapyourshow.com/8_0/exhibitor/exhibitor-details.cfm?exhid=10000306,,,
Midwest Hemp Forum,,,,402 813 2747,http://hempfarmersforum.com,DIBS1656,https://hhd19.mapyourshow.com/8_0/exhibitor/exhibitor-details.cfm?exhid=430453,,,
Midwest Ready Mix and Equipment,,,,6056244661,http://www.buyaloader.com,1061,https://hhd19.mapyourshow.com/8_0/exhibitor/exhibitor-details.cfm?exhid=10012390,,,
Midwest Turf & Irrigation,,,,4028958900,http://www.scag.com/,818,https://hhd19.mapyourshow.com/8_0/exhibitor/exhibitor-details.cfm?exhid=10002936,,,
Miller Electric Mfg. LLC,,,,9207349821,https://www.millerwelds.com,929,https://hhd19.mapyourshow.com/8_0/exhibitor/exhibitor-details.cfm?exhid=100010000,,,
Minimizer,,,,8002483855,http://www.minimizer.com,DIBW1829,https://hhd19.mapyourshow.com/8_0/exhibitor/exhibitor-details.cfm?exhid=10011962,,,
"Moly Mfg., LLC/Silencer",,,,7854723388,http://www.molymfg.com,358,https://hhd19.mapyourshow.com/8_0/exhibitor/exhibitor-details.cfm?exhid=10000290,,,
"Monosem, Inc.",,,,9134381700,http://www.monosem-inc.com,150,https://hhd19.mapyourshow.com/8_0/exhibitor/exhibitor-details.cfm?exhid=10002560,,,
Montag Mfg. Inc.,,,,7128524572,http://www.montagmfg.com,214,https://hhd19.mapyourshow.com/8_0/exhibitor/exhibitor-details.cfm?exhid=10003313,,,
Monty's Plant Food,,,,7852601859,http://montysplantfood.com,DIBW1830,https://hhd19.mapyourshow.com/8_0/exhibitor/exhibitor-details.cfm?exhid=421974,,,
"Morton Buildings, Inc.",,,,3092636275,http://www.mortonbuildings.com,44,https://hhd19.mapyourshow.com/8_0/exhibitor/exhibitor-details.cfm?exhid=10001550,,,
Multimin USA,,,,9703722302,http://www.multiminusa.com,LIB1922,https://hhd19.mapyourshow.com/8_0/exhibitor/exhibitor-details.cfm?exhid=347927,,,
Mycogen Seeds,,,,317-337-7377,http://www.MYCOGEN.com,32E,https://hhd19.mapyourshow.com/8_0/exhibitor/exhibitor-details.cfm?exhid=10003314,,,
NACHURS,,,,8006224877,http://www.nachurs.com,703,https://hhd19.mapyourshow.com/8_0/exhibitor/exhibitor-details.cfm?exhid=10000760,,,
Nature Safe Fertilizers,,,,8007437413,http://www.naturesafe.com,DIBS1602,https://hhd19.mapyourshow.com/8_0/exhibitor/exhibitor-details.cfm?exhid=422681,FERTILIZERS,,
NDEco,,,,6055436400,http://www.ndeco.com/,146,https://hhd19.mapyourshow.com/8_0/exhibitor/exhibitor-details.cfm?exhid=10010006,,,
Nebraska Angus Association,,,,4027600386,http://www.nebraskaangus.org,162,https://hhd19.mapyourshow.com/8_0/exhibitor/exhibitor-details.cfm?exhid=10000687,,,
Nebraska Association of Resources Districts,,,,4024717674,http://www.nrdnet.org,39E,https://hhd19.mapyourshow.com/8_0/exhibitor/exhibitor-details.cfm?exhid=10003310,NATURAL RESOURCES,,
Nebraska Auditor of Public Accounts,,,,4024713686,http://www.auditors.nebraska.gov/,DIBS1603,https://hhd19.mapyourshow.com/8_0/exhibitor/exhibitor-details.cfm?exhid=421976,,,
Nebraska Bankers Association,,,,4024741555,http://www.nebankers.org,DIBS1629,https://hhd19.mapyourshow.com/8_0/exhibitor/exhibitor-details.cfm?exhid=10000298,,,
Nebraska Beef Council,,,,4024690570,http://www.nebeef.org,LIB1906,https://hhd19.mapyourshow.com/8_0/exhibitor/exhibitor-details.cfm?exhid=347858,,,
Nebraska Charolais Association,,,,3087503398,http://www.nebraskacharolais.com,161,https://hhd19.mapyourshow.com/8_0/exhibitor/exhibitor-details.cfm?exhid=10003307,,,
Nebraska Corn Board/Nebraska Corn Growers Association,,,,4024712676,http://nebraskacorn.org,10,https://hhd19.mapyourshow.com/8_0/exhibitor/exhibitor-details.cfm?exhid=10000302,,,
Nebraska Department of Agriculture Bureau of Animal Industry,,,,4024716880,http://www.nda.nebraska.gov,LIB1912,https://hhd19.mapyourshow.com/8_0/exhibitor/exhibitor-details.cfm?exhid=10005231,,,
Nebraska Farm Bureau Federation,,,,4024214466,http://www.nefb.org,48,https://hhd19.mapyourshow.com/8_0/exhibitor/exhibitor-details.cfm?exhid=10000305,ASSOCIATIONS,,
"Nebraska Farm Business, Inc.",,,,4024646324,http://www.nfbi.net,DIBW1707,https://hhd19.mapyourshow.com/8_0/exhibitor/exhibitor-details.cfm?exhid=10003281,,,
Nebraska Farmer Visitor Hospitality Tent,,,,4024899366,http://www.NebraskaFarmer.com,33,https://hhd19.mapyourshow.com/8_0/exhibitor/exhibitor-details.cfm?exhid=10010433,"BROADCASTING,PUBLICATIONS",,
Nebraska Grain Sorghum Producers,,,,4024713552,,10,https://hhd19.mapyourshow.com/8_0/exhibitor/exhibitor-details.cfm?exhid=10002939,,,
Nebraska Hereford Association,,,,4025202296,http://nebraskaherefords.org,168,https://hhd19.mapyourshow.com/8_0/exhibitor/exhibitor-details.cfm?exhid=10002940,,,
"Nebraska Irrigation, Inc.",,,,4025641514,http://www.nebraskairrigation.com,49,https://hhd19.mapyourshow.com/8_0/exhibitor/exhibitor-details.cfm?exhid=10000821,"CENTER PIVOT PARTS, ACCESSORIES AND CONTROL SYSTEMS,IRRIGATION & CHEMIGATION EQPT.,LAWN & GARDEN,PARTS & ACCESSORIES,PUMPS & ACCESSORIES,SPRINKLERS, PIVOTS,TIRES, BATTERIES & ACCESSORIES",,
Nebraska National Guard,,,,3084401734,,99W,https://hhd19.mapyourshow.com/8_0/exhibitor/exhibitor-details.cfm?exhid=10003300,,,
Nebraska Plastics/ Country Estate,,,,8004452887,http://www.countryestate.com,709,https://hhd19.mapyourshow.com/8_0/exhibitor/exhibitor-details.cfm?exhid=10003042,,,
Nebraska Propane Gas Association,,,,4024753996,,654,https://hhd19.mapyourshow.com/8_0/exhibitor/exhibitor-details.cfm?exhid=10000310,,,
Nebraska Red Angus Assn.,,,,4027234376,,159,https://hhd19.mapyourshow.com/8_0/exhibitor/exhibitor-details.cfm?exhid=10002941,,,
Nebraska Relay,,,,4024207420,,33,https://hhd19.mapyourshow.com/8_0/exhibitor/exhibitor-details.cfm?exhid=370263,,,
Nebraska Sheriffs' Association,,,,4027612216,http://www.nesheriffsassoc.org,DIBN1507,https://hhd19.mapyourshow.com/8_0/exhibitor/exhibitor-details.cfm?exhid=10011094,,,
Nebraska Simmental Association,,,,4023672272,http://www.nesimmental.com,158,https://hhd19.mapyourshow.com/8_0/exhibitor/exhibitor-details.cfm?exhid=10000692,,,
Nebraska Soybean Board,,,,4024413240,http://www.nebraskasoybeans.org,10,https://hhd19.mapyourshow.com/8_0/exhibitor/exhibitor-details.cfm?exhid=10000312,,,
Nebraska State Patrol,,,,3083856000,,DIBS1675,https://hhd19.mapyourshow.com/8_0/exhibitor/exhibitor-details.cfm?exhid=10002942,,,
Nebraska State Patrol Carrier Enforcement Division,,,,4024710105,http://statepatrol.nebraska.gov,629,https://hhd19.mapyourshow.com/8_0/exhibitor/exhibitor-details.cfm?exhid=10011476,,,
Nebraska State Treasurer - Unclaimed Property Division,,,,4024711933,http://www.treasurer.nebraska.gov,DIBN1577,https://hhd19.mapyourshow.com/8_0/exhibitor/exhibitor-details.cfm?exhid=10002992,,,
Nebraska Tourism Commission,,,,4024713796,http://www.VisitNebraska.com,DIBW1827,https://hhd19.mapyourshow.com/8_0/exhibitor/exhibitor-details.cfm?exhid=10002998,,,
Nebraska Truck Center,,,,3083840130,http://www.nebraskatruck.com,614,https://hhd19.mapyourshow.com/8_0/exhibitor/exhibitor-details.cfm?exhid=350312,,,
Nebraska Weed Control Association,,,,3083855097,http://www.neweed.org,116,https://hhd19.mapyourshow.com/8_0/exhibitor/exhibitor-details.cfm?exhid=10002995,,,
Nebraska Wheat Growers Association and Nebraska Wheat Board,,,,4024712358,http://wheat.nebraska.gov,10,https://hhd19.mapyourshow.com/8_0/exhibitor/exhibitor-details.cfm?exhid=350249,,,
Neeralta Manufacturing Inc.,,,,7806745338,http://www.neeralta.com,758,https://hhd19.mapyourshow.com/8_0/exhibitor/exhibitor-details.cfm?exhid=415923,,,
Nelson Irrigation Corporation,,,,5095257660,http://www.nelsonirrigation.com,DIBW1759,https://hhd19.mapyourshow.com/8_0/exhibitor/exhibitor-details.cfm?exhid=10001497,IRRIGATION & CHEMIGATION EQPT.,,
Neptune Chemical Pump Company,,,,9708482550,,650,https://hhd19.mapyourshow.com/8_0/exhibitor/exhibitor-details.cfm?exhid=10003253,,,
Net Irrigate LLC,,,,8123016212,http://www.netirrigate.com,DIBN1580,https://hhd19.mapyourshow.com/8_0/exhibitor/exhibitor-details.cfm?exhid=367376,,,
Neville Built Trailers,,,,6205323487,http://www.nevillebuilt.com,5W,https://hhd19.mapyourshow.com/8_0/exhibitor/exhibitor-details.cfm?exhid=10000300,,,
New Holland,,,,7173551121,http://www.newholland.com/na,846,https://hhd19.mapyourshow.com/8_0/exhibitor/exhibitor-details.cfm?exhid=10004059,,,
Nikkel Iron Works Corp./DARF Hay Rakes,,,,6617464904,http://www.nikkelironworks.com,955,https://hhd19.mapyourshow.com/8_0/exhibitor/exhibitor-details.cfm?exhid=10005012,,,
Nilfisk HPW - High Pressure Washers,,,,772-461-4486,http://www.nilfiskhpw.com,DIBN1502,https://hhd19.mapyourshow.com/8_0/exhibitor/exhibitor-details.cfm?exhid=428751,"CLEANING EQUIPMENT & SUPPLIES,ENGINES & ACCESSORIES,GENERATORS,PARTS & ACCESSORIES,PRESSURE WASHERS & SUPPLIES,SPRAYERS & ACCESSORIES,WATER MANAGEMENT EQUIPMENT",,
NMC Cat,,,,4028918600,http://nmccat.com,516,https://hhd19.mapyourshow.com/8_0/exhibitor/exhibitor-details.cfm?exhid=10003251,,,
Northeast Community College,,,,4028447180,http://www.northeast.edu/,"919,DIBW1728",https://hhd19.mapyourshow.com/8_0/exhibitor/exhibitor-details.cfm?exhid=10000316,,,
Norwood Sales Inc.,,,,8004460316,http://www.norwoodsales.com,928,https://hhd19.mapyourshow.com/8_0/exhibitor/exhibitor-details.cfm?exhid=10001410,,,
NTV,,,,3084559915,,1143,https://hhd19.mapyourshow.com/8_0/exhibitor/exhibitor-details.cfm?exhid=10002997,,,
Nuhn Industries Ltd,,,,5193936284,http://www.nuhn.ca,730,https://hhd19.mapyourshow.com/8_0/exhibitor/exhibitor-details.cfm?exhid=10008114,,,
Nutra Drip,,,,7855475209,,1156,https://hhd19.mapyourshow.com/8_0/exhibitor/exhibitor-details.cfm?exhid=418729,,,
Nutra-Crop,,,,888-906-1510,http://www.nutracrop.com,DIBW1836,https://hhd19.mapyourshow.com/8_0/exhibitor/exhibitor-details.cfm?exhid=375648,,,
Nutrien Ag Solutions,,,,3084407173,http://www.nutrienagsolutions.com,13E,https://hhd19.mapyourshow.com/8_0/exhibitor/exhibitor-details.cfm?exhid=10005706,"CROP PROTECTION,FERTILIZER APPLICATION,FERTILIZERS,GPS & PRECISION AG PRODUCTS,HERBICIDES,INSECTICIDES,SEED",,
O'Reilly Auto Parts,,,,4178622674,http://www.oreillyauto.com,DIBS1651,https://hhd19.mapyourshow.com/8_0/exhibitor/exhibitor-details.cfm?exhid=10002682,,,
"Online Seed Sales, LLC.",,,,3196562532,http://www.onlineseedsales.com,DIBN1505,https://hhd19.mapyourshow.com/8_0/exhibitor/exhibitor-details.cfm?exhid=430751,,,
Open Country LLC,,,,4024900635,,763,https://hhd19.mapyourshow.com/8_0/exhibitor/exhibitor-details.cfm?exhid=407499,,,
Orthman,,,,3083241501,http://www.orthman.com,710,https://hhd19.mapyourshow.com/8_0/exhibitor/exhibitor-details.cfm?exhid=10000323,,,
Otter's Inc.,,,,7855674648,,918,https://hhd19.mapyourshow.com/8_0/exhibitor/exhibitor-details.cfm?exhid=10003282,,,
Outback Guidance,,,,7857425179,http://www.outbackguidance.com,942,https://hhd19.mapyourshow.com/8_0/exhibitor/exhibitor-details.cfm?exhid=10002683,,,
Overhead Door of Hastings/G.I./Kearney,,,,3083798072,http://OverheadDoor.com,32,https://hhd19.mapyourshow.com/8_0/exhibitor/exhibitor-details.cfm?exhid=10000324,,,
Owl Creek Organics & Natural Products,,,,6055691051,,42W,https://hhd19.mapyourshow.com/8_0/exhibitor/exhibitor-details.cfm?exhid=428764,,,
"Par-Kan Company, LLC",,,,8002915487,http://www.par-kan.com,1026,https://hhd19.mapyourshow.com/8_0/exhibitor/exhibitor-details.cfm?exhid=10006445,,,
Patriot Equipment,,,,3088320220,http://www.patriotequip.com,529,https://hhd19.mapyourshow.com/8_0/exhibitor/exhibitor-details.cfm?exhid=10000285,,,
Pearson's Inc.,,,,9405531310,http://www.pearsonlivestockeq.com,14W,https://hhd19.mapyourshow.com/8_0/exhibitor/exhibitor-details.cfm?exhid=10006262,,,
Performance Ag Indiana,,,,,http://performanceagindiana.com,1060,https://hhd19.mapyourshow.com/8_0/exhibitor/exhibitor-details.cfm?exhid=375728,,,
Peterbilt of Lincoln/Norfolk/Council Bluffs/Sioux City,,,,7122342762,http://www.pbtruck.com,1141,https://hhd19.mapyourshow.com/8_0/exhibitor/exhibitor-details.cfm?exhid=10011153,,,
Phytech,,,,4025213790,http://www.phytech.com,1044,https://hhd19.mapyourshow.com/8_0/exhibitor/exhibitor-details.cfm?exhid=428767,"GPS & PRECISION AG PRODUCTS,IRRIGATION & CHEMIGATION EQPT.,MOISTURE TESTERS,SOIL, ADDITIVES & SERVICES,WATER MANAGEMENT EQUIPMENT",,
Pioneer,,,,8002476803,http://www.pioneer.com,512,https://hhd19.mapyourshow.com/8_0/exhibitor/exhibitor-details.cfm?exhid=10002687,"CROP PROTECTION,FARM & FIELD RECORDKEEPING,INOCULANTS,SEED",,
"Pit Express / Mast Productions, Inc.",,,,2176563911,http://www.pitexpress.com,12E,https://hhd19.mapyourshow.com/8_0/exhibitor/exhibitor-details.cfm?exhid=10001551,,,
Planter Worx,,,,3089917717,http://planterworxne.com,1109,https://hhd19.mapyourshow.com/8_0/exhibitor/exhibitor-details.cfm?exhid=400203,,,
Polansky Seed Inc.,,,,7855271375,http://Polanskyseed.com,41E,https://hhd19.mapyourshow.com/8_0/exhibitor/exhibitor-details.cfm?exhid=422814,,,
Polaris Industries,,,,17638478258,http://www.polaris.com,1168,https://hhd19.mapyourshow.com/8_0/exhibitor/exhibitor-details.cfm?exhid=10009689,,,
Precision Ag Reviews,,,,9376385117,https://www.precisionagreviews.com/,DIBS1677,https://hhd19.mapyourshow.com/8_0/exhibitor/exhibitor-details.cfm?exhid=430249,,,
Precision Planting,,,,3099255050,http://www.precisionplanting.com,330,https://hhd19.mapyourshow.com/8_0/exhibitor/exhibitor-details.cfm?exhid=10001552,,,
Premier Tillage INC.,,,,785-754-2381,http://www.Premiertillage.com,558,https://hhd19.mapyourshow.com/8_0/exhibitor/exhibitor-details.cfm?exhid=428768,,,
Prescription Tillage Technology LLC,,,,9084423966,http://prescriptiontillage.com,944,https://hhd19.mapyourshow.com/8_0/exhibitor/exhibitor-details.cfm?exhid=400329,,,
Pretty and Fabulous,,,,3089918140,,42W,https://hhd19.mapyourshow.com/8_0/exhibitor/exhibitor-details.cfm?exhid=371523,,,
Price Bros. Equipment,,,,3162659577,,815,https://hhd19.mapyourshow.com/8_0/exhibitor/exhibitor-details.cfm?exhid=10000335,,,
"Prinsco, Inc.",,,,3022226800,http://www.prinsco.com,945,https://hhd19.mapyourshow.com/8_0/exhibitor/exhibitor-details.cfm?exhid=368753,,,
ProAG Engineered by Morris,,,,3069338585,http://www.morris-industries.com/proag,449,https://hhd19.mapyourshow.com/8_0/exhibitor/exhibitor-details.cfm?exhid=10000585,,,
Ram Commercial,,,,5869070321,http://www.ramtrucks.com/commercial,1006,https://hhd19.mapyourshow.com/8_0/exhibitor/exhibitor-details.cfm?exhid=10002602,,,
Ramsey Ranch Supply Inc,,,,3086543456,http://www.ramseyranchsupply.com,17W,https://hhd19.mapyourshow.com/8_0/exhibitor/exhibitor-details.cfm?exhid=10011205,,,
"Rawhide Portable Corral, Inc.",,,,7852633436,http://www.rawhideportablecorral.com,8W,https://hhd19.mapyourshow.com/8_0/exhibitor/exhibitor-details.cfm?exhid=10010000,LIVESTOCK HANDLING EQUIPMENT,,
Raynor Garage Doors,,,,8154404166,http://raynor.com,808,https://hhd19.mapyourshow.com/8_0/exhibitor/exhibitor-details.cfm?exhid=10000341,,,
Reinke,,,,1-402-365-7251,http://www.reinke.com,67,https://hhd19.mapyourshow.com/8_0/exhibitor/exhibitor-details.cfm?exhid=10000343,"CENTER PIVOT PARTS, ACCESSORIES AND CONTROL SYSTEMS,GPS & PRECISION AG PRODUCTS,GUIDANCE SYSTEMS,IRRIGATION & CHEMIGATION EQPT.,MANURE HANDLING EQUIPMENT,WASTE MANAGEMENT SERVICES,WATER MANAGEMENT EQUIPMENT",,
Replacement Flighting Supply,,,,4026946536,http://rfsaugerflighting.com,DIBN1508,https://hhd19.mapyourshow.com/8_0/exhibitor/exhibitor-details.cfm?exhid=10003143,,,
Rich & Sons RV Headquarters,,,,3083842040,http://www.richsonsrv.com,849,https://hhd19.mapyourshow.com/8_0/exhibitor/exhibitor-details.cfm?exhid=376360,,,
Ritchie Bros. Auctioneers,,,,7783315500,http://www.rbauction.com,1063,https://hhd19.mapyourshow.com/8_0/exhibitor/exhibitor-details.cfm?exhid=205580,"AUCTIONS,FINANCIAL INSTITUTIONS & SERVICES,MARKETING & ADVISORY SERVICES",,
Ritchie Industries/Nebraska Pump Co,,,,4024661477,,37,https://hhd19.mapyourshow.com/8_0/exhibitor/exhibitor-details.cfm?exhid=10000311,,,
Rite Way Mfg. Co.,,,,3063374888,http://www.ritewaymfg.com,64,https://hhd19.mapyourshow.com/8_0/exhibitor/exhibitor-details.cfm?exhid=10011555,,,
RJL Enterprises,,,,3083862135,http://rjlenterprisesllc.com,15W,https://hhd19.mapyourshow.com/8_0/exhibitor/exhibitor-details.cfm?exhid=368015,,,
RK Products from Copperhead Ag,,,,,http://www.copperheadag.com/rk-products/,957,https://hhd19.mapyourshow.com/8_0/exhibitor/exhibitor-details.cfm?exhid=428770,,,
"Roach Ag Marketing, Ltd.",,,,8006227628,http://www.RoachAg.com,DIBS1625,https://hhd19.mapyourshow.com/8_0/exhibitor/exhibitor-details.cfm?exhid=10011367,,,
Roadbuilders Machinery & Supply Co,,,,4025251846,http://www.roadbuildersmachinery.com,750,https://hhd19.mapyourshow.com/8_0/exhibitor/exhibitor-details.cfm?exhid=10011774,,,
Roadruner Mfg,,,,7855862228,http://www.roadrunermfg.com,1030,https://hhd19.mapyourshow.com/8_0/exhibitor/exhibitor-details.cfm?exhid=404529,,,
Rob-See-Co,,,,4022181356,http://www.robseeco.com,19E,https://hhd19.mapyourshow.com/8_0/exhibitor/exhibitor-details.cfm?exhid=315577,,,
Rod's Power Sports,,,,4024236230,http://www.rodspowersports.com,138,https://hhd19.mapyourshow.com/8_0/exhibitor/exhibitor-details.cfm?exhid=10000351,,,
"Roll Rite, LLC",,,,7122563893,http://www.rollriteag.com,951,https://hhd19.mapyourshow.com/8_0/exhibitor/exhibitor-details.cfm?exhid=406674,,,
Roth Seed Caddy,,,,4027613236,http://www.rothseedcaddy.com,427,https://hhd19.mapyourshow.com/8_0/exhibitor/exhibitor-details.cfm?exhid=10001366,,,
Roto Grind / Burrows Ent. LLC.,,,,9703533769,http://www.rotogrind.com,64,https://hhd19.mapyourshow.com/8_0/exhibitor/exhibitor-details.cfm?exhid=10000178,,,
"Rowse Hydraulic Rakes Co., Inc.",,,,3083482276,http://rowserakes.com,968,https://hhd19.mapyourshow.com/8_0/exhibitor/exhibitor-details.cfm?exhid=10000349,,,
S.I. Distributing Inc.,,,,18003687773,http://www.sidist.com,856,https://hhd19.mapyourshow.com/8_0/exhibitor/exhibitor-details.cfm?exhid=10002963,,,
"S.I. Feeders, Div. Schoessow Inc.",,,,6087428851,,144,https://hhd19.mapyourshow.com/8_0/exhibitor/exhibitor-details.cfm?exhid=10002710,,,
"Safety Zone Calf Catchers, LLC",,,,3087500200,http://www.SafetyZone Calf Catchers.com,351,https://hhd19.mapyourshow.com/8_0/exhibitor/exhibitor-details.cfm?exhid=373027,,,
Sahling Kenworth,,,,4026133502,http://www.sahlingkenworth.com,425,https://hhd19.mapyourshow.com/8_0/exhibitor/exhibitor-details.cfm?exhid=422004,,,
Salford Group Inc.,,,,5194851293,http://www.salfordgroup.com,1034,https://hhd19.mapyourshow.com/8_0/exhibitor/exhibitor-details.cfm?exhid=10003159,,,
Sam's Club,,,,308-384-0622,http://Samsclub.com,855,https://hhd19.mapyourshow.com/8_0/exhibitor/exhibitor-details.cfm?exhid=10008563,"CLOTHING,TRAILERS & ACCESSORIES,UTILITY VEHICLES",,
Sapp Bros. Petroleum,,,,4028952202,http://www.sappbros.net,24,https://hhd19.mapyourshow.com/8_0/exhibitor/exhibitor-details.cfm?exhid=10000353,,,
"Sargent Irrigation Co, Inc",,,,4028874112,,717,https://hhd19.mapyourshow.com/8_0/exhibitor/exhibitor-details.cfm?exhid=10002966,,,
Schaffert Mfg. & Sales,,,,3083642607,http://schaffert.com,819,https://hhd19.mapyourshow.com/8_0/exhibitor/exhibitor-details.cfm?exhid=10000325,,,
"Schlagel Mfg., Inc.",,,,3075324451,http://www.schlagel.net,751,https://hhd19.mapyourshow.com/8_0/exhibitor/exhibitor-details.cfm?exhid=10002967,,,
Schuler Mfg. & Equip. Co. Inc.,,,,7127742228,http://www.schulermfg.net,4W,https://hhd19.mapyourshow.com/8_0/exhibitor/exhibitor-details.cfm?exhid=10001431,,,
Schweiss Doors,,,,5074268273,http://schweissdoors.com,922,https://hhd19.mapyourshow.com/8_0/exhibitor/exhibitor-details.cfm?exhid=10004830,,,
SCOTT-HOURIGAN CO,,,,4023627711,http://WWW.SCOTTHOURIGAN.COM,24W,https://hhd19.mapyourshow.com/8_0/exhibitor/exhibitor-details.cfm?exhid=10000356,,,
Seametrics,,,,2538720284,http://seametrics.com,DIBW1702,https://hhd19.mapyourshow.com/8_0/exhibitor/exhibitor-details.cfm?exhid=146203,"ELECTRONICS,ENVIRONMENTAL PRODUCTS & SYSTEMS,IRRIGATION & CHEMIGATION EQPT.,PARTS & ACCESSORIES,WATER MANAGEMENT EQUIPMENT",,
Seitec Genetics,,,,4027271816,http://www.seitec.com,35W,https://hhd19.mapyourshow.com/8_0/exhibitor/exhibitor-details.cfm?exhid=10011758,SEED,,
Select Sprayers & Equipment LLC,,,,3083388006,http://www.selectsprayers.com,749,https://hhd19.mapyourshow.com/8_0/exhibitor/exhibitor-details.cfm?exhid=10000361,SPRAYERS & ACCESSORIES,,
Senninger,,,,4078775655,http://www.senninger.com,630,https://hhd19.mapyourshow.com/8_0/exhibitor/exhibitor-details.cfm?exhid=10000359,,,
"Servi-Tech, Inc.",,,,6202533137,http://www.servitech.com,35E,https://hhd19.mapyourshow.com/8_0/exhibitor/exhibitor-details.cfm?exhid=10000360,"CONSULTING SERVICES,GPS & PRECISION AG PRODUCTS,LABORATORY SERVICES,WATER MANAGEMENT EQUIPMENT",,
Shaver Mfg/ HCC inc,,,,7128593293,http://103 S. Washington Ave,1058,https://hhd19.mapyourshow.com/8_0/exhibitor/exhibitor-details.cfm?exhid=10004870,,,
Shepherd's Dairy 4 Ewe LLC,,,,3088722877,,42W,https://hhd19.mapyourshow.com/8_0/exhibitor/exhibitor-details.cfm?exhid=10008144,,,
ShieldAg Equipment,,,,6206627221,http://www.shieldag.com,914,https://hhd19.mapyourshow.com/8_0/exhibitor/exhibitor-details.cfm?exhid=10002713,,,
"Shivvers Mfg., Inc.",,,,8002459093,http://www.shivvers.com,627,https://hhd19.mapyourshow.com/8_0/exhibitor/exhibitor-details.cfm?exhid=10001642,,,
Shoup Manufacturing Co,,,,8006276137,http://shoupparts.com,DIBS1653,https://hhd19.mapyourshow.com/8_0/exhibitor/exhibitor-details.cfm?exhid=10001434,,,
"Show-Me Shortline Company, LLC",,,,5732288908,http://showmeshortline.com,623,https://hhd19.mapyourshow.com/8_0/exhibitor/exhibitor-details.cfm?exhid=10004309,,,
"ShrineBowl of Nebraska, Inc.",,,,4024625813,,DIBN1581,https://hhd19.mapyourshow.com/8_0/exhibitor/exhibitor-details.cfm?exhid=10002999,,,
Shur-Co,,,,6056656000,http://www.shurco.com,447,https://hhd19.mapyourshow.com/8_0/exhibitor/exhibitor-details.cfm?exhid=10002714,,,
Sidump'r Trailer,,,,4025641400,http://sidumpr.com,445,https://hhd19.mapyourshow.com/8_0/exhibitor/exhibitor-details.cfm?exhid=415739,"EARTH MOVING EQUIPMENT,FEEDING EQUIPMENT & ACCESSORIES,GRAIN CARTS,LIVESTOCK SHELTERS,MANURE HANDLING EQUIPMENT,TRAILERS & ACCESSORIES",,
Silo The Film,,,,6463373842,http://www.silothefilm.com,33,https://hhd19.mapyourshow.com/8_0/exhibitor/exhibitor-details.cfm?exhid=429946,,,
Silveus Insurance,,,,5742674042,,DIBN1578,https://hhd19.mapyourshow.com/8_0/exhibitor/exhibitor-details.cfm?exhid=10002715,CROP PROTECTION,,
"Sioux Automation Center, Inc.",,,,7127221488,http://www.siouxautomation.com,211,https://hhd19.mapyourshow.com/8_0/exhibitor/exhibitor-details.cfm?exhid=10001643,,,
Sioux Steel Company,,,,8005574689,http://www.siouxsteel.com,644,https://hhd19.mapyourshow.com/8_0/exhibitor/exhibitor-details.cfm?exhid=10002716,,,
Soil Service Inc.,,,,2177554400,http://www.info@soilserviceinc.com,761,https://hhd19.mapyourshow.com/8_0/exhibitor/exhibitor-details.cfm?exhid=10001437,,,
Solar Heat and Electric,,,,4025905900,http://www.solaromaha.com,6E,https://hhd19.mapyourshow.com/8_0/exhibitor/exhibitor-details.cfm?exhid=10012440,,,
Southeast Community College-Beatrice Campus,,,,4022288204,http://www.southeast.edu,222,https://hhd19.mapyourshow.com/8_0/exhibitor/exhibitor-details.cfm?exhid=10002905,EDUCATIONAL INSTITUTIONS & SERVICES,,
SouthernCarlson,,,,4029132149,http://www.southerncarlson.com,DIBN1550,https://hhd19.mapyourshow.com/8_0/exhibitor/exhibitor-details.cfm?exhid=428772,,,
Southwest Products,,,,6022693581,http://www.southwestproducts.com,956,https://hhd19.mapyourshow.com/8_0/exhibitor/exhibitor-details.cfm?exhid=404812,"ENGINES & ACCESSORIES,GENERATORS,PUMPS & ACCESSORIES",,
"Spectrum Technologies, Inc.",,,,8002488873,http://www.specmeters.com,DIBN1504,https://hhd19.mapyourshow.com/8_0/exhibitor/exhibitor-details.cfm?exhid=10007661,,,
Spirit Catholic Radio Network,,,,4025710200,http://www.spiritcatholicradio.com,DIBS1680,https://hhd19.mapyourshow.com/8_0/exhibitor/exhibitor-details.cfm?exhid=10010614,,,
Star Seed Inc.,,,,7853465447,http://gostarseed.com,916,https://hhd19.mapyourshow.com/8_0/exhibitor/exhibitor-details.cfm?exhid=419021,,,
"Steffes Group, Inc.",,,,7124772144,http://www.steffesgroup.com,DIBW1733,https://hhd19.mapyourshow.com/8_0/exhibitor/exhibitor-details.cfm?exhid=407181,"AUCTIONS,COMBINES & ACCESSORIES,GRAIN CARTS,LIVESTOCK WATERERS,SKID STEER LOADERS & ACCESSORIES,TILLAGE EQUIPMENT & ACCESSORIES,TRACTORS & ACCESSORIES",,
StepsGMS,,,,4196306449,http://stepsgms.com,DIBN1506,https://hhd19.mapyourshow.com/8_0/exhibitor/exhibitor-details.cfm?exhid=427911,,,
STIHL Outdoor Power,,,,5732382675,,36E,https://hhd19.mapyourshow.com/8_0/exhibitor/exhibitor-details.cfm?exhid=10010085,,,
Stine Seed Company,,,,3087378105,http://www.stineseed.com,44E,https://hhd19.mapyourshow.com/8_0/exhibitor/exhibitor-details.cfm?exhid=10004980,,,
Stinger Inc.,,,,6204638000,http://www.stingerltd.com,12W,https://hhd19.mapyourshow.com/8_0/exhibitor/exhibitor-details.cfm?exhid=10000370,,,
Stitches,,,,4026782724,,42W,https://hhd19.mapyourshow.com/8_0/exhibitor/exhibitor-details.cfm?exhid=10011349,,,
StollerUSA,,,,7133290320,http://www.stollerusa.com,DIBS1676,https://hhd19.mapyourshow.com/8_0/exhibitor/exhibitor-details.cfm?exhid=10005339,,,
STOR-LOC,,,,8159360700,http://www.storloc.com,DIBW1750,https://hhd19.mapyourshow.com/8_0/exhibitor/exhibitor-details.cfm?exhid=10009313,,,
Strobel Manufacturing Inc.,,,,3085482254,http://www.strobelmfg.com,613,https://hhd19.mapyourshow.com/8_0/exhibitor/exhibitor-details.cfm?exhid=10000371,,,
Stronghold Mfg,,,,320-278-3560,http://www.bakkobros.com,346,https://hhd19.mapyourshow.com/8_0/exhibitor/exhibitor-details.cfm?exhid=430027,,,
"Sudenga Industries, Inc.",,,,7124753301,http://www.sudenga.com,721,https://hhd19.mapyourshow.com/8_0/exhibitor/exhibitor-details.cfm?exhid=10001645,,,
Sue's Quilts & Stitches,,,,3197953927,,42W,https://hhd19.mapyourshow.com/8_0/exhibitor/exhibitor-details.cfm?exhid=350783,,,
Sukup Manufacturing Co.,,,,6418924222,http://www.sukup.com,68,https://hhd19.mapyourshow.com/8_0/exhibitor/exhibitor-details.cfm?exhid=10001644,"AERATION,BINS,BUILDINGS & COMPONENTS,CONVEYORS,DRYERS & DRYING EQUIPMENT,FANS",,
Sullivan Auctioneers,,,,2178472160,http://www.sullivanauctioneers.com,DIBN1529,https://hhd19.mapyourshow.com/8_0/exhibitor/exhibitor-details.cfm?exhid=351616,,,
Summit Contracting,,,,6053372841,https://www.summitcontractingsd.com/,121,https://hhd19.mapyourshow.com/8_0/exhibitor/exhibitor-details.cfm?exhid=430653,,,
Summit Livestock Facilities,,,,8002130567,http://www.summitlivestock.com,LIB1931,https://hhd19.mapyourshow.com/8_0/exhibitor/exhibitor-details.cfm?exhid=414567,,,
Sunco Farm Equipment,,,,3085322146,http://www.suncofarmequipment.com,860,https://hhd19.mapyourshow.com/8_0/exhibitor/exhibitor-details.cfm?exhid=10000374,,,
Superior Grain Equipment,,,,7014284060,http://www.superiorbins.com,959,https://hhd19.mapyourshow.com/8_0/exhibitor/exhibitor-details.cfm?exhid=10006125,,,
Sure Crop Fertilizers,,,,7853362121,http://www.surecropfertilizers.com,545,https://hhd19.mapyourshow.com/8_0/exhibitor/exhibitor-details.cfm?exhid=10000160,,,
SureFire Ag Systems,,,,7856263670,http://www.surefireag.com,134,https://hhd19.mapyourshow.com/8_0/exhibitor/exhibitor-details.cfm?exhid=10005673,,,
"Suzuki Motor of America, Inc.",,,,7149967040,http://www.suzukicycles.com/,861,https://hhd19.mapyourshow.com/8_0/exhibitor/exhibitor-details.cfm?exhid=10001466,,,
Swinger Mfg,,,,8447633490,http://www.swingermfg.com,962,https://hhd19.mapyourshow.com/8_0/exhibitor/exhibitor-details.cfm?exhid=351914,,,
Syngenta,,,,63064451995,http://www.syngenta-us.com,1106,https://hhd19.mapyourshow.com/8_0/exhibitor/exhibitor-details.cfm?exhid=10003937,,,
Syngenta Square,,,,3366326000,http://www.syngenta-us.com,47E,https://hhd19.mapyourshow.com/8_0/exhibitor/exhibitor-details.cfm?exhid=414926,,,
T-L Irrigation Company,,,,4024624128,http://www.tlirrr.com,18,https://hhd19.mapyourshow.com/8_0/exhibitor/exhibitor-details.cfm?exhid=10002754,,,
T.O. Haas Tire & Auto,,,,4023234223,http://www.tohaas.com,552,https://hhd19.mapyourshow.com/8_0/exhibitor/exhibitor-details.cfm?exhid=348123,,,
The Big Rack Shack,,,,3082344464,http://www.bigrackshack.com,21E,https://hhd19.mapyourshow.com/8_0/exhibitor/exhibitor-details.cfm?exhid=10009120,,,
The Charm Lady,,,,3083797753,,42W,https://hhd19.mapyourshow.com/8_0/exhibitor/exhibitor-details.cfm?exhid=10002884,,,
The Doll Closet,,,,3083909434,,42W,https://hhd19.mapyourshow.com/8_0/exhibitor/exhibitor-details.cfm?exhid=401135,,,
The Rustic Ridge,,,,4028411149,,42W,https://hhd19.mapyourshow.com/8_0/exhibitor/exhibitor-details.cfm?exhid=409125,,,
"Thrasher Basement, Foundation & Concrete Repair",,,,800-827-0708,http://www.GoThrasher.com,DIBW1754,https://hhd19.mapyourshow.com/8_0/exhibitor/exhibitor-details.cfm?exhid=10007533,"BINS,HOME PRODUCTS & SERVICES,HOMES,RADON TESTING,REAL ESTATE,WATERPROOFING AND FOUNDATION REPAIR",,
Thunder Creek,,,,8665357667,http://ThunderCreek.com,946,https://hhd19.mapyourshow.com/8_0/exhibitor/exhibitor-details.cfm?exhid=10002647,,,
"Tillotson Enterprises, Inc.",,,,3082335911,http://www.sprayapplications.com,DIBW1835,https://hhd19.mapyourshow.com/8_0/exhibitor/exhibitor-details.cfm?exhid=10009381,,,
Timpte,,,,7123288651,,828,https://hhd19.mapyourshow.com/8_0/exhibitor/exhibitor-details.cfm?exhid=10000383,,,
Tis the Season Crafts,,,,4023166729,,42W,https://hhd19.mapyourshow.com/8_0/exhibitor/exhibitor-details.cfm?exhid=428774,,,
Titan Tire Corporation / Graham Tire,,,,2172286878,http://www.titan-intl.com/,530,https://hhd19.mapyourshow.com/8_0/exhibitor/exhibitor-details.cfm?exhid=10005134,,,
Tom Dinsdale Automotive,,,,3083824662,http://www.dinsdaleauto.com,568,https://hhd19.mapyourshow.com/8_0/exhibitor/exhibitor-details.cfm?exhid=10012138,,,
Topcon Agriculture America's,,,,6084493271,http://go.topconpositioning.com/l/74142/2018-02-05/9s5q95,DIBN1525,https://hhd19.mapyourshow.com/8_0/exhibitor/exhibitor-details.cfm?exhid=400199,,,
Toro Ag,,,,8773730087,http://www.toro.com/agriculture,738,https://hhd19.mapyourshow.com/8_0/exhibitor/exhibitor-details.cfm?exhid=10001510,,,
Toy Corrals,,,,4023794412,,42W,https://hhd19.mapyourshow.com/8_0/exhibitor/exhibitor-details.cfm?exhid=10006960,,,
Trail King Industries,,,,6059953618,http://www.trailking.com,226,https://hhd19.mapyourshow.com/8_0/exhibitor/exhibitor-details.cfm?exhid=255337,"GRAIN HANDLING EQUIPMENT,HARVESTING EQUIPMENT,HAY HANDLING EQUIPMENT,TRAILERS & ACCESSORIES,TRANSPORTATION",,
Tredz Central dba: Your Next Tire,,,,8885138473,http://www.yournexttire.com,52,https://hhd19.mapyourshow.com/8_0/exhibitor/exhibitor-details.cfm?exhid=10009529,,,
"Tri-States Grain Conditioning, Inc.",,,,8004388367,http://www.TSGCinc.com,DIBW1727,https://hhd19.mapyourshow.com/8_0/exhibitor/exhibitor-details.cfm?exhid=317163,,,
Tribine Harvester LLC,,,,3162828011,http://www.tribine.com,DIBN1553,https://hhd19.mapyourshow.com/8_0/exhibitor/exhibitor-details.cfm?exhid=406336,,,
"Trinity Trailer Mfg., Inc.",,,,2083363666,,22W,https://hhd19.mapyourshow.com/8_0/exhibitor/exhibitor-details.cfm?exhid=10003260,,,
Truck Center Companies,,,,4029513377,http://www.truckcentercompanies.com,1103,https://hhd19.mapyourshow.com/8_0/exhibitor/exhibitor-details.cfm?exhid=369036,"TRAILERS & ACCESSORIES,TRANSPORTATION,TRUCKS, AUTOS & ACCESSORIES,UTILITY VEHICLES,WHEELS",,
Tuning Element Products,,,,4028264238,,42W,https://hhd19.mapyourshow.com/8_0/exhibitor/exhibitor-details.cfm?exhid=407314,,,
Tuthill Transfer Systems,,,,,http://www.fillrite.com,1162,https://hhd19.mapyourshow.com/8_0/exhibitor/exhibitor-details.cfm?exhid=428776,,,
Uncle Slappy's BBQ Sauce & Rub,,,,4024639791,,42W,https://hhd19.mapyourshow.com/8_0/exhibitor/exhibitor-details.cfm?exhid=10002891,,,
Unified Ag Solutions,,,,4022903251,http://unifiedagsolutions.com,519,https://hhd19.mapyourshow.com/8_0/exhibitor/exhibitor-details.cfm?exhid=407097,,,
"University of Nebraska, Lincoln",,,,4024617209,http://cropwatch.unl.edu,827,https://hhd19.mapyourshow.com/8_0/exhibitor/exhibitor-details.cfm?exhid=10003013,,,
"Unverferth Mfg. Co., Inc.",,,,4195323121,http://www.unverferth.com,27W,https://hhd19.mapyourshow.com/8_0/exhibitor/exhibitor-details.cfm?exhid=10001076,,,
US Custom Harvesters,,,,6202001381,http://www.uschi.com,1127,https://hhd19.mapyourshow.com/8_0/exhibitor/exhibitor-details.cfm?exhid=422017,,,
USDA NASS,,,,4024375541,,DIBN1527,https://hhd19.mapyourshow.com/8_0/exhibitor/exhibitor-details.cfm?exhid=10005959,,,
"USDA, National Appeals Division",,,,18005410483,http://www.nad.usda.gov,DIBS1605,https://hhd19.mapyourshow.com/8_0/exhibitor/exhibitor-details.cfm?exhid=10002990,,,
Valley Irrigation,,,,4023596232,http://www.valleyirrigation.com,25,https://hhd19.mapyourshow.com/8_0/exhibitor/exhibitor-details.cfm?exhid=10007159,"COMPUTERS & SOFTWARE,GUIDANCE SYSTEMS,IRRIGATION & CHEMIGATION EQPT.,MOISTURE TESTERS,SPRINKLERS, PIVOTS,WASTE MANAGEMENT SERVICES,WATER MANAGEMENT EQUIPMENT",,
Vermeer Corporation,,,,6416218509,http://www.vermeer.com,1126,https://hhd19.mapyourshow.com/8_0/exhibitor/exhibitor-details.cfm?exhid=10001649,,,
Vitalix Inc.,,,,3088703170,,LIB1910,https://hhd19.mapyourshow.com/8_0/exhibitor/exhibitor-details.cfm?exhid=10003294,,,
Walinga USA Inc,,,,6168773470,http://www.walinga.com,756,https://hhd19.mapyourshow.com/8_0/exhibitor/exhibitor-details.cfm?exhid=10001077,,,
Walker Manufacturing Co,,,,9702215614,http://walker.com,934,https://hhd19.mapyourshow.com/8_0/exhibitor/exhibitor-details.cfm?exhid=10000395,,,
"Wardcraft Homes, Inc.",,,,7856325664,http://www.wardcraft.com,99E,https://hhd19.mapyourshow.com/8_0/exhibitor/exhibitor-details.cfm?exhid=10002906,,,
Waterman Valve LLC,,,,5595624000,http://www.watermanusa.com,DIBW1757,https://hhd19.mapyourshow.com/8_0/exhibitor/exhibitor-details.cfm?exhid=422479,,,
Webb Cutting Components,,,,3083817090,http://www.cuttingcomponents.com,DIBN1582,https://hhd19.mapyourshow.com/8_0/exhibitor/exhibitor-details.cfm?exhid=422019,"COMBINES & ACCESSORIES,FORAGE EQPT. & ACCESSORIES,HARVESTING EQUIPMENT,HAY RAKES,PARTS & ACCESSORIES,REBUILDERS, REPAIR, REPLACEMENT PARTS,STALK CUTTERS",,
"Weirich Welding Plus, LLC",,,,7127692415,http://57680 Lewis Rd,531,https://hhd19.mapyourshow.com/8_0/exhibitor/exhibitor-details.cfm?exhid=421625,,,
Werk Weld Inc.,,,,6057242818,http://www.werkweld.com,19W,https://hhd19.mapyourshow.com/8_0/exhibitor/exhibitor-details.cfm?exhid=10002753,,,
West Point Design Inc,,,,4023722408,http://www.westpointimp.com/design,1050,https://hhd19.mapyourshow.com/8_0/exhibitor/exhibitor-details.cfm?exhid=10000397,,,
"Westendorf Manufacturing Co., Inc.",,,,7124232762,http://www.loaders.com,1046,https://hhd19.mapyourshow.com/8_0/exhibitor/exhibitor-details.cfm?exhid=10001650,,,
"Western Irrigation, Inc.",,,,8002475636,http://www.westernirrigation.com,1125,https://hhd19.mapyourshow.com/8_0/exhibitor/exhibitor-details.cfm?exhid=10003160,,,
"Whitetail Trophy Properties Real Estate, LLC",,,,4027074885,http://www.whitetailproperties.com,DIBW1711,https://hhd19.mapyourshow.com/8_0/exhibitor/exhibitor-details.cfm?exhid=376214,,,
Wick Buildings,,,,6087952294,http://WickBuildings.com,327,https://hhd19.mapyourshow.com/8_0/exhibitor/exhibitor-details.cfm?exhid=10002746,,,
Wilson Trailer,,,,3083811800,http://www.wilsontrailer.com,39W,https://hhd19.mapyourshow.com/8_0/exhibitor/exhibitor-details.cfm?exhid=10001651,,,
Winn Rack,,,,4022695308,http://winnrack.com,342,https://hhd19.mapyourshow.com/8_0/exhibitor/exhibitor-details.cfm?exhid=10010411,,,
"Worthington Tractor Parts, Inc.",,,,6053576801,http://www.worthingtonagparts.com,133,https://hhd19.mapyourshow.com/8_0/exhibitor/exhibitor-details.cfm?exhid=10001458,,,
"Yamaha Motor Corporation, USA",,,,714-761-7504,http://www.yamahamotorsports.com,824,https://hhd19.mapyourshow.com/8_0/exhibitor/exhibitor-details.cfm?exhid=10002749,,,
Yant Equipment Inc.,,,,3083825830,,549,https://hhd19.mapyourshow.com/8_0/exhibitor/exhibitor-details.cfm?exhid=10000401,,,
Yardney Water Filtration,,,,9516566716,http://www.yardneyfilters.com,DIBW1758,https://hhd19.mapyourshow.com/8_0/exhibitor/exhibitor-details.cfm?exhid=10011080,,,
Yetter Manufacturing,,,,8004475777,http://www.yetterco.com,852,https://hhd19.mapyourshow.com/8_0/exhibitor/exhibitor-details.cfm?exhid=10002980,,,
