name,address,city,country,phone,website,booth_no,src_url,products
3M,3M Center Bldg 220-12E-04,Saint Paul,USA,,http://3m.com/graphics,501,https://nafa20.mapyourshow.com/8_0/exhibitor/exhibitor-details.cfm?exhid=1797709,Leasing Company 
3M,,,,,,501,https://nafa20.mapyourshow.com/8_0/exhibitor/exhibitor-details.cfm?exhid=1770472,
A.R.E.,,,,,,1115,https://nafa20.mapyourshow.com/8_0/exhibitor/exhibitor-details.cfm?exhid=1714547,
A.R.E. Accessories,PO Box 1100,Massillon,USA,330-830-7800,http://www.4are.com,1115,https://nafa20.mapyourshow.com/8_0/exhibitor/exhibitor-details.cfm?exhid=1797683,Leasing Company 
ACERTUS,110 Rock Cliff Court,Saint Louis,USA,855-223-7887,http://www.acertusdelivers.com,700,https://nafa20.mapyourshow.com/8_0/exhibitor/exhibitor-details.cfm?exhid=1797697,Leasing Company 
ACERTUS,,,,,,700,https://nafa20.mapyourshow.com/8_0/exhibitor/exhibitor-details.cfm?exhid=1714527,
Adrian Steel Company,,,,,,831,https://nafa20.mapyourshow.com/8_0/exhibitor/exhibitor-details.cfm?exhid=1714555,
Adrian Steel Company,906 James Street,Adrian,USA,517-265-6194,http://www.adriansteel.com,831,https://nafa20.mapyourshow.com/8_0/exhibitor/exhibitor-details.cfm?exhid=1797702,Leasing Company 
Advance Auto Parts/CarQuest,5008 Airport Road,Roanoke,USA,877-238-2623,,600,https://nafa20.mapyourshow.com/8_0/exhibitor/exhibitor-details.cfm?exhid=1833457,Leasing Company 
Aeroz-America,PO Box 31014,Santa Barbara,USA,800-772-3731,http://www.aerozamerica.com,639,https://nafa20.mapyourshow.com/8_0/exhibitor/exhibitor-details.cfm?exhid=1813680,Leasing Company 
Agile FleetCommander,,,,,,905,https://nafa20.mapyourshow.com/8_0/exhibitor/exhibitor-details.cfm?exhid=1715607,
Agile FleetCommander,14101 Willard Rd.,Chantilly,USA,408-213-9555,http://www.agilefleet.com,905,https://nafa20.mapyourshow.com/8_0/exhibitor/exhibitor-details.cfm?exhid=1797699,Leasing Company 
Alliance Safety Council,,,,,,1918,https://nafa20.mapyourshow.com/8_0/exhibitor/exhibitor-details.cfm?exhid=1775392,
Alliance Safety Council promoting alertdriving,10099 N Reiger Road,Baton Rouge,USA,877-345-1253,http://www.alliancesafetycouncil.org,1918,https://nafa20.mapyourshow.com/8_0/exhibitor/exhibitor-details.cfm?exhid=1797708,Leasing Company 
Altec Industries,,,,,,701,https://nafa20.mapyourshow.com/8_0/exhibitor/exhibitor-details.cfm?exhid=1715544,
Altec Industries,33 Inverness Center Parkway,Birmingham,USA,205-991-7733,http://www.altec.com,701,https://nafa20.mapyourshow.com/8_0/exhibitor/exhibitor-details.cfm?exhid=1797692,Leasing Company 
American Aluminum Accessories Inc.,3291 South Byron Butler Parkway,Perry,USA,800-277-0869,http://www.ezrideronline.com,457,https://nafa20.mapyourshow.com/8_0/exhibitor/exhibitor-details.cfm?exhid=1808009,Leasing Company 
"American Honda Motor Co, Inc.",,,,,,1301,https://nafa20.mapyourshow.com/8_0/exhibitor/exhibitor-details.cfm?exhid=1763914,
"American Honda Motor Co, Inc.",1919 Torrance Blvd.,Torrance,USA,310-783-2000,http://www.honda.com,1301,https://nafa20.mapyourshow.com/8_0/exhibitor/exhibitor-details.cfm?exhid=1797685,Leasing Company 
American Midwest Fleet Solutions,1955 NW US 50 Hwy,Lone Jack,USA,816-566-3420,http://www.ammfleetsolutions.com,1005,https://nafa20.mapyourshow.com/8_0/exhibitor/exhibitor-details.cfm?exhid=1797700,Leasing Company 
American Midwest Fleet Solutions,,,,,,1005,https://nafa20.mapyourshow.com/8_0/exhibitor/exhibitor-details.cfm?exhid=1714423,
AngelTrax,119 South Woodburn Drive,Dothan,USA,800-673-1788,http://www.angeltrax.com,306,https://nafa20.mapyourshow.com/8_0/exhibitor/exhibitor-details.cfm?exhid=1803188,Leasing Company 
AngelTrax,,,,,,306,https://nafa20.mapyourshow.com/8_0/exhibitor/exhibitor-details.cfm?exhid=1789860,
Arlon Graphics,200 Boysenberry Lane,Placentia,USA,714-985-6525,http://www.arlon.com,207,https://nafa20.mapyourshow.com/8_0/exhibitor/exhibitor-details.cfm?exhid=1810606,Leasing Company 
AssetWorks Inc.,,,,,,1231,https://nafa20.mapyourshow.com/8_0/exhibitor/exhibitor-details.cfm?exhid=1714417,
AssetWorks Inc.,998 Old Eagle School Road,Wayne,USA,610-225-8312,http://www.assetworks.com,1231,https://nafa20.mapyourshow.com/8_0/exhibitor/exhibitor-details.cfm?exhid=1797693,Leasing Company 
Auto Plus Auto Parts,901 N. Lenola Road,Moorestown,USA,800-257-7972 x4067,http://autoplusap.com,1811,https://nafa20.mapyourshow.com/8_0/exhibitor/exhibitor-details.cfm?exhid=1823104,Leasing Company 
AZUGA,42840 Christy St.,Freemont,USA,408-430-5729,http://www.azuga.com,1813,https://nafa20.mapyourshow.com/8_0/exhibitor/exhibitor-details.cfm?exhid=1797704,Leasing Company 
AZUGA,,,,,,1813,https://nafa20.mapyourshow.com/8_0/exhibitor/exhibitor-details.cfm?exhid=1717283,
"Bestpass, Inc.",,,,,,1906,https://nafa20.mapyourshow.com/8_0/exhibitor/exhibitor-details.cfm?exhid=1715541,
"Bestpass, Inc.",500 New Karner Road,Albany,USA,518-458-1579,http://www.bestpass.com,1906,https://nafa20.mapyourshow.com/8_0/exhibitor/exhibitor-details.cfm?exhid=1797712,Leasing Company 
Blackburn OEM Wheel Solutions,1001 Paster Court,Macedonia,USA,800-981-8321,http://www.blackburnwheels.com,729,https://nafa20.mapyourshow.com/8_0/exhibitor/exhibitor-details.cfm?exhid=1811189,Leasing Company 
Blue1 Energy Equipment,,,,,,506,https://nafa20.mapyourshow.com/8_0/exhibitor/exhibitor-details.cfm?exhid=1715543,
Blue1 Energy Equipment,1650 Horizon Pkwy,Buford,USA,770-688-1958,http://www.blue1energyequipment.com,506,https://nafa20.mapyourshow.com/8_0/exhibitor/exhibitor-details.cfm?exhid=1797718,Leasing Company 
BrandFX Body Company,2800 Golden Triangle Blvd,Fort Worth,USA,866-431-1131,http://www.brandfxbody.com,1331,https://nafa20.mapyourshow.com/8_0/exhibitor/exhibitor-details.cfm?exhid=1797710,Leasing Company 
BrandFX Body Company,,,,,,1331,https://nafa20.mapyourshow.com/8_0/exhibitor/exhibitor-details.cfm?exhid=1714563,
Bridgestone/Firestone Fleet Care,,,,,,911,https://nafa20.mapyourshow.com/8_0/exhibitor/exhibitor-details.cfm?exhid=1714966,
Bridgestone/Firestone Fleet Care,200 4th Avenue South,Nashville,USA,615-937 - 3677,http://www.firestonefleetcare.com,911,https://nafa20.mapyourshow.com/8_0/exhibitor/exhibitor-details.cfm?exhid=1797711,Leasing Company 
"Brigade Electronics, Inc.",215 E Pearl St.,Portland,USA,260-766-4343,http://www.brigade-inc.com,401,https://nafa20.mapyourshow.com/8_0/exhibitor/exhibitor-details.cfm?exhid=1797715,Leasing Company 
"Brigade Electronics, Inc.",,,,,,401,https://nafa20.mapyourshow.com/8_0/exhibitor/exhibitor-details.cfm?exhid=1714562,
Buller Engineering Products,,,,,,709,https://nafa20.mapyourshow.com/8_0/exhibitor/exhibitor-details.cfm?exhid=1724380,
Carr,,,,,,513,https://nafa20.mapyourshow.com/8_0/exhibitor/exhibitor-details.cfm?exhid=1715603,
"Carr Pattern Co., Inc.",40960 California Oaks Rd. #247,Murrieta,USA,951-719-1068,http://www.carr.com,513,https://nafa20.mapyourshow.com/8_0/exhibitor/exhibitor-details.cfm?exhid=1797911,Leasing Company 
CEI,4850 E Street Road,Trevose,USA,215-36405600,http://www.ceinetwork.com,1109,https://nafa20.mapyourshow.com/8_0/exhibitor/exhibitor-details.cfm?exhid=1797907,Leasing Company 
CEI,,,,,,1109,https://nafa20.mapyourshow.com/8_0/exhibitor/exhibitor-details.cfm?exhid=1714896,
"CFA Software, Inc.",,,,,,1606,https://nafa20.mapyourshow.com/8_0/exhibitor/exhibitor-details.cfm?exhid=1714567,
"CFA Software, Inc.",1020 W. Fullerton Avenue,Addison,USA,630-543-1410,http://www.cfasoftware.com,1606,https://nafa20.mapyourshow.com/8_0/exhibitor/exhibitor-details.cfm?exhid=1797910,Leasing Company 
Comdata,5301 Maryland Way,Brentwood,USA,615-370-7000,http://www.comdata.com,1101,https://nafa20.mapyourshow.com/8_0/exhibitor/exhibitor-details.cfm?exhid=1797909,Leasing Company 
Comdata,,,,,,1101,https://nafa20.mapyourshow.com/8_0/exhibitor/exhibitor-details.cfm?exhid=1715606,
Decked LLC,,,,,,524,https://nafa20.mapyourshow.com/8_0/exhibitor/exhibitor-details.cfm?exhid=1715537,
Decked LLC,345 Lew Street,Ketchum,USA,208-806-0251,http://www.decked.com,524,https://nafa20.mapyourshow.com/8_0/exhibitor/exhibitor-details.cfm?exhid=1797915,Leasing Company 
Dee Zee Inc.,,,,,,909,https://nafa20.mapyourshow.com/8_0/exhibitor/exhibitor-details.cfm?exhid=1714568,
Dee Zee Manufacturing,1572 NE 58th Ave,Des Moines,USA,800-779-2102,http://www.deezee.com,909,https://nafa20.mapyourshow.com/8_0/exhibitor/exhibitor-details.cfm?exhid=1797914,Leasing Company 
"Dejana Truck & Utility Equipment, Inc.",490 Pulaski Road,Kings Park,USA,877-335-2621,http://www.dejana.com,1317,https://nafa20.mapyourshow.com/8_0/exhibitor/exhibitor-details.cfm?exhid=1797917,Leasing Company 
"Dejana Truck & Utility Equipment, Inc.",,,,,,1317,https://nafa20.mapyourshow.com/8_0/exhibitor/exhibitor-details.cfm?exhid=1714569,
Derive Efficiency,,,,,,508,https://nafa20.mapyourshow.com/8_0/exhibitor/exhibitor-details.cfm?exhid=1715535,
Derive Efficiency,"4150 Church St., Suite 1024",Sanford,USA,866-688-3048,http://www.derivesystems.com/efficiency,508,https://nafa20.mapyourshow.com/8_0/exhibitor/exhibitor-details.cfm?exhid=1797916,Leasing Company 
Diesel Force,610 Woodlake Drive,Chesapeake,USA,866-389-2384,http://www.Diesel-Force.com,604,https://nafa20.mapyourshow.com/8_0/exhibitor/exhibitor-details.cfm?exhid=1836040,Leasing Company 
Diesel USA Group,,,,,,1237,https://nafa20.mapyourshow.com/8_0/exhibitor/exhibitor-details.cfm?exhid=1770424,
Diesel USA Group,4710 Allmond Ave.,Louisville,USA,866-651-7800,http://www.dieselusa.com,1237,https://nafa20.mapyourshow.com/8_0/exhibitor/exhibitor-details.cfm?exhid=1801840,Leasing Company 
DIG Creative Solutions,778 Liberty Road,Flowood,USA,601-939-2008,http://www.dig.us.com,505,https://nafa20.mapyourshow.com/8_0/exhibitor/exhibitor-details.cfm?exhid=1797912,Leasing Company 
Digital Imaging Group,,,,,,505,https://nafa20.mapyourshow.com/8_0/exhibitor/exhibitor-details.cfm?exhid=1782774,
Driven Fleet,440 S. Church Street,Charlotte,USA,,http://www.maacofleetsolutions.com,1610,https://nafa20.mapyourshow.com/8_0/exhibitor/exhibitor-details.cfm?exhid=1797913,Leasing Company 
Driven Fleet,,,,,,1610,https://nafa20.mapyourshow.com/8_0/exhibitor/exhibitor-details.cfm?exhid=1715608,
Driverge Vehicle Innovations,4199 Kinross Lakes Pkwy. #300,Richfield,USA,330-861-1118,http://www.driverge.com,1523,https://nafa20.mapyourshow.com/8_0/exhibitor/exhibitor-details.cfm?exhid=1799012,Leasing Company 
"E.J. Ward, Inc.",,,,,,1701,https://nafa20.mapyourshow.com/8_0/exhibitor/exhibitor-details.cfm?exhid=1714935,
"E.J. Ward, Inc.",8620 N New Braunfels,San Antonio,USA,210-824-7383,http://www.ejward.com,1701,https://nafa20.mapyourshow.com/8_0/exhibitor/exhibitor-details.cfm?exhid=1798500,Leasing Company 
EcoVolt Power Corporation,,,,,,607,https://nafa20.mapyourshow.com/8_0/exhibitor/exhibitor-details.cfm?exhid=1768569,
EcoVolt Power Corporation,1411 Navarre Road SW,Canton,USA,201-921-5130,http://www.ecovoltpower.com,607,https://nafa20.mapyourshow.com/8_0/exhibitor/exhibitor-details.cfm?exhid=1798502,Leasing Company 
Enterprise Fleet Management,600 Corporate Park Dr.,Saint Louis,USA,877-233-5338,http://www.efleets.com,337,https://nafa20.mapyourshow.com/8_0/exhibitor/exhibitor-details.cfm?exhid=1824682,Leasing Company|Leasing Company 
Enterprise Rent-A-Car,,,,,,515,https://nafa20.mapyourshow.com/8_0/exhibitor/exhibitor-details.cfm?exhid=1714942,
Enterprise Rent-A-Car,600 Corporate Park Drive,Saint Louis,USA,314-512-2670,http://www.enterprise.com,515,https://nafa20.mapyourshow.com/8_0/exhibitor/exhibitor-details.cfm?exhid=1798536,Leasing Company|Leasing Company 
Envision Solar International,5660 Eastgate Drive,San Diego,USA,858-799-4583,http://www.envisionsolar.com,425,https://nafa20.mapyourshow.com/8_0/exhibitor/exhibitor-details.cfm?exhid=1809899,Leasing Company 
FASTER Asset Solutions,760 Lynnhaven Parkway,Virginia Beach,USA,800-753-2783,http://www.fasterasset.com,1909,https://nafa20.mapyourshow.com/8_0/exhibitor/exhibitor-details.cfm?exhid=1798583,Leasing Company 
FASTER Asset Solutions,,,,,,1909,https://nafa20.mapyourshow.com/8_0/exhibitor/exhibitor-details.cfm?exhid=1715610,
Federal Signal,2645 Federal Signal Dr.,University Park,USA,800-264-3578,http://www.fedsig.com,1336,https://nafa20.mapyourshow.com/8_0/exhibitor/exhibitor-details.cfm?exhid=1802643,Leasing Company 
Federal Signal,,,,,,1336,https://nafa20.mapyourshow.com/8_0/exhibitor/exhibitor-details.cfm?exhid=247824,
"FLD, Inc.",,,,,,620,https://nafa20.mapyourshow.com/8_0/exhibitor/exhibitor-details.cfm?exhid=1714945,
"FLD, Inc.",1515 N Congress Ave,Delray Beach,USA,561-266-8700,http://www.fleetlease.com,620,https://nafa20.mapyourshow.com/8_0/exhibitor/exhibitor-details.cfm?exhid=1798581,Leasing Company 
Fleetio,1900 2nd Ave N,Birmingham,USA,800-975-5304,http://www.fleetio.com,612,https://nafa20.mapyourshow.com/8_0/exhibitor/exhibitor-details.cfm?exhid=1798588,Leasing Company 
Fleetio,,,,,,612,https://nafa20.mapyourshow.com/8_0/exhibitor/exhibitor-details.cfm?exhid=1714960,
Ford Motor Company,16800 Executive Plaza Drive,Dearborn,USA,313-621-7726,http://www.fleet.ford.com,1323,https://nafa20.mapyourshow.com/8_0/exhibitor/exhibitor-details.cfm?exhid=1798589,
Ford Motor Company,,,,,,1323,https://nafa20.mapyourshow.com/8_0/exhibitor/exhibitor-details.cfm?exhid=1714951,
"FuelMaster/Syntech Systems, Inc.",,,,,,1917,https://nafa20.mapyourshow.com/8_0/exhibitor/exhibitor-details.cfm?exhid=1735668,
"FuelMaster/Syntech Systems, Inc.",100 Four Points Way,Tallahassee,USA,800-888-9136,http://www.myfuelmaster.com,1917,https://nafa20.mapyourshow.com/8_0/exhibitor/exhibitor-details.cfm?exhid=1798591,Leasing Company 
General Motors Fleet,,,,,,717,https://nafa20.mapyourshow.com/8_0/exhibitor/exhibitor-details.cfm?exhid=1715635,
General Motors Fleet,100 Renaissance Center,Detroit,USA,800-353-3867,http://www.gmfleet.com,717,https://nafa20.mapyourshow.com/8_0/exhibitor/exhibitor-details.cfm?exhid=1798607,
General Motors/ACDelco,,,,,,811,https://nafa20.mapyourshow.com/8_0/exhibitor/exhibitor-details.cfm?exhid=1714460,
General Motors/ACDelco,6200 Grand Pointe Dr.,Grand Blanc,USA,810-606-2180,http://www.ACDelco.com,811,https://nafa20.mapyourshow.com/8_0/exhibitor/exhibitor-details.cfm?exhid=1798597,Leasing Company 
General Truck Body Mfg Co.,7110 Jensen Drive,Houston,USA,713-692-5177,http://www.generalbody.com,521,https://nafa20.mapyourshow.com/8_0/exhibitor/exhibitor-details.cfm?exhid=1798668,
General Truck Body Mfg Co.,,,,,,521,https://nafa20.mapyourshow.com/8_0/exhibitor/exhibitor-details.cfm?exhid=1714967,
Geotab,2440 Winston Park Drive,Oakville,CAN,416-434-4309,http://www.geotab.com,325,https://nafa20.mapyourshow.com/8_0/exhibitor/exhibitor-details.cfm?exhid=1798610,Leasing Company 
"Geotab, Inc.",,,,,,325,https://nafa20.mapyourshow.com/8_0/exhibitor/exhibitor-details.cfm?exhid=1715632,
Goodyear Tire & Rubber Co.,,,,,,1009,https://nafa20.mapyourshow.com/8_0/exhibitor/exhibitor-details.cfm?exhid=1715563,
Goodyear Tire & Rubber Co.,200 Innovation Way,Akron,USA,330-796-2121,http://www.goodyear.com,1009,https://nafa20.mapyourshow.com/8_0/exhibitor/exhibitor-details.cfm?exhid=1798641,Leasing Company 
"GovDeals, Inc.",100 Capital Commerce Blvd,Montgomery,USA,800-613-0156,http://www.govdeals.com,1807,https://nafa20.mapyourshow.com/8_0/exhibitor/exhibitor-details.cfm?exhid=1798654,Leasing Company 
"GovDeals, Inc.",,,,,,1807,https://nafa20.mapyourshow.com/8_0/exhibitor/exhibitor-details.cfm?exhid=1714975,
GPS Insight,7201 E. Henkel Way,Scottsdale,USA,866-477-4321,http://www.gpsinsight.com,1217,https://nafa20.mapyourshow.com/8_0/exhibitor/exhibitor-details.cfm?exhid=1798608,Leasing Company 
GPS Insight,,,,,,1217,https://nafa20.mapyourshow.com/8_0/exhibitor/exhibitor-details.cfm?exhid=1714977,
GRIP Idle Management Systems,,,,,,1006,https://nafa20.mapyourshow.com/8_0/exhibitor/exhibitor-details.cfm?exhid=1714976,
GRIP Idle Management Systems,1404 Cormorant Road,Ancaster,CAN,905-304-0400,http://www.gripidlemanagement.com,1006,https://nafa20.mapyourshow.com/8_0/exhibitor/exhibitor-details.cfm?exhid=1798663,Leasing Company 
Handsfree Group,18173 Edison Ave,Chesterfield,USA,888-999-3135,http://www.handsfree.com,611,https://nafa20.mapyourshow.com/8_0/exhibitor/exhibitor-details.cfm?exhid=1798670,Leasing Company 
Handsfree Group,,,,,,611,https://nafa20.mapyourshow.com/8_0/exhibitor/exhibitor-details.cfm?exhid=1779713,
Harley-Davidson Motor Company,3700 W Juneau Ave,Milwaukee,USA,414-343-4412,http://www.harley-davidson.com,311,https://nafa20.mapyourshow.com/8_0/exhibitor/exhibitor-details.cfm?exhid=1798679,Leasing Company 
Harley-Davidson Motor Company,,,,,,311,https://nafa20.mapyourshow.com/8_0/exhibitor/exhibitor-details.cfm?exhid=1715565,
"Havis, Inc.",75 Jacksonville Road,Warminster,USA,800-524-9900,http://www.havis.com,710,https://nafa20.mapyourshow.com/8_0/exhibitor/exhibitor-details.cfm?exhid=1798673,Leasing Company 
"Havis, Inc.",,,,,,710,https://nafa20.mapyourshow.com/8_0/exhibitor/exhibitor-details.cfm?exhid=1715566,
Holman,,,,,,1601,https://nafa20.mapyourshow.com/8_0/exhibitor/exhibitor-details.cfm?exhid=1715575,
Holman,4001 Leadenhall Road,Mount Laurel,USA,800-257-7418,http://www.arifleet.com,1601,https://nafa20.mapyourshow.com/8_0/exhibitor/exhibitor-details.cfm?exhid=1798672,
IAA,2 Westbrook Corporate Center,Westchester,USA,708-492-7000,http://www.IAA-auctions.com,2042,https://nafa20.mapyourshow.com/8_0/exhibitor/exhibitor-details.cfm?exhid=1798684,Leasing Company 
IAA,,,,,,2042,https://nafa20.mapyourshow.com/8_0/exhibitor/exhibitor-details.cfm?exhid=1715579,
InPower LLC,,,,,,609,https://nafa20.mapyourshow.com/8_0/exhibitor/exhibitor-details.cfm?exhid=1768059,
InPower LLC,8311 Green Meadows Dr.,Lewis Center,USA,,http://www.inpowerllc.com,609,https://nafa20.mapyourshow.com/8_0/exhibitor/exhibitor-details.cfm?exhid=1798680,Leasing Company 
"INVERS Mobility Solutions, Inc.",,,,,,410,https://nafa20.mapyourshow.com/8_0/exhibitor/exhibitor-details.cfm?exhid=1715576,
"INVERS Mobility Solutions, Inc.",PO Box 46809,Vancouver,CAN,604-742-1145,http://www.invers.com,410,https://nafa20.mapyourshow.com/8_0/exhibitor/exhibitor-details.cfm?exhid=1798683,Leasing Company 
Jiffy Lube International,150 N. Dairy Ashford Street,Houston,USA,,http://www.jiffylube.com,406,https://nafa20.mapyourshow.com/8_0/exhibitor/exhibitor-details.cfm?exhid=1798685,Leasing Company 
Jiffy Lube International,,,,,,406,https://nafa20.mapyourshow.com/8_0/exhibitor/exhibitor-details.cfm?exhid=1715585,
"Kawasaki Motors Corp., USA",935 S. Kimball,South Lake,USA,682-704-6364,http://www.kawasaki.com,1736,https://nafa20.mapyourshow.com/8_0/exhibitor/exhibitor-details.cfm?exhid=1807648,Leasing Company 
"Key Systems, Inc",7635 Glacier Hill,Victor,USA,585-924-7830,http://www.keysystemsinc.com,605,https://nafa20.mapyourshow.com/8_0/exhibitor/exhibitor-details.cfm?exhid=1798896,Leasing Company 
"Key Systems, Inc",,,,,,605,https://nafa20.mapyourshow.com/8_0/exhibitor/exhibitor-details.cfm?exhid=1714801,
Keyper Systems,,,,,,509,https://nafa20.mapyourshow.com/8_0/exhibitor/exhibitor-details.cfm?exhid=1714802,
Keyper Systems,5679 Harrisburg Industrial Park Drive,Harrisburg,USA,704-455-9400,http://www.keypersystems.com,509,https://nafa20.mapyourshow.com/8_0/exhibitor/exhibitor-details.cfm?exhid=1798897,Leasing Company 
Knapheide Manufacturing Co. (The),1848 Westphalia Strasse,Quincy,USA,217-222-7131,http://www.knapheide.com,1627,https://nafa20.mapyourshow.com/8_0/exhibitor/exhibitor-details.cfm?exhid=1798893,Leasing Company 
Knapheide Manufacturing Co. (The),,,,,,1627,https://nafa20.mapyourshow.com/8_0/exhibitor/exhibitor-details.cfm?exhid=1714800,
Legend Fleet Solutions,56957 Hwy 3 West,Tillsonburg,CAN,519-688-1043,http://www.legendfleet.com,1531,https://nafa20.mapyourshow.com/8_0/exhibitor/exhibitor-details.cfm?exhid=1798902,Leasing Company 
Legend Fleet Solutions,,,,,,1531,https://nafa20.mapyourshow.com/8_0/exhibitor/exhibitor-details.cfm?exhid=1714804,
Lincoln Motor Company,,,,,,1223,https://nafa20.mapyourshow.com/8_0/exhibitor/exhibitor-details.cfm?exhid=1714812,
Lincoln Motor Company,16800 Executive Plaza Drive,Dearborn,USA,800-343-5338,http://www.fleet.ford.com/showroom/lincoln,1223,https://nafa20.mapyourshow.com/8_0/exhibitor/exhibitor-details.cfm?exhid=1798904,
LINE-X,,,,,,608,https://nafa20.mapyourshow.com/8_0/exhibitor/exhibitor-details.cfm?exhid=1714803,
LINE-X,301 James Record Road,Huntsville,USA,256-713-4220,http://www.linex.com,608,https://nafa20.mapyourshow.com/8_0/exhibitor/exhibitor-details.cfm?exhid=1798903,Leasing Company 
Longobart-Ross Consulting,272 Santa Clara,Big Bear Lake,USA,949-943-0023,http://www.longobart-ross.com,2020,https://nafa20.mapyourshow.com/8_0/exhibitor/exhibitor-details.cfm?exhid=1829444,Leasing Company 
Lowen Color Graphics,,,,,,1819,https://nafa20.mapyourshow.com/8_0/exhibitor/exhibitor-details.cfm?exhid=1714814,
Lowen Color Graphics,1111 Airport Road,Hutchinson,USA,800-835-2365,http://www.lowencg.com,1819,https://nafa20.mapyourshow.com/8_0/exhibitor/exhibitor-details.cfm?exhid=1798899,Leasing Company 
Lytx,9785 Towne Centre Drive,San Diego,USA,858-430-4000,http://www.lytx.com,708,https://nafa20.mapyourshow.com/8_0/exhibitor/exhibitor-details.cfm?exhid=1798901,Leasing Company 
Lytx,,,,,,708,https://nafa20.mapyourshow.com/8_0/exhibitor/exhibitor-details.cfm?exhid=1714815,
"Mahindra Vehicle Sales and Service, Inc. DBA ROXOR by Mahindra",275 Rex Blvd,Auburn Hills,USA,248-268-6600,http://www.roxoroffroad.com,1707,https://nafa20.mapyourshow.com/8_0/exhibitor/exhibitor-details.cfm?exhid=1808387,Leasing Company 
"Mancon, LLC",,,,,,1910,https://nafa20.mapyourshow.com/8_0/exhibitor/exhibitor-details.cfm?exhid=1,
"Mancon, LLC",1961 Diamond Springs Road,Virginia Beach,USA,757-460-0899,http://www.manconinc.com,1910,https://nafa20.mapyourshow.com/8_0/exhibitor/exhibitor-details.cfm?exhid=1799606,Leasing Company 
Manheim,,,,,,1417,https://nafa20.mapyourshow.com/8_0/exhibitor/exhibitor-details.cfm?exhid=1715631,
Manheim,3003 Summit Blvd,Atlanta,USA,866-626-4346,,1417,https://nafa20.mapyourshow.com/8_0/exhibitor/exhibitor-details.cfm?exhid=1798243,Leasing Company 
Masterack,2400 Mellon Court,Decatur,USA,800-334-4183,http://www.masterack.com,1104,https://nafa20.mapyourshow.com/8_0/exhibitor/exhibitor-details.cfm?exhid=1798907,Leasing Company 
Masterack,,,,,,1104,https://nafa20.mapyourshow.com/8_0/exhibitor/exhibitor-details.cfm?exhid=1715630,
Mazda North American Operations,200 Spectrum Center Drive,Irvine,USA,949-727-1990,http://www.mazdausa.com,824,https://nafa20.mapyourshow.com/8_0/exhibitor/exhibitor-details.cfm?exhid=1798906,Leasing Company 
Mazda North American Operations,,,,,,824,https://nafa20.mapyourshow.com/8_0/exhibitor/exhibitor-details.cfm?exhid=1714823,
"Mercedes-Benz USA, LLC",One Mercedes-Benz Drive,Sandy Springs,USA,,http://www.mbvans.com/sprinter/home,1615,https://nafa20.mapyourshow.com/8_0/exhibitor/exhibitor-details.cfm?exhid=1798905,Leasing Company 
"Mercedes-Benz USA, LLC",,,,,,1615,https://nafa20.mapyourshow.com/8_0/exhibitor/exhibitor-details.cfm?exhid=1715623,
Merchants Fleet,1278 Hooksett Rd,Hooksett,USA,866-653-2737,http://www.merchantsfleet.com,1801,https://nafa20.mapyourshow.com/8_0/exhibitor/exhibitor-details.cfm?exhid=1798909,Leasing Company|Leasing Company 
Merchants Fleet,,,,,,1801,https://nafa20.mapyourshow.com/8_0/exhibitor/exhibitor-details.cfm?exhid=1715598,
MiX Telematics,,,,,,301,https://nafa20.mapyourshow.com/8_0/exhibitor/exhibitor-details.cfm?exhid=1742000,
MiX Telematics,750 Park of Commerce Blvd.,Boca Raton,USA,561-666-3054,http://www.mixtelematics.com,301,https://nafa20.mapyourshow.com/8_0/exhibitor/exhibitor-details.cfm?exhid=1798913,Leasing Company 
"Monroe Truck Equipment, Inc.",,,,,,215,https://nafa20.mapyourshow.com/8_0/exhibitor/exhibitor-details.cfm?exhid=1714824,
"Monroe Truck Equipment, Inc.",1051 West 7th St,Monroe,USA,608-328-8127,http://www.monroetruck.com,215,https://nafa20.mapyourshow.com/8_0/exhibitor/exhibitor-details.cfm?exhid=1798908,Leasing Company 
"Morse Watchmans, Inc.",2 Morse Road,Oxford,USA,203-264-4949,http://www.morsewatchmans.com,2014,https://nafa20.mapyourshow.com/8_0/exhibitor/exhibitor-details.cfm?exhid=1822556,Leasing Company 
Mountain Commercial Graphics,,,,,,1608,https://nafa20.mapyourshow.com/8_0/exhibitor/exhibitor-details.cfm?exhid=1724282,
"Nagy FleetNet, Inc.",,,,,,1004,https://nafa20.mapyourshow.com/8_0/exhibitor/exhibitor-details.cfm?exhid=1714837,
"Nagy FleetNet, Inc.",3601 Charlotte Ave,Elkhart,USA,574-262-4479,http://www.nagyfleetnet.com,1004,https://nafa20.mapyourshow.com/8_0/exhibitor/exhibitor-details.cfm?exhid=1798930,Leasing Company 
NAPA IBS,2999 Wildwood Parkway,Atlanta,USA,303-799-1965,http://www.napa-ibs.com,1516,https://nafa20.mapyourshow.com/8_0/exhibitor/exhibitor-details.cfm?exhid=1798934,Leasing Company 
NAPA IBS,,,,,,1516,https://nafa20.mapyourshow.com/8_0/exhibitor/exhibitor-details.cfm?exhid=1715600,
National Biodiesel Board,605 Clark Avenue,Jefferson City,USA,800-841-5849,http://www.biodiesel.org,704,https://nafa20.mapyourshow.com/8_0/exhibitor/exhibitor-details.cfm?exhid=1798933,Leasing Company 
National Biodiesel Board,,,,,,704,https://nafa20.mapyourshow.com/8_0/exhibitor/exhibitor-details.cfm?exhid=1714828,
National Safety Council,1121 Spring Lake Drive,Itasca,USA,630-775-2020,http://www.nsc.org,1537,https://nafa20.mapyourshow.com/8_0/exhibitor/exhibitor-details.cfm?exhid=1828868,Leasing Company 
Nissan North America,One Nissan Way,Franklin,USA,615-725-1000,http://www.nissanusa.com,331,https://nafa20.mapyourshow.com/8_0/exhibitor/exhibitor-details.cfm?exhid=1798434,Leasing Company 
Nissan North America,,,,,,331,https://nafa20.mapyourshow.com/8_0/exhibitor/exhibitor-details.cfm?exhid=1714826,
NitroFill,1520 S. Powerline Road,Deerfield Beach,USA,954-970-1691,http://www.nitrofill.com,1823,https://nafa20.mapyourshow.com/8_0/exhibitor/exhibitor-details.cfm?exhid=1805402,Leasing Company 
Novus,650 Pelham Blvd,Saint Paul,USA,952-944-8000,http://www.novusglass.com,1827,https://nafa20.mapyourshow.com/8_0/exhibitor/exhibitor-details.cfm?exhid=1798932,Leasing Company 
Novus,,,,,,1827,https://nafa20.mapyourshow.com/8_0/exhibitor/exhibitor-details.cfm?exhid=1735677,
Odyssey Battery,2366 Bernville Rd,Reading,USA,610-208-1991,http://www.odysseybattery.com,616,https://nafa20.mapyourshow.com/8_0/exhibitor/exhibitor-details.cfm?exhid=1798939,Leasing Company 
ODYSSEY Battery,,,,,,616,https://nafa20.mapyourshow.com/8_0/exhibitor/exhibitor-details.cfm?exhid=1788599,
Onspot,1075 Rodgers Park Drive,North Vernon,USA,800-766-7768,http://www.onspot.com,618,https://nafa20.mapyourshow.com/8_0/exhibitor/exhibitor-details.cfm?exhid=1798940,Leasing Company 
Onspot Automatic Tire Chains,,,,,,618,https://nafa20.mapyourshow.com/8_0/exhibitor/exhibitor-details.cfm?exhid=1745352,
OPS Public Safety,22620 Fisher Road,Watertown,USA,630-994-3300,http://www.opspublicsafety.com,1631,https://nafa20.mapyourshow.com/8_0/exhibitor/exhibitor-details.cfm?exhid=1798935,Leasing Company 
OPS Public Safety,,,,,,1631,https://nafa20.mapyourshow.com/8_0/exhibitor/exhibitor-details.cfm?exhid=1714943,
Pep Boys Fleet Services,,,,,,1401,https://nafa20.mapyourshow.com/8_0/exhibitor/exhibitor-details.cfm?exhid=1715596,
Pep Boys Fleet Services,3111 W Allegheny Ave,Philadelphia,USA,215-430-9832,http://www.pepboys.com,1401,https://nafa20.mapyourshow.com/8_0/exhibitor/exhibitor-details.cfm?exhid=1798957,Leasing Company 
Pipe Break USA,350 Baileyville Road,Middlefield,USA,844-474-7327,http://www.pipebreakusa.com,606,https://nafa20.mapyourshow.com/8_0/exhibitor/exhibitor-details.cfm?exhid=1835397,Leasing Company 
PoolCar,,,,,,1337,https://nafa20.mapyourshow.com/8_0/exhibitor/exhibitor-details.cfm?exhid=1714840,
"Prime Design, a Safe Fleet Brand",,,,,,1008,https://nafa20.mapyourshow.com/8_0/exhibitor/exhibitor-details.cfm?exhid=1714838,
"Pro-gard Products, LLC",9650 E.148th Street,Noblesville,USA,800-480-6680,http://www.pro-gard.com,1831,https://nafa20.mapyourshow.com/8_0/exhibitor/exhibitor-details.cfm?exhid=1816330,Leasing Company 
Proficient Auto Transport,,,,,,214,https://nafa20.mapyourshow.com/8_0/exhibitor/exhibitor-details.cfm?exhid=1785751,
Proficient Auto Transport,10057 103rd Street,Jacksonville,USA,904-772-1175,https://proficientautotransport.com,214,https://nafa20.mapyourshow.com/8_0/exhibitor/exhibitor-details.cfm?exhid=1798963,Leasing Company 
Pulse by Safety F1rst,5555 N. Tacoma Ave.,Indianapolis,USA,317-941-3317,http://www.pulseprotects.com,407,https://nafa20.mapyourshow.com/8_0/exhibitor/exhibitor-details.cfm?exhid=1798972,Leasing Company 
Pulse by Safety F1rst,,,,,,407,https://nafa20.mapyourshow.com/8_0/exhibitor/exhibitor-details.cfm?exhid=1714851,
PURIFYD SYSTEMS,#81-15500 Rosemary Heights Cresc.,Surrey,CAN,604-230-5175,http://www.getpurifyd.com,433,https://nafa20.mapyourshow.com/8_0/exhibitor/exhibitor-details.cfm?exhid=1798973,Leasing Company 
PURIFYD SYSTEMS,,,,,,433,https://nafa20.mapyourshow.com/8_0/exhibitor/exhibitor-details.cfm?exhid=1781672,
"Radaro, Inc.",6872 Highover Drive,Chanhassen,USA,612-812-1280,http://www.radaro.com,507,https://nafa20.mapyourshow.com/8_0/exhibitor/exhibitor-details.cfm?exhid=1810086,Leasing Company 
RAM Trucks,,,,,,1201,https://nafa20.mapyourshow.com/8_0/exhibitor/exhibitor-details.cfm?exhid=1714963,
RAM Trucks,1000 Chrysler Drive,Auburn Hills,USA,800-999-FLEET,http://www.fcausfleet.com,1201,https://nafa20.mapyourshow.com/8_0/exhibitor/exhibitor-details.cfm?exhid=1798974,Leasing Company 
Rand McNally,8770 W. Bryn Mawr Ave,Chicago,USA,847-329-8100,http://www.randmcnally.com,324,https://nafa20.mapyourshow.com/8_0/exhibitor/exhibitor-details.cfm?exhid=1829191,Leasing Company 
Ranger Design,20600 Clark-Graham,Baie-d'Urfe,CAN,800-565-5321,http://www.rangerdesign.com,617,https://nafa20.mapyourshow.com/8_0/exhibitor/exhibitor-details.cfm?exhid=1798979,Leasing Company 
Ranger Design,,,,,,617,https://nafa20.mapyourshow.com/8_0/exhibitor/exhibitor-details.cfm?exhid=1714920,
Raven Connected,,,,,,600,https://nafa20.mapyourshow.com/8_0/exhibitor/exhibitor-details.cfm?exhid=1780328,
RazerLift,5925 12 Street SE,Calgary,CAN,403-660-5194,http://www.razerlift.com,709,https://nafa20.mapyourshow.com/8_0/exhibitor/exhibitor-details.cfm?exhid=1797717,Leasing Company 
"Reading Truck Body, LLC",PO Box 650,Reading,USA,610-775-3301,http://www.readingbody.com,1106,https://nafa20.mapyourshow.com/8_0/exhibitor/exhibitor-details.cfm?exhid=1798976,Leasing Company 
"Reading Truck Body, LLC",,,,,,1106,https://nafa20.mapyourshow.com/8_0/exhibitor/exhibitor-details.cfm?exhid=1714928,
Reviva,1700 67th Ave  N.,Brooklyn Center,USA,877-470-3524,http://www.reviva.com,730,https://nafa20.mapyourshow.com/8_0/exhibitor/exhibitor-details.cfm?exhid=1806729,Leasing Company 
RTA Fleet Management Software,17437 N. 71st Drive,Glendale,USA,800-279-0549,http://www.rtafleet.com,834,https://nafa20.mapyourshow.com/8_0/exhibitor/exhibitor-details.cfm?exhid=1798978,Leasing Company 
RTA Fleet Management Software,,,,,,834,https://nafa20.mapyourshow.com/8_0/exhibitor/exhibitor-details.cfm?exhid=1715595,
Safe Fleet,1689 Oakdale Ave,West St Paul,USA,877-463-7225,http://www.primedesign.net,1008,https://nafa20.mapyourshow.com/8_0/exhibitor/exhibitor-details.cfm?exhid=1798960,Leasing Company 
Safelite AutoGlass,,,,,,308,https://nafa20.mapyourshow.com/8_0/exhibitor/exhibitor-details.cfm?exhid=1714853,
Safelite AutoGlass,7400 Safelite Way,Columbus,USA,614-210-9433,http://www.safelite.com,308,https://nafa20.mapyourshow.com/8_0/exhibitor/exhibitor-details.cfm?exhid=1799005,Leasing Company 
SafetyFirst,1055 Parsippany Blvd,Parsippany,USA,201-267-8900,http://www.safetyfirst.com,1821,https://nafa20.mapyourshow.com/8_0/exhibitor/exhibitor-details.cfm?exhid=1799003,Leasing Company 
SafetyFirst,,,,,,1821,https://nafa20.mapyourshow.com/8_0/exhibitor/exhibitor-details.cfm?exhid=1785118,
Samlex America,103-4268 Lozells Avenue,Burnaby,CAN,604-525-3836,http://www.samlexamerica.com,1637,https://nafa20.mapyourshow.com/8_0/exhibitor/exhibitor-details.cfm?exhid=1803916,Leasing Company 
Samsara,,,,,,601,https://nafa20.mapyourshow.com/8_0/exhibitor/exhibitor-details.cfm?exhid=1714855,
Samsara,350 Rhode Island Ave.,San Francisco,USA,415-985-2400,http://www.samsara.com,601,https://nafa20.mapyourshow.com/8_0/exhibitor/exhibitor-details.cfm?exhid=1799004,Leasing Company 
Sears Automotive,,,,,,1614,https://nafa20.mapyourshow.com/8_0/exhibitor/exhibitor-details.cfm?exhid=1714875,
Sears Automotive,3333 Beverly Rd.,Hoffman Estates,USA,847-286-6545,http://www.searshc.com,1614,https://nafa20.mapyourshow.com/8_0/exhibitor/exhibitor-details.cfm?exhid=1799002,Leasing Company 
"Setina Mfg. Co., Inc.",,,,,,1309,https://nafa20.mapyourshow.com/8_0/exhibitor/exhibitor-details.cfm?exhid=1714852,
"Setina Mfg. Co., Inc.",2926 Yelm Highway SE,Olympia,USA,800-426-2627,http://www.setina.com,1309,https://nafa20.mapyourshow.com/8_0/exhibitor/exhibitor-details.cfm?exhid=1798994,Leasing Company 
Shell Fleet Solutions,,,,,,307,https://nafa20.mapyourshow.com/8_0/exhibitor/exhibitor-details.cfm?exhid=1733924,
Shell Fleet Solutions,3333 Hwy. 6 South,Houston,USA,888-260-0886,http://www.shell.us/fleetsolutions,307,https://nafa20.mapyourshow.com/8_0/exhibitor/exhibitor-details.cfm?exhid=1800942,Leasing Company 
Smartrak,"Level 9, 372 Albert Street",East Melbourne,AUS,,http://www.poolcar.com,1337,https://nafa20.mapyourshow.com/8_0/exhibitor/exhibitor-details.cfm?exhid=1798966,Leasing Company 
Sortimo North America,,,,,,724,https://nafa20.mapyourshow.com/8_0/exhibitor/exhibitor-details.cfm?exhid=1714877,
Sortimo of North America,3055 Northwoods Circle,Norcross,USA,404-812-6994,http://www.mysortimo.us,724,https://nafa20.mapyourshow.com/8_0/exhibitor/exhibitor-details.cfm?exhid=1799006,Leasing Company 
Sourcewell,202 12th Street NE,Staples,USA,218-894-1930,http://www.sourcewell-mn.gov,1511,https://nafa20.mapyourshow.com/8_0/exhibitor/exhibitor-details.cfm?exhid=1799000,Leasing Company 
Sourcewell,,,,,,1511,https://nafa20.mapyourshow.com/8_0/exhibitor/exhibitor-details.cfm?exhid=1714830,
"Spireon, Inc.",,,,,,2001,https://nafa20.mapyourshow.com/8_0/exhibitor/exhibitor-details.cfm?exhid=1714857,
"SpitzLift, Inc.",,,,,,1914,https://nafa20.mapyourshow.com/8_0/exhibitor/exhibitor-details.cfm?exhid=1714871,
"SpitzLift, Inc.",P.O. Box 1803,San Diego,USA,619-713-5061,http://www.spitzlift.com,1914,https://nafa20.mapyourshow.com/8_0/exhibitor/exhibitor-details.cfm?exhid=1798995,Leasing Company 
"Subaru of America, Inc.",One Subaru Drive,Camden,USA,800-488-8565,http://www.subaru.com,1209,https://nafa20.mapyourshow.com/8_0/exhibitor/exhibitor-details.cfm?exhid=1798992,Leasing Company 
"Subaru of America, Inc.",,,,,,1209,https://nafa20.mapyourshow.com/8_0/exhibitor/exhibitor-details.cfm?exhid=1714878,
SuperVision,2750 Blue Water Rd.,Eagan,USA,615-681-4467,http://www.esupervision.com,1825,https://nafa20.mapyourshow.com/8_0/exhibitor/exhibitor-details.cfm?exhid=1798987,Leasing Company 
SuperVision,,,,,,1416,https://nafa20.mapyourshow.com/8_0/exhibitor/exhibitor-details.cfm?exhid=1763409,
Sutton Leasing,,,,,,1518,https://nafa20.mapyourshow.com/8_0/exhibitor/exhibitor-details.cfm?exhid=1714873,
Sutton Leasing,3555 E 14 Mile Road,Sterling Heights,USA,586-759-5777,,1518,https://nafa20.mapyourshow.com/8_0/exhibitor/exhibitor-details.cfm?exhid=1799255,Leasing Company|Leasing Company 
"SWS Warning Lights, Inc",,,,,,1737,https://nafa20.mapyourshow.com/8_0/exhibitor/exhibitor-details.cfm?exhid=1714868,
"SWS Warning Lights, Inc",7695 Blackburn Parkway,Niagara Falls,CAN,905-357-0222,http://www.warninglightsinc.com,1737,https://nafa20.mapyourshow.com/8_0/exhibitor/exhibitor-details.cfm?exhid=1802246,Leasing Company 
TBC Corporation,4300 TBC Way,Palm Beach Gardens,USA,561-383-3000,http://www.tbccorp.com,519,https://nafa20.mapyourshow.com/8_0/exhibitor/exhibitor-details.cfm?exhid=1799018,Leasing Company 
TBC Corporation,,,,,,519,https://nafa20.mapyourshow.com/8_0/exhibitor/exhibitor-details.cfm?exhid=1714893,
Teletrac Navman,,,,,,1727,https://nafa20.mapyourshow.com/8_0/exhibitor/exhibitor-details.cfm?exhid=1714879,
Teletrac Navman,7391 Lincoln Way,Garden Grove,USA,800-835-3872,http://www.teletracnavman.com,1727,https://nafa20.mapyourshow.com/8_0/exhibitor/exhibitor-details.cfm?exhid=1799010,Leasing Company 
The Public Group LLC,PO Box 50676,Provo,USA,801-932-7000,http://www.publicsurplus.com,429,https://nafa20.mapyourshow.com/8_0/exhibitor/exhibitor-details.cfm?exhid=1831739,Leasing Company 
ThingTech,,,,,,517,https://nafa20.mapyourshow.com/8_0/exhibitor/exhibitor-details.cfm?exhid=1787904,
ThingTech,120 Ottley Drive,Atlanta,USA,800-645-1304,http://www.thingtech.com,517,https://nafa20.mapyourshow.com/8_0/exhibitor/exhibitor-details.cfm?exhid=1799017,Leasing Company 
TigerTough,,,,,,837,https://nafa20.mapyourshow.com/8_0/exhibitor/exhibitor-details.cfm?exhid=1714895,
TigerTough,18187 Hwy 19,Vesta,USA,507-246-3545,http://www.tigertough.com,837,https://nafa20.mapyourshow.com/8_0/exhibitor/exhibitor-details.cfm?exhid=1799016,Leasing Company 
Tommy Gate,,,,,,1007,https://nafa20.mapyourshow.com/8_0/exhibitor/exhibitor-details.cfm?exhid=1714884,
Tommy Gate,33717 North Scottsdale Road,Scottsdale,USA,602-955-2144,http://www.tommygate.com,1007,https://nafa20.mapyourshow.com/8_0/exhibitor/exhibitor-details.cfm?exhid=1799033,Leasing Company 
"Toyota Motor North America, Inc.",6565 Headquarters Drive,Plano,USA,800-732-2798,http://www.fleet.toyota.com,414,https://nafa20.mapyourshow.com/8_0/exhibitor/exhibitor-details.cfm?exhid=1799007,Leasing Company 
"Toyota Motor North America, Inc.",,,,,,414,https://nafa20.mapyourshow.com/8_0/exhibitor/exhibitor-details.cfm?exhid=1714900,
Trambed,,,,,,1437,https://nafa20.mapyourshow.com/8_0/exhibitor/exhibitor-details.cfm?exhid=1715602,
Transit Works,,,,,,1523,https://nafa20.mapyourshow.com/8_0/exhibitor/exhibitor-details.cfm?exhid=1714887,
Tropos Motors,,,,,,1731,https://nafa20.mapyourshow.com/8_0/exhibitor/exhibitor-details.cfm?exhid=1740259,
"Tropos Technologies, Inc./Wolter Group",16260 Church Street,Morgan Hill,USA,408-571-6104,http://www.tropasmotors.com,1731,https://nafa20.mapyourshow.com/8_0/exhibitor/exhibitor-details.cfm?exhid=1799014,Leasing Company 
"Truck Accessories Group, LLC",,,,,,1108,https://nafa20.mapyourshow.com/8_0/exhibitor/exhibitor-details.cfm?exhid=1714901,
"Truck Accessories Group, LLC",28858 Ventura Drive,Elkhart,USA,574-522-5337,http://www.truckgroup.com,1108,https://nafa20.mapyourshow.com/8_0/exhibitor/exhibitor-details.cfm?exhid=1799009,Leasing Company 
Utilimaster,603 Earthway Boulevard,Bristol,USA,800-582-3454,http://www.spartanmotors.com/fleet-vehicles,525,https://nafa20.mapyourshow.com/8_0/exhibitor/exhibitor-details.cfm?exhid=1799034,
Utilimaster,,,,,,525,https://nafa20.mapyourshow.com/8_0/exhibitor/exhibitor-details.cfm?exhid=1714902,
Valvoline Instant Oil Change,,,,,,1507,https://nafa20.mapyourshow.com/8_0/exhibitor/exhibitor-details.cfm?exhid=1714917,
Valvoline Instant Oil Change,100 Valvoline Way,Lexington,USA,859-357-7263,http://www.vioc.com/fleet,1507,https://nafa20.mapyourshow.com/8_0/exhibitor/exhibitor-details.cfm?exhid=1799036,Leasing Company 
Vanner Inc.,4282 Reynolds Drive,Hilliard,USA,800-227-6937,http://www.vanner.com,830,https://nafa20.mapyourshow.com/8_0/exhibitor/exhibitor-details.cfm?exhid=1799037,Leasing Company 
Vanner Inc.,,,,,,830,https://nafa20.mapyourshow.com/8_0/exhibitor/exhibitor-details.cfm?exhid=1714916,
"Verizon Connect, Inc.",,,,,,725,https://nafa20.mapyourshow.com/8_0/exhibitor/exhibitor-details.cfm?exhid=1714919,
"Verizon Connect, Inc.",2002 Summit Blvd,Atlanta,USA,,http://www.verizonconnect.com,725,https://nafa20.mapyourshow.com/8_0/exhibitor/exhibitor-details.cfm?exhid=1799035,Leasing Company 
Volvo Car USA,1 Volvo Drive,Rockleigh,USA,201-245-8087,http://www.volvocars.com/us,1607,https://nafa20.mapyourshow.com/8_0/exhibitor/exhibitor-details.cfm?exhid=1832712,Leasing Company 
weBoost,"Wilson Electronics, LLC",Cottonwood Heights,USA,435-673-5021,http://www.weboost.com,210,https://nafa20.mapyourshow.com/8_0/exhibitor/exhibitor-details.cfm?exhid=1807638,Leasing Company 
Welformed,2924 East CR 6,Elkhart,USA,574-262-4054,http://www.welformed.com,1416,https://nafa20.mapyourshow.com/8_0/exhibitor/exhibitor-details.cfm?exhid=1820167,Leasing Company 
WEX Inc.,,,,,,801,https://nafa20.mapyourshow.com/8_0/exhibitor/exhibitor-details.cfm?exhid=1714982,
WEX Inc.,97 Darling Ave,South Portland,USA,615-777-9801,,801,https://nafa20.mapyourshow.com/8_0/exhibitor/exhibitor-details.cfm?exhid=1799041,Leasing Company 
"Whelen Engineering Co., Inc.",,,,,,1431,https://nafa20.mapyourshow.com/8_0/exhibitor/exhibitor-details.cfm?exhid=1716626,
"Whelen Engineering Co., Inc.",51 Winthrop Road,Chester,USA,860-526-9504,http://www.whelen.com,1431,https://nafa20.mapyourshow.com/8_0/exhibitor/exhibitor-details.cfm?exhid=1799042,Leasing Company 
Work Fleet Forum,,,,,,1436,https://nafa20.mapyourshow.com/8_0/exhibitor/exhibitor-details.cfm?exhid=1714980,
Work Fleet Forum,256 Columbia Turnpike,Florham Park,USA,973-514-5900,http://www.workfleetforum.com,1436,https://nafa20.mapyourshow.com/8_0/exhibitor/exhibitor-details.cfm?exhid=1799039,Leasing Company 
"Wrench, Inc.",1929 3rd Ave,Seattle,USA,844-997-3624,http://www.wrench.com,630,https://nafa20.mapyourshow.com/8_0/exhibitor/exhibitor-details.cfm?exhid=1815759,Leasing Company 
Xantrex LLC / Mission Critical Electronics,3700 Gilmore Way,Burnaby,CAN,604-422-8595,http://www.xantrex.com,532,https://nafa20.mapyourshow.com/8_0/exhibitor/exhibitor-details.cfm?exhid=1799043,Leasing Company 
Xantrex LLC / Mission Critical Electronics,,,,,,532,https://nafa20.mapyourshow.com/8_0/exhibitor/exhibitor-details.cfm?exhid=1723588,
