name,address,city,country,phone,website,booth_no,src_url,products
3A Composites,,Colfax,United States of America,,,C56,https://sampe20.mapyourshow.com/8_0/exhibitor/exhibitor-details.cfm?exhid=1470,Core Materials
3M Aerospace,,St. Paul,United States of America,,,B13,https://sampe20.mapyourshow.com/8_0/exhibitor/exhibitor-details.cfm?exhid=1368,Aerospace Vehicle Protection
"A&P Technology, Inc",,Cincinnati,United States of America,,,E11,https://sampe20.mapyourshow.com/8_0/exhibitor/exhibitor-details.cfm?exhid=1001,"Fabrics, Unimpregnated (Woven, Nonwoven, Knit, Braided),Prepregs, Thermoplastic,Prepregs, Thermoset"
A.P.C.M. Manufacturing LLC,,Plainfield,United States of America,,,D41,https://sampe20.mapyourshow.com/8_0/exhibitor/exhibitor-details.cfm?exhid=1002,"Adhesives,Conductive Materials,Prepregs, Thermoset"
ABARIS Training Resources Inc,,Reno,United States of America,,,C36,https://sampe20.mapyourshow.com/8_0/exhibitor/exhibitor-details.cfm?exhid=1003,"Consulting Services,Education,Training,Associations,Repair Materials,Equipment,Services"
"Advanced Composites, Inc",,Salt Lake City,United States of America,,,E38,https://sampe20.mapyourshow.com/8_0/exhibitor/exhibitor-details.cfm?exhid=1006,"Advanced Manufacturing,Consulting Services,Fabricating Services,Filament Winding Equipment & Services,Manufacturing Process Development"
Advanced Honeycomb Technologies,,San Marcos,United States of America,,,C28,https://sampe20.mapyourshow.com/8_0/exhibitor/exhibitor-details.cfm?exhid=1540,
Airtech Advanced Materials Group,,Huntington Beach,United States of America,,,D5,https://sampe20.mapyourshow.com/8_0/exhibitor/exhibitor-details.cfm?exhid=1010,"Fabricating Supplies (Breathers, Vacuum Bags, etc.),Rubber,Elastomers,Tooling Technologies"
Aligned Vision,,Chelmsford,United States of America,,,D24,https://sampe20.mapyourshow.com/8_0/exhibitor/exhibitor-details.cfm?exhid=1022,"Inspection Systems, NDT,Laser Projection Equipment"
AlzChem LLC,,Marietta,United States of America,,,G52,https://sampe20.mapyourshow.com/8_0/exhibitor/exhibitor-details.cfm?exhid=1251,"Adhesives,Prepregs, Thermoset"
American GFM Corporation,,Chesapeake,United States of America,,,F51,https://sampe20.mapyourshow.com/8_0/exhibitor/exhibitor-details.cfm?exhid=1015,"CNC Machining Equipment,Cutting Equipment,Tape Laying,Fiber Placement Equipment"
Applied Aerospace Structures Corporation,,Stockton,United States of America,,,G47,https://sampe20.mapyourshow.com/8_0/exhibitor/exhibitor-details.cfm?exhid=1018,"Design,Product Development Services,Fabricating Services,Manufacturing Process Development"
Applied Composites,,Lake Forest,United States of America,,,D33,https://sampe20.mapyourshow.com/8_0/exhibitor/exhibitor-details.cfm?exhid=1005,"Advanced Manufacturing,MRO - Maintenance, Repair, Operations,Tooling Technologies"
ASC Process Systems,,Valencia,United States,,,E33,https://sampe20.mapyourshow.com/8_0/exhibitor/exhibitor-details.cfm?exhid=1021,"Autoclaves & Autoclave Equipment,Curing Equipment,Ovens,Dryers,Furnaces"
Associated Industries Inc,,Wichita,United States of America,,,C24,https://sampe20.mapyourshow.com/8_0/exhibitor/exhibitor-details.cfm?exhid=1023,"Adhesives,Fabricating Supplies (Breathers, Vacuum Bags, etc.),Prepregs, Thermoset"
Axiom Materials,,Santa Ana,United States of America,,,D19,https://sampe20.mapyourshow.com/8_0/exhibitor/exhibitor-details.cfm?exhid=1338,"Adhesives,Ceramic Matric Composites,Prepregs, Thermoset"
Biesse America,,Charlotte,United States of America,,,F46,https://sampe20.mapyourshow.com/8_0/exhibitor/exhibitor-details.cfm?exhid=1413,"Advanced Manufacturing,CNC Machining Equipment"
Bondtech Corporation,,Somerset,United States,,,C38,https://sampe20.mapyourshow.com/8_0/exhibitor/exhibitor-details.cfm?exhid=1030,"Autoclaves & Autoclave Equipment,Automated Equipment,Curing Equipment"
"Boss Products, LLC",,Schertz,United States,,,H50,https://sampe20.mapyourshow.com/8_0/exhibitor/exhibitor-details.cfm?exhid=1031,"Dust, Odor Control & Ventilating Equipment,Fire Safety Materials,Safety Equipment & Supplies"
BTG Labs,,Cincinnati,United States of America,,,E50,https://sampe20.mapyourshow.com/8_0/exhibitor/exhibitor-details.cfm?exhid=1344,"Inspection Systems, NDT"
"Burnham Composite Structures, Inc",,Wichita,United States of America,,,E27,https://sampe20.mapyourshow.com/8_0/exhibitor/exhibitor-details.cfm?exhid=1034,"Fabricating Services,Mold Design,Manufacturing"
"C.A. Litzler Co., Inc.",,CLEVELAND,United States of America,,,E30,https://sampe20.mapyourshow.com/8_0/exhibitor/exhibitor-details.cfm?exhid=1035,"Fiber Handling,Mfg. Equipment,Ovens,Dryers,Furnaces,Prepreg Manufacturing,Handling Equipment"
"Chem-Trend, LP",,Howell,United States of America,,,F41,https://sampe20.mapyourshow.com/8_0/exhibitor/exhibitor-details.cfm?exhid=1213,"Cleaning Products,Coating,Coating Removal,Mold Release Systems"
Chomarat North America,,Williamston,United States of America,,,J48,https://sampe20.mapyourshow.com/8_0/exhibitor/exhibitor-details.cfm?exhid=1041,
"Cincinnati Testing Laboratories, Inc",,Cincinnati,United States of America,,,B49,https://sampe20.mapyourshow.com/8_0/exhibitor/exhibitor-details.cfm?exhid=1302,"Testing, Materials Characterization, and Qualification"
Composite Fabrics of America,,Taylorsville,United States of America,,,F55,https://sampe20.mapyourshow.com/8_0/exhibitor/exhibitor-details.cfm?exhid=1252,"Fabrics, Unimpregnated (Woven, Nonwoven, Knit, Braided),Textiles: Weaving and Braiding, Fiber Innovations"
Composites Horizons,,Covina,United States of America,,,F38,https://sampe20.mapyourshow.com/8_0/exhibitor/exhibitor-details.cfm?exhid=1337,Composite Structural Elements
Composites One,,Arlington Heights,United States of America,,,C13,https://sampe20.mapyourshow.com/8_0/exhibitor/exhibitor-details.cfm?exhid=1046,"Fiber, Carbon,Prepregs, Thermoplastic,Prepregs, Thermoset"
Convergent Manufacturing Technologies,,Vancouver,Canada,,,C42,https://sampe20.mapyourshow.com/8_0/exhibitor/exhibitor-details.cfm?exhid=1050,"Computer Hardware,Software,Consulting Services,Design,Product Development Services,Materials Research and Development"
CoreHog,,Valencia,United States of America,,,B45,https://sampe20.mapyourshow.com/8_0/exhibitor/exhibitor-details.cfm?exhid=1016,"CNC Machining Equipment,Cutting Equipment,Tooling Technologies"
"Daicel Chem Tech, Inc",,Fort Lee,United States,,,G56,https://sampe20.mapyourshow.com/8_0/exhibitor/exhibitor-details.cfm?exhid=1053,"Additive Manufacturing,High Temperature Materials & Processing,Resins, Thermoset"
Dexmet Corporation,,Wallingford,United States,,,H45,https://sampe20.mapyourshow.com/8_0/exhibitor/exhibitor-details.cfm?exhid=1057,"Aerospace Vehicle Protection,Conductive Materials,Core Materials"
DHSutherland,,Beaverton,United States of America,,,G38,https://sampe20.mapyourshow.com/8_0/exhibitor/exhibitor-details.cfm?exhid=1055,"Adhesives,Armor,Ballistic Materials,Composite Structural Elements"
DIAB Americas LP,,DeSoto,United States,,,E17,https://sampe20.mapyourshow.com/8_0/exhibitor/exhibitor-details.cfm?exhid=1058,"Consulting Services,Core Materials,Infusion Technology"
"DPSS Lasers, Inc.",,Santa Clara,United States of America,,,H41,https://sampe20.mapyourshow.com/8_0/exhibitor/exhibitor-details.cfm?exhid=1298,
DUNA USA Inc.,,Baytown,United States of America,,,D52,https://sampe20.mapyourshow.com/8_0/exhibitor/exhibitor-details.cfm?exhid=1290,"Core Materials,Mold Design,Manufacturing,Tooling Technologies"
"Dunstone Company, Inc",,Charlotte,United States of America,,,C25,https://sampe20.mapyourshow.com/8_0/exhibitor/exhibitor-details.cfm?exhid=1061,
Euro-Composites Corp,,Elkwood,United States of America,,,C29,https://sampe20.mapyourshow.com/8_0/exhibitor/exhibitor-details.cfm?exhid=1068,"Composite Structural Elements,Core Materials"
Eurofins EAG Materials Science,,Sunnyvale,United States of America,,,C55,https://sampe20.mapyourshow.com/8_0/exhibitor/exhibitor-details.cfm?exhid=1471,Materials Research and Development
Evonik Corporation,,Parsippany,United States of America,,,D37,https://sampe20.mapyourshow.com/8_0/exhibitor/exhibitor-details.cfm?exhid=1070,"Core Materials,Prepregs, Thermoplastic,Prepregs, Thermoset"
"Fabric Development, Inc",,Quakertown,United States of America,,,C28,https://sampe20.mapyourshow.com/8_0/exhibitor/exhibitor-details.cfm?exhid=1221,"Armor,Ballistic Materials,Ceramic Materials,Composites,Fabrics, Unimpregnated (Woven, Nonwoven, Knit, Braided)"
"Fiber Dynamics, Inc.",,Wichita,United States of America,,,D26,https://sampe20.mapyourshow.com/8_0/exhibitor/exhibitor-details.cfm?exhid=1277,"Design,Product Development Services,Fabricating Services,Manufacturing Process Development"
Fiber Materials Inc,,Biddeford,United States of America,,,F45,https://sampe20.mapyourshow.com/8_0/exhibitor/exhibitor-details.cfm?exhid=1275,"Ceramic Matric Composites,Emerging Material,Space Technology and Applications"
Fives Machining Systems,,Hebron,United States of America,,,A33,https://sampe20.mapyourshow.com/8_0/exhibitor/exhibitor-details.cfm?exhid=1077,"CNC Machining Equipment,Tape Laying,Fiber Placement Equipment,Tooling Technologies"
General Plastics Manufacturing Co,,Tacoma,United States,,,E34,https://sampe20.mapyourshow.com/8_0/exhibitor/exhibitor-details.cfm?exhid=1082,"Core Materials,Rapid Prototyping,Tooling Technologies"
Genesis Systems Group,,Davenport,United States of America,,,E37,https://sampe20.mapyourshow.com/8_0/exhibitor/exhibitor-details.cfm?exhid=1083,"Automated Equipment,Inspection Systems, NDT,NDE, NDT,NDI Testing Methods and Tools"
Goodfellow Corporation,,Coraopolis,United States of America,,,B25,https://sampe20.mapyourshow.com/8_0/exhibitor/exhibitor-details.cfm?exhid=1467,Materials Research and Development
Graco Supply Company,,Fort Worth,United States,,,D57,https://sampe20.mapyourshow.com/8_0/exhibitor/exhibitor-details.cfm?exhid=1084,"Adhesives,Composite Structural Elements,Fabrics, Unimpregnated (Woven, Nonwoven, Knit, Braided),Fiber, Carbon,Fiber, Glass"
Hawkeye Industries,,Bloomington,United States of America,,,G51,https://sampe20.mapyourshow.com/8_0/exhibitor/exhibitor-details.cfm?exhid=1309,"Coating,Coating Removal,High Temperature Materials & Processing,Tooling Technologies"
HEATCON Composite Systems,,Seattle,United States of America,,,D25,https://sampe20.mapyourshow.com/8_0/exhibitor/exhibitor-details.cfm?exhid=1088,"Adhesives,Out of Autoclave Technology,Repair Materials,Equipment,Services"
Henkel Corporation,,Bay Point,United States,,,D13,https://sampe20.mapyourshow.com/8_0/exhibitor/exhibitor-details.cfm?exhid=1089,"Adhesives,Composite Structural Elements,Conductive Materials,High Temperature Materials & Processing,Mold Release Systems"
Hexcel Corporation,,Salt Lake City,United States of America,,,C19,https://sampe20.mapyourshow.com/8_0/exhibitor/exhibitor-details.cfm?exhid=1090,"Additive Manufacturing - Composites,Fiber, Carbon,Out of Autoclave Technology,Prepregs, Thermoset,Textiles: Weaving and Braiding, Fiber Innovations"
Hexion Inc,,Columbus,United States of America,,,E21,https://sampe20.mapyourshow.com/8_0/exhibitor/exhibitor-details.cfm?exhid=1233,"Adhesives,Prepregs, Thermoset,Resins, Thermoset"
HOS-Technik GmbH,,St. Stefan,Austria,,,F59,https://sampe20.mapyourshow.com/8_0/exhibitor/exhibitor-details.cfm?exhid=1365,"High Temperature Materials & Processing,Materials Research and Development,Resins, Thermoset"
Huntsman Advanced Materials,,The Woodlands,United States of America,,,B18,https://sampe20.mapyourshow.com/8_0/exhibitor/exhibitor-details.cfm?exhid=1094,"Adhesives,Resins, Thermoset"
IKONICS Advanced Material Solutions,,Duluth,United States of America,,,B30,https://sampe20.mapyourshow.com/8_0/exhibitor/exhibitor-details.cfm?exhid=1362,Composite Structural Elements
Ingersoll Machine Tools,,Rockford,United States of America,,,D45,https://sampe20.mapyourshow.com/8_0/exhibitor/exhibitor-details.cfm?exhid=1273,"Automated Equipment,Tape Laying,Fiber Placement Equipment"
Innovative Composite Engineering (ICE),,White Salmon,United States of America,,,D38,https://sampe20.mapyourshow.com/8_0/exhibitor/exhibitor-details.cfm?exhid=1098,"Composite Structural Elements,Design,Product Development Services,Fabricating Services"
Izumi International Inc.,,Greenville,United States of America,,,A19,https://sampe20.mapyourshow.com/8_0/exhibitor/exhibitor-details.cfm?exhid=1496,"Automated Equipment,Fiber Handling,Mfg. Equipment,Prepreg Manufacturing,Handling Equipment"
"Janicki Industries, Inc",,Sedro-Woolley,United States of America,,,C46,https://sampe20.mapyourshow.com/8_0/exhibitor/exhibitor-details.cfm?exhid=1100,"Composite Structural Elements,Fabricating Services,Tooling Technologies"
JEC Group,,Atlanta,United States of America,,,K39,https://sampe20.mapyourshow.com/8_0/exhibitor/exhibitor-details.cfm?exhid=1387,"Publications, Trades"
JPS Composite Materials,,Anderson,United States of America,,,B14,https://sampe20.mapyourshow.com/8_0/exhibitor/exhibitor-details.cfm?exhid=1257,"Aerospace Vehicle Protection,Armor,Ballistic Materials,Fabrics, Unimpregnated (Woven, Nonwoven, Knit, Braided)"
Kaneka,,Pasadena,United States of America,,,G55,https://sampe20.mapyourshow.com/8_0/exhibitor/exhibitor-details.cfm?exhid=1521,"Additive Manufacturing - Composites,Adhesives,Adhesives, Bonding, & Bonded Joint Certification"
"KRUSS Scientific Instruments, Inc.",,Matthews,United States of America,,,C47,https://sampe20.mapyourshow.com/8_0/exhibitor/exhibitor-details.cfm?exhid=1426,"Additive Manufacturing - Polymers,Advances in Manufacturing Automation,Materials Research and Development,Optimization and Simulation,Testing, Materials Characterization, and Qualification"
LAP Laser LLC,,Erlanger,United States of America,,,G45,https://sampe20.mapyourshow.com/8_0/exhibitor/exhibitor-details.cfm?exhid=1311,"Assembly,Bonding Equipment,CNC Machining Equipment,Composite Structural Elements"
"Laser Technology, Inc",,Norristown,United States of America,,,E55,https://sampe20.mapyourshow.com/8_0/exhibitor/exhibitor-details.cfm?exhid=1104,"Inspection Systems, NDT"
Lintech International,,Macon,United States of America,,,C50,https://sampe20.mapyourshow.com/8_0/exhibitor/exhibitor-details.cfm?exhid=1329,"Additives,Fire Retardants,Fillers,Adhesives,Resins, Thermoset"
LMI Aerospace,,Everett,United States of America,,,F56,https://sampe20.mapyourshow.com/8_0/exhibitor/exhibitor-details.cfm?exhid=1384,"Composite Structural Elements,Fiber, Carbon,Testing, Materials Characterization, and Qualification"
Lucas Industries A PCM Innovation Company,,North Springfield,United States,,,G41,https://sampe20.mapyourshow.com/8_0/exhibitor/exhibitor-details.cfm?exhid=1109,"CNC Machining Equipment,Fabricating Services,Mold Design,Manufacturing"
Luna Innovations,,Roanoke,United States of America,,,C51,https://sampe20.mapyourshow.com/8_0/exhibitor/exhibitor-details.cfm?exhid=1530,"Testing, Materials Characterization, and Qualification"
"Magnolia Advanced Materials, Inc",,Atlanta,United States,,,C33,https://sampe20.mapyourshow.com/8_0/exhibitor/exhibitor-details.cfm?exhid=1112,"Adhesives,Coating,Coating Removal,Resins, Thermoset"
Marietta Nondestructive Testing LLC,,Marietta,United States of America,,,F49,https://sampe20.mapyourshow.com/8_0/exhibitor/exhibitor-details.cfm?exhid=1382,"Inspection Systems, NDT,NDE, NDT,NDI Testing Methods and Tools"
"Matec Instrument Companies, Inc",,Northborough,United States of America,,,D49,https://sampe20.mapyourshow.com/8_0/exhibitor/exhibitor-details.cfm?exhid=1115,"Inspection Systems, NDT"
"McCoy Machinery Co., Inc.",,Monroe,United States of America,,,E26,https://sampe20.mapyourshow.com/8_0/exhibitor/exhibitor-details.cfm?exhid=1485,
METYX USA,,Gastonia,United States of America,,,H46,https://sampe20.mapyourshow.com/8_0/exhibitor/exhibitor-details.cfm?exhid=1502,"Core Materials,Design,Design,Product Development Services,Fabrics, Unimpregnated (Woven, Nonwoven, Knit, Braided),Textiles: Weaving and Braiding, Fiber Innovations"
Miki Sangyo (USA) Inc.,,Parsippany,United States of America,,,G49,https://sampe20.mapyourshow.com/8_0/exhibitor/exhibitor-details.cfm?exhid=1229,"Adhesives,Resins, Thermoset"
MTS Systems Corporation,,Eden Prairie,United States of America,,,B55,https://sampe20.mapyourshow.com/8_0/exhibitor/exhibitor-details.cfm?exhid=1303,"Ceramic Materials,Composites,Consulting Services,Materials Research and Development"
Multiax America,,Grandville,United States of America,,,B27,https://sampe20.mapyourshow.com/8_0/exhibitor/exhibitor-details.cfm?exhid=1331,"Additive Manufacturing,CNC Machining Equipment,Cutting Equipment"
"NETZSCH Instruments North America, LLC",,Burlington,United States of America,,,G46,https://sampe20.mapyourshow.com/8_0/exhibitor/exhibitor-details.cfm?exhid=1231,"Manufacturing Process Development,Materials Research and Development,Testing, Materials Characterization, and Qualification"
Nippon Graphite Fiber Corporation,,Cypress,United States of America,,,E49,https://sampe20.mapyourshow.com/8_0/exhibitor/exhibitor-details.cfm?exhid=1294,"Fabrics, Unimpregnated (Woven, Nonwoven, Knit, Braided),Fiber, Carbon,Space Technology and Applications"
Norplex-Micarta,,Postville,United States of America,,,H49,https://sampe20.mapyourshow.com/8_0/exhibitor/exhibitor-details.cfm?exhid=1455,"High Temperature Materials & Processing,Oil, Gas, and Offshore Technology,Prepregs, Thermoset,Presses, Compression,Laminating,Space Technology and Applications"
Northern Composites,,Hampton,United States,,,E42,https://sampe20.mapyourshow.com/8_0/exhibitor/exhibitor-details.cfm?exhid=1131,"Adhesives,Fabricating Supplies (Breathers, Vacuum Bags, etc.),Prepregs, Thermoset"
Pacific Coast Composites,,Puyallup,United States of America,,,D42,https://sampe20.mapyourshow.com/8_0/exhibitor/exhibitor-details.cfm?exhid=1137,"Adhesives,Ceramic Materials,Composites,Fiber, Carbon"
PCM Innovation,,Sainte-Claire,Canada,,,G41,https://sampe20.mapyourshow.com/8_0/exhibitor/exhibitor-details.cfm?exhid=1285,"CNC Machining Equipment,Design,Mold Design,Manufacturing,Tape Laying,Fiber Placement Equipment"
"Piercan USA, Inc.",,San Marcos,United States of America,,,A29,https://sampe20.mapyourshow.com/8_0/exhibitor/exhibitor-details.cfm?exhid=1373,"Fabricating Supplies (Breathers, Vacuum Bags, etc.),High Temperature Materials & Processing,Reusable Vacuum Bags"
Pinette - PEI USA,,Chalon sur Saône,France,,,F50,https://sampe20.mapyourshow.com/8_0/exhibitor/exhibitor-details.cfm?exhid=1143,"Advances in Manufacturing Automation,Armor,Ballistic Materials,High Temperature Materials & Processing,Out of Autoclave Technology,Presses, Compression,Laminating"
Precision Measurements and Instruments Corporation,,Corvallis,United States,,,E56,https://sampe20.mapyourshow.com/8_0/exhibitor/exhibitor-details.cfm?exhid=1147,"Ceramic Materials,Composites,Composite Structural Elements,Materials Research and Development"
PRO-SET Inc.,,Bay City,United States of America,,,H42,https://sampe20.mapyourshow.com/8_0/exhibitor/exhibitor-details.cfm?exhid=1443,"Resins, Thermoset"
Prospect Mold & Die Company,,Cuyahoga Falls,United States,,,F37,https://sampe20.mapyourshow.com/8_0/exhibitor/exhibitor-details.cfm?exhid=1148,"Mold Design,Manufacturing"
"Renegade Materials, Corp.",,Miamisburg,United States,,,A3,https://sampe20.mapyourshow.com/8_0/exhibitor/exhibitor-details.cfm?exhid=1117,"Adhesives,Prepregs, Thermoset,Resins, Thermoset"
Revchem Composites,,Bloomington,United States of America,,,A5,https://sampe20.mapyourshow.com/8_0/exhibitor/exhibitor-details.cfm?exhid=1158,"Core Materials,Prepregs, Thermoset,Resins, Thermoset"
Revolution Composites,,Norwood,United States of America,,,J41,https://sampe20.mapyourshow.com/8_0/exhibitor/exhibitor-details.cfm?exhid=1334,"Composite Structural Elements,Fabricating Services,Manufacturing Process Development"
"SAERTEX USA, LLC",,Huntersville,United States,,,D28,https://sampe20.mapyourshow.com/8_0/exhibitor/exhibitor-details.cfm?exhid=1162,"Fabrics, Unimpregnated (Woven, Nonwoven, Knit, Braided)"
SAMPE,,Diamond Bar,United States of America,,,A49,https://sampe20.mapyourshow.com/8_0/exhibitor/exhibitor-details.cfm?exhid=1214,"Association, Trade or Civic,Education,Training,Associations,Publications, Trades"
"Shanghai Leadgo-Tech, Co.",,Shanghai,China,,,E48,https://sampe20.mapyourshow.com/8_0/exhibitor/exhibitor-details.cfm?exhid=1293,"Fabricating Supplies (Breathers, Vacuum Bags, etc.),Reusable Vacuum Bags"
Shimadzu Scientific Instruments,,Columbia,United States,,,B33,https://sampe20.mapyourshow.com/8_0/exhibitor/exhibitor-details.cfm?exhid=1164,Materials Research and Development
"Showa Aircraft Industry Co., Ltd.",,Tokyo,Japan,,,H38,https://sampe20.mapyourshow.com/8_0/exhibitor/exhibitor-details.cfm?exhid=1463,"Composite Structural Elements,Core Materials"
Sigmatex,,Benicia,United States of America,,,B32,https://sampe20.mapyourshow.com/8_0/exhibitor/exhibitor-details.cfm?exhid=1220,
Siltech Corporation,,Toronto,Canada,,,F6,https://sampe20.mapyourshow.com/8_0/exhibitor/exhibitor-details.cfm?exhid=1165,"Additives,Fire Retardants,Fillers,Mold Release Systems,Resins, Thermoset"
"SL-Laser Systems, LLC",,Charlotte,United States,,,C37,https://sampe20.mapyourshow.com/8_0/exhibitor/exhibitor-details.cfm?exhid=1166,Laser Projection Equipment
"Smart Tooling division of Spintech, LLC",,Xenia,United States of America,,,C41,https://sampe20.mapyourshow.com/8_0/exhibitor/exhibitor-details.cfm?exhid=1284,"Advanced Manufacturing Methods,Mold Design,Manufacturing,Tooling Technologies"
Solvay,,Heanor,United Kingdom,,,B19,https://sampe20.mapyourshow.com/8_0/exhibitor/exhibitor-details.cfm?exhid=1052,"Prepregs, Thermoplastic,Prepregs, Thermoset,Reusable Vacuum Bags"
StateMix Ltd,,Winnipeg,Canada,,,J45,https://sampe20.mapyourshow.com/8_0/exhibitor/exhibitor-details.cfm?exhid=1495,"Automated Equipment,Meter,Mix,Dispense Equipment,Ovens,Dryers,Furnaces"
Surface Generation America,,"Lyndon, Oakham",United Kingdom,,,B6,https://sampe20.mapyourshow.com/8_0/exhibitor/exhibitor-details.cfm?exhid=1172,"Manufacturing Process Development,Out of Autoclave Technology,Tooling Technologies"
Taricco Corporation,,Long Beach,United States of America,,,B26,https://sampe20.mapyourshow.com/8_0/exhibitor/exhibitor-details.cfm?exhid=1177,"Autoclaves & Autoclave Equipment,Ovens,Dryers,Furnaces,Presses, Compression,Laminating"
TE Wire & Cable,,Saddle Brook,United States,,,B37,https://sampe20.mapyourshow.com/8_0/exhibitor/exhibitor-details.cfm?exhid=1178,"Autoclaves & Autoclave Equipment,Ovens,Dryers,Furnaces"
"Technical Fibre Products, Inc",,Schenectady,United States,,,E5,https://sampe20.mapyourshow.com/8_0/exhibitor/exhibitor-details.cfm?exhid=1179,"Advanced Manufacturing,Aerospace Vehicle Protection,Composite Structural Elements,Emerging Material,Thermoplastics"
Technical Tooling LLC,,Tacoma,United States of America,,,E45,https://sampe20.mapyourshow.com/8_0/exhibitor/exhibitor-details.cfm?exhid=1422,"Advanced Manufacturing,Mold Design,Manufacturing,Tooling Technologies"
"Technology Marketing, Inc.",,Salt Lake City,United States,,,D32,https://sampe20.mapyourshow.com/8_0/exhibitor/exhibitor-details.cfm?exhid=1180,"Advanced Processing,Cutting Equipment,Fabricating Supplies (Breathers, Vacuum Bags, etc.),Mold Release Systems,Prepregs, Thermoset"
"Teijin Carbon America, Inc",,Rockwood,United States,,,A3,https://sampe20.mapyourshow.com/8_0/exhibitor/exhibitor-details.cfm?exhid=1191,"Fiber, Carbon,Prepregs, Thermoplastic,Thermoplastics"
"TenCate Advanced Composites, TORAY Group",,Morgan Hill,United States of America,,,B5,https://sampe20.mapyourshow.com/8_0/exhibitor/exhibitor-details.cfm?exhid=1182,"Adhesives,High Temperature Materials & Processing,Out of Autoclave Technology,Resins, Thermoset,Thermoplastics"
"Textile Products, Inc",,Anahiem,United States of America,,,C26,https://sampe20.mapyourshow.com/8_0/exhibitor/exhibitor-details.cfm?exhid=1183,"Ceramic Materials,Composites,Fabrics, Unimpregnated (Woven, Nonwoven, Knit, Braided),Matrix Materials (Carbon, Ceramic, Metallic)"
TeXtreme,,Chicago,United States of America,,,A11,https://sampe20.mapyourshow.com/8_0/exhibitor/exhibitor-details.cfm?exhid=1184,"Fabrics, Unimpregnated (Woven, Nonwoven, Knit, Braided),Optimization and Simulation,Textiles: Weaving and Braiding, Fiber Innovations"
Thermal Equipment Corporation (TEC),,Rancho Dominguez,United States of America,,,C5,https://sampe20.mapyourshow.com/8_0/exhibitor/exhibitor-details.cfm?exhid=1186,"Autoclaves & Autoclave Equipment,Computer Hardware,Software,Repair Materials,Equipment,Services"
"Thermal Wave Imaging, Inc.",,Ferndale,United States,,,E46,https://sampe20.mapyourshow.com/8_0/exhibitor/exhibitor-details.cfm?exhid=1187,"Inspection Systems, NDT"
"THINKY USA, Inc",,Laguna Hills,United States,,,J42,https://sampe20.mapyourshow.com/8_0/exhibitor/exhibitor-details.cfm?exhid=1189,"Meter,Mix,Dispense Equipment,Nano Equipment (Materials,Machines),Prepreg Manufacturing,Handling Equipment"
Tinius Olsen,,Horsham,United States of America,,,E35,https://sampe20.mapyourshow.com/8_0/exhibitor/exhibitor-details.cfm?exhid=1248,"Testing, Materials Characterization, and Qualification"
"TMP, A Division of French",,Piqua,United States of America,,,G60,https://sampe20.mapyourshow.com/8_0/exhibitor/exhibitor-details.cfm?exhid=1299,"Heaters,Heating Elements,Presses, Compression,Laminating"
Trilion Quality Systems,,"King of Prussia, PA",United States of America,,,D48,https://sampe20.mapyourshow.com/8_0/exhibitor/exhibitor-details.cfm?exhid=1419,"Design and Stress Analysis,Materials Research and Development,NDE, NDT,NDI Testing Methods and Tools"
Trinks Inc,,De Pere,United States of America,,,B56,https://sampe20.mapyourshow.com/8_0/exhibitor/exhibitor-details.cfm?exhid=1108,"Automated Equipment,Auxillary Processing Equipment,Presses, Compression,Laminating"
University of Southern Mississippi,,Hattiesburg,United States,,,D27,https://sampe20.mapyourshow.com/8_0/exhibitor/exhibitor-details.cfm?exhid=1196,"Materials Research and Development,Prepregs, Thermoset,Resins, Thermoset"
Vectorply Corporation,,Phenix City,United States of America,,,G42,https://sampe20.mapyourshow.com/8_0/exhibitor/exhibitor-details.cfm?exhid=1258,"Advanced Manufacturing,Fabrics, Unimpregnated (Woven, Nonwoven, Knit, Braided),Infusion Technology"
Veelo Technologies,,Cincinnati,United States of America,,,A25,https://sampe20.mapyourshow.com/8_0/exhibitor/exhibitor-details.cfm?exhid=1410,"Conductive Materials,Nanocomposites, Nanotechnology Challenges and Solutions,Out of Autoclave Technology"
Venango Machine Company,,Wattsburg,United States of America,,,E25,https://sampe20.mapyourshow.com/8_0/exhibitor/exhibitor-details.cfm?exhid=1226,"Heaters,Heating Elements,Presses, Compression,Laminating"
"Wabash MPI / Carver, Inc.",,Wabash,United States of America,,,D55,https://sampe20.mapyourshow.com/8_0/exhibitor/exhibitor-details.cfm?exhid=1315,"Presses, Compression,Laminating,Resin Transfer Molding Equipment"
Web Industries,,Marlborough,United States,,,E3,https://sampe20.mapyourshow.com/8_0/exhibitor/exhibitor-details.cfm?exhid=1205,"Fiber, Carbon,Manufacturing Process Development,Prepregs, Thermoplastic,Prepregs, Thermoset,Thermoplastics"
Weber Manufacturing Technologies Inc,,Midland,Canada,,,B36,https://sampe20.mapyourshow.com/8_0/exhibitor/exhibitor-details.cfm?exhid=1239,"Additive Manufacturing - Metal,Mold Design,Manufacturing,Tooling Technologies"
"Westmoreland Mechanical Testing & Research, Inc.",,Youngstown,United States of America,,,G50,https://sampe20.mapyourshow.com/8_0/exhibitor/exhibitor-details.cfm?exhid=1428,"High Temperature Materials & Processing,Testing, Materials Characterization, and Qualification"
Wickert Hydraulic Presses USA,,Hebron,United States of America,,,B47,https://sampe20.mapyourshow.com/8_0/exhibitor/exhibitor-details.cfm?exhid=1304,"Assembly,Bonding Equipment,Automated Equipment,Presses, Compression,Laminating"
Wisconsin Oven Corporation,,East Troy,United States of America,,,B41,https://sampe20.mapyourshow.com/8_0/exhibitor/exhibitor-details.cfm?exhid=1208,"Auxillary Processing Equipment,Curing Equipment,Ovens,Dryers,Furnaces"
"Wolff Industries, Inc",,Spartanburg,United States of America,,,B31,https://sampe20.mapyourshow.com/8_0/exhibitor/exhibitor-details.cfm?exhid=1209,Cutting Equipment
Zoltek,,Bridgeton,United States of America,,,D56,https://sampe20.mapyourshow.com/8_0/exhibitor/exhibitor-details.cfm?exhid=1308,"Fiber, Carbon"
