name,address,city,country,phone,website,booth_no,src_url,products
The Wheel Group/ Wheel-1,,,,,,43049,https://sema19.mapyourshow.com/8_0/exhibitor/exhibitor-details.cfm?exhid=2870,"Accessories: Exterior,Accessories: Trucks,Apparel,Batteries,Electronics: Navigation,Telematics,Fixtures, Store,Hardware & Fasteners,Hubcaps: Accessories,Lighting,Ride Control,Safety Equipment,Suspension Components,Tires: Accessories,Tires: Passenger & Light Truck,Tools & Equipment Diagnostics,Trailers & Towing Products,Wheels and Accessories"
Thermal R&D Exhaust,,,,,,24421,https://sema19.mapyourshow.com/8_0/exhibitor/exhibitor-details.cfm?exhid=793,"Exhaust Systems, Emissions Controls,Suspension Components,Vehicles: Powersports"
ThermalBlade LLC,,,,,,13015,https://sema19.mapyourshow.com/8_0/exhibitor/exhibitor-details.cfm?exhid=1812,"Accessories: Exterior,Accessories: Trucks,Remanufactured Parts & Assemblies,Safety Equipment"
Thermo-Tec Inc.,,,,,,23013,https://sema19.mapyourshow.com/8_0/exhibitor/exhibitor-details.cfm?exhid=1768,"Accessories: Exterior,Accessories: Trucks,Air Conditioning and Heating Systems,Batteries,Brake Systems,Electrical Systems: Rotating Electrical, Ignition,Electronics: Audio,Video,Engines,Engine Components,Exhaust Systems, Emissions Controls,Fuel Systems,Hardware & Fasteners,Safety Equipment"
Thexton Manufacturing Co. Inc.,,,,,,42322,https://sema19.mapyourshow.com/8_0/exhibitor/exhibitor-details.cfm?exhid=4040,"Air Conditioning and Heating Systems,Batteries,Brake Systems,Electrical Systems: Rotating Electrical, Ignition,Engines,Engine Components,Tools & Equipment Diagnostics,Tools & Equipment Installation,Service,Repair,Trailers & Towing Products"
THINKWARE,,,,,,11777,https://sema19.mapyourshow.com/8_0/exhibitor/exhibitor-details.cfm?exhid=893,"Accessories: Trucks,Batteries,Electronics: Audio,Video,Electronics: Communication,Electronics: Navigation,Telematics,Safety Equipment"
"Thread Kits Co. a div. of KATO Fastening Systems,",,,,,,16509,https://sema19.mapyourshow.com/8_0/exhibitor/exhibitor-details.cfm?exhid=2647,"Hardware & Fasteners,Tools & Equipment Installation,Service,Repair"
THREE HUNDRED,,,,,,30299,https://sema19.mapyourshow.com/8_0/exhibitor/exhibitor-details.cfm?exhid=4015,
Thule/Tepui Outdoors,,,,,,34155,https://sema19.mapyourshow.com/8_0/exhibitor/exhibitor-details.cfm?exhid=1517,"Accessories: Exterior,Accessories: Trucks,Trailers & Towing Products"
Thunderbolt Racing Fuel,,,,,,34271,https://sema19.mapyourshow.com/8_0/exhibitor/exhibitor-details.cfm?exhid=2255,Fuel Systems
Thyssenkrupp Bilstein of America,,,,,,"23043,V43,V44",https://sema19.mapyourshow.com/8_0/exhibitor/exhibitor-details.cfm?exhid=1546,"Chassis Components,Ride Control,Steering Components,Suspension Components"
Tianmei Auto Seat Cover,,,,,,16006,https://sema19.mapyourshow.com/8_0/exhibitor/exhibitor-details.cfm?exhid=2077,Apparel
TIARRA LUXURY GRILLES/ TIARRA FORGED WHEELS,,,,,,45197,https://sema19.mapyourshow.com/8_0/exhibitor/exhibitor-details.cfm?exhid=4018,"Accessories: Exterior,Accessories: Trucks,Wheels and Accessories"
Ticar Industrial Ltd.,,,,,,37059,https://sema19.mapyourshow.com/8_0/exhibitor/exhibitor-details.cfm?exhid=1758,"Accessories: Exterior,Accessories: Trucks,Tools & Equipment Installation,Service,Repair,Trailers & Towing Products"
Tidewater Finance Company,,,,,,33243,https://sema19.mapyourshow.com/8_0/exhibitor/exhibitor-details.cfm?exhid=3465,"Accessories: Exterior,Accessories: Trucks,Air Conditioning and Heating Systems,Brake Systems,Electrical Systems: Rotating Electrical, Ignition,Electronics: Audio,Video,Electronics: Communication,Electronics: Navigation,Telematics,Engines,Engine Components,Exhaust Systems, Emissions Controls,Tires: Accessories,Tires: Passenger & Light Truck,Transmissions & Parts,Wheels and Accessories"
TIE BOSS LLC,,,,,,38035,https://sema19.mapyourshow.com/8_0/exhibitor/exhibitor-details.cfm?exhid=1142,"Accessories: Exterior,Accessories: Trucks,Hardware & Fasteners,Safety Equipment,Tools & Equipment Installation,Service,Repair,Trailers & Towing Products,Vehicles: Powersports,Warehouse Equipment"
"TIGER Drylac U.S.A., Inc.",,,,,,10967,https://sema19.mapyourshow.com/8_0/exhibitor/exhibitor-details.cfm?exhid=2226,"Accessories: Exterior,Accessories: Trucks,Brake Systems,Chassis Components,Collectibles,Collision, Paint, Body & Finishing Supplies,Engines,Engine Components,Fixtures, Store,Hardware & Fasteners,Hubcaps: Accessories,Remanufactured Parts & Assemblies,Ride Control,Safety Equipment,Steering Components,Suspension Components,Tires: Accessories,Trailers & Towing Products,Transmissions & Parts,Vehicles: 2-Wheel Complete,Specialty,Vehicles: 4-Wheel Complete,Specialty,Vehicles: Powersports,Wheels and Accessories"
Tilton Engineering,,,,,,31327,https://sema19.mapyourshow.com/8_0/exhibitor/exhibitor-details.cfm?exhid=3697,"Bearings,Transmissions & Parts"
Timbren Industries,,,,,,34082,https://sema19.mapyourshow.com/8_0/exhibitor/exhibitor-details.cfm?exhid=1555,"Accessories: Exterior,Accessories: Trucks,Chassis Components,Ride Control,Safety Equipment,Suspension Components,Trailers & Towing Products"
Tionale Pte Ltd.,,,,,,43331,https://sema19.mapyourshow.com/8_0/exhibitor/exhibitor-details.cfm?exhid=2876,"Tires: Accessories,Tires: Passenger & Light Truck"
Tire Business,,,,,,42051,https://sema19.mapyourshow.com/8_0/exhibitor/exhibitor-details.cfm?exhid=1545,"Business Systems: Software, Data, Internet,Web, Logistics, Marketing, Consulting,Tires: Accessories,Tires: Passenger & Light Truck,Tools & Equipment Diagnostics,Tools & Equipment Installation,Service,Repair"
"Tire Group International, LLC",,,,,,40044,https://sema19.mapyourshow.com/8_0/exhibitor/exhibitor-details.cfm?exhid=2513,"Tires: Accessories,Tires: Passenger & Light Truck,Wheels and Accessories"
"Tire Guru Softman, Websites, & More",,,,,,42278,https://sema19.mapyourshow.com/8_0/exhibitor/exhibitor-details.cfm?exhid=3123,"Business Systems: Software, Data, Internet,Web, Logistics, Marketing, Consulting,Electronics: Communication,Tires: Accessories"
Tire Industry Association,,,,,,"40066,40067",https://sema19.mapyourshow.com/8_0/exhibitor/exhibitor-details.cfm?exhid=860,"Business Systems: Software, Data, Internet,Web, Logistics, Marketing, Consulting,Steering Components,Tires: Passenger & Light Truck"
Tire Profiles,,,,,,43247,https://sema19.mapyourshow.com/8_0/exhibitor/exhibitor-details.cfm?exhid=1671,"Brake Systems,Business Systems: Software, Data, Internet,Web, Logistics, Marketing, Consulting,Safety Equipment,Tires: Accessories,Tires: Passenger & Light Truck,Tools & Equipment Diagnostics,Tools & Equipment Installation,Service,Repair,Trailers & Towing Products"
Tire Service International LLC,,,,,,42167,https://sema19.mapyourshow.com/8_0/exhibitor/exhibitor-details.cfm?exhid=2731,"Tires: Accessories,Tires: Passenger & Light Truck,Tools & Equipment Diagnostics,Tools & Equipment Installation,Service,Repair"
Tire Stickers,,,,,,"50019,V514",https://sema19.mapyourshow.com/8_0/exhibitor/exhibitor-details.cfm?exhid=1006,"Accessories: Exterior,Accessories: Trucks,Cleaner,Wax,Polish & Supplies,Electronics: Navigation,Telematics,Safety Equipment,Tires: Accessories,Tires: Passenger & Light Truck,Tools & Equipment Diagnostics,Tools & Equipment Installation,Service,Repair,Trailers & Towing Products"
"TIRECO, Inc.",,,,,,41061,https://sema19.mapyourshow.com/8_0/exhibitor/exhibitor-details.cfm?exhid=1864,"Tires: Accessories,Tires: Passenger & Light Truck,Wheels and Accessories"
TireConnect,,,,,,42300,https://sema19.mapyourshow.com/8_0/exhibitor/exhibitor-details.cfm?exhid=851,"Business Systems: Software, Data, Internet,Web, Logistics, Marketing, Consulting,Tires: Passenger & Light Truck"
TIREMETRIX,,,,,,40092,https://sema19.mapyourshow.com/8_0/exhibitor/exhibitor-details.cfm?exhid=2368,"Business Systems: Software, Data, Internet,Web, Logistics, Marketing, Consulting,Tires: Accessories,Tools & Equipment Diagnostics,Tools & Equipment Installation,Service,Repair"
Tireweb Marketing Inc.,,,,,,40126,https://sema19.mapyourshow.com/8_0/exhibitor/exhibitor-details.cfm?exhid=1228,"Business Systems: Software, Data, Internet,Web, Logistics, Marketing, Consulting,Tires: Passenger & Light Truck,Wheels and Accessories"
TIS/DROPSTARS Wheels,,,,,,62125b,https://sema19.mapyourshow.com/8_0/exhibitor/exhibitor-details.cfm?exhid=784,Wheels and Accessories
TITAN Fuel Tanks,,,,,,33031,https://sema19.mapyourshow.com/8_0/exhibitor/exhibitor-details.cfm?exhid=1293,"Accessories: Trucks,Chassis Components,Fuel Systems"
Tite-Reach Wrenches,,,,,,10405,https://sema19.mapyourshow.com/8_0/exhibitor/exhibitor-details.cfm?exhid=2274,"Tools & Equipment Installation,Service,Repair"
TKO Clamping Systems,,,,,,50619,https://sema19.mapyourshow.com/8_0/exhibitor/exhibitor-details.cfm?exhid=1575,"Accessories: Exterior,Engines,Engine Components,Exhaust Systems, Emissions Controls,Gaskets & Seals,Hardware & Fasteners,Safety Equipment"
TMA International Tyres,,,,,,40336,https://sema19.mapyourshow.com/8_0/exhibitor/exhibitor-details.cfm?exhid=3671,Tires: Passenger & Light Truck
TMI Products,,,,,,24675,https://sema19.mapyourshow.com/8_0/exhibitor/exhibitor-details.cfm?exhid=1611,"Accessories: Exterior,Accessories: Trucks"
Tom Tire,,,,,,44284,https://sema19.mapyourshow.com/8_0/exhibitor/exhibitor-details.cfm?exhid=2006,"Chemicals,Lubricants,Oil,Tires: Accessories,Tires: Passenger & Light Truck,Wheels and Accessories"
TOMAR Electronics,,,,,,"38249,61042",https://sema19.mapyourshow.com/8_0/exhibitor/exhibitor-details.cfm?exhid=4047,Lighting
Tomioka Racing,,,,,,23718,https://sema19.mapyourshow.com/8_0/exhibitor/exhibitor-details.cfm?exhid=1716,"Batteries,Engines,Engine Components,Filters: Air, Cabin, Fuel, Oil,Fuel Systems,Vehicles: 2-Wheel Complete,Specialty,Vehicles: 4-Wheel Complete,Specialty,Vehicles: Powersports"
TOMKET,,,,,,42280,https://sema19.mapyourshow.com/8_0/exhibitor/exhibitor-details.cfm?exhid=3253,"Tires: Accessories,Tires: Passenger & Light Truck"
Tonyin Car Care,,,,,,16528,https://sema19.mapyourshow.com/8_0/exhibitor/exhibitor-details.cfm?exhid=400,"Cleaner,Wax,Polish & Supplies,Collision, Paint, Body & Finishing Supplies"
"Top One Machinery Co., Ltd.",,,,,,35336,https://sema19.mapyourshow.com/8_0/exhibitor/exhibitor-details.cfm?exhid=3655,Wheels and Accessories
"Top Speed Auto Accessories, Inc.",,,,,,24963,https://sema19.mapyourshow.com/8_0/exhibitor/exhibitor-details.cfm?exhid=378,"Exhaust Systems, Emissions Controls"
Top Street Performance,,,,,,20063,https://sema19.mapyourshow.com/8_0/exhibitor/exhibitor-details.cfm?exhid=1289,"Air Conditioning and Heating Systems,Chassis Components,Electrical Systems: Rotating Electrical, Ignition,Engines,Engine Components,Filters: Air, Cabin, Fuel, Oil,Fuel Systems,Gaskets & Seals,Hardware & Fasteners,Steering Components,Suspension Components,Transmissions & Parts"
TOPFIRE China,,,,,,52027,https://sema19.mapyourshow.com/8_0/exhibitor/exhibitor-details.cfm?exhid=1310,"Accessories: Exterior,Accessories: Trucks,Engines,Engine Components,Safety Equipment,Suspension Components,Tires: Accessories"
Topgear USA,,,,,,21701,https://sema19.mapyourshow.com/8_0/exhibitor/exhibitor-details.cfm?exhid=2039,"Exhaust Systems, Emissions Controls,Tools & Equipment Installation,Service,Repair"
Topline Products,,,,,,45079,https://sema19.mapyourshow.com/8_0/exhibitor/exhibitor-details.cfm?exhid=2424,"Accessories: Exterior,Accessories: Trucks,Fixtures, Store,Hardware & Fasteners,Hubcaps: Accessories,Tires: Accessories,Tools & Equipment Installation,Service,Repair,Wheels and Accessories"
Toppking Electronics Ltd.,,,,,,11711,https://sema19.mapyourshow.com/8_0/exhibitor/exhibitor-details.cfm?exhid=1692,Safety Equipment
Torco Oils & Fuels,,,,,,23351,https://sema19.mapyourshow.com/8_0/exhibitor/exhibitor-details.cfm?exhid=595,"Chemicals,Lubricants,Oil,Cleaner,Wax,Polish & Supplies,Engines,Engine Components,Transmissions & Parts"
TORK,,,,,,11361,https://sema19.mapyourshow.com/8_0/exhibitor/exhibitor-details.cfm?exhid=760,"Cleaner,Wax,Polish & Supplies,Collision, Paint, Body & Finishing Supplies,Tools & Equipment Installation,Service,Repair"
Torklift International,,,,,,34178,https://sema19.mapyourshow.com/8_0/exhibitor/exhibitor-details.cfm?exhid=119,"Accessories: Exterior,Accessories: Trucks,Batteries,Hardware & Fasteners,Ride Control,Safety Equipment,Suspension Components,Trailers & Towing Products"
Tornador Tools,,,,,,12915,https://sema19.mapyourshow.com/8_0/exhibitor/exhibitor-details.cfm?exhid=3651,"Accessories: Exterior,Accessories: Interior,Chemicals,Lubricants,Oil,Cleaner,Wax,Polish & Supplies,Tool & Equipment: Car Washing"
Torsen Differentials,,,,,,20644,https://sema19.mapyourshow.com/8_0/exhibitor/exhibitor-details.cfm?exhid=2720,"Chassis Components,Transmissions & Parts"
Total Seal Piston Rings,,,,,,22321,https://sema19.mapyourshow.com/8_0/exhibitor/exhibitor-details.cfm?exhid=880,"Chemicals,Lubricants,Oil,Engines,Engine Components,Exhaust Systems, Emissions Controls,Tools & Equipment Diagnostics,Tools & Equipment Installation,Service,Repair"
Totron Co Ltd,,,,,,38077,https://sema19.mapyourshow.com/8_0/exhibitor/exhibitor-details.cfm?exhid=2299,Lighting
Toyo Tire USA Corp.,,,,,,"62122,SL04,V65,V66,V933,V934",https://sema19.mapyourshow.com/8_0/exhibitor/exhibitor-details.cfm?exhid=2581,Tires: Passenger & Light Truck
Toyota Motor North America,,,,,,24800,https://sema19.mapyourshow.com/8_0/exhibitor/exhibitor-details.cfm?exhid=1488,"Collision, Paint, Body & Finishing Supplies,Electronics: Communication,Vehicles: 4-Wheel Complete,Specialty"
TPI Arcade Inc.,,,,,,50528,https://sema19.mapyourshow.com/8_0/exhibitor/exhibitor-details.cfm?exhid=4077,"Chassis Components,Engines,Engine Components,Transmissions & Parts,Vehicles: Powersports"
TRAC Tire Rotation Assistance Cart,,,,,,43336,https://sema19.mapyourshow.com/8_0/exhibitor/exhibitor-details.cfm?exhid=4074,"Safety Equipment,Tires: Accessories,Tires: Passenger & Light Truck,Tools & Equipment Installation,Service,Repair"
Trafimet USA,,,,,,33293,https://sema19.mapyourshow.com/8_0/exhibitor/exhibitor-details.cfm?exhid=227,"Tools & Equipment Installation,Service,Repair"
Trailer Valet,,,,,,35129,https://sema19.mapyourshow.com/8_0/exhibitor/exhibitor-details.cfm?exhid=850,"Accessories: Trucks,Trailers & Towing Products"
TrailFX,,,,,,30039,https://sema19.mapyourshow.com/8_0/exhibitor/exhibitor-details.cfm?exhid=2702,"Accessories: Exterior,Accessories: Trucks,Exhaust Systems, Emissions Controls,Lighting,Suspension Components,Tools & Equipment Installation,Service,Repair,Wheels and Accessories"
TrailMaster / BV Powersports,,,,,,"37008,61044",https://sema19.mapyourshow.com/8_0/exhibitor/exhibitor-details.cfm?exhid=3830,Vehicles: Powersports
Trak Machine Tools,,,,,,15521,https://sema19.mapyourshow.com/8_0/exhibitor/exhibitor-details.cfm?exhid=1681,"Engines,Engine Components,Remanufactured Parts & Assemblies,Tools & Equipment Installation,Service,Repair"
Trans Am Worldwide,,,,,,21219,https://sema19.mapyourshow.com/8_0/exhibitor/exhibitor-details.cfm?exhid=1515,"Vehicles: 2-Wheel Complete,Specialty,Vehicles: 4-Wheel Complete,Specialty"
Transamerican Autoparts,,,,,,34107,https://sema19.mapyourshow.com/8_0/exhibitor/exhibitor-details.cfm?exhid=2030,"Accessories: Exterior,Accessories: Trucks,Air Conditioning and Heating Systems,Apparel,Batteries,Bearings,Brake Systems,Business Systems: Software, Data, Internet,Web, Logistics, Marketing, Consulting,Chassis Components,Chemicals,Lubricants,Oil,Cleaner,Wax,Polish & Supplies,Collectibles,Collision, Paint, Body & Finishing Supplies,Electrical Systems: Rotating Electrical, Ignition,Electronics: Audio,Video,Electronics: Communication,Electronics: Navigation,Telematics,Engines,Engine Components,Exhaust Systems, Emissions Controls,Filters: Air, Cabin, Fuel, Oil,Fixtures, Store,Fuel Systems,Gaskets & Seals,Hardware & Fasteners,Hubcaps: Accessories,Lighting,Remanufactured Parts & Assemblies,Ride Control,Safety Equipment,Steering Components,Suspension Components,Tires: Accessories"
"Transfer Flow, Inc.",,,,,,34046,https://sema19.mapyourshow.com/8_0/exhibitor/exhibitor-details.cfm?exhid=1147,"Accessories: Trucks,Exhaust Systems, Emissions Controls,Fuel Systems"
Transportation Impact,,,,,,31239,https://sema19.mapyourshow.com/8_0/exhibitor/exhibitor-details.cfm?exhid=737,"Business Systems: Software, Data, Internet,Web, Logistics, Marketing, Consulting"
"Transtar Autobody Technologies, Inc.",,,,,,11417,https://sema19.mapyourshow.com/8_0/exhibitor/exhibitor-details.cfm?exhid=1900,"Bearings,Brake Systems,Chassis Components,Chemicals,Lubricants,Oil,Cleaner,Wax,Polish & Supplies,Collision, Paint, Body & Finishing Supplies,Electrical Systems: Rotating Electrical, Ignition,Engines,Engine Components,Filters: Air, Cabin, Fuel, Oil,Fuel Systems,Gaskets & Seals,Hardware & Fasteners,Safety Equipment,Steering Components,Suspension Components,Tools & Equipment Installation,Service,Repair,Transmissions & Parts"
TRAPLY,,,,,,13014,https://sema19.mapyourshow.com/8_0/exhibitor/exhibitor-details.cfm?exhid=3958,"Accessories: Exterior,Accessories: Trucks,Hubcaps: Accessories,Ride Control,Steering Components,Transmissions & Parts,Vehicles: 2-Wheel Complete,Specialty,Vehicles: 4-Wheel Complete,Specialty,Wheels and Accessories"
Traxxas,,,,,,21449,https://sema19.mapyourshow.com/8_0/exhibitor/exhibitor-details.cfm?exhid=2133,"Accessories: Exterior,Accessories: Trucks,Batteries,Collectibles,Electronics: Communication,Vehicles: 2-Wheel Complete,Specialty,Vehicles: 4-Wheel Complete,Specialty,Vehicles: Powersports"
TRE 4X4,,,,,,51103,https://sema19.mapyourshow.com/8_0/exhibitor/exhibitor-details.cfm?exhid=3872,"Accessories: Exterior,Accessories: Trucks,Batteries,Chassis Components,Lighting,Ride Control,Safety Equipment,Suspension Components,Tires: Accessories"
Trend,,,,,,22835,https://sema19.mapyourshow.com/8_0/exhibitor/exhibitor-details.cfm?exhid=2862,
TRI-ACE TIRES,,,,,,40279,https://sema19.mapyourshow.com/8_0/exhibitor/exhibitor-details.cfm?exhid=2701,"Tires: Accessories,Tires: Passenger & Light Truck,Wheels and Accessories"
Triangle Tire USA,,,,,,41091,https://sema19.mapyourshow.com/8_0/exhibitor/exhibitor-details.cfm?exhid=1660,Tires: Passenger & Light Truck
Trick Flow Specialties,,,,,,23417,https://sema19.mapyourshow.com/8_0/exhibitor/exhibitor-details.cfm?exhid=623,"Engines,Engine Components,Exhaust Systems, Emissions Controls,Filters: Air, Cabin, Fuel, Oil,Fuel Systems"
Trick-Tools,,,,,,20027,https://sema19.mapyourshow.com/8_0/exhibitor/exhibitor-details.cfm?exhid=2186,"Collision, Paint, Body & Finishing Supplies,Tools & Equipment Installation,Service,Repair"
Trim Illusion,,,,,,12744,https://sema19.mapyourshow.com/8_0/exhibitor/exhibitor-details.cfm?exhid=1126,"Accessories: Exterior,Accessories: Trucks"
Trim-Gard Company Limited,,,,,,12515,https://sema19.mapyourshow.com/8_0/exhibitor/exhibitor-details.cfm?exhid=2151,"Accessories: Exterior,Accessories: Trucks,Collision, Paint, Body & Finishing Supplies,Gaskets & Seals"
"Trim-Lok, Inc.",,,,,,38137,https://sema19.mapyourshow.com/8_0/exhibitor/exhibitor-details.cfm?exhid=1528,"Accessories: Exterior,Gaskets & Seals"
Trimax,,,,,,33037,https://sema19.mapyourshow.com/8_0/exhibitor/exhibitor-details.cfm?exhid=2073,"Accessories: Exterior,Accessories: Trucks,Tires: Accessories,Trailers & Towing Products,Vehicles: 4-Wheel Complete,Specialty,Vehicles: Powersports,Wheels and Accessories"
Trimax Tire,,,,,,42292,https://sema19.mapyourshow.com/8_0/exhibitor/exhibitor-details.cfm?exhid=1705,"Tires: Accessories,Tires: Passenger & Light Truck"
TrimParts Inc./RPUI,,,,,,24375,https://sema19.mapyourshow.com/8_0/exhibitor/exhibitor-details.cfm?exhid=829,"Accessories: Exterior,Accessories: Interior,Accessories: Trucks,Brake Systems,Chassis Components,Fuel Systems,Gaskets & Seals,Lighting,Remanufactured Parts & Assemblies,Steering Components,Suspension Components"
Triple Crown Products,,,,,,33219,https://sema19.mapyourshow.com/8_0/exhibitor/exhibitor-details.cfm?exhid=1913,"Apparel,Safety Equipment,Tools & Equipment Installation,Service,Repair"
TRITON Valves,,,,,,40122,https://sema19.mapyourshow.com/8_0/exhibitor/exhibitor-details.cfm?exhid=4004,"Accessories: Trucks,Air Conditioning and Heating Systems,Hubcaps: Accessories,Tires: Accessories"
"Tritop International Co., Ltd",,,,,,34238,https://sema19.mapyourshow.com/8_0/exhibitor/exhibitor-details.cfm?exhid=1688,"Hardware & Fasteners,Trailers & Towing Products"
Triumph Twist Drill,,,,,,50631,https://sema19.mapyourshow.com/8_0/exhibitor/exhibitor-details.cfm?exhid=4070,"Hardware & Fasteners,Tools & Equipment Installation,Service,Repair"
TROTON,,,,,,11433,https://sema19.mapyourshow.com/8_0/exhibitor/exhibitor-details.cfm?exhid=1436,"Chemicals,Lubricants,Oil,Cleaner,Wax,Polish & Supplies,Collision, Paint, Body & Finishing Supplies,Safety Equipment"
Tru Align LLC,,,,,,49237,https://sema19.mapyourshow.com/8_0/exhibitor/exhibitor-details.cfm?exhid=3795,"Collision, Paint, Body & Finishing Supplies,Tires: Accessories,Tools & Equipment Diagnostics,Tools & Equipment Installation,Service,Repair"
Truck Covers USA,,,,,,33097,https://sema19.mapyourshow.com/8_0/exhibitor/exhibitor-details.cfm?exhid=576,"Accessories: Exterior,Accessories: Trucks"
"Truck Hero, Inc.",,,,,,"32161,SL02,SL05,SL06,SL07,SL08,SL09,SU01,V145,V511,V516",https://sema19.mapyourshow.com/8_0/exhibitor/exhibitor-details.cfm?exhid=2612,"Accessories: Exterior,Accessories: Trucks,Cleaner,Wax,Polish & Supplies,Lighting,Ride Control,Suspension Components,Trailers & Towing Products,Vehicles: 4-Wheel Complete,Specialty"
"Truck Hero: Extang, Truxedo, BedRug, UnderCover, R",,,,,,30115,https://sema19.mapyourshow.com/8_0/exhibitor/exhibitor-details.cfm?exhid=806,"Accessories: Exterior,Accessories: Trucks"
"Truck Hero: OMIX-ADA, Rugged Ridge, SuperLift",,,,,,30024,https://sema19.mapyourshow.com/8_0/exhibitor/exhibitor-details.cfm?exhid=1241,"Accessories: Exterior,Accessories: Trucks,Air Conditioning and Heating Systems,Batteries,Bearings,Brake Systems,Chassis Components,Collision, Paint, Body & Finishing Supplies,Electrical Systems: Rotating Electrical, Ignition,Engines,Engine Components,Exhaust Systems, Emissions Controls,Filters: Air, Cabin, Fuel, Oil,Fuel Systems,Gaskets & Seals,Hardware & Fasteners,Hubcaps: Accessories,Lighting,Remanufactured Parts & Assemblies,Ride Control,Steering Components,Suspension Components,Tires: Accessories,Tires: Passenger & Light Truck,Trailers & Towing Products,Transmissions & Parts,Vehicles: 2-Wheel Complete,Specialty,Vehicles: 4-Wheel Complete,Specialty,Vehicles: Powersports,Wheels and Accessories"
Truck N Cover,,,,,,38207,https://sema19.mapyourshow.com/8_0/exhibitor/exhibitor-details.cfm?exhid=3611,"Accessories: Exterior,Accessories: Trucks"
True Spike Lug Nuts,,,,,,46091,https://sema19.mapyourshow.com/8_0/exhibitor/exhibitor-details.cfm?exhid=618,"Accessories: Exterior,Accessories: Trucks,Brake Systems,Chassis Components,Engines,Engine Components,Exhaust Systems, Emissions Controls,Hubcaps: Accessories,Suspension Components,Tires: Accessories,Tires: Passenger & Light Truck,Vehicles: 4-Wheel Complete,Specialty,Vehicles: Powersports,Wheels and Accessories"
TRUFIBER,,,,,,25057,https://sema19.mapyourshow.com/8_0/exhibitor/exhibitor-details.cfm?exhid=512,"Accessories: Exterior,Engines,Engine Components"
Trulers,,,,,,16026,https://sema19.mapyourshow.com/8_0/exhibitor/exhibitor-details.cfm?exhid=485,"Collision, Paint, Body & Finishing Supplies,Hardware & Fasteners,Tools & Equipment Installation,Service,Repair"
"TSI Products, Inc.",,,,,,38025,https://sema19.mapyourshow.com/8_0/exhibitor/exhibitor-details.cfm?exhid=3820,"Air Conditioning and Heating Systems,Vehicles: Powersports"
Tsugami/Rem Sales,,,,,,50726,https://sema19.mapyourshow.com/8_0/exhibitor/exhibitor-details.cfm?exhid=3915,"Tools & Equipment Installation,Service,Repair"
Tsunami Compressed Air Solutions,,,,,,11262,https://sema19.mapyourshow.com/8_0/exhibitor/exhibitor-details.cfm?exhid=1180,"Collision, Paint, Body & Finishing Supplies,Filters: Air, Cabin, Fuel, Oil,Tools & Equipment Installation,Service,Repair"
TSW Alloy Wheels,,,,,,"43095,V523,V566",https://sema19.mapyourshow.com/8_0/exhibitor/exhibitor-details.cfm?exhid=1373,Wheels and Accessories
Tube & Solid Tire,,,,,,40083,https://sema19.mapyourshow.com/8_0/exhibitor/exhibitor-details.cfm?exhid=1304,"Tires: Accessories,Tires: Passenger & Light Truck"
Tuff Stuff Performance Accessories Ltd.,,,,,,23797,https://sema19.mapyourshow.com/8_0/exhibitor/exhibitor-details.cfm?exhid=2347,"Air Conditioning and Heating Systems,Brake Systems,Electrical Systems: Rotating Electrical, Ignition,Engines,Engine Components,Steering Components"
Turbo Liner Inc.,,,,,,37145,https://sema19.mapyourshow.com/8_0/exhibitor/exhibitor-details.cfm?exhid=1691,"Accessories: Exterior,Accessories: Trucks"
Turbonetics / Precision Turbo & Engine,,,,,,23925,https://sema19.mapyourshow.com/8_0/exhibitor/exhibitor-details.cfm?exhid=2225,"Engines,Engine Components,Exhaust Systems, Emissions Controls,Fuel Systems,Gaskets & Seals,Vehicles: Powersports"
Turbosmart,,,,,,21551,https://sema19.mapyourshow.com/8_0/exhibitor/exhibitor-details.cfm?exhid=2324,"Accessories: Trucks,Chassis Components,Engines,Engine Components,Exhaust Systems, Emissions Controls,Filters: Air, Cabin, Fuel, Oil,Fuel Systems,Suspension Components"
Turbostart,,,,,,73009,https://sema19.mapyourshow.com/8_0/exhibitor/exhibitor-details.cfm?exhid=3946,Batteries
Turn 14 Distribution,,,,,,"21321,62121",https://sema19.mapyourshow.com/8_0/exhibitor/exhibitor-details.cfm?exhid=2040,"Accessories: Exterior,Accessories: Trucks,Apparel,Batteries,Bearings,Brake Systems,Chassis Components,Chemicals,Lubricants,Oil,Electrical Systems: Rotating Electrical, Ignition,Electronics: Audio,Video,Electronics: Communication,Electronics: Navigation,Telematics,Engines,Engine Components,Exhaust Systems, Emissions Controls,Filters: Air, Cabin, Fuel, Oil,Fuel Systems,Gaskets & Seals,Hardware & Fasteners,Lighting,Remanufactured Parts & Assemblies,Ride Control,Safety Equipment,Steering Components,Suspension Components,Tires: Accessories,Tires: Passenger & Light Truck,Tool & Equipment: Car Washing,Tools & Equipment Diagnostics,Trailers & Towing Products,Transmissions & Parts,Wheels and Accessories"
Turnkey Industries,,,,,,61020,https://sema19.mapyourshow.com/8_0/exhibitor/exhibitor-details.cfm?exhid=3676,"Accessories: Exterior,Business Systems: Software, Data, Internet,Web, Logistics, Marketing, Consulting,Chassis Components,Engines,Engine Components,Exhaust Systems, Emissions Controls,Suspension Components,Trailers & Towing Products,Vehicles: 2-Wheel Complete,Specialty,Vehicles: 4-Wheel Complete,Specialty"
TUXMAT The Ultimate Car Mat,,,,,,33316,https://sema19.mapyourshow.com/8_0/exhibitor/exhibitor-details.cfm?exhid=3898,
TVS EUROGRIP,,,,,,44241,https://sema19.mapyourshow.com/8_0/exhibitor/exhibitor-details.cfm?exhid=154,"Tires: Accessories,Tires: Passenger & Light Truck,Trailers & Towing Products,Vehicles: 2-Wheel Complete,Specialty,Vehicles: 4-Wheel Complete,Specialty,Vehicles: Powersports"
TW Racing Parts Inc.,,,,,,46200,https://sema19.mapyourshow.com/8_0/exhibitor/exhibitor-details.cfm?exhid=942,"Brake Systems,Suspension Components,Wheels and Accessories"
Twinake Industry Co Ltd,,,,,,12816,https://sema19.mapyourshow.com/8_0/exhibitor/exhibitor-details.cfm?exhid=2588,"Accessories: Exterior,Accessories: Trucks,Cleaner,Wax,Polish & Supplies,Engines,Engine Components,Exhaust Systems, Emissions Controls,Gaskets & Seals,Hardware & Fasteners,Hubcaps: Accessories,Remanufactured Parts & Assemblies,Safety Equipment,Steering Components,Tools & Equipment Installation,Service,Repair,Wheels and Accessories"
TWN Industries,,,,,,12484,https://sema19.mapyourshow.com/8_0/exhibitor/exhibitor-details.cfm?exhid=2659,"Accessories: Exterior,Accessories: Trucks,Apparel,Collectibles,Collision, Paint, Body & Finishing Supplies,Electronics: Audio,Video,Hubcaps: Accessories,Remanufactured Parts & Assemblies,Tires: Accessories,Tires: Passenger & Light Truck,Wheels and Accessories"
TYCA Technologies,,,,,,38030,https://sema19.mapyourshow.com/8_0/exhibitor/exhibitor-details.cfm?exhid=3989,"Hardware & Fasteners,Steering Components,Suspension Components,Vehicles: Powersports"
Tyres International,,,,,,42207,https://sema19.mapyourshow.com/8_0/exhibitor/exhibitor-details.cfm?exhid=2185,"Accessories: Trucks,Tires: Accessories,Tires: Passenger & Light Truck,Wheels and Accessories"
TYRI Lights,,,,,,31205,https://sema19.mapyourshow.com/8_0/exhibitor/exhibitor-details.cfm?exhid=2597,"Accessories: Exterior,Accessories: Trucks,Lighting,Safety Equipment,Vehicles: Powersports"
U ACE Inc.,,,,,,30101,https://sema19.mapyourshow.com/8_0/exhibitor/exhibitor-details.cfm?exhid=2376,"Accessories: Exterior,Accessories: Trucks"
"U&C Auto Parts Co., Ltd.",,,,,,75006,https://sema19.mapyourshow.com/8_0/exhibitor/exhibitor-details.cfm?exhid=102,"Accessories: Exterior,Air Conditioning and Heating Systems,Engines,Engine Components,Filters: Air, Cabin, Fuel, Oil,Remanufactured Parts & Assemblies"
U.S. Radiator Corp.,,,,,,23075,https://sema19.mapyourshow.com/8_0/exhibitor/exhibitor-details.cfm?exhid=1227,"Collectibles,Engines,Engine Components"
U.S. Wheel Corp.,,,,,,22484,https://sema19.mapyourshow.com/8_0/exhibitor/exhibitor-details.cfm?exhid=845,"Hubcaps: Accessories,Wheels and Accessories"
Uber for Business,,,,,,30337,https://sema19.mapyourshow.com/8_0/exhibitor/exhibitor-details.cfm?exhid=4121,"Business Systems: Software, Data, Internet,Web, Logistics, Marketing, Consulting"
UBOX Offroad,,,,,,32339,https://sema19.mapyourshow.com/8_0/exhibitor/exhibitor-details.cfm?exhid=3974,Accessories: Exterior
UCoat It,,,,,,21231,https://sema19.mapyourshow.com/8_0/exhibitor/exhibitor-details.cfm?exhid=776,"Chemicals,Lubricants,Oil,Collision, Paint, Body & Finishing Supplies,Safety Equipment"
Ultronix Products Ltd.,,,,,,11828,https://sema19.mapyourshow.com/8_0/exhibitor/exhibitor-details.cfm?exhid=2018,"Accessories: Trucks,Electronics: Audio,Video,Electronics: Navigation,Telematics,Remanufactured Parts & Assemblies,Safety Equipment"
Uni Auto,,,,,,45023,https://sema19.mapyourshow.com/8_0/exhibitor/exhibitor-details.cfm?exhid=539,"Accessories: Exterior,Accessories: Trucks,Hardware & Fasteners,Hubcaps: Accessories,Tires: Accessories,Tools & Equipment Diagnostics,Tools & Equipment Installation,Service,Repair,Trailers & Towing Products,Wheels and Accessories"
Uni-ram Corporation,,,,,,10838,https://sema19.mapyourshow.com/8_0/exhibitor/exhibitor-details.cfm?exhid=1732,"Collision, Paint, Body & Finishing Supplies,Safety Equipment,Tools & Equipment Installation,Service,Repair"
Unicorn Tire Corporation,,,,,,42227,https://sema19.mapyourshow.com/8_0/exhibitor/exhibitor-details.cfm?exhid=813,"Engines,Engine Components"
Unisteer Performance,,,,,,22783,https://sema19.mapyourshow.com/8_0/exhibitor/exhibitor-details.cfm?exhid=2330,"Chassis Components,Steering Components,Suspension Components,Vehicles: Powersports"
United Covers Inc.,,,,,,12637,https://sema19.mapyourshow.com/8_0/exhibitor/exhibitor-details.cfm?exhid=2120,"Accessories: Exterior,Accessories: Trucks"
United Engine & Machine Co.,,,,,,23413,https://sema19.mapyourshow.com/8_0/exhibitor/exhibitor-details.cfm?exhid=542,"Engines,Engine Components,Exhaust Systems, Emissions Controls,Vehicles: Powersports"
"United Pacific Industries, Inc.",,,,,,23175,https://sema19.mapyourshow.com/8_0/exhibitor/exhibitor-details.cfm?exhid=1032,"Accessories: Exterior,Accessories: Trucks,Collision, Paint, Body & Finishing Supplies,Electrical Systems: Rotating Electrical, Ignition,Hubcaps: Accessories,Lighting"
United States Postal Service,,,,,,"32245,51919",https://sema19.mapyourshow.com/8_0/exhibitor/exhibitor-details.cfm?exhid=2088,"Business Systems: Software, Data, Internet,Web, Logistics, Marketing, Consulting"
Universal Air Suspension,,,,,,"31311,V250",https://sema19.mapyourshow.com/8_0/exhibitor/exhibitor-details.cfm?exhid=3722,Suspension Components
"Universal Products, Inc.",,,,,,12622,https://sema19.mapyourshow.com/8_0/exhibitor/exhibitor-details.cfm?exhid=392,"Accessories: Exterior,Accessories: Trucks,Collision, Paint, Body & Finishing Supplies,Lighting"
Universal Tire International,,,,,,40103,https://sema19.mapyourshow.com/8_0/exhibitor/exhibitor-details.cfm?exhid=2637,"Tires: Accessories,Tires: Passenger & Light Truck"
"Uniweld Products, Inc.",,,,,,16820,https://sema19.mapyourshow.com/8_0/exhibitor/exhibitor-details.cfm?exhid=1897,"Air Conditioning and Heating Systems,Tools & Equipment Diagnostics,Tools & Equipment Installation,Service,Repair"
UPPF,,,,,,16115,https://sema19.mapyourshow.com/8_0/exhibitor/exhibitor-details.cfm?exhid=2529,"Accessories: Exterior,Apparel"
UPREV LLC,,,,,,70001,https://sema19.mapyourshow.com/8_0/exhibitor/exhibitor-details.cfm?exhid=1617,"Electronics: Audio,Video,Electronics: Navigation,Telematics,Engines,Engine Components,Exhaust Systems, Emissions Controls,Tools & Equipment Diagnostics"
UPS,,,,,,"10603,31230,41001,60004",https://sema19.mapyourshow.com/8_0/exhibitor/exhibitor-details.cfm?exhid=2076,"Business Systems: Software, Data, Internet,Web, Logistics, Marketing, Consulting"
US Gear,,,,,,23131,https://sema19.mapyourshow.com/8_0/exhibitor/exhibitor-details.cfm?exhid=2697,"Chassis Components,Transmissions & Parts"
US Shift,,,,,,24857,https://sema19.mapyourshow.com/8_0/exhibitor/exhibitor-details.cfm?exhid=1942,"Electrical Systems: Rotating Electrical, Ignition,Transmissions & Parts"
US Speedo,,,,,,23433,https://sema19.mapyourshow.com/8_0/exhibitor/exhibitor-details.cfm?exhid=2488,"Accessories: Trucks,Electronics: Communication,Lighting,Remanufactured Parts & Assemblies"
"US Tire Outlet, Inc.",,,,,,42314,https://sema19.mapyourshow.com/8_0/exhibitor/exhibitor-details.cfm?exhid=3875,Tires: Passenger & Light Truck
USI of North America,,,,,,11367,https://sema19.mapyourshow.com/8_0/exhibitor/exhibitor-details.cfm?exhid=1530,"Collision, Paint, Body & Finishing Supplies,Tools & Equipment Installation,Service,Repair"
"V8 Tools, Inc.",,,,,,10467,https://sema19.mapyourshow.com/8_0/exhibitor/exhibitor-details.cfm?exhid=768,"Tools & Equipment Installation,Service,Repair"
VAIS Technology,,,,,,31315,https://sema19.mapyourshow.com/8_0/exhibitor/exhibitor-details.cfm?exhid=4067,"Accessories: Exterior,Accessories: Interior,Accessories: Trucks,Electronics: Audio,Video,Electronics: Communication,Safety Equipment,Vehicles: Powersports"
VAMPIRE TOOLS,,,,,,16711,https://sema19.mapyourshow.com/8_0/exhibitor/exhibitor-details.cfm?exhid=541,"Chemicals,Lubricants,Oil,Tools & Equipment Installation,Service,Repair"
Vanguard,,,,,,36177,https://sema19.mapyourshow.com/8_0/exhibitor/exhibitor-details.cfm?exhid=1435,Accessories: Exterior
VCT Wheels,,,,,,47123,https://sema19.mapyourshow.com/8_0/exhibitor/exhibitor-details.cfm?exhid=341,"Accessories: Trucks,Wheels and Accessories"
Vee Rubber,,,,,,40111,https://sema19.mapyourshow.com/8_0/exhibitor/exhibitor-details.cfm?exhid=2706,Tires: Passenger & Light Truck
Veethree Instruments,,,,,,22584,https://sema19.mapyourshow.com/8_0/exhibitor/exhibitor-details.cfm?exhid=983,"Electrical Systems: Rotating Electrical, Ignition,Electronics: Communication,Engines,Engine Components,Fuel Systems,Tools & Equipment Diagnostics"
Vega,,,,,,50902,https://sema19.mapyourshow.com/8_0/exhibitor/exhibitor-details.cfm?exhid=4108,"Chemicals,Lubricants,Oil,Engines,Engine Components,Filters: Air, Cabin, Fuel, Oil"
Vehicle Service Group,,,,,,"10122,10139,10239",https://sema19.mapyourshow.com/8_0/exhibitor/exhibitor-details.cfm?exhid=3806,"Collision, Paint, Body & Finishing Supplies,Tools & Equipment Diagnostics,Tools & Equipment Installation,Service,Repair"
Velocity Wheel,,,,,,45167,https://sema19.mapyourshow.com/8_0/exhibitor/exhibitor-details.cfm?exhid=1131,"Tires: Passenger & Light Truck,Wheels and Accessories"
Ventra Technology,,,,,,33297,https://sema19.mapyourshow.com/8_0/exhibitor/exhibitor-details.cfm?exhid=176,"Electronics: Audio,Video,Electronics: Communication,Electronics: Navigation,Telematics"
VeriFacts Automotive,,,,,,10745,https://sema19.mapyourshow.com/8_0/exhibitor/exhibitor-details.cfm?exhid=2049,"Business Systems: Software, Data, Internet,Web, Logistics, Marketing, Consulting,Collision, Paint, Body & Finishing Supplies"
Vertically Driven Products,,,,,,36009,https://sema19.mapyourshow.com/8_0/exhibitor/exhibitor-details.cfm?exhid=652,"Accessories: Exterior,Accessories: Trucks,Electronics: Audio,Video"
Vessel Tools,,,,,,50700,https://sema19.mapyourshow.com/8_0/exhibitor/exhibitor-details.cfm?exhid=4100,"Tools & Equipment Installation,Service,Repair"
VIAIR Corporation,,,,,,24843,https://sema19.mapyourshow.com/8_0/exhibitor/exhibitor-details.cfm?exhid=3698,"Accessories: Exterior,Accessories: Trucks,Brake Systems,Chassis Components,Lighting,Ride Control,Suspension Components,Tires: Accessories,Tires: Passenger & Light Truck,Tools & Equipment Installation,Service,Repair,Trailers & Towing Products"
Vibac Group,,,,,,10729,https://sema19.mapyourshow.com/8_0/exhibitor/exhibitor-details.cfm?exhid=1327,"Collision, Paint, Body & Finishing Supplies"
Vibrant Performance,,,,,,24333,https://sema19.mapyourshow.com/8_0/exhibitor/exhibitor-details.cfm?exhid=2682,"Brake Systems,Engines,Engine Components,Exhaust Systems, Emissions Controls,Hardware & Fasteners,Transmissions & Parts"
Vibro Solution LLC,,,,,,34275,https://sema19.mapyourshow.com/8_0/exhibitor/exhibitor-details.cfm?exhid=229,"Accessories: Exterior,Accessories: Trucks,Electronics: Audio,Video"
"Viking Performance, Inc.",,,,,,23781,https://sema19.mapyourshow.com/8_0/exhibitor/exhibitor-details.cfm?exhid=2194,"Bearings,Chassis Components,Ride Control,Steering Components,Suspension Components"
"Vintage Air, Inc.",,,,,,22579,https://sema19.mapyourshow.com/8_0/exhibitor/exhibitor-details.cfm?exhid=777,"Accessories: Exterior,Accessories: Trucks,Air Conditioning and Heating Systems,Electronics: Audio,Video,Engines,Engine Components"
Virtual Guard,,,,,,30241,https://sema19.mapyourshow.com/8_0/exhibitor/exhibitor-details.cfm?exhid=500,"Business Systems: Software, Data, Internet,Web, Logistics, Marketing, Consulting"
Vis Racing Sports Inc.,,,,,,51219,https://sema19.mapyourshow.com/8_0/exhibitor/exhibitor-details.cfm?exhid=107,"Accessories: Exterior,Accessories: Trucks,Cleaner,Wax,Polish & Supplies"
Vision Automobile Electronics Industrial Co. Ltd.,,,,,,11628,https://sema19.mapyourshow.com/8_0/exhibitor/exhibitor-details.cfm?exhid=2276,"Electrical Systems: Rotating Electrical, Ignition,Electronics: Communication,Lighting,Safety Equipment,Tires: Accessories,Trailers & Towing Products,Transmissions & Parts"
"Vision Tech America, Inc.",,,,,,11729,https://sema19.mapyourshow.com/8_0/exhibitor/exhibitor-details.cfm?exhid=1226,"Electronics: Audio,Video,Electronics: Communication,Electronics: Navigation,Telematics,Safety Equipment"
Vision X Lighting,,,,,,"20019,V248",https://sema19.mapyourshow.com/8_0/exhibitor/exhibitor-details.cfm?exhid=2390,"Accessories: Exterior,Accessories: Trucks,Lighting"
Volkswagen Group of America,,,,,,10005,https://sema19.mapyourshow.com/8_0/exhibitor/exhibitor-details.cfm?exhid=4008,"Accessories: Exterior,Accessories: Trucks,Apparel,Business Systems: Software, Data, Internet,Web, Logistics, Marketing, Consulting,Collectibles,Collision, Paint, Body & Finishing Supplies,Electrical Systems: Rotating Electrical, Ignition,Electronics: Audio,Video,Electronics: Communication,Electronics: Navigation,Telematics,Fixtures, Store,Safety Equipment,Suspension Components,Tires: Accessories,Tools & Equipment Diagnostics,Tools & Equipment Installation,Service,Repair,Trailers & Towing Products,Wheels and Accessories"
Voodoo13,,,,,,24755,https://sema19.mapyourshow.com/8_0/exhibitor/exhibitor-details.cfm?exhid=3686,"Chassis Components,Suspension Components"
Vortech Superchargers,,,,,,22721,https://sema19.mapyourshow.com/8_0/exhibitor/exhibitor-details.cfm?exhid=2370,"Engines,Engine Components,Exhaust Systems, Emissions Controls,Fuel Systems"
Vortex Sprayliners,,,,,,10733,https://sema19.mapyourshow.com/8_0/exhibitor/exhibitor-details.cfm?exhid=810,"Accessories: Exterior,Accessories: Trucks,Collision, Paint, Body & Finishing Supplies,Tools & Equipment Installation,Service,Repair,Trailers & Towing Products,Vehicles: 2-Wheel Complete,Specialty,Vehicles: 4-Wheel Complete,Specialty,Vehicles: Powersports,Warehouse Equipment"
Vossen,,,,,,45107,https://sema19.mapyourshow.com/8_0/exhibitor/exhibitor-details.cfm?exhid=1975,Wheels and Accessories
Voxx Electronics Corp,,,,,,12017,https://sema19.mapyourshow.com/8_0/exhibitor/exhibitor-details.cfm?exhid=1177,"Electronics: Audio,Video,Electronics: Navigation,Telematics"
Voxx Wheel,,,,,,46097,https://sema19.mapyourshow.com/8_0/exhibitor/exhibitor-details.cfm?exhid=766,"Apparel,Hardware & Fasteners,Hubcaps: Accessories,Wheels and Accessories"
VP Racing Fuels,,,,,,22555,https://sema19.mapyourshow.com/8_0/exhibitor/exhibitor-details.cfm?exhid=1189,"Chemicals,Lubricants,Oil,Cleaner,Wax,Polish & Supplies,Exhaust Systems, Emissions Controls,Fuel Systems"
VRE-TRAK,,,,,,51809,https://sema19.mapyourshow.com/8_0/exhibitor/exhibitor-details.cfm?exhid=4030,"Accessories: Exterior,Accessories: Trucks,Hardware & Fasteners,Safety Equipment,Tools & Equipment Installation,Service,Repair,Trailers & Towing Products"
VW Collection by BRISA,,,,,,34318,https://sema19.mapyourshow.com/8_0/exhibitor/exhibitor-details.cfm?exhid=506,"Apparel,Collectibles"
Wagner Tuning Inc.,,,,,,"24721,V253",https://sema19.mapyourshow.com/8_0/exhibitor/exhibitor-details.cfm?exhid=1961,"Engines,Engine Components,Exhaust Systems, Emissions Controls,Filters: Air, Cabin, Fuel, Oil"
Walker Evans Racing,,,,,,35011,https://sema19.mapyourshow.com/8_0/exhibitor/exhibitor-details.cfm?exhid=703,"Chassis Components,Ride Control,Suspension Components,Wheels and Accessories"
Wallmek i Kungalv AB,,,,,,16521,https://sema19.mapyourshow.com/8_0/exhibitor/exhibitor-details.cfm?exhid=759,"Tools & Equipment Installation,Service,Repair"
Ware2Go,,,,,,31335,https://sema19.mapyourshow.com/8_0/exhibitor/exhibitor-details.cfm?exhid=3880,"Business Systems: Software, Data, Internet,Web, Logistics, Marketing, Consulting"
"Warn Industries, Inc.",,,,,,31073,https://sema19.mapyourshow.com/8_0/exhibitor/exhibitor-details.cfm?exhid=1928,"Accessories: Exterior,Accessories: Trucks,Lighting,Suspension Components"
Warrior Products,,,,,,33061,https://sema19.mapyourshow.com/8_0/exhibitor/exhibitor-details.cfm?exhid=3272,"Accessories: Exterior,Accessories: Trucks,Chassis Components,Suspension Components,Trailers & Towing Products,Vehicles: 4-Wheel Complete,Specialty"
Wavetrac Differentials,,,,,,23333,https://sema19.mapyourshow.com/8_0/exhibitor/exhibitor-details.cfm?exhid=2539,Transmissions & Parts
Wavian USA,,,,,,38119,https://sema19.mapyourshow.com/8_0/exhibitor/exhibitor-details.cfm?exhid=292,"Accessories: Exterior,Accessories: Trucks,Fuel Systems"
Waxedshine,,,,,,51206,https://sema19.mapyourshow.com/8_0/exhibitor/exhibitor-details.cfm?exhid=3754,"Chemicals,Lubricants,Oil,Cleaner,Wax,Polish & Supplies"
Waylens Inc.,,,,,,11664,https://sema19.mapyourshow.com/8_0/exhibitor/exhibitor-details.cfm?exhid=2623,"Accessories: Trucks,Electronics: Audio,Video,Electronics: Communication,Electronics: Navigation,Telematics,Tools & Equipment Diagnostics,Vehicles: 2-Wheel Complete,Specialty,Vehicles: 4-Wheel Complete,Specialty"
WD-40 Company,,,,,,62129,https://sema19.mapyourshow.com/8_0/exhibitor/exhibitor-details.cfm?exhid=1790,"Chemicals,Lubricants,Oil,Cleaner,Wax,Polish & Supplies,Tools & Equipment Installation,Service,Repair"
Weather Guard & Better Built,,,,,,34115,https://sema19.mapyourshow.com/8_0/exhibitor/exhibitor-details.cfm?exhid=1941,"Accessories: Exterior,Accessories: Trucks"
WeatherTech,,,,,,31103,https://sema19.mapyourshow.com/8_0/exhibitor/exhibitor-details.cfm?exhid=943,"Accessories: Exterior,Accessories: Interior,Accessories: Trucks,Apparel,Cleaner,Wax,Polish & Supplies"
Weave,,,,,,51202,https://sema19.mapyourshow.com/8_0/exhibitor/exhibitor-details.cfm?exhid=3791,"Business Systems: Software, Data, Internet,Web, Logistics, Marketing, Consulting,Electronics: Communication"
Web Shop Manager,,,,,,30237,https://sema19.mapyourshow.com/8_0/exhibitor/exhibitor-details.cfm?exhid=1964,"Business Systems: Software, Data, Internet,Web, Logistics, Marketing, Consulting"
Wedge Clamp Systems,,,,,,10667,https://sema19.mapyourshow.com/8_0/exhibitor/exhibitor-details.cfm?exhid=2403,"Collision, Paint, Body & Finishing Supplies,Filters: Air, Cabin, Fuel, Oil,Tools & Equipment Diagnostics,Tools & Equipment Installation,Service,Repair"
WEGMANN Automotive,,,,,,40203,https://sema19.mapyourshow.com/8_0/exhibitor/exhibitor-details.cfm?exhid=1417,"Tires: Accessories,Tires: Passenger & Light Truck,Tools & Equipment Installation,Service,Repair,Wheels and Accessories"
Weigh Safe,,,,,,37069,https://sema19.mapyourshow.com/8_0/exhibitor/exhibitor-details.cfm?exhid=1637,"Accessories: Exterior,Accessories: Trucks,Safety Equipment,Trailers & Towing Products,Vehicles: Powersports"
WELD - MOMO - ADV.1 - CCW - FORGESTAR - HIPER,,,,,,20365,https://sema19.mapyourshow.com/8_0/exhibitor/exhibitor-details.cfm?exhid=984,"Accessories: Exterior,Accessories: Trucks,Safety Equipment,Tires: Passenger & Light Truck,Wheels and Accessories"
WELLvisors,,,,,,38123,https://sema19.mapyourshow.com/8_0/exhibitor/exhibitor-details.cfm?exhid=265,"Accessories: Exterior,Accessories: Trucks"
Wendeng Sanfeng Tyre Co. Ltd.,,,,,,42212,https://sema19.mapyourshow.com/8_0/exhibitor/exhibitor-details.cfm?exhid=1187,"Tires: Accessories,Tires: Passenger & Light Truck,Trailers & Towing Products"
"Wenling Haifeng Differential Gear Co., Ltd.",,,,,,50533,https://sema19.mapyourshow.com/8_0/exhibitor/exhibitor-details.cfm?exhid=3760,Suspension Components
"Wenling Luoyuan Machine Co., Ltd.",,,,,,52204,https://sema19.mapyourshow.com/8_0/exhibitor/exhibitor-details.cfm?exhid=4043,Wheels and Accessories
Wenzhou Xun Yuan Auto Parts Co. Ltd.,,,,,,33292,https://sema19.mapyourshow.com/8_0/exhibitor/exhibitor-details.cfm?exhid=3886,"Accessories: Exterior,Collision, Paint, Body & Finishing Supplies,Lighting,Remanufactured Parts & Assemblies,Tools & Equipment Installation,Service,Repair"
WERTHER / FIAC,,,,,,10547,https://sema19.mapyourshow.com/8_0/exhibitor/exhibitor-details.cfm?exhid=2650,"Collision, Paint, Body & Finishing Supplies,Tools & Equipment Installation,Service,Repair"
West Creek Financial,,,,,,50204,https://sema19.mapyourshow.com/8_0/exhibitor/exhibitor-details.cfm?exhid=421,"Business Systems: Software, Data, Internet,Web, Logistics, Marketing, Consulting"
Western Pacific Trading Inc.,,,,,,73011,https://sema19.mapyourshow.com/8_0/exhibitor/exhibitor-details.cfm?exhid=477,"Accessories: Exterior,Chassis Components,Collision, Paint, Body & Finishing Supplies,Engines,Engine Components,Exhaust Systems, Emissions Controls,Fuel Systems"
Western Weld,,,,,,"33333,40086",https://sema19.mapyourshow.com/8_0/exhibitor/exhibitor-details.cfm?exhid=3103,"Accessories: Exterior,Chemicals,Lubricants,Oil,Tires: Accessories,Tools & Equipment Installation,Service,Repair"
Westin / Superwinch,,,,,,"31017,V501",https://sema19.mapyourshow.com/8_0/exhibitor/exhibitor-details.cfm?exhid=1487,"Accessories: Exterior,Accessories: Trucks,Collision, Paint, Body & Finishing Supplies,Lighting,Trailers & Towing Products,Vehicles: 4-Wheel Complete,Specialty,Wheels and Accessories"
Wet Okole Hawaii Seat Covers,,,,,,12731,https://sema19.mapyourshow.com/8_0/exhibitor/exhibitor-details.cfm?exhid=2434,"Accessories: Interior,Accessories: Trucks,Ride Control,Safety Equipment,Vehicles: 2-Wheel Complete,Specialty,Vehicles: 4-Wheel Complete,Specialty,Vehicles: Powersports"
Wet Sounds,,,,,,11651,https://sema19.mapyourshow.com/8_0/exhibitor/exhibitor-details.cfm?exhid=2010,"Accessories: Exterior,Accessories: Trucks,Electronics: Audio,Video,Lighting,Vehicles: Powersports"
Wheel Vintiques,,,,,,22875,https://sema19.mapyourshow.com/8_0/exhibitor/exhibitor-details.cfm?exhid=1008,"Accessories: Exterior,Accessories: Trucks,Hubcaps: Accessories,Tires: Accessories,Tires: Passenger & Light Truck,Wheels and Accessories"
Wheel-eez / Cork Industries,,,,,,44337,https://sema19.mapyourshow.com/8_0/exhibitor/exhibitor-details.cfm?exhid=3766,"Accessories: Exterior,Brake Systems,Chemicals,Lubricants,Oil,Cleaner,Wax,Polish & Supplies,Tires: Accessories,Wheels and Accessories"
WHEELREPAIRUS,,,,,,46163,https://sema19.mapyourshow.com/8_0/exhibitor/exhibitor-details.cfm?exhid=753,"Collision, Paint, Body & Finishing Supplies,Hubcaps: Accessories,Remanufactured Parts & Assemblies,Tires: Accessories,Tires: Passenger & Light Truck,Tools & Equipment Installation,Service,Repair,Vehicles: 2-Wheel Complete,Specialty,Vehicles: 4-Wheel Complete,Specialty,Vehicles: Powersports,Wheels and Accessories"
Whelen Engineering Co Inc,,,,,,31211,https://sema19.mapyourshow.com/8_0/exhibitor/exhibitor-details.cfm?exhid=533,"Accessories: Exterior,Accessories: Trucks,Lighting,Safety Equipment"
"Whirlwind Tools Co., Ltd.",,,,,,33336,https://sema19.mapyourshow.com/8_0/exhibitor/exhibitor-details.cfm?exhid=3949,Tool & Equipment: Car Washing
Whistler Group,,,,,,11917,https://sema19.mapyourshow.com/8_0/exhibitor/exhibitor-details.cfm?exhid=2065,"Accessories: Exterior,Batteries,Electronics: Audio,Video,Electronics: Communication,Electronics: Navigation,Telematics,Safety Equipment,Tools & Equipment Diagnostics,Tools & Equipment Installation,Service,Repair"
White Knight Wheel Accessories,,,,,,46029,https://sema19.mapyourshow.com/8_0/exhibitor/exhibitor-details.cfm?exhid=1727,"Accessories: Exterior,Accessories: Trucks,Hardware & Fasteners,Hubcaps: Accessories,Safety Equipment,Tools & Equipment Diagnostics,Tools & Equipment Installation,Service,Repair,Wheels and Accessories"
Whiteline Performance Suspension,,,,,,21539,https://sema19.mapyourshow.com/8_0/exhibitor/exhibitor-details.cfm?exhid=463,"Chassis Components,Ride Control,Steering Components,Suspension Components"
"Whitney Tool Company, Inc.",,,,,,10573,https://sema19.mapyourshow.com/8_0/exhibitor/exhibitor-details.cfm?exhid=3824,"Chassis Components,Engines,Engine Components,Suspension Components,Tools & Equipment Diagnostics,Tools & Equipment Installation,Service,Repair"
Wickedflow,,,,,,22819,https://sema19.mapyourshow.com/8_0/exhibitor/exhibitor-details.cfm?exhid=1097,"Exhaust Systems, Emissions Controls"
Wiha Tools,,,,,,41305,https://sema19.mapyourshow.com/8_0/exhibitor/exhibitor-details.cfm?exhid=3694,"Tools & Equipment Installation,Service,Repair"
Willpak Industries Inc.,,,,,,12616,https://sema19.mapyourshow.com/8_0/exhibitor/exhibitor-details.cfm?exhid=2221,Accessories: Exterior
Wilwood Disc Brakes,,,,,,25043,https://sema19.mapyourshow.com/8_0/exhibitor/exhibitor-details.cfm?exhid=950,"Brake Systems,Chassis Components,Steering Components,Suspension Components,Vehicles: Powersports"
Winbo-Dongjian,,,,,,30193,https://sema19.mapyourshow.com/8_0/exhibitor/exhibitor-details.cfm?exhid=857,"Accessories: Exterior,Accessories: Trucks,Electrical Systems: Rotating Electrical, Ignition,Electronics: Navigation,Telematics"
Winda Products,,,,,,12510,https://sema19.mapyourshow.com/8_0/exhibitor/exhibitor-details.cfm?exhid=637,"Accessories: Exterior,Accessories: Trucks,Cleaner,Wax,Polish & Supplies,Hardware & Fasteners,Lighting,Safety Equipment,Tires: Accessories,Tools & Equipment Installation,Service,Repair,Trailers & Towing Products"
WINDOW FILM MAGAZINE (WFM),,,,,,12714,https://sema19.mapyourshow.com/8_0/exhibitor/exhibitor-details.cfm?exhid=1367,"Accessories: Exterior,Accessories: Trucks,Business Systems: Software, Data, Internet,Web, Logistics, Marketing, Consulting,Cleaner,Wax,Polish & Supplies,Collision, Paint, Body & Finishing Supplies,Hubcaps: Accessories,Safety Equipment"
"Winjet Automotive, Inc.",,,,,,"21331,V95",https://sema19.mapyourshow.com/8_0/exhibitor/exhibitor-details.cfm?exhid=1701,"Accessories: Exterior,Accessories: Trucks,Collision, Paint, Body & Finishing Supplies,Lighting"
Winner International (The CLUB),,,,,,12853,https://sema19.mapyourshow.com/8_0/exhibitor/exhibitor-details.cfm?exhid=1603,"Accessories: Exterior,Accessories: Trucks,Safety Equipment,Tires: Accessories,Tires: Passenger & Light Truck,Trailers & Towing Products,Vehicles: Powersports,Wheels and Accessories"
Wintech Window Films,,,,,,12353,https://sema19.mapyourshow.com/8_0/exhibitor/exhibitor-details.cfm?exhid=2062,"Accessories: Exterior,Accessories: Interior"
Winworks Software,,,,,,30227,https://sema19.mapyourshow.com/8_0/exhibitor/exhibitor-details.cfm?exhid=1474,"Business Systems: Software, Data, Internet,Web, Logistics, Marketing, Consulting,Tools & Equipment Diagnostics,Tools & Equipment Installation,Service,Repair"
Wiseco,,,,,,22613,https://sema19.mapyourshow.com/8_0/exhibitor/exhibitor-details.cfm?exhid=1718,"Bearings,Engines,Engine Components,Gaskets & Seals"
Wizards Products,,,,,,10723,https://sema19.mapyourshow.com/8_0/exhibitor/exhibitor-details.cfm?exhid=1036,"Chemicals,Lubricants,Oil,Cleaner,Wax,Polish & Supplies,Collision, Paint, Body & Finishing Supplies,Wheels and Accessories"
Wonder Coating Technology Inc.,,,,,,15119,https://sema19.mapyourshow.com/8_0/exhibitor/exhibitor-details.cfm?exhid=3776,"Chemicals,Lubricants,Oil,Collision, Paint, Body & Finishing Supplies"
Woodward-Fab,,,,,,11109,https://sema19.mapyourshow.com/8_0/exhibitor/exhibitor-details.cfm?exhid=1640,"Collision, Paint, Body & Finishing Supplies,Tools & Equipment Installation,Service,Repair"
Woolf Aircraft Products Inc.,,,,,,20251,https://sema19.mapyourshow.com/8_0/exhibitor/exhibitor-details.cfm?exhid=2187,"Exhaust Systems, Emissions Controls"
World Products,,,,,,22825,https://sema19.mapyourshow.com/8_0/exhibitor/exhibitor-details.cfm?exhid=1322,"Engines,Engine Components"
World Wide Distribution Inc.,,,,,,40196,https://sema19.mapyourshow.com/8_0/exhibitor/exhibitor-details.cfm?exhid=1749,Tires: Passenger & Light Truck
Wossner Pistons,,,,,,23127,https://sema19.mapyourshow.com/8_0/exhibitor/exhibitor-details.cfm?exhid=1501,"Engines,Engine Components,Exhaust Systems, Emissions Controls,Gaskets & Seals,Vehicles: Powersports"
Wrenchware Inc.,,,,,,52032,https://sema19.mapyourshow.com/8_0/exhibitor/exhibitor-details.cfm?exhid=4177,Collectibles
Wright CNC,,,,,,50007,https://sema19.mapyourshow.com/8_0/exhibitor/exhibitor-details.cfm?exhid=3838,"Tools & Equipment Installation,Service,Repair"
Wuxi Booshiwheel Power Technology Co. Ltd.,,,,,,75004,https://sema19.mapyourshow.com/8_0/exhibitor/exhibitor-details.cfm?exhid=390,"Engines,Engine Components,Tires: Passenger & Light Truck"
Wuxi Speed Turbo Technology,,,,,,38218,https://sema19.mapyourshow.com/8_0/exhibitor/exhibitor-details.cfm?exhid=543,"Engines,Engine Components"
X-Kote Paint Renewal Systems Inc.,,,,,,12839,https://sema19.mapyourshow.com/8_0/exhibitor/exhibitor-details.cfm?exhid=1146,"Accessories: Exterior,Chemicals,Lubricants,Oil,Cleaner,Wax,Polish & Supplies,Collision, Paint, Body & Finishing Supplies,Vehicles: 4-Wheel Complete,Specialty,Vehicles: Powersports"
Xcalliber,,,,,,34228,https://sema19.mapyourshow.com/8_0/exhibitor/exhibitor-details.cfm?exhid=1677,"Bearings,Filters: Air, Cabin, Fuel, Oil,Gaskets & Seals,Remanufactured Parts & Assemblies,Transmissions & Parts"
Xcargot,,,,,,24823,https://sema19.mapyourshow.com/8_0/exhibitor/exhibitor-details.cfm?exhid=862,"Engines,Engine Components,Exhaust Systems, Emissions Controls"
XClutch,,,,,,25151,https://sema19.mapyourshow.com/8_0/exhibitor/exhibitor-details.cfm?exhid=3720,Transmissions & Parts
XForce Performance Exhaust,,,,,,20667,https://sema19.mapyourshow.com/8_0/exhibitor/exhibitor-details.cfm?exhid=584,"Exhaust Systems, Emissions Controls"
XG Cargo,,,,,,37121,https://sema19.mapyourshow.com/8_0/exhibitor/exhibitor-details.cfm?exhid=1082,"Accessories: Exterior,Accessories: Trucks,Apparel,Safety Equipment"
"Xiamen Sunrise Group Co., Ltd.",,,,,,40305,https://sema19.mapyourshow.com/8_0/exhibitor/exhibitor-details.cfm?exhid=405,"Accessories: Exterior,Accessories: Trucks,Wheels and Accessories"
XING Mobility,,,,,,50904,https://sema19.mapyourshow.com/8_0/exhibitor/exhibitor-details.cfm?exhid=3902,"Batteries,Engines,Engine Components,Transmissions & Parts,Vehicles: 2-Wheel Complete,Specialty,Vehicles: 4-Wheel Complete,Specialty"
"Xingyuan Tire Group Co., Ltd.",,,,,,41209,https://sema19.mapyourshow.com/8_0/exhibitor/exhibitor-details.cfm?exhid=528,"Accessories: Trucks,Tires: Accessories,Tires: Passenger & Light Truck,Wheels and Accessories"
"Xinjiang Kunlun Tyre Co., Ltd.",,,,,,43305,https://sema19.mapyourshow.com/8_0/exhibitor/exhibitor-details.cfm?exhid=240,"Tires: Accessories,Tires: Passenger & Light Truck"
XIX Wheels,,,,,,46035,https://sema19.mapyourshow.com/8_0/exhibitor/exhibitor-details.cfm?exhid=807,Wheels and Accessories
"XKGlow, Inc.",,,,,,37139,https://sema19.mapyourshow.com/8_0/exhibitor/exhibitor-details.cfm?exhid=1397,"Accessories: Exterior,Accessories: Trucks,Engines,Engine Components,Lighting,Vehicles: 2-Wheel Complete,Specialty,Vehicles: 4-Wheel Complete,Specialty,Vehicles: Powersports"
XPEL,,,,,,12339,https://sema19.mapyourshow.com/8_0/exhibitor/exhibitor-details.cfm?exhid=2643,"Accessories: Exterior,Accessories: Trucks,Business Systems: Software, Data, Internet,Web, Logistics, Marketing, Consulting,Cleaner,Wax,Polish & Supplies"
Xprite USA,,,,,,37016,https://sema19.mapyourshow.com/8_0/exhibitor/exhibitor-details.cfm?exhid=231,"Accessories: Exterior,Accessories: Trucks,Lighting"
"XRP, Inc.",,,,,,24535,https://sema19.mapyourshow.com/8_0/exhibitor/exhibitor-details.cfm?exhid=1468,"Engines,Engine Components,Filters: Air, Cabin, Fuel, Oil,Fuel Systems"
XS Power Batteries,,,,,,12065,https://sema19.mapyourshow.com/8_0/exhibitor/exhibitor-details.cfm?exhid=676,"Accessories: Trucks,Batteries,Electrical Systems: Rotating Electrical, Ignition,Electronics: Audio,Video,Engines,Engine Components,Vehicles: Powersports"
XSUN Window Films,,,,,,12361,https://sema19.mapyourshow.com/8_0/exhibitor/exhibitor-details.cfm?exhid=1894,Accessories: Exterior
XTREME FORCE  WHEELS,,,,,,47197,https://sema19.mapyourshow.com/8_0/exhibitor/exhibitor-details.cfm?exhid=380,"Accessories: Trucks,Wheels and Accessories"
Xtreme Mudder Wheels,,,,,,"46221,62115",https://sema19.mapyourshow.com/8_0/exhibitor/exhibitor-details.cfm?exhid=437,"Tires: Passenger & Light Truck,Wheels and Accessories"
Xuzhou Armour Rubber Company Ltd.,,,,,,52127,https://sema19.mapyourshow.com/8_0/exhibitor/exhibitor-details.cfm?exhid=3843,Tires: Accessories
XXR Wheels,,,,,,45053,https://sema19.mapyourshow.com/8_0/exhibitor/exhibitor-details.cfm?exhid=859,Wheels and Accessories
Yakima Products,,,,,,34135,https://sema19.mapyourshow.com/8_0/exhibitor/exhibitor-details.cfm?exhid=2431,"Accessories: Exterior,Accessories: Trucks,Trailers & Towing Products"
YAMADA AMERICA,,,,,,16424,https://sema19.mapyourshow.com/8_0/exhibitor/exhibitor-details.cfm?exhid=3749,
"Yangzhou Haina Auto Parts Manufacturing Co., Ltd.",,,,,,48107,https://sema19.mapyourshow.com/8_0/exhibitor/exhibitor-details.cfm?exhid=518,"Accessories: Exterior,Hardware & Fasteners,Tires: Accessories,Wheels and Accessories"
"YATU Advanced Materials Co., Ltd.",,,,,,12967,https://sema19.mapyourshow.com/8_0/exhibitor/exhibitor-details.cfm?exhid=399,"Collision, Paint, Body & Finishing Supplies"
"Yellowspeed Racing Co., Ltd.",,,,,,24863,https://sema19.mapyourshow.com/8_0/exhibitor/exhibitor-details.cfm?exhid=1378,"Brake Systems,Chassis Components,Suspension Components"
Yifei Machinery,,,,,,51201,https://sema19.mapyourshow.com/8_0/exhibitor/exhibitor-details.cfm?exhid=4118,Trailers & Towing Products
"Ying Paio Enterprise Co., Ltd.",,,,,,41337,https://sema19.mapyourshow.com/8_0/exhibitor/exhibitor-details.cfm?exhid=360,"Tires: Accessories,Tools & Equipment Installation,Service,Repair"
Yokohama Tire,,,,,,"62118,62119",https://sema19.mapyourshow.com/8_0/exhibitor/exhibitor-details.cfm?exhid=3614,Tires: Passenger & Light Truck
Young Sung,,,,,,12939,https://sema19.mapyourshow.com/8_0/exhibitor/exhibitor-details.cfm?exhid=1895,"Accessories: Exterior,Accessories: Trucks,Hubcaps: Accessories,Lighting,Tires: Accessories"
"Yuelong Tire Group Co., Ltd.",,,,,,41281,https://sema19.mapyourshow.com/8_0/exhibitor/exhibitor-details.cfm?exhid=3813,"Tires: Accessories,Tires: Passenger & Light Truck"
Yukon Gear,,,,,,20145,https://sema19.mapyourshow.com/8_0/exhibitor/exhibitor-details.cfm?exhid=993,"Bearings,Chassis Components,Gaskets & Seals,Remanufactured Parts & Assemblies,Suspension Components,Tools & Equipment Installation,Service,Repair,Trailers & Towing Products,Transmissions & Parts,Vehicles: 2-Wheel Complete,Specialty,Vehicles: 4-Wheel Complete,Specialty,Vehicles: Powersports"
Yuyao Fuyi Auto Decoration Parts Co. Ltd.,,,,,,12742,https://sema19.mapyourshow.com/8_0/exhibitor/exhibitor-details.cfm?exhid=1960,"Accessories: Exterior,Accessories: Trucks,Apparel,Hardware & Fasteners"
ZCC,,,,,,48228,https://sema19.mapyourshow.com/8_0/exhibitor/exhibitor-details.cfm?exhid=975,Wheels and Accessories
Zealio,,,,,,12904,https://sema19.mapyourshow.com/8_0/exhibitor/exhibitor-details.cfm?exhid=2562,"Accessories: Exterior,Lighting,Safety Equipment"
Zeitronix,,,,,,24523,https://sema19.mapyourshow.com/8_0/exhibitor/exhibitor-details.cfm?exhid=1440,"Accessories: Exterior,Electrical Systems: Rotating Electrical, Ignition,Electronics: Audio,Video,Electronics: Communication,Electronics: Navigation,Telematics,Engines,Engine Components,Exhaust Systems, Emissions Controls,Fuel Systems,Tools & Equipment Diagnostics"
ZERO RUST,,,,,,10779,https://sema19.mapyourshow.com/8_0/exhibitor/exhibitor-details.cfm?exhid=2336,"Chemicals,Lubricants,Oil,Collision, Paint, Body & Finishing Supplies"
ZF Aftermarket,,,,,,"50029,61032",https://sema19.mapyourshow.com/8_0/exhibitor/exhibitor-details.cfm?exhid=3326,"Brake Systems,Chassis Components,Electronics: Navigation,Telematics,Remanufactured Parts & Assemblies,Ride Control,Steering Components,Suspension Components,Transmissions & Parts"
"Zhejiang Baochi Industry & Trade Co., Ltd.",,,,,,44238,https://sema19.mapyourshow.com/8_0/exhibitor/exhibitor-details.cfm?exhid=1670,Wheels and Accessories
"Zhejiang Baokang Wheel Manufacture Co., Ltd.",,,,,,45201,https://sema19.mapyourshow.com/8_0/exhibitor/exhibitor-details.cfm?exhid=2316,"Tires: Accessories,Wheels and Accessories"
Zhejiang Hongxin Technology Co. Ltd.,,,,,,46117,https://sema19.mapyourshow.com/8_0/exhibitor/exhibitor-details.cfm?exhid=921,Wheels and Accessories
Zhejiang Jujiu Hub Co. Ltd.,,,,,,48085,https://sema19.mapyourshow.com/8_0/exhibitor/exhibitor-details.cfm?exhid=3980,"Hubcaps: Accessories,Wheels and Accessories"
"Zhejiang Meisheng New Material Co., Ltd.",,,,,,16526,https://sema19.mapyourshow.com/8_0/exhibitor/exhibitor-details.cfm?exhid=3912,Remanufactured Parts & Assemblies
"Zhejiang Purple Light Technology Co., Ltd.",,,,,,33345,https://sema19.mapyourshow.com/8_0/exhibitor/exhibitor-details.cfm?exhid=3834,"Accessories: Exterior,Collision, Paint, Body & Finishing Supplies"
Zhejiang Qingda Rubber Co. Ltd.,,,,,,41213,https://sema19.mapyourshow.com/8_0/exhibitor/exhibitor-details.cfm?exhid=435,"Accessories: Exterior,Suspension Components,Tires: Accessories,Tires: Passenger & Light Truck,Trailers & Towing Products,Wheels and Accessories"
Zhejiang Shichuang Optics Film Manufacturing,,,,,,51422,https://sema19.mapyourshow.com/8_0/exhibitor/exhibitor-details.cfm?exhid=696,"Accessories: Exterior,Collision, Paint, Body & Finishing Supplies"
"Zhejiang Yueling Co., Ltd.",,,,,,46079,https://sema19.mapyourshow.com/8_0/exhibitor/exhibitor-details.cfm?exhid=4033,"Accessories: Exterior,Engines,Engine Components,Wheels and Accessories"
"Zhihui Metal Industrial Co., Ltd.",,,,,,34206,https://sema19.mapyourshow.com/8_0/exhibitor/exhibitor-details.cfm?exhid=432,"Accessories: Exterior,Accessories: Trucks,Lighting"
"Zhongce Rubber Group Co., Ltd.",,,,,,43211,https://sema19.mapyourshow.com/8_0/exhibitor/exhibitor-details.cfm?exhid=1738,"Accessories: Trucks,Tires: Accessories,Tires: Passenger & Light Truck"
"Zhongnan Aluminum Wheel (Guangdong) Co., Ltd.",,,,,,44328,https://sema19.mapyourshow.com/8_0/exhibitor/exhibitor-details.cfm?exhid=3960,"Vehicles: 4-Wheel Complete,Specialty,Wheels and Accessories"
Zhongshan Aokai Auto Parts Manufacturing Co. Ltd.,,,,,,13016,https://sema19.mapyourshow.com/8_0/exhibitor/exhibitor-details.cfm?exhid=1665,Accessories: Exterior
"Zibo Riken MT Coated Abrasives Co., Ltd.",,,,,,51200,https://sema19.mapyourshow.com/8_0/exhibitor/exhibitor-details.cfm?exhid=4010,"Accessories: Exterior,Cleaner,Wax,Polish & Supplies,Collision, Paint, Body & Finishing Supplies"
Zipp Air Tool,,,,,,34250,https://sema19.mapyourshow.com/8_0/exhibitor/exhibitor-details.cfm?exhid=910,"Collision, Paint, Body & Finishing Supplies,Lighting,Tools & Equipment Installation,Service,Repair"
Zünd,,,,,,50823,https://sema19.mapyourshow.com/8_0/exhibitor/exhibitor-details.cfm?exhid=3803,"Tools & Equipment Installation,Service,Repair"
