Name,Booth_no,Address,City,Country,website,Contact_no,product,url
3D Systems Simbionix,2212,,"Littleton 80127,",United States,http://www.simbionix.com,,Airway Critical Care Education,https://s23.a2zinc.net/clients/ACCP/Chest2019/Public/eBooth.aspx?IndexInList=0&FromPage=Exhibitors.aspx&ParentBoothID=&ListByBooth=true&BoothID=113430
"Actelion Pharmaceuticals US, Inc.",931,,"South San Francisco,",United States,http://www.actelion.com,,Pharmaceutical,https://s23.a2zinc.net/clients/ACCP/Chest2019/Public/eBooth.aspx?IndexInList=1&FromPage=Exhibitors.aspx&ParentBoothID=&ListByBooth=true&BoothID=113246
ALAT,2838,,"Mexico City,",Mexico,http://www.alatorax.org,,Education,https://s23.a2zinc.net/clients/ACCP/Chest2019/Public/eBooth.aspx?IndexInList=2&FromPage=Exhibitors.aspx&ParentBoothID=&ListByBooth=true&BoothID=113510
Allergan,2125,,"Madison,",United States,,,Pharmaceutical,https://s23.a2zinc.net/clients/ACCP/Chest2019/Public/eBooth.aspx?IndexInList=3&FromPage=Exhibitors.aspx&ParentBoothID=&ListByBooth=true&BoothID=113290
Allergy & Asthma Network,2717,,"Vienna,",United States,http://www.allergyasthmanetwork.org,,Education Nonprofit,https://s23.a2zinc.net/clients/ACCP/Chest2019/Public/eBooth.aspx?IndexInList=4&FromPage=Exhibitors.aspx&ParentBoothID=&ListByBooth=true&BoothID=113494
Ambu Inc.,940,,"Columbia,",United States,http://www.AmbuUSA.com,,Airway,https://s23.a2zinc.net/clients/ACCP/Chest2019/Public/eBooth.aspx?IndexInList=5&FromPage=Exhibitors.aspx&ParentBoothID=&ListByBooth=true&BoothID=113239
American Academy of Sleep Medicine,2517,,"Darien,",United States,https://aasm.org/,,Association/Society Nonprofit Sleep,https://s23.a2zinc.net/clients/ACCP/Chest2019/Public/eBooth.aspx?IndexInList=6&FromPage=Exhibitors.aspx&ParentBoothID=&ListByBooth=true&BoothID=113119
American Association for Respiratory Care,2718,,"Irving,",United States,http://www.aarc.org,,Association/Society Education Nonprofit Services,https://s23.a2zinc.net/clients/ACCP/Chest2019/Public/eBooth.aspx?IndexInList=7&FromPage=Exhibitors.aspx&ParentBoothID=&ListByBooth=true&BoothID=113154
American Board of Internal Medicine,2723,,"Philadelphia,",United States,https://www.abim.org/,,Pharmaceutical,https://s23.a2zinc.net/clients/ACCP/Chest2019/Public/eBooth.aspx?IndexInList=8&FromPage=Exhibitors.aspx&ParentBoothID=&ListByBooth=true&BoothID=113497
American College of Physicians/Annals of Internal Medicine,2714,,"Philadelphia,",United States,http://www.acponline.org,,Nonprofit,https://s23.a2zinc.net/clients/ACCP/Chest2019/Public/eBooth.aspx?IndexInList=9&FromPage=Exhibitors.aspx&ParentBoothID=&ListByBooth=true&BoothID=113152
American Thoracic Society,2713,,"New York,",United States,http://www.thoracic.org,,Association/Society Critical Care Education Nonprofit Sleep,https://s23.a2zinc.net/clients/ACCP/Chest2019/Public/eBooth.aspx?IndexInList=10&FromPage=Exhibitors.aspx&ParentBoothID=&ListByBooth=true&BoothID=113492
Arjo,739,,"Addison,",United States,http://www.arjo.com,,Diagnostics Equipment Critical Care,https://s23.a2zinc.net/clients/ACCP/Chest2019/Public/eBooth.aspx?IndexInList=11&FromPage=Exhibitors.aspx&ParentBoothID=&ListByBooth=true&BoothID=113321
Army Medical Recruiting,1321,,"Fort Knox,",United States,http://healthcare.goarmy.com,,Recruiter,https://s23.a2zinc.net/clients/ACCP/Chest2019/Public/eBooth.aspx?IndexInList=12&FromPage=Exhibitors.aspx&ParentBoothID=&ListByBooth=true&BoothID=113016
Association of Pulmonary Advanced Practice Providers,2726,,"Colorado Springs,",United States,http://www.pulmapp.com,,Association/Society Education Nonprofit,https://s23.a2zinc.net/clients/ACCP/Chest2019/Public/eBooth.aspx?IndexInList=13&FromPage=Exhibitors.aspx&ParentBoothID=&ListByBooth=true&BoothID=113479
AstraZeneca,533,,"Wilmington,",United States,http://www.astrazeneca.com,,Pharmaceutical,https://s23.a2zinc.net/clients/ACCP/Chest2019/Public/eBooth.aspx?IndexInList=14&FromPage=Exhibitors.aspx&ParentBoothID=&ListByBooth=true&BoothID=113327
Auris Health,1113,,"Redwood City,",United States,http://www.aurishealth.com,,Diagnostics Equipment,https://s23.a2zinc.net/clients/ACCP/Chest2019/Public/eBooth.aspx?IndexInList=15&FromPage=Exhibitors.aspx&ParentBoothID=&ListByBooth=true&BoothID=112978
Auris Health,1214,,"Redwood City,",United States,http://www.aurisrobotics.com/,,Airway Equipment,https://s23.a2zinc.net/clients/ACCP/Chest2019/Public/eBooth.aspx?IndexInList=16&FromPage=Exhibitors.aspx&ParentBoothID=&ListByBooth=true&BoothID=112990
B. Braun Interventional Systems Inc.,1912,,"Bethlehem,",United States,http://www.bisusa.org,,Home Care,https://s23.a2zinc.net/clients/ACCP/Chest2019/Public/eBooth.aspx?IndexInList=17&FromPage=Exhibitors.aspx&ParentBoothID=&ListByBooth=true&BoothID=113092
Bayer,925,,"Whippany,",United States,http://www.bayerus.com,,Pharmaceutical,https://s23.a2zinc.net/clients/ACCP/Chest2019/Public/eBooth.aspx?IndexInList=18&FromPage=Exhibitors.aspx&ParentBoothID=&ListByBooth=true&BoothID=113294
Baylor Scott  & White Health,1716,,"Dallas,",United States,https://www.bswhealth.med/Pages/careers/physicians/htpn.aspx,,Recruiter,https://s23.a2zinc.net/clients/ACCP/Chest2019/Public/eBooth.aspx?IndexInList=19&FromPage=Exhibitors.aspx&ParentBoothID=&ListByBooth=true&BoothID=113068
BD,2025,,"Franklin Lakes,",United States,http://bd.com,,Equipment Monitoring Diagnostics,https://s23.a2zinc.net/clients/ACCP/Chest2019/Public/eBooth.aspx?IndexInList=20&FromPage=Exhibitors.aspx&ParentBoothID=&ListByBooth=true&BoothID=113303
Bellerophon Therapeutics,2141,,"warren,",United States,http://www.bellerophon.com,,Airway Critical Care Pharmaceutical,https://s23.a2zinc.net/clients/ACCP/Chest2019/Public/eBooth.aspx?IndexInList=21&FromPage=Exhibitors.aspx&ParentBoothID=&ListByBooth=true&BoothID=113471
"Biodesix, Inc.",1015,,"Boulder,",United States,http://www.biodesix.com/,,Diagnostics Monitoring,https://s23.a2zinc.net/clients/ACCP/Chest2019/Public/eBooth.aspx?IndexInList=22&FromPage=Exhibitors.aspx&ParentBoothID=&ListByBooth=true&BoothID=113252
BMS/Pfizer,837,,"New York,",United States,http://www.eliquis.com,,Pharmaceutical,https://s23.a2zinc.net/clients/ACCP/Chest2019/Public/eBooth.aspx?IndexInList=23&FromPage=Exhibitors.aspx&ParentBoothID=&ListByBooth=true&BoothID=113234
Body Vision Medical,625,,"Edwards,",United States,http://www.bodyvisionmedical.com,,Airway Diagnostics Equipment,https://s23.a2zinc.net/clients/ACCP/Chest2019/Public/eBooth.aspx?IndexInList=24&FromPage=Exhibitors.aspx&ParentBoothID=&ListByBooth=true&BoothID=113467
"Boehringer Ingelheim Pharmaceuticals, Inc.","1231, 1331, 2631",,"Ridgefield,",United States,http://www.boehringer-ingelheim.com,,Pharmaceutical,https://s23.a2zinc.net/clients/ACCP/Chest2019/Public/eBooth.aspx?IndexInList=25&FromPage=Exhibitors.aspx&ParentBoothID=&ListByBooth=true&BoothID=113002
Bon Secours Mercy Health,2139,,"Cincinnati,",United States,http://www.bsmhealth.org,,Recruiter,https://s23.a2zinc.net/clients/ACCP/Chest2019/Public/eBooth.aspx?IndexInList=26&FromPage=Exhibitors.aspx&ParentBoothID=&ListByBooth=true&BoothID=113470
Boston Medical Products,731,,"Shrewsbury,",United States,http://www.bosmed.com,,Airway Critical Care Equipment Pharmaceutical,https://s23.a2zinc.net/clients/ACCP/Chest2019/Public/eBooth.aspx?IndexInList=27&FromPage=Exhibitors.aspx&ParentBoothID=&ListByBooth=true&BoothID=113313
Boston Scientific,1420,,"Marlborough,",United States,http://www.bostonscientific.com,,Airway Diagnostics Education,https://s23.a2zinc.net/clients/ACCP/Chest2019/Public/eBooth.aspx?IndexInList=28&FromPage=Exhibitors.aspx&ParentBoothID=&ListByBooth=true&BoothID=113034
"Broncus Medical, Inc",2013,,"San Jose,",United States,http://www.broncus.com,,Airway Diagnostics Equipment,https://s23.a2zinc.net/clients/ACCP/Chest2019/Public/eBooth.aspx?IndexInList=29&FromPage=Exhibitors.aspx&ParentBoothID=&ListByBooth=true&BoothID=113425
BTG,1322,,"Bothell,",United States,http://www.btgplc.com,,Equipment,https://s23.a2zinc.net/clients/ACCP/Chest2019/Public/eBooth.aspx?IndexInList=30&FromPage=Exhibitors.aspx&ParentBoothID=&ListByBooth=true&BoothID=113386
Canadian Thoracic Society,2621,,"Ottawa,",Canada,http://www.cts-sct.ca,,Nonprofit,https://s23.a2zinc.net/clients/ACCP/Chest2019/Public/eBooth.aspx?IndexInList=31&FromPage=Exhibitors.aspx&ParentBoothID=&ListByBooth=true&BoothID=113141
Carle Physician Group,1717,,"Urbana,",United States,https://carleconnect.com/,,Nonprofit Recruiter,https://s23.a2zinc.net/clients/ACCP/Chest2019/Public/eBooth.aspx?IndexInList=32&FromPage=Exhibitors.aspx&ParentBoothID=&ListByBooth=true&BoothID=113469
Ceribell,1916,,"Mountain View,",United States,http://www.ceribell.com,,Critical Care Diagnostics Monitoring,https://s23.a2zinc.net/clients/ACCP/Chest2019/Public/eBooth.aspx?IndexInList=33&FromPage=Exhibitors.aspx&ParentBoothID=&ListByBooth=true&BoothID=113094
"Cheetah Medical, Inc.",627,,"Newton Center,",United States,http://www.cheetah-medical.com,,Monitoring,https://s23.a2zinc.net/clients/ACCP/Chest2019/Public/eBooth.aspx?IndexInList=34&FromPage=Exhibitors.aspx&ParentBoothID=&ListByBooth=true&BoothID=113439
CHF Solutions,2626,,"Eden Prairie,",United States,http://www.chf-solutions.com,,Critical Care,https://s23.a2zinc.net/clients/ACCP/Chest2019/Public/eBooth.aspx?IndexInList=35&FromPage=Exhibitors.aspx&ParentBoothID=&ListByBooth=true&BoothID=113475
CHRISTUS Health,1917,,"Tyler,",United States,http://www.christushealth.org,,Critical Care Recruiter Sleep,https://s23.a2zinc.net/clients/ACCP/Chest2019/Public/eBooth.aspx?IndexInList=36&FromPage=Exhibitors.aspx&ParentBoothID=&ListByBooth=true&BoothID=113249
"Circassia Pharmaceuticals, Inc.",2313,,"Morrisville,",United States,http://www.circassia.com,,Airway Diagnostics Monitoring Pharmaceutical,https://s23.a2zinc.net/clients/ACCP/Chest2019/Public/eBooth.aspx?IndexInList=37&FromPage=Exhibitors.aspx&ParentBoothID=&ListByBooth=true&BoothID=113285
Circulogene Diagnostics,2532,,"Birmingham,",United States,www.circulogene.com,,,https://s23.a2zinc.net/clients/ACCP/Chest2019/Public/eBooth.aspx?IndexInList=38&FromPage=Exhibitors.aspx&ParentBoothID=&ListByBooth=true&BoothID=113522
CoapTech LLC,722,,"Baltimore,",United States,http://www.coaptech.com,,Critical Care,https://s23.a2zinc.net/clients/ACCP/Chest2019/Public/eBooth.aspx?IndexInList=39&FromPage=Exhibitors.aspx&ParentBoothID=&ListByBooth=true&BoothID=113437
Cook Medical,713,,"Bloomington,",United States,http://www.cookmedical.com,,Airway Critical Care,https://s23.a2zinc.net/clients/ACCP/Chest2019/Public/eBooth.aspx?IndexInList=40&FromPage=Exhibitors.aspx&ParentBoothID=&ListByBooth=true&BoothID=113372
Cooley Dickinson Health Care,1816,,"Northampton,",United States,http://joincooleydickinson.org,,Nonprofit Recruiter,https://s23.a2zinc.net/clients/ACCP/Chest2019/Public/eBooth.aspx?IndexInList=41&FromPage=Exhibitors.aspx&ParentBoothID=&ListByBooth=true&BoothID=113082
D R Burton Healthcare LLC,1913,,"Farmville,",United States,http://www.drburtonhpi.com,,Airway Home Care,https://s23.a2zinc.net/clients/ACCP/Chest2019/Public/eBooth.aspx?IndexInList=42&FromPage=Exhibitors.aspx&ParentBoothID=&ListByBooth=true&BoothID=113247
Del Rey Medical,1312,,"Playa del Rey,",United States,www.delreymedical.com,,,https://s23.a2zinc.net/clients/ACCP/Chest2019/Public/eBooth.aspx?IndexInList=43&FromPage=Exhibitors.aspx&ParentBoothID=&ListByBooth=true&BoothID=113490
Department of Veterans Affairs (NRS),2616,,"Suite 1000,",United States,http://www.vacareers.va.gov,,Nonprofit Recruiter,https://s23.a2zinc.net/clients/ACCP/Chest2019/Public/eBooth.aspx?IndexInList=44&FromPage=Exhibitors.aspx&ParentBoothID=&ListByBooth=true&BoothID=113136
"EchoNous, Inc.",2431,,"Redmond,",United States,http://www.echonous.com,,Equipment,https://s23.a2zinc.net/clients/ACCP/Chest2019/Public/eBooth.aspx?IndexInList=45&FromPage=Exhibitors.aspx&ParentBoothID=&ListByBooth=true&BoothID=113391
"Electromed, Inc.",726,,"New Prague,",United States,http://www.smartvest.com,,Airway Home Care,https://s23.a2zinc.net/clients/ACCP/Chest2019/Public/eBooth.aspx?IndexInList=46&FromPage=Exhibitors.aspx&ParentBoothID=&ListByBooth=true&BoothID=113440
Elliot Hospital,2625,,"Manchester,",United States,http://www.elliothospital.org,,Recruiter,https://s23.a2zinc.net/clients/ACCP/Chest2019/Public/eBooth.aspx?IndexInList=47&FromPage=Exhibitors.aspx&ParentBoothID=&ListByBooth=true&BoothID=113476
ELSEVIER Inc.,2113,,"Philadelphia,",United States,http://www.us.elsevierhealth.com,,Publisher,https://s23.a2zinc.net/clients/ACCP/Chest2019/Public/eBooth.aspx?IndexInList=48&FromPage=Exhibitors.aspx&ParentBoothID=&ListByBooth=true&BoothID=113427
Envision Physician Services,1217,,"Dallas,",United States,http://envisionphysicianservices.com,,Recruiter,https://s23.a2zinc.net/clients/ACCP/Chest2019/Public/eBooth.aspx?IndexInList=49&FromPage=Exhibitors.aspx&ParentBoothID=&ListByBooth=true&BoothID=112993
Epocrates,1613,,"Watertown,",United States,http://www.epocrates.com,,Education EHR/EMR Information Technology Services,https://s23.a2zinc.net/clients/ACCP/Chest2019/Public/eBooth.aspx?IndexInList=50&FromPage=Exhibitors.aspx&ParentBoothID=&ListByBooth=true&BoothID=113051
ERBE USA,836,,"Marietta,",United States,http://www.erbe-usa.com,,Equipment,https://s23.a2zinc.net/clients/ACCP/Chest2019/Public/eBooth.aspx?IndexInList=51&FromPage=Exhibitors.aspx&ParentBoothID=&ListByBooth=true&BoothID=113322
European Respiratory Society,2832,,"Lausanne,",Switzerland,http://www.ersnet.org,,Nonprofit,https://s23.a2zinc.net/clients/ACCP/Chest2019/Public/eBooth.aspx?IndexInList=52&FromPage=Exhibitors.aspx&ParentBoothID=&ListByBooth=true&BoothID=113507
Fisher & Paykel Healthcare,2124,,"Irvine,",United States,http://www.fphcare.com,,Airway Critical Care Equipment Home Care Sleep,https://s23.a2zinc.net/clients/ACCP/Chest2019/Public/eBooth.aspx?IndexInList=53&FromPage=Exhibitors.aspx&ParentBoothID=&ListByBooth=true&BoothID=113306
Foundation for Sarcoidosis Research,2720,,"Chicago,",United States,http://stopsarcoidosis.org,,Education Nonprofit,https://s23.a2zinc.net/clients/ACCP/Chest2019/Public/eBooth.aspx?IndexInList=54&FromPage=Exhibitors.aspx&ParentBoothID=&ListByBooth=true&BoothID=113155
Fujifilm SonoSite,413,,"Bothell,",United States,http://www.sonosite.com and www.fujifilmendoscopy.com,,Critical Care Diagnostics,https://s23.a2zinc.net/clients/ACCP/Chest2019/Public/eBooth.aspx?IndexInList=55&FromPage=Exhibitors.aspx&ParentBoothID=&ListByBooth=true&BoothID=113336
Galapagos NV,1820,,"Mechelen,",Belgium,http://www.glpg.com,,Pharmaceutical,https://s23.a2zinc.net/clients/ACCP/Chest2019/Public/eBooth.aspx?IndexInList=56&FromPage=Exhibitors.aspx&ParentBoothID=&ListByBooth=true&BoothID=113086
GE Healthcare,1621,,"Wauwatosa,",United States,http://www.gehealthcare.com,,Equipment Monitoring Critical Care Diagnostics,https://s23.a2zinc.net/clients/ACCP/Chest2019/Public/eBooth.aspx?IndexInList=57&FromPage=Exhibitors.aspx&ParentBoothID=&ListByBooth=true&BoothID=113059
Genentech,1931,,"South San Francisco,",United States,,,Pharmaceutical,https://s23.a2zinc.net/clients/ACCP/Chest2019/Public/eBooth.aspx?IndexInList=58&FromPage=Exhibitors.aspx&ParentBoothID=&ListByBooth=true&BoothID=113243
GlaxoSmithKline,419,,"Research Triangle Park,",United States,http://www.gsk.com,,Pharmaceutical,https://s23.a2zinc.net/clients/ACCP/Chest2019/Public/eBooth.aspx?IndexInList=59&FromPage=Exhibitors.aspx&ParentBoothID=&ListByBooth=true&BoothID=113361
Grifols,1220,,"Los Angeles,",United States,http://www.grifols.com,,Pharmaceutical,https://s23.a2zinc.net/clients/ACCP/Chest2019/Public/eBooth.aspx?IndexInList=60&FromPage=Exhibitors.aspx&ParentBoothID=&ListByBooth=true&BoothID=113381
Hayek Medical Devices,1224,,"Milton,",Canada,http://www.unitedhayek.com,,Airway Critical Care Equipment Home Care Sleep,https://s23.a2zinc.net/clients/ACCP/Chest2019/Public/eBooth.aspx?IndexInList=61&FromPage=Exhibitors.aspx&ParentBoothID=&ListByBooth=true&BoothID=113383
Hayes Locums,2515,,"Fort Lauderdale,",United States,http://www.hayeslocums.com,,Recruiter,https://s23.a2zinc.net/clients/ACCP/Chest2019/Public/eBooth.aspx?IndexInList=62&FromPage=Exhibitors.aspx&ParentBoothID=&ListByBooth=true&BoothID=113117
Healio Pulmonology,2614,,"Thorofare,",United States,https://www.healio.com/pulmonology,,Publisher,https://s23.a2zinc.net/clients/ACCP/Chest2019/Public/eBooth.aspx?IndexInList=63&FromPage=Exhibitors.aspx&ParentBoothID=&ListByBooth=true&BoothID=113134
"Healix, LLC",2519,,"Sugar Land,",United States,https://healix.net/,,Pharmaceutical Services,https://s23.a2zinc.net/clients/ACCP/Chest2019/Public/eBooth.aspx?IndexInList=64&FromPage=Exhibitors.aspx&ParentBoothID=&ListByBooth=true&BoothID=113121
Hillrom,2213,,"Batesville,",United States,http://www.hillrom.com,,Airway Education Equipment Home Care,https://s23.a2zinc.net/clients/ACCP/Chest2019/Public/eBooth.aspx?IndexInList=65&FromPage=Exhibitors.aspx&ParentBoothID=&ListByBooth=true&BoothID=113284
"Imbio, LLC",1340,,"Minneapolis,",United States,http://www.imbio.com,,Airway Diagnostics Information Technology,https://s23.a2zinc.net/clients/ACCP/Chest2019/Public/eBooth.aspx?IndexInList=66&FromPage=Exhibitors.aspx&ParentBoothID=&ListByBooth=true&BoothID=113021
INDIAN CHEST SOCIETY,2721,,"Durgakund, Varanasi,",India,http://indianchestsociety.com,,,https://s23.a2zinc.net/clients/ACCP/Chest2019/Public/eBooth.aspx?IndexInList=67&FromPage=Exhibitors.aspx&ParentBoothID=&ListByBooth=true&BoothID=113496
INSMED,2437,,"Bridgewater,",United States,http://www.insmed.com,,Pharmaceutical,https://s23.a2zinc.net/clients/ACCP/Chest2019/Public/eBooth.aspx?IndexInList=68&FromPage=Exhibitors.aspx&ParentBoothID=&ListByBooth=true&BoothID=113397
"Inspire Medical Systems, Inc.",1812,,"Minneapolis,",United States,http://www.inspiresleep.com,,Sleep Airway,https://s23.a2zinc.net/clients/ACCP/Chest2019/Public/eBooth.aspx?IndexInList=69&FromPage=Exhibitors.aspx&ParentBoothID=&ListByBooth=true&BoothID=113078
Intermountain Healthcare,2618,,"Salt Lake City,",United States,http://Physicianjobsintermountain.org,,Nonprofit Recruiter,https://s23.a2zinc.net/clients/ACCP/Chest2019/Public/eBooth.aspx?IndexInList=70&FromPage=Exhibitors.aspx&ParentBoothID=&ListByBooth=true&BoothID=113138
International Biophysics Corporation,1617,,"Austin,",United States,http://afflovest.com,,Airway Critical Care Equipment Home Care,https://s23.a2zinc.net/clients/ACCP/Chest2019/Public/eBooth.aspx?IndexInList=71&FromPage=Exhibitors.aspx&ParentBoothID=&ListByBooth=true&BoothID=113055
Intuitive Surgical,"721, 831",,"Sunnyvale,",United States,http://www.intuitivesurgical.com,,Diagnostics,https://s23.a2zinc.net/clients/ACCP/Chest2019/Public/eBooth.aspx?IndexInList=72&FromPage=Exhibitors.aspx&ParentBoothID=&ListByBooth=true&BoothID=113296
"Janssen Pharmaceuticals, Inc.",2627,,"Titusville,",United States,http://www.janssen.com/US,,Pharmaceutical,https://s23.a2zinc.net/clients/ACCP/Chest2019/Public/eBooth.aspx?IndexInList=73&FromPage=Exhibitors.aspx&ParentBoothID=&ListByBooth=true&BoothID=113478
"Jazz Pharmaceuticals, Inc.",1021,,"Palo Alto,",United States,,,Pharmaceutical,https://s23.a2zinc.net/clients/ACCP/Chest2019/Public/eBooth.aspx?IndexInList=74&FromPage=Exhibitors.aspx&ParentBoothID=&ListByBooth=true&BoothID=112976
Kaiser Permanente Northern California/ The Permanente Medical Group,1416,,"Oakland,",United States,,,Services,https://s23.a2zinc.net/clients/ACCP/Chest2019/Public/eBooth.aspx?IndexInList=75&FromPage=Exhibitors.aspx&ParentBoothID=&ListByBooth=true&BoothID=113026
"Karl Storz Endoscopy-America, Inc.",1921,,"El Segundo,",United States,http://www.karlstorz.com,,Airway Equipment,https://s23.a2zinc.net/clients/ACCP/Chest2019/Public/eBooth.aspx?IndexInList=76&FromPage=Exhibitors.aspx&ParentBoothID=&ListByBooth=true&BoothID=113098
La Jolla Pharmaceutical Company,2617,,"San Diego,",United States,http://lajollapharmaceutical.com/,,Pharmaceutical,https://s23.a2zinc.net/clients/ACCP/Chest2019/Public/eBooth.aspx?IndexInList=77&FromPage=Exhibitors.aspx&ParentBoothID=&ListByBooth=true&BoothID=113137
Lafayette General Health,2530,,"Lafayette,",United States,https://www.lafayettegeneral.com/,,,https://s23.a2zinc.net/clients/ACCP/Chest2019/Public/eBooth.aspx?IndexInList=78&FromPage=Exhibitors.aspx&ParentBoothID=&ListByBooth=true&BoothID=113521
Lake Charles Memorial Health System,1815,,"Lake Charles,",United States,http://www.lcmh.com,,Critical Care,https://s23.a2zinc.net/clients/ACCP/Chest2019/Public/eBooth.aspx?IndexInList=79&FromPage=Exhibitors.aspx&ParentBoothID=&ListByBooth=true&BoothID=113081
LivaNova | TandemLife,2521,,"Pittsburgh,",United States,http://www.tandemlife.com,,Critical Care,https://s23.a2zinc.net/clients/ACCP/Chest2019/Public/eBooth.aspx?IndexInList=80&FromPage=Exhibitors.aspx&ParentBoothID=&ListByBooth=true&BoothID=113122
LocumTenens.com,2137,,"Alpharetta,",United States,https://www.locumtenens.com/,,Recruiter,https://s23.a2zinc.net/clients/ACCP/Chest2019/Public/eBooth.aspx?IndexInList=81&FromPage=Exhibitors.aspx&ParentBoothID=&ListByBooth=true&BoothID=113104
LYMOL Medical Corp.,2527,,"Woburn,",United States,http://www.lymolmedical.com,,Airway Critical Care Diagnostics Equipment Pharmaceutical,https://s23.a2zinc.net/clients/ACCP/Chest2019/Public/eBooth.aspx?IndexInList=82&FromPage=Exhibitors.aspx&ParentBoothID=&ListByBooth=true&BoothID=113474
Mallinckrodt Pharmaceuticals,2219,,"Bedminster,",United States,,,Pharmaceutical,https://s23.a2zinc.net/clients/ACCP/Chest2019/Public/eBooth.aspx?IndexInList=83&FromPage=Exhibitors.aspx&ParentBoothID=&ListByBooth=true&BoothID=113442
Mayne Pharma,1817,,"Raleigh,",United States,http://maynepharma.com,,Airway Critical Care Pharmaceutical,https://s23.a2zinc.net/clients/ACCP/Chest2019/Public/eBooth.aspx?IndexInList=84&FromPage=Exhibitors.aspx&ParentBoothID=&ListByBooth=true&BoothID=113083
Mayo Clinic,538,,"Rochester,",United States,http://www.mayoclinic.org,,Nonprofit,https://s23.a2zinc.net/clients/ACCP/Chest2019/Public/eBooth.aspx?IndexInList=85&FromPage=Exhibitors.aspx&ParentBoothID=&ListByBooth=true&BoothID=112969
McGuff Pharmaceuticals,"623, 441",,"Santa Ana,",United States,http://www.mcguffmedical.com,,Pharmaceutical,https://s23.a2zinc.net/clients/ACCP/Chest2019/Public/eBooth.aspx?IndexInList=86&FromPage=Exhibitors.aspx&ParentBoothID=&ListByBooth=true&BoothID=113466
McLeod Health,1821,,"Florence,",United States,,,Recruiter,https://s23.a2zinc.net/clients/ACCP/Chest2019/Public/eBooth.aspx?IndexInList=87&FromPage=Exhibitors.aspx&ParentBoothID=&ListByBooth=true&BoothID=113087
Med Sterilizer,1715,,"livingston,",United States,http://www.medsterilizer.com,,Services,https://s23.a2zinc.net/clients/ACCP/Chest2019/Public/eBooth.aspx?IndexInList=88&FromPage=Exhibitors.aspx&ParentBoothID=&ListByBooth=true&BoothID=113468
med-CARE pharmaceuticals,2016,,"Beverly Hills,",United States,www.medcarePharmaceuticals.com,,,https://s23.a2zinc.net/clients/ACCP/Chest2019/Public/eBooth.aspx?IndexInList=89&FromPage=Exhibitors.aspx&ParentBoothID=&ListByBooth=true&BoothID=113275
Medi Lazer,1314,,"miami,",United States,http://medilazer.net,,Equipment Pharmaceutical,https://s23.a2zinc.net/clients/ACCP/Chest2019/Public/eBooth.aspx?IndexInList=90&FromPage=Exhibitors.aspx&ParentBoothID=&ListByBooth=true&BoothID=113491
Mediknox,2624,,"Las vegas,",United States,https://mediknox.com/,,Equipment Home Care,https://s23.a2zinc.net/clients/ACCP/Chest2019/Public/eBooth.aspx?IndexInList=91&FromPage=Exhibitors.aspx&ParentBoothID=&ListByBooth=true&BoothID=113473
Medline Industries,1313,,"Northfield,",United States,http://www.medline.com,,Critical Care Equipment Monitoring,https://s23.a2zinc.net/clients/ACCP/Chest2019/Public/eBooth.aspx?IndexInList=92&FromPage=Exhibitors.aspx&ParentBoothID=&ListByBooth=true&BoothID=113006
MedSol,2639,,"DENVER,",United States,www.medsolonline.com,,,https://s23.a2zinc.net/clients/ACCP/Chest2019/Public/eBooth.aspx?IndexInList=93&FromPage=Exhibitors.aspx&ParentBoothID=&ListByBooth=true&BoothID=113484
Medtronic,613,,"Minneapolis,",United States,http://www.medtronic.com,,Diagnostics Equipment,https://s23.a2zinc.net/clients/ACCP/Chest2019/Public/eBooth.aspx?IndexInList=94&FromPage=Exhibitors.aspx&ParentBoothID=&ListByBooth=true&BoothID=113366
"MedWaves, Inc.",2641,,"San Diego,",United States,www.medwaves.com,,,https://s23.a2zinc.net/clients/ACCP/Chest2019/Public/eBooth.aspx?IndexInList=95&FromPage=Exhibitors.aspx&ParentBoothID=&ListByBooth=true&BoothID=113485
Melinta Therapeutics,540,,"Morristown,",United States,https://melinta.com,,Pharmaceutical,https://s23.a2zinc.net/clients/ACCP/Chest2019/Public/eBooth.aspx?IndexInList=96&FromPage=Exhibitors.aspx&ParentBoothID=&ListByBooth=true&BoothID=112970
Merck,1720,,"Kenilworth,",United States,http://www.merck.com,,Pharmaceutical,https://s23.a2zinc.net/clients/ACCP/Chest2019/Public/eBooth.aspx?IndexInList=97&FromPage=Exhibitors.aspx&ParentBoothID=&ListByBooth=true&BoothID=113074
Merit Medical Endotek,1721,,"South Jordan,",United States,http://www.endotek.merit.com,,Airway Critical Care Home Care,https://s23.a2zinc.net/clients/ACCP/Chest2019/Public/eBooth.aspx?IndexInList=98&FromPage=Exhibitors.aspx&ParentBoothID=&ListByBooth=true&BoothID=113073
Monaghan Medical Corporation,1924,,"Plattsburgh,",United States,https://www.google.ca,,Airway Diagnostics Education Home Care Monitoring,https://s23.a2zinc.net/clients/ACCP/Chest2019/Public/eBooth.aspx?IndexInList=99&FromPage=Exhibitors.aspx&ParentBoothID=&ListByBooth=true&BoothID=113101
Morgan Scientific Inc.,838,,"Haverhill,",United States,http://www.morgansci.com,,Diagnostics Equipment,https://s23.a2zinc.net/clients/ACCP/Chest2019/Public/eBooth.aspx?IndexInList=100&FromPage=Exhibitors.aspx&ParentBoothID=&ListByBooth=true&BoothID=113323
Mount Sinai - National Jewish Health Respiratory,2236,,"New York,",United States,http://nationaljewish.mountsinai.org/,,Airway Critical Care Nonprofit Sleep,https://s23.a2zinc.net/clients/ACCP/Chest2019/Public/eBooth.aspx?IndexInList=101&FromPage=Exhibitors.aspx&ParentBoothID=&ListByBooth=true&BoothID=113432
Mylan Inc.,"2231, 2019",,"Canonsburg,",United States,,,Pharmaceutical,https://s23.a2zinc.net/clients/ACCP/Chest2019/Public/eBooth.aspx?IndexInList=102&FromPage=Exhibitors.aspx&ParentBoothID=&ListByBooth=true&BoothID=113405
"National Board for Respiratory Care, Inc. (NBRC)",2719,,"Overland Park,",United States,https://www.nbrc.org,,Association/Society Nonprofit,https://s23.a2zinc.net/clients/ACCP/Chest2019/Public/eBooth.aspx?IndexInList=103&FromPage=Exhibitors.aspx&ParentBoothID=&ListByBooth=true&BoothID=113495
National Board of Echocardiography,439,,"Raleigh,",United States,http://www.echoboards.org,,Education Nonprofit,https://s23.a2zinc.net/clients/ACCP/Chest2019/Public/eBooth.aspx?IndexInList=104&FromPage=Exhibitors.aspx&ParentBoothID=&ListByBooth=true&BoothID=112959
National Jewish Health,2238,,"Denver,",United States,http://njhealth.org,,Critical Care Diagnostics Nonprofit,https://s23.a2zinc.net/clients/ACCP/Chest2019/Public/eBooth.aspx?IndexInList=105&FromPage=Exhibitors.aspx&ParentBoothID=&ListByBooth=true&BoothID=113433
ndd Medical Technologies,1724,,"Andover,",United States,http://www.nddmed.com,,Airway Diagnostics Monitoring,https://s23.a2zinc.net/clients/ACCP/Chest2019/Public/eBooth.aspx?IndexInList=106&FromPage=Exhibitors.aspx&ParentBoothID=&ListByBooth=true&BoothID=113076
"NeilMed Pharmaceuticals, Inc",1823,,"Santa Rosa,",United States,http://www.neilmed.com,,Pharmaceutical Sleep,https://s23.a2zinc.net/clients/ACCP/Chest2019/Public/eBooth.aspx?IndexInList=107&FromPage=Exhibitors.aspx&ParentBoothID=&ListByBooth=true&BoothID=113091
NeuroLogica,1920,,"Danvers,",United States,http://www.neurologica.com,,Equipment,https://s23.a2zinc.net/clients/ACCP/Chest2019/Public/eBooth.aspx?IndexInList=108&FromPage=Exhibitors.aspx&ParentBoothID=&ListByBooth=true&BoothID=113099
Northwell Health,1414,,"Manhasset,",United States,http://Northwell.edu,,Nonprofit,https://s23.a2zinc.net/clients/ACCP/Chest2019/Public/eBooth.aspx?IndexInList=109&FromPage=Exhibitors.aspx&ParentBoothID=&ListByBooth=true&BoothID=113024
Norton Healthcare,1813,,"Louisville,",United States,http://www.nortonhealthcare.com,,Recruiter,https://s23.a2zinc.net/clients/ACCP/Chest2019/Public/eBooth.aspx?IndexInList=110&FromPage=Exhibitors.aspx&ParentBoothID=&ListByBooth=true&BoothID=113079
Novartis Pharmaceuticals Corporation,"2413, 2419, 2638",,"East Hanover,",United States,http://www.novartis.com,,Pharmaceutical,https://s23.a2zinc.net/clients/ACCP/Chest2019/Public/eBooth.aspx?IndexInList=111&FromPage=Exhibitors.aspx&ParentBoothID=&ListByBooth=true&BoothID=113111
"NTM INFO & RESEARCH, INC",2537,,"Coral Gables,",United States,http://www.ntminfo.org,,Nonprofit,https://s23.a2zinc.net/clients/ACCP/Chest2019/Public/eBooth.aspx?IndexInList=112&FromPage=Exhibitors.aspx&ParentBoothID=&ListByBooth=true&BoothID=113123
Nuance Communications,2612,,"Burlington,",United States,,,Diagnostics Information Technology,https://s23.a2zinc.net/clients/ACCP/Chest2019/Public/eBooth.aspx?IndexInList=113&FromPage=Exhibitors.aspx&ParentBoothID=&ListByBooth=true&BoothID=113132
Nuvaira,1713,,"Minneapolis,",United States,http://www.nuvaira.com,,Airway,https://s23.a2zinc.net/clients/ACCP/Chest2019/Public/eBooth.aspx?IndexInList=114&FromPage=Exhibitors.aspx&ParentBoothID=&ListByBooth=true&BoothID=113065
Ochsner Health System,2712,,"New Orleans,",United States,http://www.ochsner.org,,Recruiter,https://s23.a2zinc.net/clients/ACCP/Chest2019/Public/eBooth.aspx?IndexInList=115&FromPage=Exhibitors.aspx&ParentBoothID=&ListByBooth=true&BoothID=113151
Olympus America Inc.,2225,,"Center Valley,",United States,http://www.olympusamerica.com,,Airway Diagnostics Equipment,https://s23.a2zinc.net/clients/ACCP/Chest2019/Public/eBooth.aspx?IndexInList=116&FromPage=Exhibitors.aspx&ParentBoothID=&ListByBooth=true&BoothID=113457
ONCIMMUNE USA LLC,1320,,"De Soto,",United States,http://www.oncimmune.com,,Critical Care Diagnostics Education,https://s23.a2zinc.net/clients/ACCP/Chest2019/Public/eBooth.aspx?IndexInList=117&FromPage=Exhibitors.aspx&ParentBoothID=&ListByBooth=true&BoothID=113385
OncoCyte Corporation,2531,,"Alameda,",United States,http://www.oncocyte.com/,,Diagnostics,https://s23.a2zinc.net/clients/ACCP/Chest2019/Public/eBooth.aspx?IndexInList=118&FromPage=Exhibitors.aspx&ParentBoothID=&ListByBooth=true&BoothID=113462
Optellum Ltd,2240,,"Oxford,",United Kingdom,http://www.optellum.com,,,https://s23.a2zinc.net/clients/ACCP/Chest2019/Public/eBooth.aspx?IndexInList=119&FromPage=Exhibitors.aspx&ParentBoothID=&ListByBooth=true&BoothID=113434
"Paratek Pharmaceuticals, Inc",2613,,"King of Prussia,",United States,http://www.paratekpharma.com,,Pharmaceutical,https://s23.a2zinc.net/clients/ACCP/Chest2019/Public/eBooth.aspx?IndexInList=120&FromPage=Exhibitors.aspx&ParentBoothID=&ListByBooth=true&BoothID=113135
PARI Respiratory Equipment Inc.,1216,,"Midlothian,",United States,http://www.pari.com,,Airway Equipment Pharmaceutical,https://s23.a2zinc.net/clients/ACCP/Chest2019/Public/eBooth.aspx?IndexInList=121&FromPage=Exhibitors.aspx&ParentBoothID=&ListByBooth=true&BoothID=112992
Penn State Health,1814,,"Hershey,",United States,https://www.pennstatehealth.org/,,Recruiter,https://s23.a2zinc.net/clients/ACCP/Chest2019/Public/eBooth.aspx?IndexInList=122&FromPage=Exhibitors.aspx&ParentBoothID=&ListByBooth=true&BoothID=113080
Philips Healthcare,2119,,"Andover,",United States,http://www.philips.com/healthcare,,Airway Diagnostics Home Care Monitoring Sleep,https://s23.a2zinc.net/clients/ACCP/Chest2019/Public/eBooth.aspx?IndexInList=123&FromPage=Exhibitors.aspx&ParentBoothID=&ListByBooth=true&BoothID=113302
Piedmont Healthcare,1925,,"Atlanta,",United States,http://piedmont.org/practicewithus,,Critical Care Recruiter,https://s23.a2zinc.net/clients/ACCP/Chest2019/Public/eBooth.aspx?IndexInList=124&FromPage=Exhibitors.aspx&ParentBoothID=&ListByBooth=true&BoothID=113102
Pinnacle Biologics,2020,,"Bannockburn,",United States,http://pinnaclebiologics.com,,Airway Pharmaceutical,https://s23.a2zinc.net/clients/ACCP/Chest2019/Public/eBooth.aspx?IndexInList=125&FromPage=Exhibitors.aspx&ParentBoothID=&ListByBooth=true&BoothID=113276
Polarean Imaging Plc,2525,,"Durham,",United States,http://www.polarean.com,,Airway Critical Care Diagnostics Equipment Pharmaceutical,https://s23.a2zinc.net/clients/ACCP/Chest2019/Public/eBooth.aspx?IndexInList=126&FromPage=Exhibitors.aspx&ParentBoothID=&ListByBooth=true&BoothID=113472
Prevea Health,1712,,"Green Bay,",United States,http://www.prevea.com/joinprevea,,Recruiter,https://s23.a2zinc.net/clients/ACCP/Chest2019/Public/eBooth.aspx?IndexInList=127&FromPage=Exhibitors.aspx&ParentBoothID=&ListByBooth=true&BoothID=113519
Propeller Health,1317,,"San Francisco,",United States,https://www.propellerhealth.com/,,Equipment Monitoring Diagnostics,https://s23.a2zinc.net/clients/ACCP/Chest2019/Public/eBooth.aspx?IndexInList=128&FromPage=Exhibitors.aspx&ParentBoothID=&ListByBooth=true&BoothID=113010
Pulm Ex,1239,,"Chicago,",United States,https://www.level-ex.com/,,Airway Education Equipment Information Technology Pharmaceutical,https://s23.a2zinc.net/clients/ACCP/Chest2019/Public/eBooth.aspx?IndexInList=129&FromPage=Exhibitors.aspx&ParentBoothID=&ListByBooth=true&BoothID=113004
Pulmonary Fibrosis Foundation,1822,,"Chicago,",United States,http://www.pulmonaryfibrosis.org,,Nonprofit,https://s23.a2zinc.net/clients/ACCP/Chest2019/Public/eBooth.aspx?IndexInList=130&FromPage=Exhibitors.aspx&ParentBoothID=&ListByBooth=true&BoothID=113088
Pulmonary Hypertension Association,2724,,"Silver Spring,",United States,http://www.phassociation.org,,Education Nonprofit,https://s23.a2zinc.net/clients/ACCP/Chest2019/Public/eBooth.aspx?IndexInList=131&FromPage=Exhibitors.aspx&ParentBoothID=&ListByBooth=true&BoothID=113477
PulmOne Advanced Medical Devices Ltd.,839,,"New York,",United States,http://www.pulm-one.com,,Airway Diagnostics Equipment,https://s23.a2zinc.net/clients/ACCP/Chest2019/Public/eBooth.aspx?IndexInList=132&FromPage=Exhibitors.aspx&ParentBoothID=&ListByBooth=true&BoothID=113235
Pulmonology Advisor,1923,,"New York,",United States,http://www.pulmonologyadvisor.com,,Publisher,https://s23.a2zinc.net/clients/ACCP/Chest2019/Public/eBooth.aspx?IndexInList=133&FromPage=Exhibitors.aspx&ParentBoothID=&ListByBooth=true&BoothID=113100
Pulmonx Corporation,939,,"Redwood City,",United States,http://www.pulmonx.com,,Airway,https://s23.a2zinc.net/clients/ACCP/Chest2019/Public/eBooth.aspx?IndexInList=134&FromPage=Exhibitors.aspx&ParentBoothID=&ListByBooth=true&BoothID=113263
Radiometer,2524,,"Brea,",United States,http://www.radiometeramerica.com/,,Diagnostics Education Monitoring Sleep,https://s23.a2zinc.net/clients/ACCP/Chest2019/Public/eBooth.aspx?IndexInList=135&FromPage=Exhibitors.aspx&ParentBoothID=&ListByBooth=true&BoothID=113261
RB,"1914, 1915",,"Suite 101,",United States,http://rb.com,,Education EHR/EMR Services,https://s23.a2zinc.net/clients/ACCP/Chest2019/Public/eBooth.aspx?IndexInList=136&FromPage=Exhibitors.aspx&ParentBoothID=&ListByBooth=true&BoothID=113093
Redax Spa,1338,,"Poggio Rusco,",Italy,http://www.redax.it,,Critical Care,https://s23.a2zinc.net/clients/ACCP/Chest2019/Public/eBooth.aspx?IndexInList=137&FromPage=Exhibitors.aspx&ParentBoothID=&ListByBooth=true&BoothID=113020
Regeneron Pharmaceuticals/Sanofi Genzyme,"1130, 2131",,"Tarrytown,",United States,http://www.regeneron.com,,Pharmaceutical,https://s23.a2zinc.net/clients/ACCP/Chest2019/Public/eBooth.aspx?IndexInList=138&FromPage=Exhibitors.aspx&ParentBoothID=&ListByBooth=true&BoothID=113244
"Retia Medical, LLC",2619,,"Valhalla,",United States,http://www.retiamedical.com,,Equipment Monitoring,https://s23.a2zinc.net/clients/ACCP/Chest2019/Public/eBooth.aspx?IndexInList=139&FromPage=Exhibitors.aspx&ParentBoothID=&ListByBooth=true&BoothID=113139
Rocket Medical,1223,,"Pembroke,",United States,http://www.rocketmedical.com,,Association/Society Critical Care Diagnostics Home Care,https://s23.a2zinc.net/clients/ACCP/Chest2019/Public/eBooth.aspx?IndexInList=140&FromPage=Exhibitors.aspx&ParentBoothID=&ListByBooth=true&BoothID=113382
Sanofi Genzyme,1221,,"Cambridge,",United States,http://www.sanofigenzyme.com,,Pharmaceutical,https://s23.a2zinc.net/clients/ACCP/Chest2019/Public/eBooth.aspx?IndexInList=141&FromPage=Exhibitors.aspx&ParentBoothID=&ListByBooth=true&BoothID=113380
SCL Health,1615,,"Broomfield,",United States,https://www.sclhealth.org/,,Nonprofit Recruiter,https://s23.a2zinc.net/clients/ACCP/Chest2019/Public/eBooth.aspx?IndexInList=142&FromPage=Exhibitors.aspx&ParentBoothID=&ListByBooth=true&BoothID=113053
Sepsis Alliance,2725,,"San Diego,",United States,http://www.sepsis.org,,Education,https://s23.a2zinc.net/clients/ACCP/Chest2019/Public/eBooth.aspx?IndexInList=143&FromPage=Exhibitors.aspx&ParentBoothID=&ListByBooth=true&BoothID=113504
Siemens Healthineers,2636,,"Malvern,",United States,http://www.siemens-healthineers.com/en-us/,,Diagnostics,https://s23.a2zinc.net/clients/ACCP/Chest2019/Public/eBooth.aspx?IndexInList=144&FromPage=Exhibitors.aspx&ParentBoothID=&ListByBooth=true&BoothID=113142
Smiths Medical,1213,,"Plymouth,",United States,http://www.smiths-medical.com,,Airway Critical Care,https://s23.a2zinc.net/clients/ACCP/Chest2019/Public/eBooth.aspx?IndexInList=145&FromPage=Exhibitors.aspx&ParentBoothID=&ListByBooth=true&BoothID=112991
Sound Critical Care,737,,"Tacoma,",United States,https://soundphysicians.com/,,Critical Care Recruiter Services Telemedicine,https://s23.a2zinc.net/clients/ACCP/Chest2019/Public/eBooth.aspx?IndexInList=146&FromPage=Exhibitors.aspx&ParentBoothID=&ListByBooth=true&BoothID=113317
Spire Health,2425,,"San Francisco,",United States,http://www.spirehealth.com,,Home Care Monitoring Telemedicine,https://s23.a2zinc.net/clients/ACCP/Chest2019/Public/eBooth.aspx?IndexInList=147&FromPage=Exhibitors.aspx&ParentBoothID=&ListByBooth=true&BoothID=113258
"STB Coalition, Inc.",2630,,"Baltimore,",United States,http://www.stopthebleedingcoalition.org,,Education Equipment,https://s23.a2zinc.net/clients/ACCP/Chest2019/Public/eBooth.aspx?IndexInList=148&FromPage=Exhibitors.aspx&ParentBoothID=&ListByBooth=true&BoothID=113464
Sunovion Pharmaceuticals Inc.,"813, 2819",,"Marlborough,",United States,http://www.sunovionprofile.com,,Pharmaceutical,https://s23.a2zinc.net/clients/ACCP/Chest2019/Public/eBooth.aspx?IndexInList=149&FromPage=Exhibitors.aspx&ParentBoothID=&ListByBooth=true&BoothID=113293
Takeda,2319,,"Lexington,",United States,https://www.takeda.com/,,Pharmaceutical,https://s23.a2zinc.net/clients/ACCP/Chest2019/Public/eBooth.aspx?IndexInList=150&FromPage=Exhibitors.aspx&ParentBoothID=&ListByBooth=true&BoothID=113448
TeamHealth,1714,,"Knoxville,",United States,http://www.teamhealth.com/join,,Recruiter,https://s23.a2zinc.net/clients/ACCP/Chest2019/Public/eBooth.aspx?IndexInList=151&FromPage=Exhibitors.aspx&ParentBoothID=&ListByBooth=true&BoothID=113520
Temple University Health System,2014,,"Philadelphia,",United States,https://www.lung.templehealth.org,,Critical Care Education Nonprofit Sleep Telemedicine,https://s23.a2zinc.net/clients/ACCP/Chest2019/Public/eBooth.aspx?IndexInList=152&FromPage=Exhibitors.aspx&ParentBoothID=&ListByBooth=true&BoothID=113274
The Intensivist Company,1117,,"Pittsburgh,",United States,http://www.theintensivistcompany.com,,Critical Care Education EHR/EMR Recruiter Services,https://s23.a2zinc.net/clients/ACCP/Chest2019/Public/eBooth.aspx?IndexInList=153&FromPage=Exhibitors.aspx&ParentBoothID=&ListByBooth=true&BoothID=112979
The LAM Foundation,2716,,"CINCINNATI,",United States,https://thelamfoundation.org,,Education Nonprofit,https://s23.a2zinc.net/clients/ACCP/Chest2019/Public/eBooth.aspx?IndexInList=154&FromPage=Exhibitors.aspx&ParentBoothID=&ListByBooth=true&BoothID=113153
Thoracent Inc,2541,,"Huntington,",United States,http://www.thoracent.com,,,https://s23.a2zinc.net/clients/ACCP/Chest2019/Public/eBooth.aspx?IndexInList=155&FromPage=Exhibitors.aspx&ParentBoothID=&ListByBooth=true&BoothID=113481
TSI Healthcare,2115,,"Chapel Hill,",United States,http://www.tsihealthcare.com,,Information Technology,https://s23.a2zinc.net/clients/ACCP/Chest2019/Public/eBooth.aspx?IndexInList=156&FromPage=Exhibitors.aspx&ParentBoothID=&ListByBooth=true&BoothID=113429
United Therapeutics,431,,"Research Triangle Park,",United States,http://www.unither.com,,Pharmaceutical,https://s23.a2zinc.net/clients/ACCP/Chest2019/Public/eBooth.aspx?IndexInList=157&FromPage=Exhibitors.aspx&ParentBoothID=&ListByBooth=true&BoothID=112951
UPMC Transplant Services,1316,,"Pittsburgh,",United States,http://upmc.com,,Airway Critical Care Diagnostics Education Services,https://s23.a2zinc.net/clients/ACCP/Chest2019/Public/eBooth.aspx?IndexInList=158&FromPage=Exhibitors.aspx&ParentBoothID=&ListByBooth=true&BoothID=113009
US Acute Care Solutions,2012,,"Canton,",United States,https://www.usacs.com,,Recruiter Critical Care,https://s23.a2zinc.net/clients/ACCP/Chest2019/Public/eBooth.aspx?IndexInList=159&FromPage=Exhibitors.aspx&ParentBoothID=&ListByBooth=true&BoothID=113273
Vancouver Clinic,2620,,"Vancouver,",United States,https://tvc.org/,,Recruiter,https://s23.a2zinc.net/clients/ACCP/Chest2019/Public/eBooth.aspx?IndexInList=160&FromPage=Exhibitors.aspx&ParentBoothID=&ListByBooth=true&BoothID=113140
Ventec Life Systems,2325,,"Bothell,",United States,http://www.venteclife.com,,Airway Critical Care Equipment Home Care,https://s23.a2zinc.net/clients/ACCP/Chest2019/Public/eBooth.aspx?IndexInList=161&FromPage=Exhibitors.aspx&ParentBoothID=&ListByBooth=true&BoothID=113459
VEP Healthcare,1315,,"Concord,",United States,http://www.vephealthcare.com,,Services,https://s23.a2zinc.net/clients/ACCP/Chest2019/Public/eBooth.aspx?IndexInList=162&FromPage=Exhibitors.aspx&ParentBoothID=&ListByBooth=true&BoothID=113008
Veracyte,2022,,"South San Francisco,",United States,http://www.veracyte.com,,Diagnostics,https://s23.a2zinc.net/clients/ACCP/Chest2019/Public/eBooth.aspx?IndexInList=163&FromPage=Exhibitors.aspx&ParentBoothID=&ListByBooth=true&BoothID=113278
Veran Medical Technologies,825,,"St Louis,",United States,http://www.veranmedical.com,,Diagnostics,https://s23.a2zinc.net/clients/ACCP/Chest2019/Public/eBooth.aspx?IndexInList=164&FromPage=Exhibitors.aspx&ParentBoothID=&ListByBooth=true&BoothID=113209
Verathon Inc.,2513,,"Bothell,",United States,http://verathon.com,,Airway,https://s23.a2zinc.net/clients/ACCP/Chest2019/Public/eBooth.aspx?IndexInList=165&FromPage=Exhibitors.aspx&ParentBoothID=&ListByBooth=true&BoothID=113115
Viemed,2740,,"Lafayette,",United States,http://www.viemed.com,,Airway Equipment Home Care Monitoring Services,https://s23.a2zinc.net/clients/ACCP/Chest2019/Public/eBooth.aspx?IndexInList=166&FromPage=Exhibitors.aspx&ParentBoothID=&ListByBooth=true&BoothID=113488
"Vitalograph, Inc.",1412,,"Lenexa,",United States,http://www.vitalograph.com,,Diagnostics Equipment,https://s23.a2zinc.net/clients/ACCP/Chest2019/Public/eBooth.aspx?IndexInList=167&FromPage=Exhibitors.aspx&ParentBoothID=&ListByBooth=true&BoothID=113022
Vyaire Medical,936,,"Mettawa,",United States,http://www.vyaire.com,,Diagnostics Equipment Sleep,https://s23.a2zinc.net/clients/ACCP/Chest2019/Public/eBooth.aspx?IndexInList=168&FromPage=Exhibitors.aspx&ParentBoothID=&ListByBooth=true&BoothID=113237
Weatherby Healthcare,1325,,"Durham,",United States,http://www.weatherbyhealthcare.com,,Recruiter,https://s23.a2zinc.net/clients/ACCP/Chest2019/Public/eBooth.aspx?IndexInList=169&FromPage=Exhibitors.aspx&ParentBoothID=&ListByBooth=true&BoothID=113018
Wolters Kluwer,1212,,"Philadelphia,",United States,https://shop.lww.com,,Publisher,https://s23.a2zinc.net/clients/ACCP/Chest2019/Public/eBooth.aspx?IndexInList=170&FromPage=Exhibitors.aspx&ParentBoothID=&ListByBooth=true&BoothID=112988
