Name,Booth_no,Address,City,Country,website,Contact_no,product,url,
Acuva Technologies Inc.,539,,Burnaby,Canada,http://www.acuvatech.com,,UV Systems,https://s23.a2zinc.net/clients/corcexpo/wqa2020/Public/eBooth.aspx?IndexInList=0&FromPage=Exhibitors.aspx&ParentBoothID=&ListByBooth=true&BoothID=148285,
Advantech Aqua,349,,Murrieta,United States,http://www.advantechaqua.com,,"Commercial,Industrial Treatments Membrane Filters Reverse Osmosis Systems",https://s23.a2zinc.net/clients/corcexpo/wqa2020/Public/eBooth.aspx?IndexInList=1&FromPage=Exhibitors.aspx&ParentBoothID=&ListByBooth=true&BoothID=149940,
Aerus,361,,Dallas,United States,http://www.aerushome.com,,"Cleaning Products Filtration Components Reverse Osmosis Systems Under-Sink,Countertop Filters Water Softeners",https://s23.a2zinc.net/clients/corcexpo/wqa2020/Public/eBooth.aspx?IndexInList=2&FromPage=Exhibitors.aspx&ParentBoothID=&ListByBooth=true&BoothID=155355,
Ahlstrom-Munksjö Filtration LLC,1054,,Mt Holly Springs,United States,http://www.ahlstrom-munksjo.com,,Filter Media,https://s23.a2zinc.net/clients/corcexpo/wqa2020/Public/eBooth.aspx?IndexInList=3&FromPage=Exhibitors.aspx&ParentBoothID=&ListByBooth=true&BoothID=152014,
Airwell by Radon Environmental,227,,Vancouver,Canada,http://www.radoncorp.com,,,https://s23.a2zinc.net/clients/corcexpo/wqa2020/Public/eBooth.aspx?IndexInList=4&FromPage=Exhibitors.aspx&ParentBoothID=&ListByBooth=true&BoothID=148211,
"Alkaline Hydrogen Biocera Co., Ltd.",338,,SeongnamGyeonggi,Korea (South),http://biocera.co.kr,,Bottled Water Bottling Equipment Filter Media Filtration Components Shower Filters,https://s23.a2zinc.net/clients/corcexpo/wqa2020/Public/eBooth.aspx?IndexInList=5&FromPage=Exhibitors.aspx&ParentBoothID=&ListByBooth=true&BoothID=148253,
Allied Purchasing,326,,Mason City,United States,http://www.alliedpurchasing.com,,Bottled Water Filtration Components Membrane Filters Softening Salt UV Systems,https://s23.a2zinc.net/clients/corcexpo/wqa2020/Public/eBooth.aspx?IndexInList=6&FromPage=Exhibitors.aspx&ParentBoothID=&ListByBooth=true&BoothID=148245,
Alpine Coolers,1105,,Duluth,United States,http://www.alpinecoolers.com,,,https://s23.a2zinc.net/clients/corcexpo/wqa2020/Public/eBooth.aspx?IndexInList=7&FromPage=Exhibitors.aspx&ParentBoothID=&ListByBooth=true&BoothID=151797,
"AmeriAsia Advanced Activated Carbon Products Co., Ltd.",1233,,Nantong,China,http://www.simpurely.cn/,,"Commercial,Industrial Treatments Filtration Components Shower Filters Under-Sink,Countertop Filters Whole House Systems",https://s23.a2zinc.net/clients/corcexpo/wqa2020/Public/eBooth.aspx?IndexInList=8&FromPage=Exhibitors.aspx&ParentBoothID=&ListByBooth=true&BoothID=148379,
"American Water Solutions, LLC",1021,,Cameron,United States,http://www.american-water.com,,,https://s23.a2zinc.net/clients/corcexpo/wqa2020/Public/eBooth.aspx?IndexInList=9&FromPage=Exhibitors.aspx&ParentBoothID=&ListByBooth=true&BoothID=148340,
Amtrol Inc,1029,,West Warwick,United States,http://www.amtrol.com,,Reverse Osmosis Systems,https://s23.a2zinc.net/clients/corcexpo/wqa2020/Public/eBooth.aspx?IndexInList=10&FromPage=Exhibitors.aspx&ParentBoothID=&ListByBooth=true&BoothID=149745,
"Analytical Technology, Inc.",1032,,Collegeville,United States,http://www.analyticaltechnology.com,,,https://s23.a2zinc.net/clients/corcexpo/wqa2020/Public/eBooth.aspx?IndexInList=11&FromPage=Exhibitors.aspx&ParentBoothID=&ListByBooth=true&BoothID=149743,
"Anhui Chiro Technology Co., Ltd.",1239,,Wuhu,China,http://www.ahqinuo.com,,"Carbon Filtration Equipment Commercial,Industrial Treatments Filtration Components Reverse Osmosis Systems Under-Sink,Countertop Filters",https://s23.a2zinc.net/clients/corcexpo/wqa2020/Public/eBooth.aspx?IndexInList=12&FromPage=Exhibitors.aspx&ParentBoothID=&ListByBooth=true&BoothID=167080,
"Anhui Flurida Mechanical & Electrical Co.,Ltd",861,,Carson,United States,http://www.flurida.com,,Bottled Water Filtration Components,https://s23.a2zinc.net/clients/corcexpo/wqa2020/Public/eBooth.aspx?IndexInList=13&FromPage=Exhibitors.aspx&ParentBoothID=&ListByBooth=true&BoothID=152038,
"Applied Membranes, Inc.",915,,Vista,United States,http://www.appliedmembranes.com,,Chemicals Filtration Components Membrane Filters Process Filtration Equipment Reverse Osmosis Systems,https://s23.a2zinc.net/clients/corcexpo/wqa2020/Public/eBooth.aspx?IndexInList=14&FromPage=Exhibitors.aspx&ParentBoothID=&ListByBooth=true&BoothID=151808,
"Aqua Finance, Inc.",815,,Wausau,United States,http://www.aquafinance.com,,Finance,https://s23.a2zinc.net/clients/corcexpo/wqa2020/Public/eBooth.aspx?IndexInList=15&FromPage=Exhibitors.aspx&ParentBoothID=&ListByBooth=true&BoothID=151734,
Aqua Systems / Hellenbrand,958,,Waunakee,United States,http://www.hellenbrand.com,,Iron Removal UV Systems Water Conditioners Water Softeners Whole House Systems,https://s23.a2zinc.net/clients/corcexpo/wqa2020/Public/eBooth.aspx?IndexInList=16&FromPage=Exhibitors.aspx&ParentBoothID=&ListByBooth=true&BoothID=148467,
"Aqua Treatment Service, Inc.",749,,Mechanicsburg,United States,aquat.com,,,https://s23.a2zinc.net/clients/corcexpo/wqa2020/Public/eBooth.aspx?IndexInList=17&FromPage=Exhibitors.aspx&ParentBoothID=&ListByBooth=true&BoothID=149918,
Aquafilter Europe,1201,,Lodz,Poland,http://www.aquafilter.com,,,https://s23.a2zinc.net/clients/corcexpo/wqa2020/Public/eBooth.aspx?IndexInList=18&FromPage=Exhibitors.aspx&ParentBoothID=&ListByBooth=true&BoothID=148360,
Aquatech Global Events,761,,MS Amsterdam,Netherlands,http://www.aquatechtrade.com,,,https://s23.a2zinc.net/clients/corcexpo/wqa2020/Public/eBooth.aspx?IndexInList=19&FromPage=Exhibitors.aspx&ParentBoothID=&ListByBooth=true&BoothID=148448,
AquiSense Technologies,1031,,Erlanger,United States,http://www.aquisense.com,,UV Systems,https://s23.a2zinc.net/clients/corcexpo/wqa2020/Public/eBooth.aspx?IndexInList=20&FromPage=Exhibitors.aspx&ParentBoothID=&ListByBooth=true&BoothID=149746,
Argonide Corporation,1230,,Sanford,United States,http://www.argonide.com,,"Carbon Filtration Equipment Filter Media Iron Removal Under-Sink,Countertop Filters Whole House Systems",https://s23.a2zinc.net/clients/corcexpo/wqa2020/Public/eBooth.aspx?IndexInList=21&FromPage=Exhibitors.aspx&ParentBoothID=&ListByBooth=true&BoothID=148375,
Arrow Industries,1131,,Brea,United States,http://www.arrowindustries.com,,Filtration Components Fittings Reverse Osmosis Systems Tanks Valves,https://s23.a2zinc.net/clients/corcexpo/wqa2020/Public/eBooth.aspx?IndexInList=22&FromPage=Exhibitors.aspx&ParentBoothID=&ListByBooth=true&BoothID=148352,
Atlas Filtri North America LLC,430,,Wallingford,United States,atlasfiltri.com,,,https://s23.a2zinc.net/clients/corcexpo/wqa2020/Public/eBooth.aspx?IndexInList=23&FromPage=Exhibitors.aspx&ParentBoothID=&ListByBooth=true&BoothID=149870,
Avalon,961,,lakewood,United States,www.avalonh2o.com,,,https://s23.a2zinc.net/clients/corcexpo/wqa2020/Public/eBooth.aspx?IndexInList=24&FromPage=Exhibitors.aspx&ParentBoothID=&ListByBooth=true&BoothID=148470,
AXEON Water Technologies,419,,Temecula,United States,http://www.axeonwater.com,,,https://s23.a2zinc.net/clients/corcexpo/wqa2020/Public/eBooth.aspx?IndexInList=25&FromPage=Exhibitors.aspx&ParentBoothID=&ListByBooth=true&BoothID=151786,
"Beijing Liquid Filter Environmental Science and Technology Co., Ltd",223,,Beijing,China,http://www.lkft.com.cn,,"Commercial,Industrial Treatments Filtration Components",https://s23.a2zinc.net/clients/corcexpo/wqa2020/Public/eBooth.aspx?IndexInList=26&FromPage=Exhibitors.aspx&ParentBoothID=&ListByBooth=true&BoothID=151781,
"Better Water Industries, Inc.",867,,Tyler,United States,http://www.betterwaterind.com,,Whole House Systems Water Conditioners Chemicals Filtration Components Iron Removal,https://s23.a2zinc.net/clients/corcexpo/wqa2020/Public/eBooth.aspx?IndexInList=27&FromPage=Exhibitors.aspx&ParentBoothID=&ListByBooth=true&BoothID=150785,
"Beyclean Environmental Protection Technology Co., Ltd.",1056,,Dongguan,China,http://www.beyclean.com,,"Filter Media Filtration Components Pour Through Pitchers Shower Filters Under-Sink,Countertop Filters",https://s23.a2zinc.net/clients/corcexpo/wqa2020/Public/eBooth.aspx?IndexInList=28&FromPage=Exhibitors.aspx&ParentBoothID=&ListByBooth=true&BoothID=148476,
Bluewater USA Inc.,530,,Overland Park,United States,http://www.bluewatergroup.com,,"Food Service Treatment Equipment Reverse Osmosis Systems Under-Sink,Countertop Filters Whole House Systems",https://s23.a2zinc.net/clients/corcexpo/wqa2020/Public/eBooth.aspx?IndexInList=29&FromPage=Exhibitors.aspx&ParentBoothID=&ListByBooth=true&BoothID=149855,
Blupura,1009,,Miami,United States,http://www.blupura.com,,POU Coolers UV Systems,https://s23.a2zinc.net/clients/corcexpo/wqa2020/Public/eBooth.aspx?IndexInList=30&FromPage=Exhibitors.aspx&ParentBoothID=&ListByBooth=true&BoothID=151898,
Canadian Water Quality Association,231,,Waterloo,Canada,http://www.cwqa.com,,,https://s23.a2zinc.net/clients/corcexpo/wqa2020/Public/eBooth.aspx?IndexInList=31&FromPage=Exhibitors.aspx&ParentBoothID=&ListByBooth=true&BoothID=148215,
Carbon Activated Corp.,642,,Compton,United States,http://www.activatedcarbon.com,,Bottled Water Carbon Filtration Equipment Filter Media Food Service Treatment Equipment Iron Removal,https://s23.a2zinc.net/clients/corcexpo/wqa2020/Public/eBooth.aspx?IndexInList=32&FromPage=Exhibitors.aspx&ParentBoothID=&ListByBooth=true&BoothID=148300,
Carbon Block Technology,319,,Las Vegas,United States,,,,https://s23.a2zinc.net/clients/corcexpo/wqa2020/Public/eBooth.aspx?IndexInList=33&FromPage=Exhibitors.aspx&ParentBoothID=&ListByBooth=true&BoothID=151784,
Cargill Salt,926,,Hopkins,United States,http://www.cargill.com,,,https://s23.a2zinc.net/clients/corcexpo/wqa2020/Public/eBooth.aspx?IndexInList=34&FromPage=Exhibitors.aspx&ParentBoothID=&ListByBooth=true&BoothID=149732,
Caware Filtering Corporation,756,,Kaohsiung,Taiwan,http://www.caware.com.tw,,,https://s23.a2zinc.net/clients/corcexpo/wqa2020/Public/eBooth.aspx?IndexInList=35&FromPage=Exhibitors.aspx&ParentBoothID=&ListByBooth=true&BoothID=152052,
"Charger Water Treatment Products, LLC",1101,,Elgin,United States,http://www.chargerwater.com,,,https://s23.a2zinc.net/clients/corcexpo/wqa2020/Public/eBooth.aspx?IndexInList=36&FromPage=Exhibitors.aspx&ParentBoothID=&ListByBooth=true&BoothID=151793,
Chester Paul Company,601,,Glendale,United States,http://www.chesterpaul.com,,,https://s23.a2zinc.net/clients/corcexpo/wqa2020/Public/eBooth.aspx?IndexInList=37&FromPage=Exhibitors.aspx&ParentBoothID=&ListByBooth=true&BoothID=151849,
Clack Corporation,401,,Windsor,United States,http://www.clackcorp.com,,Filter Media Membrane Filters Tanks Valves,https://s23.a2zinc.net/clients/corcexpo/wqa2020/Public/eBooth.aspx?IndexInList=38&FromPage=Exhibitors.aspx&ParentBoothID=&ListByBooth=true&BoothID=151689,
"Clover Co., Ltd.",721,,Anyang-Si,Korea (South),http://www.clovercooler.com,,"POU Coolers Reverse Osmosis Systems Under-Sink,Countertop Filters Food Service Treatment Equipment",https://s23.a2zinc.net/clients/corcexpo/wqa2020/Public/eBooth.aspx?IndexInList=39&FromPage=Exhibitors.aspx&ParentBoothID=&ListByBooth=true&BoothID=149724,
"Coast Pump Water Technologies, Inc.",330,,Ocala,United States,http://www.coastpumpwatertechnology.com/,,,https://s23.a2zinc.net/clients/corcexpo/wqa2020/Public/eBooth.aspx?IndexInList=40&FromPage=Exhibitors.aspx&ParentBoothID=&ListByBooth=true&BoothID=148251,
Compass Minerals,528,,Overland Park,United States,http://www.compassminerals.com,,Softening Salt,https://s23.a2zinc.net/clients/corcexpo/wqa2020/Public/eBooth.aspx?IndexInList=41&FromPage=Exhibitors.aspx&ParentBoothID=&ListByBooth=true&BoothID=149879,
Concord Screen Inc.,1127,,Newmarket,Canada,http://www.concordscreen.com,,Carbon Filtration Equipment Filter Media Filtration Components Process Filtration Equipment,https://s23.a2zinc.net/clients/corcexpo/wqa2020/Public/eBooth.aspx?IndexInList=42&FromPage=Exhibitors.aspx&ParentBoothID=&ListByBooth=true&BoothID=152054,
Cosmetal srl,549,,Recanati,Italy,http://www.cosmetal.it/,,POU Coolers,https://s23.a2zinc.net/clients/corcexpo/wqa2020/Public/eBooth.aspx?IndexInList=43&FromPage=Exhibitors.aspx&ParentBoothID=&ListByBooth=true&BoothID=152009,
Coster Engineering,856,,Mankato,United States,http://www.costereng.com,,Bottled Water Membrane Filters Reverse Osmosis Systems,https://s23.a2zinc.net/clients/corcexpo/wqa2020/Public/eBooth.aspx?IndexInList=44&FromPage=Exhibitors.aspx&ParentBoothID=&ListByBooth=true&BoothID=148451,
Crystal Mountain Products Inc,1049,,Gahanna,United States,,,,https://s23.a2zinc.net/clients/corcexpo/wqa2020/Public/eBooth.aspx?IndexInList=45&FromPage=Exhibitors.aspx&ParentBoothID=&ListByBooth=true&BoothID=149924,
Dataman Group Direct Mail & Phone Lists,1028,,Boca Raton,United States,http://www.datamangroup.com,,Consulting Marketing Services,https://s23.a2zinc.net/clients/corcexpo/wqa2020/Public/eBooth.aspx?IndexInList=46&FromPage=Exhibitors.aspx&ParentBoothID=&ListByBooth=true&BoothID=149741,
"Dawnway Enterprise Co., Ltd",233,,Taichung,Taiwan,www.dawnway.com.tw,,,https://s23.a2zinc.net/clients/corcexpo/wqa2020/Public/eBooth.aspx?IndexInList=47&FromPage=Exhibitors.aspx&ParentBoothID=&ListByBooth=true&BoothID=148217,
Delta Pure Filtration,200,,Ashland,United States,http://www.deltapure.com,,Carbon Filtration Equipment Filtration Components Iron Removal Process Filtration Equipment Whole House Systems,https://s23.a2zinc.net/clients/corcexpo/wqa2020/Public/eBooth.aspx?IndexInList=48&FromPage=Exhibitors.aspx&ParentBoothID=&ListByBooth=true&BoothID=148194,
Delta Water Systems USA,720,,Lancaster,United States,http://www.deltawatersystems.com,,"Commercial,Industrial Treatments Water Conditioners Water Softeners Whole House Systems",https://s23.a2zinc.net/clients/corcexpo/wqa2020/Public/eBooth.aspx?IndexInList=49&FromPage=Exhibitors.aspx&ParentBoothID=&ListByBooth=true&BoothID=151791,
"Dongguan ShaoHong Electronics Technology Co,Ltd",1232,,Dongguan,China,http://www.dgshaohong.com,,,https://s23.a2zinc.net/clients/corcexpo/wqa2020/Public/eBooth.aspx?IndexInList=50&FromPage=Exhibitors.aspx&ParentBoothID=&ListByBooth=true&BoothID=148377,
Dream Tree Family Inc.,444,,Houston,United States,http://www.dreamtreefamily.com,,"Bottled Water Commercial,Industrial Treatments Filter Media Shower Filters Whole House Systems",https://s23.a2zinc.net/clients/corcexpo/wqa2020/Public/eBooth.aspx?IndexInList=51&FromPage=Exhibitors.aspx&ParentBoothID=&ListByBooth=true&BoothID=152422,
DROP Connect,609,,Ashland,United States,,,,https://s23.a2zinc.net/clients/corcexpo/wqa2020/Public/eBooth.aspx?IndexInList=52&FromPage=Exhibitors.aspx&ParentBoothID=&ListByBooth=true&BoothID=151845,
DTW USA Inc.,501,,Vernon,United States,http://dtwusa.com,,"POU Coolers Reverse Osmosis Systems Tanks Under-Sink,Countertop Filters UV Systems",https://s23.a2zinc.net/clients/corcexpo/wqa2020/Public/eBooth.aspx?IndexInList=53&FromPage=Exhibitors.aspx&ParentBoothID=&ListByBooth=true&BoothID=151664,
EcoWater,439,,Woodbury,United States,http://www.ecowater.com,,"Commercial,Industrial Treatments Water Conditioners Water Softeners Whole House Systems Reverse Osmosis Systems",https://s23.a2zinc.net/clients/corcexpo/wqa2020/Public/eBooth.aspx?IndexInList=54&FromPage=Exhibitors.aspx&ParentBoothID=&ListByBooth=true&BoothID=148271,
"EMSL Analytical, Inc.",222,,Cinnaminson,United States,http://emsl.com,,"Market: Please select the markets of your products,services.Commercial Industrial Residential",https://s23.a2zinc.net/clients/corcexpo/wqa2020/Public/eBooth.aspx?IndexInList=55&FromPage=Exhibitors.aspx&ParentBoothID=&ListByBooth=true&BoothID=148208,
EPRO by newterra,1128,,Venice,United States,http://www.newterra.com,,Membrane Filters Reverse Osmosis Systems Tanks Water Softeners Whole House Systems,https://s23.a2zinc.net/clients/corcexpo/wqa2020/Public/eBooth.aspx?IndexInList=56&FromPage=Exhibitors.aspx&ParentBoothID=&ListByBooth=true&BoothID=149749,
Flexcon Industries,526,,Randolph,United States,http://www.flexconind.com,,,https://s23.a2zinc.net/clients/corcexpo/wqa2020/Public/eBooth.aspx?IndexInList=57&FromPage=Exhibitors.aspx&ParentBoothID=&ListByBooth=true&BoothID=149863,
Fluid-O-Tech-International,1200,,Plantsville,United States,https://www.fluidotech.it,,Bottled Water Distillation Systems Food Service Treatment Equipment Reverse Osmosis Systems Whole House Systems,https://s23.a2zinc.net/clients/corcexpo/wqa2020/Public/eBooth.aspx?IndexInList=58&FromPage=Exhibitors.aspx&ParentBoothID=&ListByBooth=true&BoothID=151795,
Fluxtek International Corp,216,,Pingtung City,Taiwan,http://www.fluxtek.com,,"Filtration Components Under-Sink,Countertop Filters Whole House Systems",https://s23.a2zinc.net/clients/corcexpo/wqa2020/Public/eBooth.aspx?IndexInList=59&FromPage=Exhibitors.aspx&ParentBoothID=&ListByBooth=true&BoothID=161763,
Foamulations / CuZn Water Systems,956,,Millersville,United States,http://www.foamulations.biz,,"Commercial,Industrial Treatments Engineering Services Filter Media Pool and Spa Process Filtration Equipment",https://s23.a2zinc.net/clients/corcexpo/wqa2020/Public/eBooth.aspx?IndexInList=60&FromPage=Exhibitors.aspx&ParentBoothID=&ListByBooth=true&BoothID=148463,
Foundation Finance Company,966,,Weston,United States,http://www.foundationfinance.com,,Finance,https://s23.a2zinc.net/clients/corcexpo/wqa2020/Public/eBooth.aspx?IndexInList=61&FromPage=Exhibitors.aspx&ParentBoothID=&ListByBooth=true&BoothID=150786,
"G.A. Murdock, Inc.",1026,,Madison,United States,http://order.gamurdock.com,,"Fittings Plumbing,Piping Reverse Osmosis Systems Valves Membrane Filters",https://s23.a2zinc.net/clients/corcexpo/wqa2020/Public/eBooth.aspx?IndexInList=62&FromPage=Exhibitors.aspx&ParentBoothID=&ListByBooth=true&BoothID=149740,
"GC Valves, LLC",318,,Charlotte,United States,http://www.gcvalves.com,,Valves Engineering Services Filtration Components,https://s23.a2zinc.net/clients/corcexpo/wqa2020/Public/eBooth.aspx?IndexInList=63&FromPage=Exhibitors.aspx&ParentBoothID=&ListByBooth=true&BoothID=149574,
Global Aqua Technology,355,,Chino,United States,http://www.globalaqua.net,,"Commercial,Industrial Treatments Reverse Osmosis Systems Tanks UV Systems Valves",https://s23.a2zinc.net/clients/corcexpo/wqa2020/Public/eBooth.aspx?IndexInList=64&FromPage=Exhibitors.aspx&ParentBoothID=&ListByBooth=true&BoothID=149953,
Global Water Solutions USA,1015,,Bradenton,United States,http://www.gwsusa.com,,Filtration Components Reverse Osmosis Systems Tanks,https://s23.a2zinc.net/clients/corcexpo/wqa2020/Public/eBooth.aspx?IndexInList=65&FromPage=Exhibitors.aspx&ParentBoothID=&ListByBooth=true&BoothID=151905,
"Good Water Warehouse, Inc.",201,,Fullerton,United States,http://www.goodwaterwarehouse.com,,,https://s23.a2zinc.net/clients/corcexpo/wqa2020/Public/eBooth.aspx?IndexInList=66&FromPage=Exhibitors.aspx&ParentBoothID=&ListByBooth=true&BoothID=151699,
"Grand Amos Products Co., Ltd.",1043,,Taipei,Taiwan,http://www.waterfilter.com.tw,,Shower Filters Valves Reverse Osmosis Systems Membrane Filters Fittings,https://s23.a2zinc.net/clients/corcexpo/wqa2020/Public/eBooth.aspx?IndexInList=67&FromPage=Exhibitors.aspx&ParentBoothID=&ListByBooth=true&BoothID=148344,
"Guangzhou Jiefa Filtering Equipment Co., Ltd",930,,Guangzhou,China,http://www.sffilter.com.cn,,Carbon Filtration Equipment Filtration Components Membrane Filters Process Filtration Equipment,https://s23.a2zinc.net/clients/corcexpo/wqa2020/Public/eBooth.aspx?IndexInList=68&FromPage=Exhibitors.aspx&ParentBoothID=&ListByBooth=true&BoothID=149734,
Hach,1063,,Loveland,United States,www.hach.com,,,https://s23.a2zinc.net/clients/corcexpo/wqa2020/Public/eBooth.aspx?IndexInList=69&FromPage=Exhibitors.aspx&ParentBoothID=&ListByBooth=true&BoothID=148481,
Hague Quality Water International,1113,,Groveport,United States,http://www.haguewater.com,,,https://s23.a2zinc.net/clients/corcexpo/wqa2020/Public/eBooth.aspx?IndexInList=70&FromPage=Exhibitors.aspx&ParentBoothID=&ListByBooth=true&BoothID=151777,
Hamamatsu Corporation,442,,Bridgewater,United States,http://www.hamamatsu.com,,UV Systems,https://s23.a2zinc.net/clients/corcexpo/wqa2020/Public/eBooth.aspx?IndexInList=71&FromPage=Exhibitors.aspx&ParentBoothID=&ListByBooth=true&BoothID=152421,
Hankscraft Runxin LLC,461,,Reedsburg,United States,http://www.hrh2o.com,,Process Filtration Equipment Shower Filters Valves Water Softeners Whole House Systems,https://s23.a2zinc.net/clients/corcexpo/wqa2020/Public/eBooth.aspx?IndexInList=72&FromPage=Exhibitors.aspx&ParentBoothID=&ListByBooth=true&BoothID=148417,
"Haycarb USA, Inc.",340,,Oakdale,United States,http://www.haycarbusa.com,,Carbon Filtration Equipment Filter Media,https://s23.a2zinc.net/clients/corcexpo/wqa2020/Public/eBooth.aspx?IndexInList=73&FromPage=Exhibitors.aspx&ParentBoothID=&ListByBooth=true&BoothID=159337,
Healthway,1251,,Pulaski,United States,http://www.healthway.com,,,https://s23.a2zinc.net/clients/corcexpo/wqa2020/Public/eBooth.aspx?IndexInList=74&FromPage=Exhibitors.aspx&ParentBoothID=&ListByBooth=true&BoothID=166329,
"Hidrotek Co., Ltd.",660,,Ningbo,China,http://www.hidrotek.cn,,Filtration Components Reverse Osmosis Systems Shower Filters UV Systems Water Softeners,https://s23.a2zinc.net/clients/corcexpo/wqa2020/Public/eBooth.aspx?IndexInList=75&FromPage=Exhibitors.aspx&ParentBoothID=&ListByBooth=true&BoothID=148441,
Homeowners Marketing Services,450,,N Hollywood,United States,,,,https://s23.a2zinc.net/clients/corcexpo/wqa2020/Public/eBooth.aspx?IndexInList=76&FromPage=Exhibitors.aspx&ParentBoothID=&ListByBooth=true&BoothID=149943,
"HUNAN KEENSEN TECHNOLOGY CO., LTD.",232,,CHANGSHA,China,www.keensen.com,,,https://s23.a2zinc.net/clients/corcexpo/wqa2020/Public/eBooth.aspx?IndexInList=77&FromPage=Exhibitors.aspx&ParentBoothID=&ListByBooth=true&BoothID=148216,
Huzhou Hengxin Filter Technology Co, LTD,862,,"Huzhou,Â",China,,,,https://s23.a2zinc.net/clients/corcexpo/wqa2020/Public/eBooth.aspx?IndexInList=78&FromPage=Exhibitors.aspx&ParentBoothID=&ListByBooth=true&BoothID=148457
Hydro Flow Filtration Systems,1213,,Temecula,United States,www.hffiltration.com,,,https://s23.a2zinc.net/clients/corcexpo/wqa2020/Public/eBooth.aspx?IndexInList=79&FromPage=Exhibitors.aspx&ParentBoothID=&ListByBooth=true&BoothID=148366,
"Hydro Systems International, Inc.",1126,,New York,United States,http://www.hsiusa.net,,Filtration Components,https://s23.a2zinc.net/clients/corcexpo/wqa2020/Public/eBooth.aspx?IndexInList=80&FromPage=Exhibitors.aspx&ParentBoothID=&ListByBooth=true&BoothID=149748,
Hydronix Water Technology,801,,Ontario,United States,http://www.hydronixwater.com,,Valves Tanks UV Systems Carbon Filtration Equipment Membrane Filters,https://s23.a2zinc.net/clients/corcexpo/wqa2020/Public/eBooth.aspx?IndexInList=81&FromPage=Exhibitors.aspx&ParentBoothID=&ListByBooth=true&BoothID=151729,
Hydrotech,527,,Carmel,United States,http://www.hydrotechwater.com,,"Reverse Osmosis Systems Water Conditioners Water Softeners Whole House Systems Commercial,Industrial Treatments",https://s23.a2zinc.net/clients/corcexpo/wqa2020/Public/eBooth.aspx?IndexInList=82&FromPage=Exhibitors.aspx&ParentBoothID=&ListByBooth=true&BoothID=149865,
IAPMO R&T,426,,Ontario,United States,http://www.iapmort.org,,"Consulting Education,Training Engineering Services Product Testing",https://s23.a2zinc.net/clients/corcexpo/wqa2020/Public/eBooth.aspx?IndexInList=83&FromPage=Exhibitors.aspx&ParentBoothID=&ListByBooth=true&BoothID=149875,
iControls Technologies Inc.,762,,Santa Rosa,United States,http://www.icontrols.net,,Monitoring Equipment,https://s23.a2zinc.net/clients/corcexpo/wqa2020/Public/eBooth.aspx?IndexInList=84&FromPage=Exhibitors.aspx&ParentBoothID=&ListByBooth=true&BoothID=148449,
IEH BioVir,827,,Benicia,United States,http://www.biovir.com,,Product Testing Water Analysis Services,https://s23.a2zinc.net/clients/corcexpo/wqa2020/Public/eBooth.aspx?IndexInList=85&FromPage=Exhibitors.aspx&ParentBoothID=&ListByBooth=true&BoothID=149728,
IHLAS EV ALETLERI IMALAT SAN TIC.A.S,343,,ISTANBUL,Turkey,www.iea.com.tr,,,https://s23.a2zinc.net/clients/corcexpo/wqa2020/Public/eBooth.aspx?IndexInList=86&FromPage=Exhibitors.aspx&ParentBoothID=&ListByBooth=true&BoothID=148258,
"Industrial Test Systems, Inc. (ITS)",621,,Rock Hill,United States,http://www.sensafe.com,,Chemicals Monitoring Equipment Water Analysis Equipment,https://s23.a2zinc.net/clients/corcexpo/wqa2020/Public/eBooth.aspx?IndexInList=87&FromPage=Exhibitors.aspx&ParentBoothID=&ListByBooth=true&BoothID=151789,
International H2O Inc,1220,,North Miami Beach,United States,internationalh2o.com,,,https://s23.a2zinc.net/clients/corcexpo/wqa2020/Public/eBooth.aspx?IndexInList=88&FromPage=Exhibitors.aspx&ParentBoothID=&ListByBooth=true&BoothID=152048,
Inversand Company,1132,,Clayton,United States,http://www.inversand.com,,,https://s23.a2zinc.net/clients/corcexpo/wqa2020/Public/eBooth.aspx?IndexInList=89&FromPage=Exhibitors.aspx&ParentBoothID=&ListByBooth=true&BoothID=149751,
"John Guest USA, Inc.",909,,Parsippany,United States,http://www.johnguest.com,,"Fittings Plumbing,Piping Valves",https://s23.a2zinc.net/clients/corcexpo/wqa2020/Public/eBooth.aspx?IndexInList=90&FromPage=Exhibitors.aspx&ParentBoothID=&ListByBooth=true&BoothID=149700,
"KDF Fluid Treatment, Inc.",427,,Three Rivers,United States,http://www.kdfft.com,,,https://s23.a2zinc.net/clients/corcexpo/wqa2020/Public/eBooth.aspx?IndexInList=91&FromPage=Exhibitors.aspx&ParentBoothID=&ListByBooth=true&BoothID=149861,
Kent RO Systems Ltd,1155,,New Delhi,India,www.kent.co.in,,,https://s23.a2zinc.net/clients/corcexpo/wqa2020/Public/eBooth.aspx?IndexInList=92&FromPage=Exhibitors.aspx&ParentBoothID=&ListByBooth=true&BoothID=152537,
Kinetico Incorporated,701,,Newbury,United States,http://www.kinetico.com,,,https://s23.a2zinc.net/clients/corcexpo/wqa2020/Public/eBooth.aspx?IndexInList=93&FromPage=Exhibitors.aspx&ParentBoothID=&ListByBooth=true&BoothID=151851,
LaMotte Company,557,,Chestertown,United States,http://www.lamotte.com,,"Education,Training Monitoring Equipment Pool and Spa Software Water Analysis Equipment",https://s23.a2zinc.net/clients/corcexpo/wqa2020/Public/eBooth.aspx?IndexInList=94&FromPage=Exhibitors.aspx&ParentBoothID=&ListByBooth=true&BoothID=148423,
"Lamplight Digital Media, LLC",968,,Lewis,United States,https://lamplightdigitalmedia.com/,,"Market: Please select the markets of your products,services.Residential",https://s23.a2zinc.net/clients/corcexpo/wqa2020/Public/eBooth.aspx?IndexInList=95&FromPage=Exhibitors.aspx&ParentBoothID=&ListByBooth=true&BoothID=150796,
"Le Fay  / Apollotek, Inc.",1211,,Irvine ,United States,ww.lefay.com,,,https://s23.a2zinc.net/clients/corcexpo/wqa2020/Public/eBooth.aspx?IndexInList=96&FromPage=Exhibitors.aspx&ParentBoothID=&ListByBooth=true&BoothID=148365,
LeverEdge,831,,Odessa,United States,http://www.theleveredge.com,,Finance Marketing Services Reverse Osmosis Systems UV Systems Water Conditioners,https://s23.a2zinc.net/clients/corcexpo/wqa2020/Public/eBooth.aspx?IndexInList=97&FromPage=Exhibitors.aspx&ParentBoothID=&ListByBooth=true&BoothID=149730,
"Likuan Hardware Industrial Co., Ltd.",339,,Changhua Hsien,Taiwan,http://www.likuan.com,,,https://s23.a2zinc.net/clients/corcexpo/wqa2020/Public/eBooth.aspx?IndexInList=98&FromPage=Exhibitors.aspx&ParentBoothID=&ListByBooth=true&BoothID=148254,
Liquid Soap Products,1121,,Lee's Summit,United States,http://www.lspdealers.com,,"Cleaning Products Education,Training Marketing Services",https://s23.a2zinc.net/clients/corcexpo/wqa2020/Public/eBooth.aspx?IndexInList=99&FromPage=Exhibitors.aspx&ParentBoothID=&ListByBooth=true&BoothID=152046,
Luminor Environmental Inc.,331,,Guelph,Canada,http://www.luminoruv.com,,Rainwater Treatments UV Systems Whole House Systems,https://s23.a2zinc.net/clients/corcexpo/wqa2020/Public/eBooth.aspx?IndexInList=100&FromPage=Exhibitors.aspx&ParentBoothID=&ListByBooth=true&BoothID=149868,
"M.L. Ball Company, Inc.",213,,Norcross,United States,http://www.mlball.com,,Carbon Filtration Equipment Filter Media Filtration Components Membrane Filters,https://s23.a2zinc.net/clients/corcexpo/wqa2020/Public/eBooth.aspx?IndexInList=101&FromPage=Exhibitors.aspx&ParentBoothID=&ListByBooth=true&BoothID=149547,
"Marlo, Inc",932,,Racine,United States,http://www.marlo-inc.com,,"Carbon Filtration Equipment Commercial,Industrial Treatments Iron Removal Reverse Osmosis Systems Water Softeners",https://s23.a2zinc.net/clients/corcexpo/wqa2020/Public/eBooth.aspx?IndexInList=102&FromPage=Exhibitors.aspx&ParentBoothID=&ListByBooth=true&BoothID=149735,
Master Water Conditioning Corp,656,,Pottstown,United States,http://www.masterwater.com,,,https://s23.a2zinc.net/clients/corcexpo/wqa2020/Public/eBooth.aspx?IndexInList=103&FromPage=Exhibitors.aspx&ParentBoothID=&ListByBooth=true&BoothID=148435,
mcis trade group,208,,epping,United States,mcis.biz,,,https://s23.a2zinc.net/clients/corcexpo/wqa2020/Public/eBooth.aspx?IndexInList=104&FromPage=Exhibitors.aspx&ParentBoothID=&ListByBooth=true&BoothID=148199,
"Membrane Solutions, LLC",341,,Plano,United States,http://www.membrane-solutions.com,,,https://s23.a2zinc.net/clients/corcexpo/wqa2020/Public/eBooth.aspx?IndexInList=105&FromPage=Exhibitors.aspx&ParentBoothID=&ListByBooth=true&BoothID=148256,
"Mid America Water Treatment, Inc. Int",929,,Bartlett,United States,http://www.midamericawater.com,,Filter Media Iron Removal Reverse Osmosis Systems UV Systems Water Softeners,https://s23.a2zinc.net/clients/corcexpo/wqa2020/Public/eBooth.aspx?IndexInList=106&FromPage=Exhibitors.aspx&ParentBoothID=&ListByBooth=true&BoothID=149737,
Morton Salt Co.,312,,Chicago,United States,http://www.mortonsalt.com,,Pool and Spa,https://s23.a2zinc.net/clients/corcexpo/wqa2020/Public/eBooth.aspx?IndexInList=107&FromPage=Exhibitors.aspx&ParentBoothID=&ListByBooth=true&BoothID=149577,
Moti-Vitality,1030,,Fowlerville,United States,http://www.moti-vitality.com,,"Education,Training Consulting Marketing Services Chemicals",https://s23.a2zinc.net/clients/corcexpo/wqa2020/Public/eBooth.aspx?IndexInList=108&FromPage=Exhibitors.aspx&ParentBoothID=&ListByBooth=true&BoothID=149742,
Myron L® Company,727,,Carlsbad,United States,http://www.myronl.com,,,https://s23.a2zinc.net/clients/corcexpo/wqa2020/Public/eBooth.aspx?IndexInList=109&FromPage=Exhibitors.aspx&ParentBoothID=&ListByBooth=true&BoothID=148296,
Nelsen Corporation,709,,Norton,United States,http://www.nelsencorp.com,,Carbon Filtration Equipment Iron Removal Reverse Osmosis Systems Water Conditioners Water Softeners,https://s23.a2zinc.net/clients/corcexpo/wqa2020/Public/eBooth.aspx?IndexInList=110&FromPage=Exhibitors.aspx&ParentBoothID=&ListByBooth=true&BoothID=151839,
"Neoperl, Inc.",927,,Waterbury,United States,http://www.neoperl.com,,"Plumbing,Piping",https://s23.a2zinc.net/clients/corcexpo/wqa2020/Public/eBooth.aspx?IndexInList=111&FromPage=Exhibitors.aspx&ParentBoothID=&ListByBooth=true&BoothID=149736,
Next Filtration Technologies Inc.,757,,Lake Worth,United States,http://www.nextfiltration.com,,"Commercial,Industrial Treatments Filter Media Process Filtration Equipment Water Conditioners Whole House Systems",https://s23.a2zinc.net/clients/corcexpo/wqa2020/Public/eBooth.aspx?IndexInList=112&FromPage=Exhibitors.aspx&ParentBoothID=&ListByBooth=true&BoothID=148444,
"Ningbo H O Water Purification Technology Co., Ltd.",211,,Zhejiang,China,http://www.hocbtech.com,,Carbon Filtration Equipment Filter Media Filtration Components Pool and Spa Pour Through Pitchers,https://s23.a2zinc.net/clients/corcexpo/wqa2020/Public/eBooth.aspx?IndexInList=113&FromPage=Exhibitors.aspx&ParentBoothID=&ListByBooth=true&BoothID=152003,
"Ningbo Shengyuan Electric Co., Ltd.",1061,,Ningbo Zhejiang,China,www.aguatopone.com,,,https://s23.a2zinc.net/clients/corcexpo/wqa2020/Public/eBooth.aspx?IndexInList=114&FromPage=Exhibitors.aspx&ParentBoothID=&ListByBooth=true&BoothID=148479,
NINGBO YONGJIN IMP. AND EXP. CO.LTD.,204,,Cixi,China,http://homaster.com,,,https://s23.a2zinc.net/clients/corcexpo/wqa2020/Public/eBooth.aspx?IndexInList=115&FromPage=Exhibitors.aspx&ParentBoothID=&ListByBooth=true&BoothID=148197,
Norland International Inc,821,,Lincoln,United States,http://www.norlandintl.com,,"Bottled Water Bottling Equipment Commercial,Industrial Treatments Distillation Systems Reverse Osmosis Systems",https://s23.a2zinc.net/clients/corcexpo/wqa2020/Public/eBooth.aspx?IndexInList=116&FromPage=Exhibitors.aspx&ParentBoothID=&ListByBooth=true&BoothID=149647,
"Noyi Environmental Equipment Manufacturing (Bejing) Co., Ltd.",234,,Bejing,China,http://www.noyiwater.com,,Filter Media Tanks Water Softeners,https://s23.a2zinc.net/clients/corcexpo/wqa2020/Public/eBooth.aspx?IndexInList=117&FromPage=Exhibitors.aspx&ParentBoothID=&ListByBooth=true&BoothID=152541,
NSF International,1138,,Ann Arbor,United States,http://www.nsf.org,,Product Testing Reverse Osmosis Systems Shower Filters UV Systems Whole House Systems,https://s23.a2zinc.net/clients/corcexpo/wqa2020/Public/eBooth.aspx?IndexInList=118&FromPage=Exhibitors.aspx&ParentBoothID=&ListByBooth=true&BoothID=148353,
Oasis International,921,,Columbus,United States,http://www.oasiscoolers.com,,Bottled Water Filter Media POU Coolers Reverse Osmosis Systems UV Systems,https://s23.a2zinc.net/clients/corcexpo/wqa2020/Public/eBooth.aspx?IndexInList=119&FromPage=Exhibitors.aspx&ParentBoothID=&ListByBooth=true&BoothID=148328,
"Omnipure Filter Company, Inc.",1001,,Caldwell,United States,http://www.omnipure.com,,Carbon Filtration Equipment Food Service Treatment Equipment,https://s23.a2zinc.net/clients/corcexpo/wqa2020/Public/eBooth.aspx?IndexInList=120&FromPage=Exhibitors.aspx&ParentBoothID=&ListByBooth=true&BoothID=151901,
"Onyx Specialty Papers, Inc.",1129,,South Lee,United States,http://www.onyxpapers.com,,Filter Media,https://s23.a2zinc.net/clients/corcexpo/wqa2020/Public/eBooth.aspx?IndexInList=121&FromPage=Exhibitors.aspx&ParentBoothID=&ListByBooth=true&BoothID=148350,
Oxbow Activated Carbon,559,,Oceanside,United States,http://www.oxbow.com,,,https://s23.a2zinc.net/clients/corcexpo/wqa2020/Public/eBooth.aspx?IndexInList=122&FromPage=Exhibitors.aspx&ParentBoothID=&ListByBooth=true&BoothID=148427,
Paragon Water Systems Inc,307,,Tampa,United States,http://www.paragonwater.com,,"Reverse Osmosis Systems Shower Filters Under-Sink,Countertop Filters Carbon Filtration Equipment Food Service Treatment Equipment",https://s23.a2zinc.net/clients/corcexpo/wqa2020/Public/eBooth.aspx?IndexInList=123&FromPage=Exhibitors.aspx&ParentBoothID=&ListByBooth=true&BoothID=151994,
Parker Hannifin,638,,Otsego,United States,http://www.parker.com/water,,,https://s23.a2zinc.net/clients/corcexpo/wqa2020/Public/eBooth.aspx?IndexInList=124&FromPage=Exhibitors.aspx&ParentBoothID=&ListByBooth=true&BoothID=148298,
Pentair,901,,Brookfield,United States,https://www.pentair.com/,,Reverse Osmosis Systems Valves Water Softeners Whole House Systems,https://s23.a2zinc.net/clients/corcexpo/wqa2020/Public/eBooth.aspx?IndexInList=125&FromPage=Exhibitors.aspx&ParentBoothID=&ListByBooth=true&BoothID=149680,
"Picogram Co., Ltd.",455,,Incheon,Korea (South),http://www.picogram.co.kr,,"Filter Media Membrane Filters Reverse Osmosis Systems Shower Filters Under-Sink,Countertop Filters",https://s23.a2zinc.net/clients/corcexpo/wqa2020/Public/eBooth.aspx?IndexInList=126&FromPage=Exhibitors.aspx&ParentBoothID=&ListByBooth=true&BoothID=149964,
"Plast-O-Matic Valves, Inc.",429,,Cedar Grove,United States,,,,https://s23.a2zinc.net/clients/corcexpo/wqa2020/Public/eBooth.aspx?IndexInList=127&FromPage=Exhibitors.aspx&ParentBoothID=&ListByBooth=true&BoothID=149878,
"Polymer Solutions International, Inc. (PSI)",327,,Newtown Square,United States,http://www.prostack.com,,,https://s23.a2zinc.net/clients/corcexpo/wqa2020/Public/eBooth.aspx?IndexInList=128&FromPage=Exhibitors.aspx&ParentBoothID=&ListByBooth=true&BoothID=149873,
"Precision Installation Products, Inc.",715,,Foothill Ranch,United States,http://www.precisioninstallationproducts.net,,,https://s23.a2zinc.net/clients/corcexpo/wqa2020/Public/eBooth.aspx?IndexInList=129&FromPage=Exhibitors.aspx&ParentBoothID=&ListByBooth=true&BoothID=151741,
"Prism Visual Software, Inc.",763,,Roslyn,United States,http://www.prismvs.com,,Software,https://s23.a2zinc.net/clients/corcexpo/wqa2020/Public/eBooth.aspx?IndexInList=130&FromPage=Exhibitors.aspx&ParentBoothID=&ListByBooth=true&BoothID=148450,
Pro Products LLC,931,,Fort Wayne,United States,http://www.proproducts.com,,,https://s23.a2zinc.net/clients/corcexpo/wqa2020/Public/eBooth.aspx?IndexInList=131&FromPage=Exhibitors.aspx&ParentBoothID=&ListByBooth=true&BoothID=149738,
PURE & GENTLE SOAP,1139,,SEGUIN,United States,www.pureandgentlesoap.com,,,https://s23.a2zinc.net/clients/corcexpo/wqa2020/Public/eBooth.aspx?IndexInList=132&FromPage=Exhibitors.aspx&ParentBoothID=&ListByBooth=true&BoothID=148354,
"PureGen Technology, Inc.",1055,,Chino,United States,http://www.puregen.com,,,https://s23.a2zinc.net/clients/corcexpo/wqa2020/Public/eBooth.aspx?IndexInList=133&FromPage=Exhibitors.aspx&ParentBoothID=&ListByBooth=true&BoothID=152015,
"Pureteck Co., Inc.",939,,Chino,United States,,,,https://s23.a2zinc.net/clients/corcexpo/wqa2020/Public/eBooth.aspx?IndexInList=134&FromPage=Exhibitors.aspx&ParentBoothID=&ListByBooth=true&BoothID=148331,
Purolite Corporation,949,,Bala Cynwood,United States,http://www.purolite.com,,,https://s23.a2zinc.net/clients/corcexpo/wqa2020/Public/eBooth.aspx?IndexInList=135&FromPage=Exhibitors.aspx&ParentBoothID=&ListByBooth=true&BoothID=149826,
"Puronics Water Systems, Inc.",301,,Livermore,United States,http://www.puronics.com,,,https://s23.a2zinc.net/clients/corcexpo/wqa2020/Public/eBooth.aspx?IndexInList=136&FromPage=Exhibitors.aspx&ParentBoothID=&ListByBooth=true&BoothID=151991,
"Qingdao Ecopure Filter Co., Ltd.",313,,Qingdao,China,http://www.ecopurefilter.com/,,,https://s23.a2zinc.net/clients/corcexpo/wqa2020/Public/eBooth.aspx?IndexInList=137&FromPage=Exhibitors.aspx&ParentBoothID=&ListByBooth=true&BoothID=151674,
"ResinTech, Inc.",839,,West Berlin,United States,http://www.resintech.com,,"Water Softeners Chemicals Commercial,Industrial Treatments Filter Media Water Analysis Services",https://s23.a2zinc.net/clients/corcexpo/wqa2020/Public/eBooth.aspx?IndexInList=138&FromPage=Exhibitors.aspx&ParentBoothID=&ListByBooth=true&BoothID=148322,
"Rosedale Products, Inc",1160,,Ann Arbor,United States,www.rosedaleproducts.com,,,https://s23.a2zinc.net/clients/corcexpo/wqa2020/Public/eBooth.aspx?IndexInList=139&FromPage=Exhibitors.aspx&ParentBoothID=&ListByBooth=true&BoothID=148484,
"Rusco, Inc.",1225,,Brooksville,United States,www.rusco.com,,,https://s23.a2zinc.net/clients/corcexpo/wqa2020/Public/eBooth.aspx?IndexInList=140&FromPage=Exhibitors.aspx&ParentBoothID=&ListByBooth=true&BoothID=157907,
Safe Home Drinking Water Test Kits,849,,Madison,United States,http://www.envirotestkits.com,,Monitoring Equipment Product Testing Water Analysis Equipment Water Analysis Services,https://s23.a2zinc.net/clients/corcexpo/wqa2020/Public/eBooth.aspx?IndexInList=141&FromPage=Exhibitors.aspx&ParentBoothID=&ListByBooth=true&BoothID=150773,
Samyang Corporation,239,,Seoul,Korea (South),www.samyangtrilite.com,,,https://s23.a2zinc.net/clients/corcexpo/wqa2020/Public/eBooth.aspx?IndexInList=142&FromPage=Exhibitors.aspx&ParentBoothID=&ListByBooth=true&BoothID=167032,
Scotwood Industries,760,,Overland Park,United States,http://www.scotwoodindustries.com,,"Market: Please select the markets of your products,services.Commercial Industrial",https://s23.a2zinc.net/clients/corcexpo/wqa2020/Public/eBooth.aspx?IndexInList=143&FromPage=Exhibitors.aspx&ParentBoothID=&ListByBooth=true&BoothID=148447,
ServiceTitan,1143,,Glendale,United States,http://www.servicetitan.com,,Software,https://s23.a2zinc.net/clients/corcexpo/wqa2020/Public/eBooth.aspx?IndexInList=144&FromPage=Exhibitors.aspx&ParentBoothID=&ListByBooth=true&BoothID=148358,
"Siam Cast Nylon Co., Ltd.",431,,Pranakornsriayuttaya,Thailand,http://www.carbonblocks.com,,Filter Media Filtration Components,https://s23.a2zinc.net/clients/corcexpo/wqa2020/Public/eBooth.aspx?IndexInList=145&FromPage=Exhibitors.aspx&ParentBoothID=&ListByBooth=true&BoothID=149852,
SJE Rhombus,563,,Detroit Lakes,United States,http://www.sjerhombus.com,,,https://s23.a2zinc.net/clients/corcexpo/wqa2020/Public/eBooth.aspx?IndexInList=146&FromPage=Exhibitors.aspx&ParentBoothID=&ListByBooth=true&BoothID=148429,
Sonoma County Soap Company,1231,,Grain Valley,United States,http://www.sonomacountysoap.com,,Marketing Services,https://s23.a2zinc.net/clients/corcexpo/wqa2020/Public/eBooth.aspx?IndexInList=147&FromPage=Exhibitors.aspx&ParentBoothID=&ListByBooth=true&BoothID=148376,
Specialty Sales Inc,962,,Lyons,United States,http://www.specialtysalesinc.com,,"Fittings Plumbing,Piping",https://s23.a2zinc.net/clients/corcexpo/wqa2020/Public/eBooth.aspx?IndexInList=148&FromPage=Exhibitors.aspx&ParentBoothID=&ListByBooth=true&BoothID=148469,
"Spruce Environmental Technologies, Inc.",1238,,Ward Hill,United States,www.spruce.com,,,https://s23.a2zinc.net/clients/corcexpo/wqa2020/Public/eBooth.aspx?IndexInList=149&FromPage=Exhibitors.aspx&ParentBoothID=&ListByBooth=true&BoothID=166319,
"Steelhead, Inc.",1144,,San Antonio,United States,http://www.steelheadinc.com,,Bottling Equipment Carbon Filtration Equipment Filtration Components Process Filtration Equipment Reverse Osmosis Systems,https://s23.a2zinc.net/clients/corcexpo/wqa2020/Public/eBooth.aspx?IndexInList=150&FromPage=Exhibitors.aspx&ParentBoothID=&ListByBooth=true&BoothID=152324,
Stenner Pump Company,657,,Jacksonville,United States,http://www.stenner.com,,,https://s23.a2zinc.net/clients/corcexpo/wqa2020/Public/eBooth.aspx?IndexInList=151&FromPage=Exhibitors.aspx&ParentBoothID=&ListByBooth=true&BoothID=152050,
"Stormtec Co., Ltd.",329,,Seoul,Korea (South),http://www.stormtec.co.kr,,Filtration Components Fittings POU Coolers Reverse Osmosis Systems Valves,https://s23.a2zinc.net/clients/corcexpo/wqa2020/Public/eBooth.aspx?IndexInList=152&FromPage=Exhibitors.aspx&ParentBoothID=&ListByBooth=true&BoothID=149876,
"Suburban Laboratories, Inc.",663,,Geneva,United States,http://suburbanlabs.com,,,https://s23.a2zinc.net/clients/corcexpo/wqa2020/Public/eBooth.aspx?IndexInList=153&FromPage=Exhibitors.aspx&ParentBoothID=&ListByBooth=true&BoothID=148442,
Superior Manufacturing Corporation,1237,,Fort Wayne,United States,http://www.superiorwaterconditioners.com,,Food Service Treatment Equipment Water Conditioners,https://s23.a2zinc.net/clients/corcexpo/wqa2020/Public/eBooth.aspx?IndexInList=154&FromPage=Exhibitors.aspx&ParentBoothID=&ListByBooth=true&BoothID=148380,
Superior Seals Limited,328,,Wimborne Dorset,United Kingdom,http://www.superiorltd.com,,Fittings Filtration Components Membrane Filters Valves Water Softeners,https://s23.a2zinc.net/clients/corcexpo/wqa2020/Public/eBooth.aspx?IndexInList=155&FromPage=Exhibitors.aspx&ParentBoothID=&ListByBooth=true&BoothID=151788,
"Suzhou Origin Environmental Protection and Technology Co., Ltd.",860,,Suzhou,China,http://www.riginalwater.com,,Membrane Filters,https://s23.a2zinc.net/clients/corcexpo/wqa2020/Public/eBooth.aspx?IndexInList=156&FromPage=Exhibitors.aspx&ParentBoothID=&ListByBooth=true&BoothID=148455,
Taiyuan Lanlang Technology Industrial Corp.,209,,Taiyuan,China,http://www.lanlangcorp.com,,Filter Media,https://s23.a2zinc.net/clients/corcexpo/wqa2020/Public/eBooth.aspx?IndexInList=157&FromPage=Exhibitors.aspx&ParentBoothID=&ListByBooth=true&BoothID=148795,
Texas Water Quality Association,229,,Victoria,United States,http://www.twqa.org,,,https://s23.a2zinc.net/clients/corcexpo/wqa2020/Public/eBooth.aspx?IndexInList=158&FromPage=Exhibitors.aspx&ParentBoothID=&ListByBooth=true&BoothID=151787,
Thermax Inc.,543,,Houston,United States,http://www.thermaxglobal.com,,,https://s23.a2zinc.net/clients/corcexpo/wqa2020/Public/eBooth.aspx?IndexInList=159&FromPage=Exhibitors.aspx&ParentBoothID=&ListByBooth=true&BoothID=148286,
"Tianjin Tianchuang Best Pure Environmental Science and Technology Co., Ltd.",857,,Tianjin,China,http://www.cnfilter.net,,"Whole House Systems Pool and Spa Reverse Osmosis Systems Shower Filters Under-Sink,Countertop Filters",https://s23.a2zinc.net/clients/corcexpo/wqa2020/Public/eBooth.aspx?IndexInList=160&FromPage=Exhibitors.aspx&ParentBoothID=&ListByBooth=true&BoothID=148452,
TimePayment,218,,Burlington,United States,http://www.timepayment.com,,Finance,https://s23.a2zinc.net/clients/corcexpo/wqa2020/Public/eBooth.aspx?IndexInList=161&FromPage=Exhibitors.aspx&ParentBoothID=&ListByBooth=true&BoothID=148205,
Tomlinson Industries,1027,,Cleveland,United States,http://www.tomlinsonind.com,,Reverse Osmosis Systems Valves Fittings POU Coolers,https://s23.a2zinc.net/clients/corcexpo/wqa2020/Public/eBooth.aspx?IndexInList=162&FromPage=Exhibitors.aspx&ParentBoothID=&ListByBooth=true&BoothID=149744,
"Topology Environmental Protection and Purification Co., Ltd.",348,,Suzhou,China,http://www.tphbjh.com,,,https://s23.a2zinc.net/clients/corcexpo/wqa2020/Public/eBooth.aspx?IndexInList=163&FromPage=Exhibitors.aspx&ParentBoothID=&ListByBooth=true&BoothID=149946,
"Toray Membrane USA, Inc.",438,,Poway,United States,http://www.toraywater.com,,Membrane Filters,https://s23.a2zinc.net/clients/corcexpo/wqa2020/Public/eBooth.aspx?IndexInList=164&FromPage=Exhibitors.aspx&ParentBoothID=&ListByBooth=true&BoothID=148270,
"TST Water, LLC",649,,Temecula,United States,http://www.tstwater.com/,,"Carbon Filtration Equipment Filtration Components Reverse Osmosis Systems Under-Sink,Countertop Filters UV Systems",https://s23.a2zinc.net/clients/corcexpo/wqa2020/Public/eBooth.aspx?IndexInList=165&FromPage=Exhibitors.aspx&ParentBoothID=&ListByBooth=true&BoothID=150779,
"UNCO Data Systems, Inc.",644,,Minnetonka,United States,http://www.uncodata.com,,Software,https://s23.a2zinc.net/clients/corcexpo/wqa2020/Public/eBooth.aspx?IndexInList=166&FromPage=Exhibitors.aspx&ParentBoothID=&ListByBooth=true&BoothID=148301,
United Filters International,554,,SUN VALLEY,United States,http://www.unitedfilters.com,,"Bottled Water Commercial,Industrial Treatments Filter Media Process Filtration Equipment Whole House Systems",https://s23.a2zinc.net/clients/corcexpo/wqa2020/Public/eBooth.aspx?IndexInList=167&FromPage=Exhibitors.aspx&ParentBoothID=&ListByBooth=true&BoothID=148422,
United Salt Corporation,322,,Houston,United States,http://www.unitedsalt.com,,Softening Salt,https://s23.a2zinc.net/clients/corcexpo/wqa2020/Public/eBooth.aspx?IndexInList=168&FromPage=Exhibitors.aspx&ParentBoothID=&ListByBooth=true&BoothID=151782,
UNITIKA LTD.,448,,White Plains,United States,https://www.unitika.co.jp/e,,"Carbon Filtration Equipment Commercial,Industrial Treatments Filter Media Shower Filters Under-Sink,Countertop Filters",https://s23.a2zinc.net/clients/corcexpo/wqa2020/Public/eBooth.aspx?IndexInList=169&FromPage=Exhibitors.aspx&ParentBoothID=&ListByBooth=true&BoothID=149942,
UVDynamics Inc.,955,,London,Canada,http://www.uvdynamics.com,,Whole House Systems Rainwater Treatments UV Systems,https://s23.a2zinc.net/clients/corcexpo/wqa2020/Public/eBooth.aspx?IndexInList=170&FromPage=Exhibitors.aspx&ParentBoothID=&ListByBooth=true&BoothID=148464,
Vertex Water Products,1206,,Montclair,United States,http://www.vertexwater.com,,,https://s23.a2zinc.net/clients/corcexpo/wqa2020/Public/eBooth.aspx?IndexInList=171&FromPage=Exhibitors.aspx&ParentBoothID=&ListByBooth=true&BoothID=151799,
VIQUA - a Trojan Technologies Business,449,,Guelph,Canada,http://www.viqua.com,,"Commercial,Industrial Treatments Food Service Treatment Equipment Rainwater Treatments UV Systems Whole House Systems",https://s23.a2zinc.net/clients/corcexpo/wqa2020/Public/eBooth.aspx?IndexInList=172&FromPage=Exhibitors.aspx&ParentBoothID=&ListByBooth=true&BoothID=149832,
Voltea,308,,Farmers Branch,United States,http://www.voltea.com,,"Commercial,Industrial Treatments Reverse Osmosis Systems Under-Sink,Countertop Filters Water Softeners Whole House Systems",https://s23.a2zinc.net/clients/corcexpo/wqa2020/Public/eBooth.aspx?IndexInList=173&FromPage=Exhibitors.aspx&ParentBoothID=&ListByBooth=true&BoothID=148797,
Water Cond & Purification Magazine (WC&P Intl),1039,,Tucson,United States,http://www.wcponline.com,,,https://s23.a2zinc.net/clients/corcexpo/wqa2020/Public/eBooth.aspx?IndexInList=174&FromPage=Exhibitors.aspx&ParentBoothID=&ListByBooth=true&BoothID=148343,
Water Quality Products,1109,,Arlington Heights,United States,http://www.wqpmag.com,,,https://s23.a2zinc.net/clients/corcexpo/wqa2020/Public/eBooth.aspx?IndexInList=175&FromPage=Exhibitors.aspx&ParentBoothID=&ListByBooth=true&BoothID=151798,
"WaterColor Management dba MPR-Fintra Alabama, Inc.",1217,,Decatur,United States,http://www.watercolormanagement.com,,"Consulting Education,Training Finance",https://s23.a2zinc.net/clients/corcexpo/wqa2020/Public/eBooth.aspx?IndexInList=176&FromPage=Exhibitors.aspx&ParentBoothID=&ListByBooth=true&BoothID=148368,
"Waterite America, Inc.",1205,,Sarasota,United States,https://www.waterite.com,,,https://s23.a2zinc.net/clients/corcexpo/wqa2020/Public/eBooth.aspx?IndexInList=177&FromPage=Exhibitors.aspx&ParentBoothID=&ListByBooth=true&BoothID=148364,
Water-Right Group,631,,Appleton,United States,http://www.water-rightgroup.com,,Water Softeners Reverse Osmosis Systems Water Conditioners Whole House Systems,https://s23.a2zinc.net/clients/corcexpo/wqa2020/Public/eBooth.aspx?IndexInList=178&FromPage=Exhibitors.aspx&ParentBoothID=&ListByBooth=true&BoothID=148306,
Watersoftware,829,,Douglasville,United States,http://www.watersoftware.com,,Software,https://s23.a2zinc.net/clients/corcexpo/wqa2020/Public/eBooth.aspx?IndexInList=179&FromPage=Exhibitors.aspx&ParentBoothID=&ListByBooth=true&BoothID=149729,
Waterways,243,,Rancho Santa Margarita,United States,http://www.thewaterwayscompany.com,,POU Coolers,https://s23.a2zinc.net/clients/corcexpo/wqa2020/Public/eBooth.aspx?IndexInList=180&FromPage=Exhibitors.aspx&ParentBoothID=&ListByBooth=true&BoothID=167035,
"Wave Cyber (Shanghai) Co., Ltd.",407,,Shanghai,China,www.wave-cyber.com,,,https://s23.a2zinc.net/clients/corcexpo/wqa2020/Public/eBooth.aspx?IndexInList=181&FromPage=Exhibitors.aspx&ParentBoothID=&ListByBooth=true&BoothID=151697,
WQA,740,,Lisle,United States,wqa.org,,,https://s23.a2zinc.net/clients/corcexpo/wqa2020/Public/eBooth.aspx?IndexInList=182&FromPage=Exhibitors.aspx&ParentBoothID=&ListByBooth=true&BoothID=177486,
