Name,Booth_no,Address,City,Country,website,Contact_no,product,url
3M Commercial Care Division,507,,"St. Paul,",United States,http://www.3m.com/tss,,Chemical Management Systems EPA Hospital-Grade Disinfectants Flooring & Floor Finishes,https://s23.a2zinc.net/clients/corcexpo/ahe2019/public/eBooth.aspx?IndexInList=0&FromPage=Exhibitors.aspx&ParentBoothID=&ListByBooth=true&BoothID=152129
"AaquaTools, Inc",610,,"Rancho Cordova,Â",United States,http://www.aaquatools.com,,Carts and Equipment Medical Waste Waste Management & Recycling,https://s23.a2zinc.net/clients/corcexpo/ahe2019/public/eBooth.aspx?IndexInList=1&FromPage=Exhibitors.aspx&ParentBoothID=&ListByBooth=true&BoothID=152131
ACEP Geriatric Accreditation Program,608,,"Irving,Â",United States,https://acep.org/geda/,,Consulting Services,https://s23.a2zinc.net/clients/corcexpo/ahe2019/public/eBooth.aspx?IndexInList=2&FromPage=Exhibitors.aspx&ParentBoothID=&ListByBooth=true&BoothID=152124
"Advance Medical Designs, Inc.",114,,"Marietta,",United States,http://advancemedicaldesigns.com,,,https://s23.a2zinc.net/clients/corcexpo/ahe2019/public/eBooth.aspx?IndexInList=3&FromPage=Exhibitors.aspx&ParentBoothID=&ListByBooth=true&BoothID=152067
AHE Hub & Solution Center,319,,"Chicago,Â",United States,http://www.ahe.org,,,https://s23.a2zinc.net/clients/corcexpo/ahe2019/public/eBooth.aspx?IndexInList=4&FromPage=Exhibitors.aspx&ParentBoothID=&ListByBooth=true&BoothID=152102
Alco Sales & Service Co.,125,,"Burr Ridge,Â",United States,http://www.alcosales.com,,Carts and Equipment Laundry Transport Management,https://s23.a2zinc.net/clients/corcexpo/ahe2019/public/eBooth.aspx?IndexInList=5&FromPage=Exhibitors.aspx&ParentBoothID=&ListByBooth=true&BoothID=152072
Alphapointe,225,,"Richmond Hill,Â",United States,http://www.alphapointe.org,,Cleaning Chemicals & Supplies Interior Design Microfiber Technologies,https://s23.a2zinc.net/clients/corcexpo/ahe2019/public/eBooth.aspx?IndexInList=6&FromPage=Exhibitors.aspx&ParentBoothID=&ListByBooth=true&BoothID=152087
American Ultraviolet Company,602,,"Lebanon,Â",United States,https://www.americanultraviolet.com/germicidal-healthcare-solutions/,,Infection Prevention Control,https://s23.a2zinc.net/clients/corcexpo/ahe2019/public/eBooth.aspx?IndexInList=7&FromPage=Exhibitors.aspx&ParentBoothID=&ListByBooth=true&BoothID=152122
Boca Terry Bathrobes,524,,"Deerfield Beach,Â",United States,http://www.bocaterry.com,,Laundry Textile Care Uniforms,https://s23.a2zinc.net/clients/corcexpo/ahe2019/public/eBooth.aspx?IndexInList=8&FromPage=Exhibitors.aspx&ParentBoothID=&ListByBooth=true&BoothID=152111
Cintas Corporation,419,,"Mason,",United States,http://www.cintas.com,,Cleaning Chemicals & Supplies Infection Prevention Control Uniforms,https://s23.a2zinc.net/clients/corcexpo/ahe2019/public/eBooth.aspx?IndexInList=9&FromPage=Exhibitors.aspx&ParentBoothID=&ListByBooth=true&BoothID=152117
Clean Harbors,522,,"Norwell,",United States,http://www.cleanharbors.com,,Medical Waste Sharps Containers & Disposal Waste Management & Recycling,https://s23.a2zinc.net/clients/corcexpo/ahe2019/public/eBooth.aspx?IndexInList=10&FromPage=Exhibitors.aspx&ParentBoothID=&ListByBooth=true&BoothID=152110
Clean Waste Systems,229,,"Maple Lake,",United States,http://www.cleanwastesystems.com,,Infection Prevention Control,https://s23.a2zinc.net/clients/corcexpo/ahe2019/public/eBooth.aspx?IndexInList=11&FromPage=Exhibitors.aspx&ParentBoothID=&ListByBooth=true&BoothID=152326
ClorDiSys Solutions Inc,528,,"Branchburg,Â",United States,http://www.cleanhospital.com,,Infection Prevention Control,https://s23.a2zinc.net/clients/corcexpo/ahe2019/public/eBooth.aspx?IndexInList=12&FromPage=Exhibitors.aspx&ParentBoothID=&ListByBooth=true&BoothID=152113
Clorox Healthcare,407,,"Pleasanton,",United States,http://www.clorox.com,,Cleaning Chemicals & Supplies Disinfectants EPA Hospital-Grade Disinfectants,https://s23.a2zinc.net/clients/corcexpo/ahe2019/public/eBooth.aspx?IndexInList=13&FromPage=Exhibitors.aspx&ParentBoothID=&ListByBooth=true&BoothID=152115
Contec Inc.,101,,"Spartanburg,",United States,http://www.ContecClean.com,,Cleaning Chemicals & Supplies Infection Prevention Control Microfiber Technologies,https://s23.a2zinc.net/clients/corcexpo/ahe2019/public/eBooth.aspx?IndexInList=14&FromPage=Exhibitors.aspx&ParentBoothID=&ListByBooth=true&BoothID=152076
Convergent Software,124,,"Argyle,Â",United States,https://www.tdssinc.com,,"Bed, Patient and Equipment Tracking Software Transport Management",https://s23.a2zinc.net/clients/corcexpo/ahe2019/public/eBooth.aspx?IndexInList=15&FromPage=Exhibitors.aspx&ParentBoothID=&ListByBooth=true&BoothID=152060
Curtain Care Plus,427,,"Clifton,",United States,http://www.curtaincare.com,,Infection Prevention Control Laundry Microfiber Technologies Textile Care,https://s23.a2zinc.net/clients/corcexpo/ahe2019/public/eBooth.aspx?IndexInList=16&FromPage=Exhibitors.aspx&ParentBoothID=&ListByBooth=true&BoothID=152119
Digital Housekeeper,506,,"Murfreesboro,Â",United States,http://www.seandassociates.com,,Productivity/Staffing Quality Management Software,https://s23.a2zinc.net/clients/corcexpo/ahe2019/public/eBooth.aspx?IndexInList=17&FromPage=Exhibitors.aspx&ParentBoothID=&ListByBooth=true&BoothID=152108
Diversey,201,,"Fort Mill,Â",United States,http://www.diversey.com,,Cleaning Chemicals & Supplies EPA Hospital-Grade Disinfectants Flooring & Floor Finishes,https://s23.a2zinc.net/clients/corcexpo/ahe2019/public/eBooth.aspx?IndexInList=18&FromPage=Exhibitors.aspx&ParentBoothID=&ListByBooth=true&BoothID=152090
DKI Services,621,,"Elk Grove Village,Â",United States,http://www.dkiservices.com,,Disaster Response,https://s23.a2zinc.net/clients/corcexpo/ahe2019/public/eBooth.aspx?IndexInList=19&FromPage=Exhibitors.aspx&ParentBoothID=&ListByBooth=true&BoothID=152138
EarthSafe Chemical Alternatives,627,,"Braintree,",United States,https://evaclean.com/,,Consulting Services Disinfectants EPA Hospital-Grade Disinfectants,https://s23.a2zinc.net/clients/corcexpo/ahe2019/public/eBooth.aspx?IndexInList=20&FromPage=Exhibitors.aspx&ParentBoothID=&ListByBooth=true&BoothID=152140
Ecolab,313,,"Saint Paul,Â",United States,http://www.ecolab.com/healthcare,,Cleaning Chemicals & Supplies Disinfectants Flooring & Floor Finishes,https://s23.a2zinc.net/clients/corcexpo/ahe2019/public/eBooth.aspx?IndexInList=21&FromPage=Exhibitors.aspx&ParentBoothID=&ListByBooth=true&BoothID=152101
Enviro-Master Services,122,,"Austin,Â",United States,http://www.enviro-master.com,,Odor Control Paper Products Restroom Supplies,https://s23.a2zinc.net/clients/corcexpo/ahe2019/public/eBooth.aspx?IndexInList=22&FromPage=Exhibitors.aspx&ParentBoothID=&ListByBooth=true&BoothID=152071
EquipSystems,106,,"New York,Â",United States,http://www.equipsystems.com,,Infection Prevention Control Quality Management Training Programs,https://s23.a2zinc.net/clients/corcexpo/ahe2019/public/eBooth.aspx?IndexInList=23&FromPage=Exhibitors.aspx&ParentBoothID=&ListByBooth=true&BoothID=152063
Essity,413,,"Philadelphia,",United States,http://www.essity.com,,Infection Prevention Control Paper Products Restroom Supplies,https://s23.a2zinc.net/clients/corcexpo/ahe2019/public/eBooth.aspx?IndexInList=24&FromPage=Exhibitors.aspx&ParentBoothID=&ListByBooth=true&BoothID=152116
Filmop USA LLC,113,,"Conroe,Â",United States,http://www.filmopusa.com,,Carts and Equipment Microfiber Technologies,https://s23.a2zinc.net/clients/corcexpo/ahe2019/public/eBooth.aspx?IndexInList=25&FromPage=Exhibitors.aspx&ParentBoothID=&ListByBooth=true&BoothID=152080
Forbo Flooring Systems,233,,"Hazleton,Â",United States,http://www.forboflooringna.com,,Carpet Care Flooring & Floor Finishes Interior Design,https://s23.a2zinc.net/clients/corcexpo/ahe2019/public/eBooth.aspx?IndexInList=26&FromPage=Exhibitors.aspx&ParentBoothID=&ListByBooth=true&BoothID=152097
"Geerpres, Inc.",119,,"Muskegon,Â",United States,http://www.geerpres.com,,Carts and Equipment Infection Prevention Control Productivity/Staffing,https://s23.a2zinc.net/clients/corcexpo/ahe2019/public/eBooth.aspx?IndexInList=27&FromPage=Exhibitors.aspx&ParentBoothID=&ListByBooth=true&BoothID=152081
Georgia-Pacific Corp.,224,,"Redmond,Â",United States,http://www.gppro.com,,,https://s23.a2zinc.net/clients/corcexpo/ahe2019/public/eBooth.aspx?IndexInList=28&FromPage=Exhibitors.aspx&ParentBoothID=&ListByBooth=true&BoothID=152082
Green Gobbler,629,,"Green Bay,Â",United States,http://greengobblersafety.com/,,Carts and Equipment,https://s23.a2zinc.net/clients/corcexpo/ahe2019/public/eBooth.aspx?IndexInList=29&FromPage=Exhibitors.aspx&ParentBoothID=&ListByBooth=true&BoothID=152061
"Halosil International, Inc",221,,"New Castle,",United States,http://www.halosil.com,,Disinfectants EPA Hospital-Grade Disinfectants Infection Prevention Control,https://s23.a2zinc.net/clients/corcexpo/ahe2019/public/eBooth.aspx?IndexInList=30&FromPage=Exhibitors.aspx&ParentBoothID=&ListByBooth=true&BoothID=152085
Healthcare Laundry Accreditation Council (HLAC),603,,"Plainfield,Â",United States,http://www.hlacnet.org,,Infection Prevention Control Laundry,https://s23.a2zinc.net/clients/corcexpo/ahe2019/public/eBooth.aspx?IndexInList=31&FromPage=Exhibitors.aspx&ParentBoothID=&ListByBooth=true&BoothID=152134
Healthcare Purchasing News,626,,"Sarasota,Â",United States,http://www.hpnonline.com,,Carts and Equipment Disinfectants Flooring & Floor Finishes,https://s23.a2zinc.net/clients/corcexpo/ahe2019/public/eBooth.aspx?IndexInList=32&FromPage=Exhibitors.aspx&ParentBoothID=&ListByBooth=true&BoothID=152126
"Hillyard, Inc.",318,,"Saint Joseph,Â",United States,http://www.hillyard.com,,Chemical Management Systems Cleaning Chemicals & Supplies EPA Hospital-Grade Disinfectants,https://s23.a2zinc.net/clients/corcexpo/ahe2019/public/eBooth.aspx?IndexInList=33&FromPage=Exhibitors.aspx&ParentBoothID=&ListByBooth=true&BoothID=152093
HoverTech International,532,,"Allentown,Â",United States,http://www.hovermatt.com/,,Interior Finishes,https://s23.a2zinc.net/clients/corcexpo/ahe2019/public/eBooth.aspx?IndexInList=34&FromPage=Exhibitors.aspx&ParentBoothID=&ListByBooth=true&BoothID=152407
Hygiena,324,,"camarillo,",United States,https://www.hygiena.com/healthcare-cleaning-verification-system/,,Infection Prevention Control Quality Management,https://s23.a2zinc.net/clients/corcexpo/ahe2019/public/eBooth.aspx?IndexInList=35&FromPage=Exhibitors.aspx&ParentBoothID=&ListByBooth=true&BoothID=152089
Hygienically Clean Linens and Uniforms,120,,"Alexandria,",United States,http://www.hygienicallyclean.org,,Laundry Textile Care Uniforms,https://s23.a2zinc.net/clients/corcexpo/ahe2019/public/eBooth.aspx?IndexInList=36&FromPage=Exhibitors.aspx&ParentBoothID=&ListByBooth=true&BoothID=152070
Iatric,433,,"Morristown,Â",United States,http://www.iatricmfg.com/,,EPA Hospital-Grade Disinfectants Infection Prevention Control,https://s23.a2zinc.net/clients/corcexpo/ahe2019/public/eBooth.aspx?IndexInList=37&FromPage=Exhibitors.aspx&ParentBoothID=&ListByBooth=true&BoothID=152406
ICP Medical,501,,"St Louis,Â",United States,http://www.icpmedical.com,,Infection Prevention Control Productivity/Staffing Textile Care,https://s23.a2zinc.net/clients/corcexpo/ahe2019/public/eBooth.aspx?IndexInList=38&FromPage=Exhibitors.aspx&ParentBoothID=&ListByBooth=true&BoothID=152128
InPro Corporation,526,,"Muskego,",United States,http://www.inprocorp.com,,Interior Design Interior Finishes Window Treatments,https://s23.a2zinc.net/clients/corcexpo/ahe2019/public/eBooth.aspx?IndexInList=39&FromPage=Exhibitors.aspx&ParentBoothID=&ListByBooth=true&BoothID=152112
Jani-King,401,,"Addison,Â",United States,http://www.janiking.com,,,https://s23.a2zinc.net/clients/corcexpo/ahe2019/public/eBooth.aspx?IndexInList=40&FromPage=Exhibitors.aspx&ParentBoothID=&ListByBooth=true&BoothID=152114
Janitorial Manager,332,,"Toledo,Â",United States,https://www.doubleasolutions.net/,,Quality Management Software,https://s23.a2zinc.net/clients/corcexpo/ahe2019/public/eBooth.aspx?IndexInList=41&FromPage=Exhibitors.aspx&ParentBoothID=&ListByBooth=true&BoothID=152098
Karcher North America,508,,"Denver,",United States,https://www.kaercher.com/us/,,Carpet Care Carts and Equipment Cleaning Chemicals & Supplies,https://s23.a2zinc.net/clients/corcexpo/ahe2019/public/eBooth.aspx?IndexInList=42&FromPage=Exhibitors.aspx&ParentBoothID=&ListByBooth=true&BoothID=152109
Kimberly - Clark Professional,301,,"Roswell,Â",United States,http://www.kcprofessional.com,,Cleaning Chemicals & Supplies Hand Soaps & Gels Infection Prevention Control Paper Products Restroom Supplies Software,https://s23.a2zinc.net/clients/corcexpo/ahe2019/public/eBooth.aspx?IndexInList=43&FromPage=Exhibitors.aspx&ParentBoothID=&ListByBooth=true&BoothID=152099
Kinnos Inc.,108,,"Brooklyn,Â",United States,http://www.kinnos.us,,Disinfectants Infection Prevention Control Quality Management,https://s23.a2zinc.net/clients/corcexpo/ahe2019/public/eBooth.aspx?IndexInList=44&FromPage=Exhibitors.aspx&ParentBoothID=&ListByBooth=true&BoothID=152064
Medline Industries,613,,"Northfield,Â",United States,https://www.medline.com/,,Disinfectants Hand Soaps & Gels Infection Prevention Control,https://s23.a2zinc.net/clients/corcexpo/ahe2019/public/eBooth.aspx?IndexInList=45&FromPage=Exhibitors.aspx&ParentBoothID=&ListByBooth=true&BoothID=152142
MEDtegrity Healthcare Linen  & Uniform Service,600,,"Crosby,Â",United States,www.medtegrity.us,,,https://s23.a2zinc.net/clients/corcexpo/ahe2019/public/eBooth.aspx?IndexInList=46&FromPage=Exhibitors.aspx&ParentBoothID=&ListByBooth=true&BoothID=152121
MIP Inc.,127,,"Montreal,",Canada,http://www.mip.com,,Carts and Equipment Infection Prevention Control Laundry,https://s23.a2zinc.net/clients/corcexpo/ahe2019/public/eBooth.aspx?IndexInList=47&FromPage=Exhibitors.aspx&ParentBoothID=&ListByBooth=true&BoothID=152073
Network Services Company,107,,,,,,,https://s23.a2zinc.net/clients/corcexpo/ahe2019/public/eBooth.aspx?IndexInList=48&FromPage=Exhibitors.aspx&ParentBoothID=&ListByBooth=true&BoothID=152078
Nevoa Inc.,527,,"Tempe,",United States,http://www.nevoainc.com,,Disinfectants EPA Hospital-Grade Disinfectants Infection Prevention Control,https://s23.a2zinc.net/clients/corcexpo/ahe2019/public/eBooth.aspx?IndexInList=49&FromPage=Exhibitors.aspx&ParentBoothID=&ListByBooth=true&BoothID=152143
NEXClean,605,,"West Chester,",United States,http://www.nex-clean.com,,Infection Prevention Control,https://s23.a2zinc.net/clients/corcexpo/ahe2019/public/eBooth.aspx?IndexInList=50&FromPage=Exhibitors.aspx&ParentBoothID=&ListByBooth=true&BoothID=152141
"nora systems, Inc.",624,,"Salem,",United States,http://www.nora.com/us,,Flooring & Floor Finishes Interior Finishes,https://s23.a2zinc.net/clients/corcexpo/ahe2019/public/eBooth.aspx?IndexInList=51&FromPage=Exhibitors.aspx&ParentBoothID=&ListByBooth=true&BoothID=152125
"On the Right Track Systems, Inc.",118,,"New York,Â",United States,http://www.ontherighttrack.com,,,https://s23.a2zinc.net/clients/corcexpo/ahe2019/public/eBooth.aspx?IndexInList=52&FromPage=Exhibitors.aspx&ParentBoothID=&ListByBooth=true&BoothID=152069
Orkin,628,,"Atlanta,",Georgia,http://www.orkincommercial.com,,Integrated Pest Management Odor Control Restroom Supplies,https://s23.a2zinc.net/clients/corcexpo/ahe2019/public/eBooth.aspx?IndexInList=53&FromPage=Exhibitors.aspx&ParentBoothID=&ListByBooth=true&BoothID=152127
Paxxo Inc,232,,"Newnan,Â",United States,http://www.paxxo.com,,Waste Management & Recycling,https://s23.a2zinc.net/clients/corcexpo/ahe2019/public/eBooth.aspx?IndexInList=54&FromPage=Exhibitors.aspx&ParentBoothID=&ListByBooth=true&BoothID=152096
PDI,227,,"Woodcliff Lake,Â",United States,http://www.pdihc.com,,,https://s23.a2zinc.net/clients/corcexpo/ahe2019/public/eBooth.aspx?IndexInList=55&FromPage=Exhibitors.aspx&ParentBoothID=&ListByBooth=true&BoothID=152325
"PHS West, Inc.",228,,"Rockford,",United States,http://www.phswest.com,,Carts and Equipment Transport Management,https://s23.a2zinc.net/clients/corcexpo/ahe2019/public/eBooth.aspx?IndexInList=56&FromPage=Exhibitors.aspx&ParentBoothID=&ListByBooth=true&BoothID=152075
Prime Medical LLC,104,,"Largo,",United States,https://www.primemedical.com/,,Infection Prevention Control Interior Finishes Uniforms,https://s23.a2zinc.net/clients/corcexpo/ahe2019/public/eBooth.aspx?IndexInList=57&FromPage=Exhibitors.aspx&ParentBoothID=&ListByBooth=true&BoothID=152062
ProTeam,223,,"St. Louis,",United States,http://www.proteam.emerson.com,,Carpet Care Flooring & Floor Finishes Training Programs,https://s23.a2zinc.net/clients/corcexpo/ahe2019/public/eBooth.aspx?IndexInList=58&FromPage=Exhibitors.aspx&ParentBoothID=&ListByBooth=true&BoothID=152086
"Red Bag Solutions, Inc.",209,,"Atlanta,Â",United States,http://www.redbag.com,,Medical Waste Sharps Containers & Disposal Waste Management & Recycling,https://s23.a2zinc.net/clients/corcexpo/ahe2019/public/eBooth.aspx?IndexInList=59&FromPage=Exhibitors.aspx&ParentBoothID=&ListByBooth=true&BoothID=152083
Royce Rolls Ringer Co.,511,,"Grand Rapids,Â",United States,http://www.roycerolls.net,,Carts and Equipment Restroom Supplies,https://s23.a2zinc.net/clients/corcexpo/ahe2019/public/eBooth.aspx?IndexInList=60&FromPage=Exhibitors.aspx&ParentBoothID=&ListByBooth=true&BoothID=152130
Rubbermaid Commercial Products,519,,"Huntersville,",United States,http://www.rubbermaidcommercial.com,,Carts and Equipment Hand Soaps & Gels Medical Waste Microfiber Technologies Odor Control Restroom Supplies Waste Management & Recycling,https://s23.a2zinc.net/clients/corcexpo/ahe2019/public/eBooth.aspx?IndexInList=61&FromPage=Exhibitors.aspx&ParentBoothID=&ListByBooth=true&BoothID=152132
"Ruck-Shockey Associates, Inc.",219,,"The Woodlands,",United States,http://www.ruckshockey.com,,Consulting Services Productivity/Staffing Training Programs,https://s23.a2zinc.net/clients/corcexpo/ahe2019/public/eBooth.aspx?IndexInList=62&FromPage=Exhibitors.aspx&ParentBoothID=&ListByBooth=true&BoothID=152084
"Safety Net, LLC",533,,"West Chester,Â",United States,http://www.safetynetamerica.com,,EPA Hospital-Grade Disinfectants Infection Prevention Control,https://s23.a2zinc.net/clients/corcexpo/ahe2019/public/eBooth.aspx?IndexInList=63&FromPage=Exhibitors.aspx&ParentBoothID=&ListByBooth=true&BoothID=152408
"San-I-Pak, Inc.",423,,"Tracy,Â",United States,http://www.sanipak.com,,Medical Waste,https://s23.a2zinc.net/clients/corcexpo/ahe2019/public/eBooth.aspx?IndexInList=64&FromPage=Exhibitors.aspx&ParentBoothID=&ListByBooth=true&BoothID=152103
SC Johnson Professional,606,,"Charlotte,",United States,http://www.scjp.com,,EPA Hospital-Grade Disinfectants Flooring & Floor Finishes Hand Soaps & Gels,https://s23.a2zinc.net/clients/corcexpo/ahe2019/public/eBooth.aspx?IndexInList=65&FromPage=Exhibitors.aspx&ParentBoothID=&ListByBooth=true&BoothID=152123
Seal Shield LLC,129,,"Orlando,Â",United States,http://www.sealshield.com,,Infection Prevention Control,https://s23.a2zinc.net/clients/corcexpo/ahe2019/public/eBooth.aspx?IndexInList=66&FromPage=Exhibitors.aspx&ParentBoothID=&ListByBooth=true&BoothID=152074
ServiceMaster Clean,308,,"Memphis,Â",United States,http://www.servicemaster.com,,,https://s23.a2zinc.net/clients/corcexpo/ahe2019/public/eBooth.aspx?IndexInList=67&FromPage=Exhibitors.aspx&ParentBoothID=&ListByBooth=true&BoothID=152091
Smart Facility Software,211,,"Nashville,Â",United States,http://smartfacilitysoftware.com,,Productivity/Staffing Quality Management Software,https://s23.a2zinc.net/clients/corcexpo/ahe2019/public/eBooth.aspx?IndexInList=68&FromPage=Exhibitors.aspx&ParentBoothID=&ListByBooth=true&BoothID=152092
"Spartan Chemical Co., Inc.",525,,"Maumee,",United States,http://www.spartanchemical.com,,EPA Hospital-Grade Disinfectants Infection Prevention Control Cleaning Chemicals & Supplies,https://s23.a2zinc.net/clients/corcexpo/ahe2019/public/eBooth.aspx?IndexInList=69&FromPage=Exhibitors.aspx&ParentBoothID=&ListByBooth=true&BoothID=152120
Square Scrub,619,,"Jonesboro,Â",United States,http://www.squarescrub.com,,Carpet Care Carts and Equipment,https://s23.a2zinc.net/clients/corcexpo/ahe2019/public/eBooth.aspx?IndexInList=70&FromPage=Exhibitors.aspx&ParentBoothID=&ListByBooth=true&BoothID=152137
SteraMist by TOMI,625,,"Frederick,",United States,http://www.tomimist.com,,Disaster Response Disinfectants EPA Hospital-Grade Disinfectants,https://s23.a2zinc.net/clients/corcexpo/ahe2019/public/eBooth.aspx?IndexInList=71&FromPage=Exhibitors.aspx&ParentBoothID=&ListByBooth=true&BoothID=152139
"Stericycle, Inc.",322,,"Northbrook,Â",United States,http://www.stericycle.com,,Medical Waste Sharps Containers & Disposal,https://s23.a2zinc.net/clients/corcexpo/ahe2019/public/eBooth.aspx?IndexInList=72&FromPage=Exhibitors.aspx&ParentBoothID=&ListByBooth=true&BoothID=152088
Steriliz,601,,"Rochester,Â",United States,http://www.rduvc.com,,Consulting Services Infection Prevention Control,https://s23.a2zinc.net/clients/corcexpo/ahe2019/public/eBooth.aspx?IndexInList=73&FromPage=Exhibitors.aspx&ParentBoothID=&ListByBooth=true&BoothID=152133
Surfacide,100,,"Waukesha,Â",United States,http://www.surfacide.com,,Infection Prevention Control,https://s23.a2zinc.net/clients/corcexpo/ahe2019/public/eBooth.aspx?IndexInList=74&FromPage=Exhibitors.aspx&ParentBoothID=&ListByBooth=true&BoothID=152077
Tecni-Quip Carts,518,,"Seguin,Â",United States,http://www.tqind.com,,Carts and Equipment Laundry Medical Waste,https://s23.a2zinc.net/clients/corcexpo/ahe2019/public/eBooth.aspx?IndexInList=75&FromPage=Exhibitors.aspx&ParentBoothID=&ListByBooth=true&BoothID=152118
Tennant Company,425,,"Minneapolis,Â",United States,http://www.tennantco.com,,Carpet Care Cleaning Chemicals & Supplies,https://s23.a2zinc.net/clients/corcexpo/ahe2019/public/eBooth.aspx?IndexInList=76&FromPage=Exhibitors.aspx&ParentBoothID=&ListByBooth=true&BoothID=152104
The Patient's BodyGuard,611,,"Troy,Â",United States,http://www.tuwaymops.com,,,https://s23.a2zinc.net/clients/corcexpo/ahe2019/public/eBooth.aspx?IndexInList=77&FromPage=Exhibitors.aspx&ParentBoothID=&ListByBooth=true&BoothID=152136
Tru-D Smart UVC LLC,307,,"Memphis,Â",United States,http://www.tru-d.com,,Infection Prevention Control,https://s23.a2zinc.net/clients/corcexpo/ahe2019/public/eBooth.aspx?IndexInList=78&FromPage=Exhibitors.aspx&ParentBoothID=&ListByBooth=true&BoothID=152100
umf Corporation / Perfect Clean,206,,"Skokie,Â",United States,http://www.perfectclean.com,,EPA Hospital-Grade Disinfectants Infection Prevention Control Microfiber Technologies,https://s23.a2zinc.net/clients/corcexpo/ahe2019/public/eBooth.aspx?IndexInList=79&FromPage=Exhibitors.aspx&ParentBoothID=&ListByBooth=true&BoothID=152079
Veritiv,326,,"Atlanta,",United States,http://www.veritivcorp.com,,Cleaning Chemicals & Supplies Consulting Services Infection Prevention Control Laundry Odor Control Paper Products Restroom Supplies,https://s23.a2zinc.net/clients/corcexpo/ahe2019/public/eBooth.aspx?IndexInList=80&FromPage=Exhibitors.aspx&ParentBoothID=&ListByBooth=true&BoothID=152095
Vioguard,609,,"Bothell,Â",United States,http://www.vioguard.com,,Disinfectants EPA Hospital-Grade Disinfectants Infection Prevention Control,https://s23.a2zinc.net/clients/corcexpo/ahe2019/public/eBooth.aspx?IndexInList=81&FromPage=Exhibitors.aspx&ParentBoothID=&ListByBooth=true&BoothID=152135
"Xenex Disinfection Services, LLC",110,,"San Antonio,",United States,http://www.xenex.com,,Infection Prevention Control,https://s23.a2zinc.net/clients/corcexpo/ahe2019/public/eBooth.aspx?IndexInList=82&FromPage=Exhibitors.aspx&ParentBoothID=&ListByBooth=true&BoothID=152065
