Name,Booth_no,Address,City,Country,website,Contact_no,product,url
"ABA Industry, Inc.",1431,,"Carson,",United States,http://www.abacable.com,,Cable Connectivity Distributors ,https://s23.a2zinc.net/clients/bicsi/fall2019/Public/eBooth.aspx?IndexInList=0&FromPage=Exhibitors.aspx&ParentBoothID=&ListByBooth=true&BoothID=118970
Access Hardware Supply,1125,,"San Leandro,",United States,http://www.accesshardware.com,,Access Controls Distributors,https://s23.a2zinc.net/clients/bicsi/fall2019/Public/eBooth.aspx?IndexInList=1&FromPage=Exhibitors.aspx&ParentBoothID=&ListByBooth=true&BoothID=119157
ADI,1017,,"Melville,",United States,http://www.adiglobal.com,,Access Controls Audio Systems ,https://s23.a2zinc.net/clients/bicsi/fall2019/Public/eBooth.aspx?IndexInList=2&FromPage=Exhibitors.aspx&ParentBoothID=&ListByBooth=true&BoothID=118785
Adrian Steel Company,1348,,"Adrian,",United States,http://www.adriansteel.com,,Racks and Cabinets,https://s23.a2zinc.net/clients/bicsi/fall2019/Public/eBooth.aspx?IndexInList=3&FromPage=Exhibitors.aspx&ParentBoothID=&ListByBooth=true&BoothID=119185
Advanced Test Equipment Rentals,809,,"San Diego,",United States,http://www.atecorp.com,,Equipment Rental Fiber Optics,https://s23.a2zinc.net/clients/bicsi/fall2019/Public/eBooth.aspx?IndexInList=4&FromPage=Exhibitors.aspx&ParentBoothID=&ListByBooth=true&BoothID=119069
AEM,1253,,"Chandler,",United States,http://www.aem-test.com,,Test Equipment Testing and Certification Tools,https://s23.a2zinc.net/clients/bicsi/fall2019/Public/eBooth.aspx?IndexInList=5&FromPage=Exhibitors.aspx&ParentBoothID=&ListByBooth=true&BoothID=118889
AFL,1347,,"Duncan,",United States,http://www.AFLglobal.com,,Cable Connectivity Enclosures,https://s23.a2zinc.net/clients/bicsi/fall2019/Public/eBooth.aspx?IndexInList=6&FromPage=Exhibitors.aspx&ParentBoothID=&ListByBooth=true&BoothID=118929
Aiphone Corporation,1326,,"Redmond,",United States,http://www.aiphone.com,,Access Controls Communcation Systems,https://s23.a2zinc.net/clients/bicsi/fall2019/Public/eBooth.aspx?IndexInList=7&FromPage=Exhibitors.aspx&ParentBoothID=&ListByBooth=true&BoothID=119169
Alpha Technologies,1035,,"Burnaby,",Canada,http://www.alpha.ca,,Power Protection,https://s23.a2zinc.net/clients/bicsi/fall2019/Public/eBooth.aspx?IndexInList=8&FromPage=Exhibitors.aspx&ParentBoothID=&ListByBooth=true&BoothID=119166
Altronix Corp.,1426,,"Brooklyn,",United States,http://www.altronix.com,,Access Controls Connectivity Enclosures ,https://s23.a2zinc.net/clients/bicsi/fall2019/Public/eBooth.aspx?IndexInList=9&FromPage=Exhibitors.aspx&ParentBoothID=&ListByBooth=true&BoothID=118990
America ILSINTECH,1330,,"Dallas,",United States,https://americailsintech.com/,,Connectivity Disaster Recovery Fiber Optics ,https://s23.a2zinc.net/clients/bicsi/fall2019/Public/eBooth.aspx?IndexInList=10&FromPage=Exhibitors.aspx&ParentBoothID=&ListByBooth=true&BoothID=119162
ASSA ABLOY,1116,,"New Haven,",United States,http://www.intelligentopenings.com,,Access Controls Software-Design,https://s23.a2zinc.net/clients/bicsi/fall2019/Public/eBooth.aspx?IndexInList=11&FromPage=Exhibitors.aspx&ParentBoothID=&ListByBooth=true&BoothID=118847
AssetGen,1314,,"Cirencester,",United Kingdom,http://www.assetgen.com,,Building Management Cable ,https://s23.a2zinc.net/clients/bicsi/fall2019/Public/eBooth.aspx?IndexInList=12&FromPage=Exhibitors.aspx&ParentBoothID=&ListByBooth=true&BoothID=118938
Association for Passive Optical LAN,1054,,"New York,",United States,http://www.apolanglobal.org,,,https://s23.a2zinc.net/clients/bicsi/fall2019/Public/eBooth.aspx?IndexInList=13&FromPage=Exhibitors.aspx&ParentBoothID=&ListByBooth=true&BoothID=118819
Audio Enhancement,1423,,"West Jordan,",United States,http://www.audioenhancement.com,,Audio Systems Building Management ,https://s23.a2zinc.net/clients/bicsi/fall2019/Public/eBooth.aspx?IndexInList=14&FromPage=Exhibitors.aspx&ParentBoothID=&ListByBooth=true&BoothID=119170
Axis Communications,1123,,"Chelmsford,",United States,http://www.axis.com,,Access Controls Audio Systems ,https://s23.a2zinc.net/clients/bicsi/fall2019/Public/eBooth.aspx?IndexInList=15&FromPage=Exhibitors.aspx&ParentBoothID=&ListByBooth=true&BoothID=119156
Berk-Tek Leviton Technologies,1030,,"Bothell,",United States,http://www.berkteklevitontechnologies.com,, Cable Management ,https://s23.a2zinc.net/clients/bicsi/fall2019/Public/eBooth.aspx?IndexInList=16&FromPage=Exhibitors.aspx&ParentBoothID=&ListByBooth=true&BoothID=118831
Biamp Systems,1109,,"Waltham,",United States,http://cambridgesound.com,,Audio Systems Communcation Systems Paging,https://s23.a2zinc.net/clients/bicsi/fall2019/Public/eBooth.aspx?IndexInList=17&FromPage=Exhibitors.aspx&ParentBoothID=&ListByBooth=true&BoothID=119057
BICSI,838,,"Tampa,",United States,http://www.bicsi.org,,,https://s23.a2zinc.net/clients/bicsi/fall2019/Public/eBooth.aspx?IndexInList=18&FromPage=Exhibitors.aspx&ParentBoothID=&ListByBooth=true&BoothID=119192
"Bogen Communications, Inc.",1013,,"Mahwah,",United States,http://www.bogen.com,,Audio Systems ,https://s23.a2zinc.net/clients/bicsi/fall2019/Public/eBooth.aspx?IndexInList=19&FromPage=Exhibitors.aspx&ParentBoothID=&ListByBooth=true&BoothID=118783
Brother Mobile Solutions,1117,,"Westminster,",United States,https://www.brothermobilesolutions.com/EDGE,,Cable Management ,https://s23.a2zinc.net/clients/bicsi/fall2019/Public/eBooth.aspx?IndexInList=20&FromPage=Exhibitors.aspx&ParentBoothID=&ListByBooth=true&BoothID=118827
Cabling Installation & Maintenance,1024,,"Nashua,",United States,http://www.cablinginstall.com/index.html,, Cable Management Communcation Systems ,https://s23.a2zinc.net/clients/bicsi/fall2019/Public/eBooth.aspx?IndexInList=21&FromPage=Exhibitors.aspx&ParentBoothID=&ListByBooth=true&BoothID=118809
Cailabs,1248,,"Rennes,",France,http://www.cailabs.com/,,Communcation Systems,https://s23.a2zinc.net/clients/bicsi/fall2019/Public/eBooth.aspx?IndexInList=22&FromPage=Exhibitors.aspx&ParentBoothID=&ListByBooth=true&BoothID=118909
"Changshu Jhosin Communication Technology Co., Ltd.",1153,,"Changshu,",China,http://www.jhosincable.com,,Cable Wire,https://s23.a2zinc.net/clients/bicsi/fall2019/Public/eBooth.aspx?IndexInList=23&FromPage=Exhibitors.aspx&ParentBoothID=&ListByBooth=true&BoothID=118839
Circa Telecom,1335,,"Tampa,",United States,http://www.circatelecom.com,,Customer Premises Equipment ,https://s23.a2zinc.net/clients/bicsi/fall2019/Public/eBooth.aspx?IndexInList=24&FromPage=Exhibitors.aspx&ParentBoothID=&ListByBooth=true&BoothID=118925
ConEst Software Systems,1418,,"Manchester,",United States,http://www.conest.com,,Software-Estimating,https://s23.a2zinc.net/clients/bicsi/fall2019/Public/eBooth.aspx?IndexInList=25&FromPage=Exhibitors.aspx&ParentBoothID=&ListByBooth=true&BoothID=118987
Connectivity Solutions Direct,1050,,"McKinney,",United States,http://www.csd-network.com,,Communcation Systems ,https://s23.a2zinc.net/clients/bicsi/fall2019/Public/eBooth.aspx?IndexInList=26&FromPage=Exhibitors.aspx&ParentBoothID=&ListByBooth=true&BoothID=118818
Connectrac,1323,,"Dallas,",United States,http://www.connectrac.com,,Access Flooring Cable ,https://s23.a2zinc.net/clients/bicsi/fall2019/Public/eBooth.aspx?IndexInList=27&FromPage=Exhibitors.aspx&ParentBoothID=&ListByBooth=true&BoothID=118921
Corning Optical Communications,1142,,"Charlotte,",United States,http://www.corning.com/opcomm,,Cable Communcation Systems ,https://s23.a2zinc.net/clients/bicsi/fall2019/Public/eBooth.aspx?IndexInList=28&FromPage=Exhibitors.aspx&ParentBoothID=&ListByBooth=true&BoothID=118884
CP Technologies,847,,"Irvine,",United States,http://www.cptechusa.com,,Cable Connectivity Fiber ,https://s23.a2zinc.net/clients/bicsi/fall2019/Public/eBooth.aspx?IndexInList=29&FromPage=Exhibitors.aspx&ParentBoothID=&ListByBooth=true&BoothID=118714
"CTK CONTACT ELECTRONICS CO., LTD",810,,"Taoyuan City,",Taiwan,http://www.c-tk.com,,Structured Cabling,https://s23.a2zinc.net/clients/bicsi/fall2019/Public/eBooth.aspx?IndexInList=30&FromPage=Exhibitors.aspx&ParentBoothID=&ListByBooth=true&BoothID=119064
Dura-Line Corporation,1337,,"Knoxville,",United States,http://www.duraline.com,,Connectivity Fiber Optics ,https://s23.a2zinc.net/clients/bicsi/fall2019/Public/eBooth.aspx?IndexInList=31&FromPage=Exhibitors.aspx&ParentBoothID=&ListByBooth=true&BoothID=118926
DYMO Industrial Labeling,1048,,"Atlanta,",United States,http://www.dymo.com,,Cable Management,https://s23.a2zinc.net/clients/bicsi/fall2019/Public/eBooth.aspx?IndexInList=32&FromPage=Exhibitors.aspx&ParentBoothID=&ListByBooth=true&BoothID=118817
Eaton,1213,,"Raleigh,",United States,https://eaton.com/datacenters,,Access Flooring Cable ,https://s23.a2zinc.net/clients/bicsi/fall2019/Public/eBooth.aspx?IndexInList=33&FromPage=Exhibitors.aspx&ParentBoothID=&ListByBooth=true&BoothID=118872
"E-Line by DIRAK, Inc.",1149,,"Sterling,",United States,http://www.elinebydirak.com,,Access Controls,https://s23.a2zinc.net/clients/bicsi/fall2019/Public/eBooth.aspx?IndexInList=34&FromPage=Exhibitors.aspx&ParentBoothID=&ListByBooth=true&BoothID=118838
Emcor Enclosures,1424,,"Rochester,",United States,http://www.emcorenclosures.com,,Enclosures Racks and Cabinets,https://s23.a2zinc.net/clients/bicsi/fall2019/Public/eBooth.aspx?IndexInList=35&FromPage=Exhibitors.aspx&ParentBoothID=&ListByBooth=true&BoothID=118989
Extron,942,,"Anaheim,",United States,http://www.extron.com,,Audio Systems ,https://s23.a2zinc.net/clients/bicsi/fall2019/Public/eBooth.aspx?IndexInList=36&FromPage=Exhibitors.aspx&ParentBoothID=&ListByBooth=true&BoothID=118794
"Fiber Instrument Sales, Inc.",1130,,"Oriskany,",United States,http://www.fiberinstrumentsales.com,,Cable Connectivity ,https://s23.a2zinc.net/clients/bicsi/fall2019/Public/eBooth.aspx?IndexInList=37&FromPage=Exhibitors.aspx&ParentBoothID=&ListByBooth=true&BoothID=118853
FIbnet Inc.,923,,"Concord,",United States,http://www.fibnet.net,,Cable Distributors ,https://s23.a2zinc.net/clients/bicsi/fall2019/Public/eBooth.aspx?IndexInList=38&FromPage=Exhibitors.aspx&ParentBoothID=&ListByBooth=true&BoothID=118746
Fluke Networks,1230,,"Everett,",United States,http://www.flukenetworks.com,,Testing and Certification Tools ,https://s23.a2zinc.net/clients/bicsi/fall2019/Public/eBooth.aspx?IndexInList=39&FromPage=Exhibitors.aspx&ParentBoothID=&ListByBooth=true&BoothID=119150
FrontRow,954,,"Petaluma,",United States,http://www.gofrontrow.com,,Audio Systems,https://s23.a2zinc.net/clients/bicsi/fall2019/Public/eBooth.aspx?IndexInList=40&FromPage=Exhibitors.aspx&ParentBoothID=&ListByBooth=true&BoothID=119189
FSR,936,,"Woodland Park,",United States,http://www.fsrinc.com,,Cable Management ,https://s23.a2zinc.net/clients/bicsi/fall2019/Public/eBooth.aspx?IndexInList=41&FromPage=Exhibitors.aspx&ParentBoothID=&ListByBooth=true&BoothID=119164
GAI-Tronics Corporation,920,,"READING,",United States,http://www.gai-tronics.com,,Audio Systems,https://s23.a2zinc.net/clients/bicsi/fall2019/Public/eBooth.aspx?IndexInList=42&FromPage=Exhibitors.aspx&ParentBoothID=&ListByBooth=true&BoothID=118763
General Cable/PANDUIT Corp.,1318,,"Highland Heights,",United States,http://www.generalcable.com,, Cable Management ,https://s23.a2zinc.net/clients/bicsi/fall2019/Public/eBooth.aspx?IndexInList=43&FromPage=Exhibitors.aspx&ParentBoothID=&ListByBooth=true&BoothID=118964
Graphical Networks,913,,"Gaithersburg,",United States,https://www.graphicalnetworks.com,,Building Management,https://s23.a2zinc.net/clients/bicsi/fall2019/Public/eBooth.aspx?IndexInList=44&FromPage=Exhibitors.aspx&ParentBoothID=&ListByBooth=true&BoothID=118742
"H.E. Williams, Inc.",813,,"Carthage,",United States,http://www.hew.com/maderighthere,,,https://s23.a2zinc.net/clients/bicsi/fall2019/Public/eBooth.aspx?IndexInList=45&FromPage=Exhibitors.aspx&ParentBoothID=&ListByBooth=true&BoothID=119207
Hall Research,918,,"Tustin,",United States,http://www.hallresearch.com,,Control Systems Fiber Optics Signaling Video Systems,https://s23.a2zinc.net/clients/bicsi/fall2019/Public/eBooth.aspx?IndexInList=46&FromPage=Exhibitors.aspx&ParentBoothID=&ListByBooth=true&BoothID=118762
Harger Lightning & Grounding,1113,,"Grayslake,",United States,http://www.Harger.com,,Grounding and Bonding,https://s23.a2zinc.net/clients/bicsi/fall2019/Public/eBooth.aspx?IndexInList=47&FromPage=Exhibitors.aspx&ParentBoothID=&ListByBooth=true&BoothID=118826
"Hilti, Inc.",823,,"Tulsa,",United States,http://www.us.hilti.com,,Cable Management ,https://s23.a2zinc.net/clients/bicsi/fall2019/Public/eBooth.aspx?IndexInList=48&FromPage=Exhibitors.aspx&ParentBoothID=&ListByBooth=true&BoothID=118709
Hitachi Cable America,826,,"Manchester,",United States,http://www.hca.hitachi-cable.com,,Cable Fiber ,https://s23.a2zinc.net/clients/bicsi/fall2019/Public/eBooth.aspx?IndexInList=49&FromPage=Exhibitors.aspx&ParentBoothID=&ListByBooth=true&BoothID=118729
Hubbell Premise Wiring,924,,"Shelton,",United States,http://www.hubbell-premise.com,, Cable Management ,https://s23.a2zinc.net/clients/bicsi/fall2019/Public/eBooth.aspx?IndexInList=50&FromPage=Exhibitors.aspx&ParentBoothID=&ListByBooth=true&BoothID=118788
Hyperline Cabling Systems,1236,,"Ottawa,",Canada,http://www.hyperline.com,, Cable Management,https://s23.a2zinc.net/clients/bicsi/fall2019/Public/eBooth.aspx?IndexInList=51&FromPage=Exhibitors.aspx&ParentBoothID=&ListByBooth=true&BoothID=118905
ICC,1010,,"Fullerton,",United States,https://www.icc.com,,Connectivity Enclosures ,https://s23.a2zinc.net/clients/bicsi/fall2019/Public/eBooth.aspx?IndexInList=52&FromPage=Exhibitors.aspx&ParentBoothID=&ListByBooth=true&BoothID=119056
IDEAL Networks,912,,"Rockaway,",United States,http://www.idealnetworks.net,,Fiber Optics ,https://s23.a2zinc.net/clients/bicsi/fall2019/Public/eBooth.aspx?IndexInList=53&FromPage=Exhibitors.aspx&ParentBoothID=&ListByBooth=true&BoothID=119058
Intertek,1135,,"Boxborough,",United States,http://www.intertek.com/cabling-products/,,Testing and Certification,https://s23.a2zinc.net/clients/bicsi/fall2019/Public/eBooth.aspx?IndexInList=54&FromPage=Exhibitors.aspx&ParentBoothID=&ListByBooth=true&BoothID=118833
Jonard Tools,1250,,"Tuckahoe,",United States,http://www.jonard.com,,Cable Communcation Systems,https://s23.a2zinc.net/clients/bicsi/fall2019/Public/eBooth.aspx?IndexInList=55&FromPage=Exhibitors.aspx&ParentBoothID=&ListByBooth=true&BoothID=118910
Legrand/Superior Essex,1042,,"New London,",United States,http://www.legrand.us,,Cable Management ,https://s23.a2zinc.net/clients/bicsi/fall2019/Public/eBooth.aspx?IndexInList=56&FromPage=Exhibitors.aspx&ParentBoothID=&ListByBooth=true&BoothID=119160
Lencore Acoustics Corp.,1009,,"Woodbury,",United States,http://www.lencore.com,,Communcation Systems,https://s23.a2zinc.net/clients/bicsi/fall2019/Public/eBooth.aspx?IndexInList=57&FromPage=Exhibitors.aspx&ParentBoothID=&ListByBooth=true&BoothID=119061
"LockDown, Inc.",848,,"Conyers,",United States,https://www.lockdowninc.com/,,Control Systems Fiber ,https://s23.a2zinc.net/clients/bicsi/fall2019/Public/eBooth.aspx?IndexInList=58&FromPage=Exhibitors.aspx&ParentBoothID=&ListByBooth=true&BoothID=118733
Lyncole XIT Grounding,1036,,"Torrance,",United States,http://www.lyncole.com,,Control Systems ,https://s23.a2zinc.net/clients/bicsi/fall2019/Public/eBooth.aspx?IndexInList=59&FromPage=Exhibitors.aspx&ParentBoothID=&ListByBooth=true&BoothID=118813
MacLean Power Systems - Network Solutions,1429,,"Fort Mills,",United States,http://www.macleanpower.com,,Enclosures OSP Equipment,https://s23.a2zinc.net/clients/bicsi/fall2019/Public/eBooth.aspx?IndexInList=60&FromPage=Exhibitors.aspx&ParentBoothID=&ListByBooth=true&BoothID=118969
Madison Electric Products,914,,"Bedford Heights,",United States,http://www.meproducts.net,,Cable Management Tools,https://s23.a2zinc.net/clients/bicsi/fall2019/Public/eBooth.aspx?IndexInList=61&FromPage=Exhibitors.aspx&ParentBoothID=&ListByBooth=true&BoothID=118760
MaxCell,1223,,"Wadsworth,",United States,http://www.maxcell.us,,Cable Management OSP Equipment Raceways,https://s23.a2zinc.net/clients/bicsi/fall2019/Public/eBooth.aspx?IndexInList=62&FromPage=Exhibitors.aspx&ParentBoothID=&ListByBooth=true&BoothID=119154
"McCormick Systems, Inc.",925,,"Chandler,",United States,http://www.mccormicksys.com,,Software-Design Software-Estimating,https://s23.a2zinc.net/clients/bicsi/fall2019/Public/eBooth.aspx?IndexInList=63&FromPage=Exhibitors.aspx&ParentBoothID=&ListByBooth=true&BoothID=118747
McGard LLC,1324,,"Orchard Park,",United States,http://www.mcgard.com/security,,Access Controls Security Systems,https://s23.a2zinc.net/clients/bicsi/fall2019/Public/eBooth.aspx?IndexInList=64&FromPage=Exhibitors.aspx&ParentBoothID=&ListByBooth=true&BoothID=119168
"MERTEK INDUSTRIES, LLC",1049,,"Austin,",United States,http://www.evocords.com,,Cable Connectivity Fiber Optics Structured Cabling,https://s23.a2zinc.net/clients/bicsi/fall2019/Public/eBooth.aspx?IndexInList=65&FromPage=Exhibitors.aspx&ParentBoothID=&ListByBooth=true&BoothID=118797
METZ CONNECT USA,1012,,"Tinton Falls,",United States,http://www.metz-connect.com,,Communcation Systems,https://s23.a2zinc.net/clients/bicsi/fall2019/Public/eBooth.aspx?IndexInList=66&FromPage=Exhibitors.aspx&ParentBoothID=&ListByBooth=true&BoothID=119054
"Milliken Infrastructure Solutions, LLC",1226,,"LaGrange,",United States,http://www.infrastructure.milliken.com,,Industrial Networking Structured Cabling Cable Management,https://s23.a2zinc.net/clients/bicsi/fall2019/Public/eBooth.aspx?IndexInList=67&FromPage=Exhibitors.aspx&ParentBoothID=&ListByBooth=true&BoothID=118902
Modular Photonics,1254,,"North Ryde,",Australia,http://www.modularphotonics.com,,Fiber Optics Industrial Networking,https://s23.a2zinc.net/clients/bicsi/fall2019/Public/eBooth.aspx?IndexInList=68&FromPage=Exhibitors.aspx&ParentBoothID=&ListByBooth=true&BoothID=118911
"MonoSystems, Inc.",1137,,"Rye Brook,",United States,http://www.monosystems.com,,Cable Management Raceways,https://s23.a2zinc.net/clients/bicsi/fall2019/Public/eBooth.aspx?IndexInList=69&FromPage=Exhibitors.aspx&ParentBoothID=&ListByBooth=true&BoothID=118834
Multilink,950,,"Elyria,",United States,http://www.GoMultilink.com,, Cable Management ,https://s23.a2zinc.net/clients/bicsi/fall2019/Public/eBooth.aspx?IndexInList=70&FromPage=Exhibitors.aspx&ParentBoothID=&ListByBooth=true&BoothID=118774
Oberon,1218,,"State College,",United States,http://www.oberoninc.com,,Enclosures Wireless Equipment,https://s23.a2zinc.net/clients/bicsi/fall2019/Public/eBooth.aspx?IndexInList=71&FromPage=Exhibitors.aspx&ParentBoothID=&ListByBooth=true&BoothID=118899
OFS,1217,,"Norcross,",United States,http://www.ofsoptics.com,,Cable Connectivity Fiber Optics OSP Equipment,https://s23.a2zinc.net/clients/bicsi/fall2019/Public/eBooth.aspx?IndexInList=72&FromPage=Exhibitors.aspx&ParentBoothID=&ListByBooth=true&BoothID=118874
Omnitron Systems,1214,,"Irvine,",United States,http://www.omnitron-systems.com,,Communcation Systems ,https://s23.a2zinc.net/clients/bicsi/fall2019/Public/eBooth.aspx?IndexInList=73&FromPage=Exhibitors.aspx&ParentBoothID=&ListByBooth=true&BoothID=118898
Optical Cable Corporation,1018,,"Roanoke,",United States,http://www.occfiber.com,,Cable Communcation Systems,https://s23.a2zinc.net/clients/bicsi/fall2019/Public/eBooth.aspx?IndexInList=74&FromPage=Exhibitors.aspx&ParentBoothID=&ListByBooth=true&BoothID=118807
Outsource,1414,,"Los Angeles,",United States,http://www.outsource.net,,Access Controls Cable ,https://s23.a2zinc.net/clients/bicsi/fall2019/Public/eBooth.aspx?IndexInList=75&FromPage=Exhibitors.aspx&ParentBoothID=&ListByBooth=true&BoothID=118986
Panduit Corp.,1318,,"Tinley Park,",United States,http://www.panduit.com,,Cable Management ,https://s23.a2zinc.net/clients/bicsi/fall2019/Public/eBooth.aspx?IndexInList=76&FromPage=Exhibitors.aspx&ParentBoothID=&ListByBooth=true&BoothID=119172
PerfectVision,1436,,"Little Rock,",United States,http://www.perfect-10.tv,,,https://s23.a2zinc.net/clients/bicsi/fall2019/Public/eBooth.aspx?IndexInList=77&FromPage=Exhibitors.aspx&ParentBoothID=&ListByBooth=true&BoothID=119175
Platformatics,813,,"Bloomington,",United States,http://www.platformatics.com,,,https://s23.a2zinc.net/clients/bicsi/fall2019/Public/eBooth.aspx?IndexInList=78&FromPage=Exhibitors.aspx&ParentBoothID=&ListByBooth=true&BoothID=118705
PoE Texas,1014,,"austin,",United States,http://www.poetexas.com,,Cable Management ,https://s23.a2zinc.net/clients/bicsi/fall2019/Public/eBooth.aspx?IndexInList=79&FromPage=Exhibitors.aspx&ParentBoothID=&ListByBooth=true&BoothID=118806
"Prime Wire & Cable, Inc.",1118,,"City of Industry,",United States,http://www.primewirecable.com,,Cable,https://s23.a2zinc.net/clients/bicsi/fall2019/Public/eBooth.aspx?IndexInList=80&FromPage=Exhibitors.aspx&ParentBoothID=&ListByBooth=true&BoothID=118848
PureNet,1136,,"Fort Wayne,",United States,http://www.purenetcable.com,,Cable Structured ,https://s23.a2zinc.net/clients/bicsi/fall2019/Public/eBooth.aspx?IndexInList=81&FromPage=Exhibitors.aspx&ParentBoothID=&ListByBooth=true&BoothID=118856
"Quabbin Wire & Cable Co., Inc.",1224,,"Ware,",United States,http://www.quabbin.com,,Cable,https://s23.a2zinc.net/clients/bicsi/fall2019/Public/eBooth.aspx?IndexInList=82&FromPage=Exhibitors.aspx&ParentBoothID=&ListByBooth=true&BoothID=118901
Qypsys LLC,953,,"Tampa,",United States,http://www.qypsys.com,,Cable ,https://s23.a2zinc.net/clients/bicsi/fall2019/Public/eBooth.aspx?IndexInList=83&FromPage=Exhibitors.aspx&ParentBoothID=&ListByBooth=true&BoothID=118753
R&M USA Inc.,909,,"Milpitas,",United States,http://www.rdm.com/usa_en,,Connectivity Enclosures,https://s23.a2zinc.net/clients/bicsi/fall2019/Public/eBooth.aspx?IndexInList=84&FromPage=Exhibitors.aspx&ParentBoothID=&ListByBooth=true&BoothID=119063
Rack-A-Tiers Manufacturing,1114,,"Vancouver,",Canada,http://www.rack-a-tiers.com,,,https://s23.a2zinc.net/clients/bicsi/fall2019/Public/eBooth.aspx?IndexInList=85&FromPage=Exhibitors.aspx&ParentBoothID=&ListByBooth=true&BoothID=118846
Rosenberger North America,947,,"Akron,",United States,http://www.rosenberger.com,, Cable Management,https://s23.a2zinc.net/clients/bicsi/fall2019/Public/eBooth.aspx?IndexInList=86&FromPage=Exhibitors.aspx&ParentBoothID=&ListByBooth=true&BoothID=118751
Rosendin,1342,,"San Jose,",United States,http://www.rosendin.com,,Audio Systems,https://s23.a2zinc.net/clients/bicsi/fall2019/Public/eBooth.aspx?IndexInList=87&FromPage=Exhibitors.aspx&ParentBoothID=&ListByBooth=true&BoothID=119152
"Senko Advanced Components, Inc.",1313,,"Marlborough,",United States,http://www.senko.com,,Connectivity,https://s23.a2zinc.net/clients/bicsi/fall2019/Public/eBooth.aspx?IndexInList=88&FromPage=Exhibitors.aspx&ParentBoothID=&ListByBooth=true&BoothID=118918
"Shenzhen Adtek Technology Co., Ltd",1444,,"Shenzhen,",China,http://www.adtekfiber.com,, Cable Management,https://s23.a2zinc.net/clients/bicsi/fall2019/Public/eBooth.aspx?IndexInList=89&FromPage=Exhibitors.aspx&ParentBoothID=&ListByBooth=true&BoothID=118996
simPRO Software,1438,,"Broomfield,",United States,http://www.simpro.us,,Building Management ,https://s23.a2zinc.net/clients/bicsi/fall2019/Public/eBooth.aspx?IndexInList=90&FromPage=Exhibitors.aspx&ParentBoothID=&ListByBooth=true&BoothID=119176
Sitehands,1443,,"Charlotte,",United States,http://www.sitehands.com,,,https://s23.a2zinc.net/clients/bicsi/fall2019/Public/eBooth.aspx?IndexInList=91&FromPage=Exhibitors.aspx&ParentBoothID=&ListByBooth=true&BoothID=119146
Snake Tray,1441,,"Bay Shore,",United States,http://www.snaketray.com,,Cable Management Enclosures ,https://s23.a2zinc.net/clients/bicsi/fall2019/Public/eBooth.aspx?IndexInList=92&FromPage=Exhibitors.aspx&ParentBoothID=&ListByBooth=true&BoothID=119145
Softing,930,,"Knoxville,",United States,https://itnetworks.softing.com/us/,,Fiber Optics,https://s23.a2zinc.net/clients/bicsi/fall2019/Public/eBooth.aspx?IndexInList=93&FromPage=Exhibitors.aspx&ParentBoothID=&ListByBooth=true&BoothID=118790
Solara Technical Sales,1413,,"Knoxville,",United States,http://www.solaratech.com,,Fiber Optics ,https://s23.a2zinc.net/clients/bicsi/fall2019/Public/eBooth.aspx?IndexInList=94&FromPage=Exhibitors.aspx&ParentBoothID=&ListByBooth=true&BoothID=118962
"SP Controls, Inc.",1425,,"South San Francisco,",United States,http://www.spcontrols.com,,Audio Systems ,https://s23.a2zinc.net/clients/bicsi/fall2019/Public/eBooth.aspx?IndexInList=95&FromPage=Exhibitors.aspx&ParentBoothID=&ListByBooth=true&BoothID=119171
"Specified Technologies, Inc.",1336,,"Somerville,",United States,http://www.stifirestop.com,,Firestopping,https://s23.a2zinc.net/clients/bicsi/fall2019/Public/eBooth.aspx?IndexInList=96&FromPage=Exhibitors.aspx&ParentBoothID=&ListByBooth=true&BoothID=118972
STARLINE,1249,,"Canonsburg,",United States,https://www.starlinepower.com/,,Power Distribution Raceways,https://s23.a2zinc.net/clients/bicsi/fall2019/Public/eBooth.aspx?IndexInList=97&FromPage=Exhibitors.aspx&ParentBoothID=&ListByBooth=true&BoothID=118888
Sumitomo Electric Lightwave,1124,,"Raleigh,",United States,http://www.sumitomoelectric.com,,able Cable Managetion,https://s23.a2zinc.net/clients/bicsi/fall2019/Public/eBooth.aspx?IndexInList=98&FromPage=Exhibitors.aspx&ParentBoothID=&ListByBooth=true&BoothID=118851
Sunbird Software,1229,,"Somerset,",United States,http://www.sunbirddcim.com,, Power Distribution Racks and Cabinets,https://s23.a2zinc.net/clients/bicsi/fall2019/Public/eBooth.aspx?IndexInList=99&FromPage=Exhibitors.aspx&ParentBoothID=&ListByBooth=true&BoothID=118879
Superior Essex,1042,,"Atlanta,",United States,http://www.superioressexcommunications.com,,Cable Communcation Systems,https://s23.a2zinc.net/clients/bicsi/fall2019/Public/eBooth.aspx?IndexInList=100&FromPage=Exhibitors.aspx&ParentBoothID=&ListByBooth=true&BoothID=119173
"Tech Works, Inc.",1442,,"Henderson,",United States,http://www.techworks-usa.com,,,https://s23.a2zinc.net/clients/bicsi/fall2019/Public/eBooth.aspx?IndexInList=101&FromPage=Exhibitors.aspx&ParentBoothID=&ListByBooth=true&BoothID=118995
Tekk Force,824,,"Dallas,",United States,http://www.tekkforce.com,,Fiber Optics Structured Cabling,https://s23.a2zinc.net/clients/bicsi/fall2019/Public/eBooth.aspx?IndexInList=102&FromPage=Exhibitors.aspx&ParentBoothID=&ListByBooth=true&BoothID=118728
The Light Connection,1130,,"Oriskany,",United States,http://www.thelightconnection.com,,,https://s23.a2zinc.net/clients/bicsi/fall2019/Public/eBooth.aspx?IndexInList=103&FromPage=Exhibitors.aspx&ParentBoothID=&ListByBooth=true&BoothID=119174
thermOweld,1026,,"Tulsa,",United States,http://www.thermoweld.com,,Grounding and Bonding,https://s23.a2zinc.net/clients/bicsi/fall2019/Public/eBooth.aspx?IndexInList=104&FromPage=Exhibitors.aspx&ParentBoothID=&ListByBooth=true&BoothID=118810
Tii Technologies Inc.,1317,,"Edgewood,",United States,http://www.tiitech.com,,Cable Connectivity ,https://s23.a2zinc.net/clients/bicsi/fall2019/Public/eBooth.aspx?IndexInList=105&FromPage=Exhibitors.aspx&ParentBoothID=&ListByBooth=true&BoothID=118919
Times Microwave Systems,1150,,"Wallingford,",United States,http://www.timesmicrowave.com,,Cable Grounding ,https://s23.a2zinc.net/clients/bicsi/fall2019/Public/eBooth.aspx?IndexInList=106&FromPage=Exhibitors.aspx&ParentBoothID=&ListByBooth=true&BoothID=118862
TiniFiber,814,,"Farmingdale,",United States,http://www.tinifiber.com,,Audio Systems ,https://s23.a2zinc.net/clients/bicsi/fall2019/Public/eBooth.aspx?IndexInList=107&FromPage=Exhibitors.aspx&ParentBoothID=&ListByBooth=true&BoothID=118724
Transition Networks,1038,,"Minnetonka,",United States,http://www.transition.com,,Building Management Systems,https://s23.a2zinc.net/clients/bicsi/fall2019/Public/eBooth.aspx?IndexInList=108&FromPage=Exhibitors.aspx&ParentBoothID=&ListByBooth=true&BoothID=118814
Tripp Lite,1231,,"Chicago,",United States,http://www.tripplite.com,, Cable Management,https://s23.a2zinc.net/clients/bicsi/fall2019/Public/eBooth.aspx?IndexInList=109&FromPage=Exhibitors.aspx&ParentBoothID=&ListByBooth=true&BoothID=118880
TRS-RenTelco,1037,,"DFW Airport,",United States,http://www.trs-rentelco.com,,Equipment Rental Test Equipment,https://s23.a2zinc.net/clients/bicsi/fall2019/Public/eBooth.aspx?IndexInList=110&FromPage=Exhibitors.aspx&ParentBoothID=&ListByBooth=true&BoothID=119167
UL LLC,1154,,"Northbrook,",United States,http://www.ul.com,,Cable Testing and Certification Training/Publications Wire,https://s23.a2zinc.net/clients/bicsi/fall2019/Public/eBooth.aspx?IndexInList=111&FromPage=Exhibitors.aspx&ParentBoothID=&ListByBooth=true&BoothID=118863
VALCOM,910,,"Roanoke,",United States,http://www.valcom.com,,Communcation Systems ,https://s23.a2zinc.net/clients/bicsi/fall2019/Public/eBooth.aspx?IndexInList=112&FromPage=Exhibitors.aspx&ParentBoothID=&ListByBooth=true&BoothID=119060
VERICOM Global Solutions,818,,"Knoxville,",United States,http://www.vericomsolutions.com/,, Cable Management ,https://s23.a2zinc.net/clients/bicsi/fall2019/Public/eBooth.aspx?IndexInList=113&FromPage=Exhibitors.aspx&ParentBoothID=&ListByBooth=true&BoothID=118744
"Verigent, LLC",1138,,"Huntersville,",United States,http://www.verigent.com,,,https://s23.a2zinc.net/clients/bicsi/fall2019/Public/eBooth.aspx?IndexInList=114&FromPage=Exhibitors.aspx&ParentBoothID=&ListByBooth=true&BoothID=118857
"Viking Electronics, Inc.",829,,"Hudson,",United States,http://www.vikingelectronics.com,,Access Controls ,https://s23.a2zinc.net/clients/bicsi/fall2019/Public/eBooth.aspx?IndexInList=115&FromPage=Exhibitors.aspx&ParentBoothID=&ListByBooth=true&BoothID=118711
"Wavenet, Inc.",1220,,"Carson,",United States,http://www.wavenet.net,, Cable Management,https://s23.a2zinc.net/clients/bicsi/fall2019/Public/eBooth.aspx?IndexInList=116&FromPage=Exhibitors.aspx&ParentBoothID=&ListByBooth=true&BoothID=118900
WBT LLC.,1235,,"Centralia,",United States,http://www.wbtray.com,,Cable Management ,https://s23.a2zinc.net/clients/bicsi/fall2019/Public/eBooth.aspx?IndexInList=117&FromPage=Exhibitors.aspx&ParentBoothID=&ListByBooth=true&BoothID=118882
Wiremaid Products Corporation,831,,"Coral Springs,",United States,http://www.wiremaidusa.com,,Cable Management Grounding ,https://s23.a2zinc.net/clients/bicsi/fall2019/Public/eBooth.aspx?IndexInList=118&FromPage=Exhibitors.aspx&ParentBoothID=&ListByBooth=true&BoothID=118712
Yokogawa Corporation of America,1147,,"Newnan,",United States,,,,https://s23.a2zinc.net/clients/bicsi/fall2019/Public/eBooth.aspx?IndexInList=119&FromPage=Exhibitors.aspx&ParentBoothID=&ListByBooth=true&BoothID=118837
