Name,Booth_no,Address,City,Country,website,Contact_no,product,url
Aetna,418,,"Blue Bell,",United States,http://www.aetnafeds.com,,Business CategoriesEmployee Benefits,https://s23.a2zinc.net/clients/lrp/fdrtraining2020/Public/eBooth.aspx?IndexInList=0&FromPage=Exhibitors.aspx&ParentBoothID=&ListByBooth=true&BoothID=129822
Blue Cross Blue Shield Association,407,,"Washington,",United States,http://www.fepblue.org,,Business CategoriesWellness Employee Benefits,https://s23.a2zinc.net/clients/lrp/fdrtraining2020/Public/eBooth.aspx?IndexInList=1&FromPage=Exhibitors.aspx&ParentBoothID=&ListByBooth=true&BoothID=120043
cyberFEDS,301,,"Palm Beach Gardens,",United States,http://www.lrp.com,,Business CategoriesEEO Labor Relations,https://s23.a2zinc.net/clients/lrp/fdrtraining2020/Public/eBooth.aspx?IndexInList=2&FromPage=Exhibitors.aspx&ParentBoothID=&ListByBooth=true&BoothID=129832
FedAdvantage,217,,"San Mateo,",United States,http://www.fedadvantage.com,,Business CategoriesEmployee Benefits Training and Development Wellness,https://s23.a2zinc.net/clients/lrp/fdrtraining2020/Public/eBooth.aspx?IndexInList=3&FromPage=Exhibitors.aspx&ParentBoothID=&ListByBooth=true&BoothID=129828
Federal Mediation and Conciliation Service,"417, 101",,"Washington,",United States,http://www.fmcs.gov,,Business CategoriesEEO Labor Relations Training and Development,https://s23.a2zinc.net/clients/lrp/fdrtraining2020/Public/eBooth.aspx?IndexInList=4&FromPage=Exhibitors.aspx&ParentBoothID=&ListByBooth=true&BoothID=129823
Federal Relay,310,,"Washington,",United States,http://www.federalrelay.us,,Business CategoriesAssitive Technology Employee Communication,https://s23.a2zinc.net/clients/lrp/fdrtraining2020/Public/eBooth.aspx?IndexInList=5&FromPage=Exhibitors.aspx&ParentBoothID=&ListByBooth=true&BoothID=120055
GDC Integration Inc,404,,"Saint Louis,",United States,http://www.gdcii.com,,Business CategoriesEEO Labor Relations Workforce Planning/Workforce Analytics,https://s23.a2zinc.net/clients/lrp/fdrtraining2020/Public/eBooth.aspx?IndexInList=6&FromPage=Exhibitors.aspx&ParentBoothID=&ListByBooth=true&BoothID=120048
GEHA,316,,"Lee's Summit,",United States,https://www.geha.com,,Business CategoriesEmployee Benefits Other Wellness,https://s23.a2zinc.net/clients/lrp/fdrtraining2020/Public/eBooth.aspx?IndexInList=7&FromPage=Exhibitors.aspx&ParentBoothID=&ListByBooth=true&BoothID=129826
Gilbert Employment Law P.C.,300,,"Silver Spring,",United States,http://www.ggilbertlaw.com,,Business CategoriesConsulting Legal Services EEO Training and Development,https://s23.a2zinc.net/clients/lrp/fdrtraining2020/Public/eBooth.aspx?IndexInList=8&FromPage=Exhibitors.aspx&ParentBoothID=&ListByBooth=true&BoothID=129833
Graduate School USA,209,,"Washington,",United States,http://www.graduateschool.edu,,Business CategoriesTraining and Development,https://s23.a2zinc.net/clients/lrp/fdrtraining2020/Public/eBooth.aspx?IndexInList=9&FromPage=Exhibitors.aspx&ParentBoothID=&ListByBooth=true&BoothID=120061
Long Term Care Partners,419,,"Portsmouth,",United States,http://www.ltcfeds.com,,Business CategoriesEmployee Benefits,https://s23.a2zinc.net/clients/lrp/fdrtraining2020/Public/eBooth.aspx?IndexInList=10&FromPage=Exhibitors.aspx&ParentBoothID=&ListByBooth=true&BoothID=129827
LRP Media Group,200,,"Palm Beach Gardens,",United States,http://www.lrp.com/fed,,,https://s23.a2zinc.net/clients/lrp/fdrtraining2020/Public/eBooth.aspx?IndexInList=11&FromPage=Exhibitors.aspx&ParentBoothID=&ListByBooth=true&BoothID=129837
Manager Advantage,400,,"Palm Beach Gardens,",United States,http://www.manageradvantage.com,,Business CategoriesTraining and Development,https://s23.a2zinc.net/clients/lrp/fdrtraining2020/Public/eBooth.aspx?IndexInList=12&FromPage=Exhibitors.aspx&ParentBoothID=&ListByBooth=true&BoothID=129831
MicroPact,311,,"Herndon,",United States,https://www.micropact.com/,,Business CategoriesAssitive Technology EEO,https://s23.a2zinc.net/clients/lrp/fdrtraining2020/Public/eBooth.aspx?IndexInList=13&FromPage=Exhibitors.aspx&ParentBoothID=&ListByBooth=true&BoothID=125481
sComm,205,,"Raytown,",United States,http://www.scomm.com,,Business CategoriesAssitive Technology,https://s23.a2zinc.net/clients/lrp/fdrtraining2020/Public/eBooth.aspx?IndexInList=14&FromPage=Exhibitors.aspx&ParentBoothID=&ListByBooth=true&BoothID=129920
Starr Wright USA,408,,"Wilmington,",United States,http://www.wrightusa.com,,,https://s23.a2zinc.net/clients/lrp/fdrtraining2020/Public/eBooth.aspx?IndexInList=15&FromPage=Exhibitors.aspx&ParentBoothID=&ListByBooth=true&BoothID=120046
WAEPA,211,,"Falls Church,",United States,http://www.waepa.org,,Business CategoriesEmployee Benefits Wellness,https://s23.a2zinc.net/clients/lrp/fdrtraining2020/Public/eBooth.aspx?IndexInList=16&FromPage=Exhibitors.aspx&ParentBoothID=&ListByBooth=true&BoothID=120060
