Name,Booth_no,Address,City,Country,website,Contact_no,product,url
ABB Inc,1255,201 Westcreek Blvd,"Brampton,",Canada,http://www.abb.com/robotics,905-460-3418,Arc WeldingWelding - Arc (GMAW) Machines ,https://s36.a2zinc.net/clients/sme/FabtechCanada2020/Public/eBooth.aspx?IndexInList=0&FromPage=Exhibitors.aspx&ParentBoothID=&ListByBooth=true&BoothID=304129
Abicor Binzel,1374,650 Medimmune Ct Ste 110,"Frederick,",United States,http://binzel-abicor.com,301-846-4196,Arc WeldingWelding - Arc (GMAW) Machines ,https://s36.a2zinc.net/clients/sme/FabtechCanada2020/Public/eBooth.aspx?IndexInList=1&FromPage=Exhibitors.aspx&ParentBoothID=&ListByBooth=true&BoothID=304165
Accurpress,1405,17400 56 Ave,"Surrey,",Canada,http://www.accurpress.com,877-633-8665,Other Machinery/Equipment/Parts/ProductsOther,https://s36.a2zinc.net/clients/sme/FabtechCanada2020/Public/eBooth.aspx?IndexInList=2&FromPage=Exhibitors.aspx&ParentBoothID=&ListByBooth=true&BoothID=303486
Advanced Motion & Controls Ltd,1080,26 Saunders Rd,"Barrie,",Canada,http://www.advancedmotion.com,705-726-2260,Material Handling/MarkingConveyor Systems Storage Shelves/Racks,https://s36.a2zinc.net/clients/sme/FabtechCanada2020/Public/eBooth.aspx?IndexInList=3&FromPage=Exhibitors.aspx&ParentBoothID=&ListByBooth=true&BoothID=304012
AGT Robotics,1371,8800 Boul Parent,"Trois-Rivieres,",Canada,http://www.agtrobotics.com,819-693-9682,RoboticsRobotic Equipment - Cutting Robotic Equipment - Painting/Finishing Robotic Equipment - Welding (Arc) Robotic Equipment - Welding (Laser),https://s36.a2zinc.net/clients/sme/FabtechCanada2020/Public/eBooth.aspx?IndexInList=4&FromPage=Exhibitors.aspx&ParentBoothID=&ListByBooth=true&BoothID=304189
Air Liquide,755,1250 Bd Rene Levesque W,"Montréal,",Canada,http://www.airliquide.ca,418-932-1888,Arc WeldingWelding - Arc (GMAW) Machines ,https://s36.a2zinc.net/clients/sme/FabtechCanada2020/Public/eBooth.aspx?IndexInList=5&FromPage=Exhibitors.aspx&ParentBoothID=&ListByBooth=true&BoothID=303869
Ajan Elektronik Servis Sanayi Ve Ticaret Ltd St,223,AOSB 10039 Sokak No 10,"Cigli-Izmir,",Turkey,http://www.ajancnc.com,011 90 232-328-1202,Plate ,https://s36.a2zinc.net/clients/sme/FabtechCanada2020/Public/eBooth.aspx?IndexInList=6&FromPage=Exhibitors.aspx&ParentBoothID=&ListByBooth=true&BoothID=304310
All Lift Ltd,245,320 Clarence St,"Brampton,",Canada,www.all-lift.net,905-459-5348,,https://s36.a2zinc.net/clients/sme/FabtechCanada2020/Public/eBooth.aspx?IndexInList=7&FromPage=Exhibitors.aspx&ParentBoothID=&ListByBooth=true&BoothID=304321
Allied Powers LLC,689,9474 Twister Trace St,"Las Vegas,",United States,http://www.hidow.com,702-283-6401,,https://s36.a2zinc.net/clients/sme/FabtechCanada2020/Public/eBooth.aspx?IndexInList=8&FromPage=Exhibitors.aspx&ParentBoothID=&ListByBooth=true&BoothID=305336
Allied Scientific Pro,687,815 Boul De La Carriere Suite 203,"Gatineau,",Canada,www.alliedscientificpro.com,800-253-4107,,https://s36.a2zinc.net/clients/sme/FabtechCanada2020/Public/eBooth.aspx?IndexInList=9&FromPage=Exhibitors.aspx&ParentBoothID=&ListByBooth=true&BoothID=305335
ALM Positioners Inc,1081,8080 Centennial Expy,"Rock Island,",United States,http://www.almmh.com,309-787-6200,AssemblyAssembly Equipment/Systems,https://s36.a2zinc.net/clients/sme/FabtechCanada2020/Public/eBooth.aspx?IndexInList=10&FromPage=Exhibitors.aspx&ParentBoothID=&ListByBooth=true&BoothID=304038
Alpha Laser US,763,7799 McHenry St,"Meadville,",United States,www.alphalaser-us.com,814-336-9000,,https://s36.a2zinc.net/clients/sme/FabtechCanada2020/Public/eBooth.aspx?IndexInList=11&FromPage=Exhibitors.aspx&ParentBoothID=&ListByBooth=true&BoothID=303873
Alpha Lazer Inc.,233,221 Boul Bona Dussault,"St-Marc,",Canada,http://www.alphalazer.com,581-277-3474,LasersLaser Cutting Machines - Solid State,https://s36.a2zinc.net/clients/sme/FabtechCanada2020/Public/eBooth.aspx?IndexInList=12&FromPage=Exhibitors.aspx&ParentBoothID=&ListByBooth=true&BoothID=304315
Alternative Parts Inc,1022,7 Sawgrass Dr,"Bellport,",United States,http://www.altparts.com,888-882-6001,CuttingShears,https://s36.a2zinc.net/clients/sme/FabtechCanada2020/Public/eBooth.aspx?IndexInList=13&FromPage=Exhibitors.aspx&ParentBoothID=&ListByBooth=true&BoothID=304610
Amada Canada Ltd,605,155 Admiral Blvd.,"Mississauga,",Canada,http://www.amada.ca,905-676-9610,Bending/FormingPanel Benders,https://s36.a2zinc.net/clients/sme/FabtechCanada2020/Public/eBooth.aspx?IndexInList=14&FromPage=Exhibitors.aspx&ParentBoothID=&ListByBooth=true&BoothID=303503
Ambrell Induction Heating Solutions,544,1655 Lyell Ave,"Rochester,",United States,http://www.ambrell.com,585-889-9000,Brazing ,https://s36.a2zinc.net/clients/sme/FabtechCanada2020/Public/eBooth.aspx?IndexInList=15&FromPage=Exhibitors.aspx&ParentBoothID=&ListByBooth=true&BoothID=304421
Amico Canada,1349,1080 Corporate Dr,"Burlington,",Canada,http://www.amico-online.com,905-335-4474,Safety ,https://s36.a2zinc.net/clients/sme/FabtechCanada2020/Public/eBooth.aspx?IndexInList=16&FromPage=Exhibitors.aspx&ParentBoothID=&ListByBooth=true&BoothID=304178
Assembly Automation Alternatives,1344,7550 Hwy 27 Unit 4,"Toronto,",Canada,www.auto-alt.com,905-605-9200,,https://s36.a2zinc.net/clients/sme/FabtechCanada2020/Public/eBooth.aspx?IndexInList=17&FromPage=Exhibitors.aspx&ParentBoothID=&ListByBooth=true&BoothID=304741
ATI Industrial Automation,949,1031 Goodworth Dr,"Apex,",United States,http://www.ati-ia.com,919-772-0115,StampingPress Automation Transfer Equipment,https://s36.a2zinc.net/clients/sme/FabtechCanada2020/Public/eBooth.aspx?IndexInList=18&FromPage=Exhibitors.aspx&ParentBoothID=&ListByBooth=true&BoothID=303970
Azarbod Inc,1101,128 Angus Dr,"Toronto,",Canada,http://www.azarbod.com,416-300-0602,Business ServicesE-Commerce/C-Commerce/Web Development Inventory Management,https://s36.a2zinc.net/clients/sme/FabtechCanada2020/Public/eBooth.aspx?IndexInList=19&FromPage=Exhibitors.aspx&ParentBoothID=&ListByBooth=true&BoothID=303476
Balluff Canada Inc,1239,2840 Argentina Rd,"Mississauga,",Canada,http://www.balluff.com,905-816-1494,Material Handling/MarkingPackaging Machinery ,https://s36.a2zinc.net/clients/sme/FabtechCanada2020/Public/eBooth.aspx?IndexInList=20&FromPage=Exhibitors.aspx&ParentBoothID=&ListByBooth=true&BoothID=304718
Barrie Welding & Machine,992,39 Anne St S,"Barrie,",Canada,http://www.barriewelding.com,705-726-1444,Job Shop/Contract ManufacturingJob Shop/Contract Manufacturing Services - Assembling Job Shop/Contract Manufacturing Services - Bending ,https://s36.a2zinc.net/clients/sme/FabtechCanada2020/Public/eBooth.aspx?IndexInList=21&FromPage=Exhibitors.aspx&ParentBoothID=&ListByBooth=true&BoothID=305357
Baykal Makine A.S.,1333,Organize Sanayi Bölgesi,"Bursa,",Turkey,http://www.baykal.com.tr,90(224)2947700,Press BrakesPress Brakes (All-Electric) Press Brakes (Hydraulic) Press Brakes (Hydromechanical) Press Brakes (Mechanical) Press Brakes (Pneumatic),https://s36.a2zinc.net/clients/sme/FabtechCanada2020/Public/eBooth.aspx?IndexInList=22&FromPage=Exhibitors.aspx&ParentBoothID=&ListByBooth=true&BoothID=304755
Bescutter Canada,348,4054 rue Alfred Laliberté,"Boisbriand,",Canada,https://bescutter.ca,514-994-9525,CuttingLaser cutting,https://s36.a2zinc.net/clients/sme/FabtechCanada2020/Public/eBooth.aspx?IndexInList=23&FromPage=Exhibitors.aspx&ParentBoothID=&ListByBooth=true&BoothID=303632
Blacksmith Technology Limited,1143,#28 First Lane Xianghe Road,"Dongguan,",China,http://www.blacksmith-tool.com,86 769 81066735,Tool ,https://s36.a2zinc.net/clients/sme/FabtechCanada2020/Public/eBooth.aspx?IndexInList=24&FromPage=Exhibitors.aspx&ParentBoothID=&ListByBooth=true&BoothID=304680
Bluco Corp,974,1510 Frontenac Rd,"Naperville,",United States,http://www.bluco.com,800-535-0135,Arc WeldingWelding - Arc (GMAW) Machines ,https://s36.a2zinc.net/clients/sme/FabtechCanada2020/Public/eBooth.aspx?IndexInList=25&FromPage=Exhibitors.aspx&ParentBoothID=&ListByBooth=true&BoothID=303957
Bonal Technologies Inc,1186,1300 N Campbell Rd,"Royal Oak,",United States,http://www.bonal.com,248-582-0900,Job Shop/Contract ManufacturingJob Shop/Contract Manufacturing Services - Heat Treating,https://s36.a2zinc.net/clients/sme/FabtechCanada2020/Public/eBooth.aspx?IndexInList=26&FromPage=Exhibitors.aspx&ParentBoothID=&ListByBooth=true&BoothID=305381
Boss Products Llc,1459,6729 Guada Coma Dr Ste 100,"Schertz,",United States,http://www.bossproductsamerica.com,210-664-4200,Business ServicesConsulting - Safety,https://s36.a2zinc.net/clients/sme/FabtechCanada2020/Public/eBooth.aspx?IndexInList=27&FromPage=Exhibitors.aspx&ParentBoothID=&ListByBooth=true&BoothID=304235
Braillon Magnetics,1250,,,,,,,https://s36.a2zinc.net/clients/sme/FabtechCanada2020/Public/eBooth.aspx?IndexInList=28&FromPage=Exhibitors.aspx&ParentBoothID=&ListByBooth=true&BoothID=314220
BrandTech™ by BrandSafway,1375,5730 Fm 646 Rd E,"Dickinson,",United States,www.brandsafway.com,832-226-5150,,https://s36.a2zinc.net/clients/sme/FabtechCanada2020/Public/eBooth.aspx?IndexInList=29&FromPage=Exhibitors.aspx&ParentBoothID=&ListByBooth=true&BoothID=304191
Brennan Machinery Inc.,1133,2135 Jetstream Rd,"London,",Canada,http://www.brennan.ca,519-455-7100,Bending/FormingBeveling Machines Notching Machines Roll Benders,https://s36.a2zinc.net/clients/sme/FabtechCanada2020/Public/eBooth.aspx?IndexInList=30&FromPage=Exhibitors.aspx&ParentBoothID=&ListByBooth=true&BoothID=304675
Bruderer Machinery,681,1200 Hendricks Cswy,"Ridgefield,",United States,www.brudereramericas.com,201-941-2121,,https://s36.a2zinc.net/clients/sme/FabtechCanada2020/Public/eBooth.aspx?IndexInList=31&FromPage=Exhibitors.aspx&ParentBoothID=&ListByBooth=true&BoothID=303830
BTH Sales,862,7341 Siderd 12,"Moorefield,",Canada,bthsalescanada.com,519-574-7253,,https://s36.a2zinc.net/clients/sme/FabtechCanada2020/Public/eBooth.aspx?IndexInList=32&FromPage=Exhibitors.aspx&ParentBoothID=&ListByBooth=true&BoothID=303899
Bystronic Inc,905,"3330 Ridgeway Drive, Unit 11","Mississauga,",Canada,http://www.bystronic.ca,905-820-2999,Material Handling/MarkingAutomated Storage ,https://s36.a2zinc.net/clients/sme/FabtechCanada2020/Public/eBooth.aspx?IndexInList=33&FromPage=Exhibitors.aspx&ParentBoothID=&ListByBooth=true&BoothID=305028
Cambridge Materials Testing,1050,1177 Franklin Boulevard,"Cambridge,",Canada,http://www.cambridgematerials.com,519-621-6600,Business ServicesConsulting - Quality/ISO Engineering Services Inspection/Testing Services Research ,https://s36.a2zinc.net/clients/sme/FabtechCanada2020/Public/eBooth.aspx?IndexInList=34&FromPage=Exhibitors.aspx&ParentBoothID=&ListByBooth=true&BoothID=303997
Canada Welding Supply,986,1336 Quest Cir,"Mississauga,",Canada,,,,https://s36.a2zinc.net/clients/sme/FabtechCanada2020/Public/eBooth.aspx?IndexInList=35&FromPage=Exhibitors.aspx&ParentBoothID=&ListByBooth=true&BoothID=305354
Canaweld Inc,871,1-155 Drumlin Circle,"VAUGHAN,",Canada,http://www.canaweld.com,416-548-5650,Arc WeldingWelding - Arc (GMAW) Machines ,https://s36.a2zinc.net/clients/sme/FabtechCanada2020/Public/eBooth.aspx?IndexInList=36&FromPage=Exhibitors.aspx&ParentBoothID=&ListByBooth=true&BoothID=303929
Candet (Canadian Nde Technology Ltd ),775,124 Skyway Ave,"Toronto,",Canada,http://www.candet.ca,416-213-8000,Inspection ,https://s36.a2zinc.net/clients/sme/FabtechCanada2020/Public/eBooth.aspx?IndexInList=37&FromPage=Exhibitors.aspx&ParentBoothID=&ListByBooth=true&BoothID=303879
Caps N Plugs,264,165 Sun Pac Blvd,"Brampton,",Canada,http://www.capsnplugs.com,905-791-1303,Material Handling/MarkingProtectors - Covers/Caps/Film/Tape,https://s36.a2zinc.net/clients/sme/FabtechCanada2020/Public/eBooth.aspx?IndexInList=38&FromPage=Exhibitors.aspx&ParentBoothID=&ListByBooth=true&BoothID=303588
Chambrelan Industrial Slides Inc.,738,104-215 Boul Rene-A-Robert,"Sainte-Therese,",Canada,http://www.chambrelan.ca,514-980-4086,Material Handling/MarkingStorage Shelves/Racks,https://s36.a2zinc.net/clients/sme/FabtechCanada2020/Public/eBooth.aspx?IndexInList=39&FromPage=Exhibitors.aspx&ParentBoothID=&ListByBooth=true&BoothID=305506
Chemical Coaters Assoc International,758,P.O. Box 679,"Independence,",United States,http://www.ccaiweb.com,859-356-1030,Business ServicesAssociations Publishing Trade Show Organizer Training Services - Technical Membership Educational Seminars Publications Expositions,https://s36.a2zinc.net/clients/sme/FabtechCanada2020/Public/eBooth.aspx?IndexInList=40&FromPage=Exhibitors.aspx&ParentBoothID=&ListByBooth=true&BoothID=303845
Chicago Pneumatic Tool Company LLC,875,1815 Clubhouse Rd.,"Rock Hill,",United States,http://www.cp.com/en-us,803-817-9357,AssemblyAssembly Equipment/Systems,https://s36.a2zinc.net/clients/sme/FabtechCanada2020/Public/eBooth.aspx?IndexInList=41&FromPage=Exhibitors.aspx&ParentBoothID=&ListByBooth=true&BoothID=303931
Coherent Inc,917,5100 Patrick Henry Dr,"Santa Clara,",United States,www.rofin-inc.com,408-764-4404,,https://s36.a2zinc.net/clients/sme/FabtechCanada2020/Public/eBooth.aspx?IndexInList=42&FromPage=Exhibitors.aspx&ParentBoothID=&ListByBooth=true&BoothID=305400
Corwhin Tool & Manufacturing,1301,11 Nicholas Beaver Rd.,"Puslinch,",Canada,http://www.corwhintool.com,519-822-1089,Safety GuardsRoll up covers Bellows Shutter covers Armor aprons Way cover manufacturing Way cover repairs,https://s36.a2zinc.net/clients/sme/FabtechCanada2020/Public/eBooth.aspx?IndexInList=43&FromPage=Exhibitors.aspx&ParentBoothID=&ListByBooth=true&BoothID=303521
Costa Sanders,1238,107 Seminole Dr,"Archdale,",United States,http://www.costasanders.com,336-434-6644,FinishingDeburring Equipment Polishing/Sanding/Buffing Equipment,https://s36.a2zinc.net/clients/sme/FabtechCanada2020/Public/eBooth.aspx?IndexInList=44&FromPage=Exhibitors.aspx&ParentBoothID=&ListByBooth=true&BoothID=304698
Creaform,800,4700 rue de la Pascaline,"Lévis,",Canada,http://www.creaform3d.com,418-833-4446,Business ServicesEngineering Services Training Services - Technical 3D Printing/Additive Manufacturing/Rapid Prototying,https://s36.a2zinc.net/clients/sme/FabtechCanada2020/Public/eBooth.aspx?IndexInList=45&FromPage=Exhibitors.aspx&ParentBoothID=&ListByBooth=true&BoothID=303508
D/F Machine Specialties Inc,1453,1750 Howard Dr,"North Mankato,",United States,http://www.dfmachinespecialties.com,507-625-6200,Arc WeldingWelding - Arc (GMAW) Machines ,https://s36.a2zinc.net/clients/sme/FabtechCanada2020/Public/eBooth.aspx?IndexInList=46&FromPage=Exhibitors.aspx&ParentBoothID=&ListByBooth=true&BoothID=304232
Davis Controls Ltd,1474,2200 Bristol Cir,"Oakville,",Canada,http://www.daviscontrols.com,905-829-2000,Gases ,https://s36.a2zinc.net/clients/sme/FabtechCanada2020/Public/eBooth.aspx?IndexInList=47&FromPage=Exhibitors.aspx&ParentBoothID=&ListByBooth=true&BoothID=304217
Davis Stud Welding,971,"351 King St, Unit 4","Barrie,",Canada,http://www.davisstudwelding.com,705-720-2977,Arc WeldingWelding - Arc (Stud) Machines ,https://s36.a2zinc.net/clients/sme/FabtechCanada2020/Public/eBooth.aspx?IndexInList=48&FromPage=Exhibitors.aspx&ParentBoothID=&ListByBooth=true&BoothID=303981
DCM Tech Inc,1045,4455 Theurer Blvd,"Winona,",United States,,507-452-4043,Maintenance ,https://s36.a2zinc.net/clients/sme/FabtechCanada2020/Public/eBooth.aspx?IndexInList=49&FromPage=Exhibitors.aspx&ParentBoothID=&ListByBooth=true&BoothID=304641
Dino-Lite Scopes,848,19803 Hamilton Ave # 200,"Torrance,",United States,www.dinolite.us,310-618-9990,,https://s36.a2zinc.net/clients/sme/FabtechCanada2020/Public/eBooth.aspx?IndexInList=50&FromPage=Exhibitors.aspx&ParentBoothID=&ListByBooth=true&BoothID=303892
Dongguan Meinie Tool & Die Co Ltd,232,TaoZhiYuan High Technology Industrial Park,"Dongguan,",China,http://www.meinie.cn,86-769-89179888,Job Shop/Contract ManufacturingJob Shop/Contract Manufacturing Services - Machining,https://s36.a2zinc.net/clients/sme/FabtechCanada2020/Public/eBooth.aspx?IndexInList=51&FromPage=Exhibitors.aspx&ParentBoothID=&ListByBooth=true&BoothID=304295
Dongguan Wangbo Metal,1327,No 28 Xiawei Street Shuiwei Area,"Dongguan,",China,http://www.xinrui-tool.com,+0086 769 81289596,Tool ,https://s36.a2zinc.net/clients/sme/FabtechCanada2020/Public/eBooth.aspx?IndexInList=52&FromPage=Exhibitors.aspx&ParentBoothID=&ListByBooth=true&BoothID=304752
Dongguan Zerostart-tool Co Ltd,252,1st Building JinXing Rd 525,"Dongguan,",China,www.zerostart-tool.com,86(076)981008391,,https://s36.a2zinc.net/clients/sme/FabtechCanada2020/Public/eBooth.aspx?IndexInList=53&FromPage=Exhibitors.aspx&ParentBoothID=&ListByBooth=true&BoothID=303582
Dr. Shrink Inc,559,315 Washington St,"Manistee,",United States,http://www.dr-shrink.com,231-723-2685,Coil ProcessingCoil Packaging Systems,https://s36.a2zinc.net/clients/sme/FabtechCanada2020/Public/eBooth.aspx?IndexInList=54&FromPage=Exhibitors.aspx&ParentBoothID=&ListByBooth=true&BoothID=303767
Durmazlar Makina San. Vetic. A.S.,1123,058 75 Yilbulvari No 4,"Bursa,",Turkey,http://www.durmazlar.com.tr,(416)648-2080,Business ServicesFinancing,https://s36.a2zinc.net/clients/sme/FabtechCanada2020/Public/eBooth.aspx?IndexInList=55&FromPage=Exhibitors.aspx&ParentBoothID=&ListByBooth=true&BoothID=304670
Dynabrade Inc,844,8989 Sheridan Dr,"Clarence,",United States,http://www.dynabrade.com,716-631-0100,Safety ,https://s36.a2zinc.net/clients/sme/FabtechCanada2020/Public/eBooth.aspx?IndexInList=56&FromPage=Exhibitors.aspx&ParentBoothID=&ListByBooth=true&BoothID=304541
Dynamic Filtration,1248,55 Bathurst Drive,"Waterloo,",Canada,http://www.dynamicfiltration.ca,519-886-0749,Safety ,https://s36.a2zinc.net/clients/sme/FabtechCanada2020/Public/eBooth.aspx?IndexInList=57&FromPage=Exhibitors.aspx&ParentBoothID=&ListByBooth=true&BoothID=304100
EBM Laser,1463,109 Rue Des Grands-Lacs,"Saint-Augustin-De-Desmaures,",Canada,www.ebmlaser.com,418-878-3616,FinishingPretreatment Chemicals - Finishing Spray Booths for Painting/Powder Coating Tanks ,https://s36.a2zinc.net/clients/sme/FabtechCanada2020/Public/eBooth.aspx?IndexInList=58&FromPage=Exhibitors.aspx&ParentBoothID=&ListByBooth=true&BoothID=304237
ECE Canada LTD,557,270 Brunel Rd,"Mississauga,",Canada,http://www.ececanada.com,905-890-1919,Business ServicesSystems Integration,https://s36.a2zinc.net/clients/sme/FabtechCanada2020/Public/eBooth.aspx?IndexInList=59&FromPage=Exhibitors.aspx&ParentBoothID=&ListByBooth=true&BoothID=303766
Elumatec North America Inc,1415,4320 Ralph Jones Ct,"South Bend,",United States,http://www.elumatecnorthamerica.com,574-273-1790,CuttingProfile Cutting Machinery,https://s36.a2zinc.net/clients/sme/FabtechCanada2020/Public/eBooth.aspx?IndexInList=60&FromPage=Exhibitors.aspx&ParentBoothID=&ListByBooth=true&BoothID=305064
Empire Machinery & Tools,837,390 EAGLE DR,"Winnipeg,",Canada,http://www.empire-machinery.com,204-779-7791,Plate ,https://s36.a2zinc.net/clients/sme/FabtechCanada2020/Public/eBooth.aspx?IndexInList=61&FromPage=Exhibitors.aspx&ParentBoothID=&ListByBooth=true&BoothID=305483
Engineered Lifting Systems & Equipment Inc,1244,275 Union St,"Elmira,",Canada,http://www.engliftsystems.com,519-669-5545,Business ServicesArchitecture/Engineering Design Firms Engineering Services Inspection/Testing Services Certification,https://s36.a2zinc.net/clients/sme/FabtechCanada2020/Public/eBooth.aspx?IndexInList=62&FromPage=Exhibitors.aspx&ParentBoothID=&ListByBooth=true&BoothID=304701
Ensitech Inc,1170,1005 N Commons Dr,"Aurora,",United States,http://www.tigbrush.com,630-851-2126,,https://s36.a2zinc.net/clients/sme/FabtechCanada2020/Public/eBooth.aspx?IndexInList=63&FromPage=Exhibitors.aspx&ParentBoothID=&ListByBooth=true&BoothID=304059
Epilog Laser Corp,443,16371 Table Mountain Pkwy,"Golden,",United States,http://www.epiloglaser.com,303-277-1188,LasersLaser Cutting Machines - CO2 Lasers - Laser Surface Ablation/Coating Removal,https://s36.a2zinc.net/clients/sme/FabtechCanada2020/Public/eBooth.aspx?IndexInList=64&FromPage=Exhibitors.aspx&ParentBoothID=&ListByBooth=true&BoothID=304400
Ergotronix,987,6408 Parkland Dr,"Sarasota,",United States,http://www.ergotronix.com,941-727-7600,AssemblyAssembly Equipment/Systems,https://s36.a2zinc.net/clients/sme/FabtechCanada2020/Public/eBooth.aspx?IndexInList=65&FromPage=Exhibitors.aspx&ParentBoothID=&ListByBooth=true&BoothID=305367
ESAB Welding & Cutting Products,1162,6010 Tomken Rd,"Mississauga,",Canada,http://esab.com,905-670-0220,Arc WeldingWelding - Arc (GMAW) Machines ,https://s36.a2zinc.net/clients/sme/FabtechCanada2020/Public/eBooth.aspx?IndexInList=66&FromPage=Exhibitors.aspx&ParentBoothID=&ListByBooth=true&BoothID=304055
Euromac SPA,362,Via Per Sassuolo 68/G,"Formigine (MO),",Italy,www.euromac.com,39 (05) 579511,,https://s36.a2zinc.net/clients/sme/FabtechCanada2020/Public/eBooth.aspx?IndexInList=67&FromPage=Exhibitors.aspx&ParentBoothID=&ListByBooth=true&BoothID=317843
Eurovac Inc,989,44 Milvan Dr,"North York,",Canada,www.eurovac.com,905-738-9255,FinishingVacuum Systems for Powder Coating,https://s36.a2zinc.net/clients/sme/FabtechCanada2020/Public/eBooth.aspx?IndexInList=68&FromPage=Exhibitors.aspx&ParentBoothID=&ListByBooth=true&BoothID=305358
Faccin Spa,481,Via Dell Industria 19,,Italy,,,,https://s36.a2zinc.net/clients/sme/FabtechCanada2020/Public/eBooth.aspx?IndexInList=69&FromPage=Exhibitors.aspx&ParentBoothID=&ListByBooth=true&BoothID=303700
FANUC Canada Ltd.,955,6774 Financial Dr,"Mississauga,",Canada,http://www.fanuccanada.com,905-812-2300,LasersLaser Cutting Machines - CO2,https://s36.a2zinc.net/clients/sme/FabtechCanada2020/Public/eBooth.aspx?IndexInList=70&FromPage=Exhibitors.aspx&ParentBoothID=&ListByBooth=true&BoothID=303973
FARO Technologies Inc,733,250 Technology Park,"Lake Mary,",United States,http://www.faro.com,800-736-0234,Inspection ,https://s36.a2zinc.net/clients/sme/FabtechCanada2020/Public/eBooth.aspx?IndexInList=71&FromPage=Exhibitors.aspx&ParentBoothID=&ListByBooth=true&BoothID=305491
Fein Canadian Power Tool Co Ltd,1467,323 Traders Blvd East,"Mississauga,",Canada,http://www.fein.ca,905-890-1390,FinishingTube/Pipe Grinding ,https://s36.a2zinc.net/clients/sme/FabtechCanada2020/Public/eBooth.aspx?IndexInList=72&FromPage=Exhibitors.aspx&ParentBoothID=&ListByBooth=true&BoothID=304239
Ferric Machinery Inc,805,10 Natura Way,"Cambridge,",Canada,http://www.ferricmachinery.com,519-220-1429,Bending/FormingFolding Machines,https://s36.a2zinc.net/clients/sme/FabtechCanada2020/Public/eBooth.aspx?IndexInList=73&FromPage=Exhibitors.aspx&ParentBoothID=&ListByBooth=true&BoothID=303470
Fischer Technology Inc.,667,750 Marshall Phelps Rd,"Windsor,",United States,http://www.fischer-technology.com,860-683-0781,Inspection ,https://s36.a2zinc.net/clients/sme/FabtechCanada2020/Public/eBooth.aspx?IndexInList=74&FromPage=Exhibitors.aspx&ParentBoothID=&ListByBooth=true&BoothID=303823
Fladder-Hansen & Hundebol Inc,1027,3402 Oakcliff Rd Ste B7,"Atlanta,",United States,http://www.fladder.com,770-452-1271,FinishingAbrasive Disks/Belts/Pads/Wheels Brushes - Deburring ,https://s36.a2zinc.net/clients/sme/FabtechCanada2020/Public/eBooth.aspx?IndexInList=75&FromPage=Exhibitors.aspx&ParentBoothID=&ListByBooth=true&BoothID=304632
FlexArm Inc,945,851 Industrial Dr,"Wapakoneta,",United States,http://www.flexarminc.com,419-738-8147,AssemblyAssembly Equipment/Systems,https://s36.a2zinc.net/clients/sme/FabtechCanada2020/Public/eBooth.aspx?IndexInList=76&FromPage=Exhibitors.aspx&ParentBoothID=&ListByBooth=true&BoothID=304601
Flexovit USA Inc,1174,1305 Eden Evans Center Rd,"Angola,",United States,www.flexovitabrasives.com,716-549-5100,,https://s36.a2zinc.net/clients/sme/FabtechCanada2020/Public/eBooth.aspx?IndexInList=77&FromPage=Exhibitors.aspx&ParentBoothID=&ListByBooth=true&BoothID=304061
Flow International Corp,1233,23500 64th Ave S,"Kent,",United States,http://www.flowwaterjet.com,253-850-3500,CuttingAbrasive Cutting Machines Waterjet Cutting Machines ,https://s36.a2zinc.net/clients/sme/FabtechCanada2020/Public/eBooth.aspx?IndexInList=78&FromPage=Exhibitors.aspx&ParentBoothID=&ListByBooth=true&BoothID=304715
FomUSA,228,1065 Medina Rd Ste 800,"Medina,",United States,http://www.fomgroupusa.com,234-248-4400,CuttingProfile Cutting Machinery,https://s36.a2zinc.net/clients/sme/FabtechCanada2020/Public/eBooth.aspx?IndexInList=79&FromPage=Exhibitors.aspx&ParentBoothID=&ListByBooth=true&BoothID=304293
Formdrill USA Inc,886,4118 N Nashville Ave,"Chicago,",United States,http://www.formdrill-usa.com,647-717-6264,LubricationLubricants Lubrication Equipment,https://s36.a2zinc.net/clients/sme/FabtechCanada2020/Public/eBooth.aspx?IndexInList=80&FromPage=Exhibitors.aspx&ParentBoothID=&ListByBooth=true&BoothID=305333
Fronius Canada Ltd,1063,2875 Argentia Rd,"Mississauga,",Canada,http://www.fronius.ca,905-288-2100,Arc WeldingWelding - Arc (GMAW) Machines ,https://s36.a2zinc.net/clients/sme/FabtechCanada2020/Public/eBooth.aspx?IndexInList=81&FromPage=Exhibitors.aspx&ParentBoothID=&ListByBooth=true&BoothID=304029
Fuchs Lubricants,644,405 Dobbie Dr,"Cambridge,",Canada,,519-622-2040,LubricationCoolants Lubricants,https://s36.a2zinc.net/clients/sme/FabtechCanada2020/Public/eBooth.aspx?IndexInList=82&FromPage=Exhibitors.aspx&ParentBoothID=&ListByBooth=true&BoothID=304461
Gema USA Inc,555,4141 W 54th St,"Indianapolis,",United States,http://www.gemapowdercoating.com,317-298-5000,FinishingPowder Coating Application ,https://s36.a2zinc.net/clients/sme/FabtechCanada2020/Public/eBooth.aspx?IndexInList=83&FromPage=Exhibitors.aspx&ParentBoothID=&ListByBooth=true&BoothID=303765
Gemtex Abrasives,1457,234 Belfield Rd,"Toronto,",Canada,http://www.gemtexabrasives.com,416-245-5605,FinishingAbrasive Disks/Belts/Pads/Wheels Rust Removers - Finishing,https://s36.a2zinc.net/clients/sme/FabtechCanada2020/Public/eBooth.aspx?IndexInList=84&FromPage=Exhibitors.aspx&ParentBoothID=&ListByBooth=true&BoothID=304234
Genius ERP,1139,793 Boulevard Jean-Paul-Vincent,"Montreal,",Canada,http://www.geniuserp.com,877-987-6005,Business ServicesConsulting - Manufacturing Technology,https://s36.a2zinc.net/clients/sme/FabtechCanada2020/Public/eBooth.aspx?IndexInList=85&FromPage=Exhibitors.aspx&ParentBoothID=&ListByBooth=true&BoothID=304678
GKS Lifting and Moving Solutions LLC,744,202 North Limestone St,"Springfield,",United States,http://www.gksweb.com,937-324-8867,Other Machinery/Equipment/Parts/ProductsOther,https://s36.a2zinc.net/clients/sme/FabtechCanada2020/Public/eBooth.aspx?IndexInList=86&FromPage=Exhibitors.aspx&ParentBoothID=&ListByBooth=true&BoothID=304501
Global Finishing Solutions,567,131 Commerce Park road,"Barrie,",Canada,http://www.globalfinishing.com,800-848-8738,FinishingCoating Equipment Electrocoating Equipment Filters for Spray Booths Finishing Systems Engineering ,https://s36.a2zinc.net/clients/sme/FabtechCanada2020/Public/eBooth.aspx?IndexInList=87&FromPage=Exhibitors.aspx&ParentBoothID=&ListByBooth=true&BoothID=303771
Gullco International Ltd,1271,1175 Nicholson Rd,"Newmarket,",Canada,http://www.gullco.com,905-953-4140,Bending/FormingBeveling Machines,https://s36.a2zinc.net/clients/sme/FabtechCanada2020/Public/eBooth.aspx?IndexInList=88&FromPage=Exhibitors.aspx&ParentBoothID=&ListByBooth=true&BoothID=304137
Haeger Inc. A Pennengineering Company,238,811 Wakefield Dr Ste B,"Oakdale,",United States,www.haeger.com,800-878-4343,,https://s36.a2zinc.net/clients/sme/FabtechCanada2020/Public/eBooth.aspx?IndexInList=89&FromPage=Exhibitors.aspx&ParentBoothID=&ListByBooth=true&BoothID=304298
Heron Intelligent Equipment Co Ltd,984,No 9 Fengying Road,"Guangzhou,",China,www.heronwelder.com,86-208-7915075,,https://s36.a2zinc.net/clients/sme/FabtechCanada2020/Public/eBooth.aspx?IndexInList=90&FromPage=Exhibitors.aspx&ParentBoothID=&ListByBooth=true&BoothID=305353
Hiwin Corporation,1017,12455 Jim Dhamer Dr,"Huntley,",United States,https://www.hiwin.com,847-827-2270,Business ServicesEngineering Services,https://s36.a2zinc.net/clients/sme/FabtechCanada2020/Public/eBooth.aspx?IndexInList=91&FromPage=Exhibitors.aspx&ParentBoothID=&ListByBooth=true&BoothID=305485
HTM Sensors,939,3419 Mainway,"Burlington,",Canada,http://www.htmsensors.com,800-644-7156,Maintenance ,https://s36.a2zinc.net/clients/sme/FabtechCanada2020/Public/eBooth.aspx?IndexInList=92&FromPage=Exhibitors.aspx&ParentBoothID=&ListByBooth=true&BoothID=304598
Hyd-Mech Group Ltd,263,PO Box 1659,"Woodstock,",Canada,http://www.hydmech.com,877-276-7297,Material Handling/MarkingMaterial Feeding Equipment,https://s36.a2zinc.net/clients/sme/FabtechCanada2020/Public/eBooth.aspx?IndexInList=93&FromPage=Exhibitors.aspx&ParentBoothID=&ListByBooth=true&BoothID=303613
Hypertherm Inc,1023,PO Box 5010,"Hanover,",United States,http://www.hypertherm.com,603-643-3441,CuttingCutting Tips Cutting Tools Waterjet Cutting Machines ,https://s36.a2zinc.net/clients/sme/FabtechCanada2020/Public/eBooth.aspx?IndexInList=94&FromPage=Exhibitors.aspx&ParentBoothID=&ListByBooth=true&BoothID=304630
I.T.M. International Tool Manufacturing,1250,,,,,,CuttingCutting Tools Knives ,https://s36.a2zinc.net/clients/sme/FabtechCanada2020/Public/eBooth.aspx?IndexInList=95&FromPage=Exhibitors.aspx&ParentBoothID=&ListByBooth=true&BoothID=314210
II-VI,230,375 Saxonburg Blvd,"Saxonburg,",United States,http://www.iiviinfrared.com,724-352-1504,LasersLaser Cutting Optics ,https://s36.a2zinc.net/clients/sme/FabtechCanada2020/Public/eBooth.aspx?IndexInList=96&FromPage=Exhibitors.aspx&ParentBoothID=&ListByBooth=true&BoothID=304294
INT Machinery Inc.,633,3240 Lenworth Dr.,"Mississauga,",Canada,http://www.int-machinery.com,647-642-3646,Bending/FormingPanel Benders Roll Benders,https://s36.a2zinc.net/clients/sme/FabtechCanada2020/Public/eBooth.aspx?IndexInList=97&FromPage=Exhibitors.aspx&ParentBoothID=&ListByBooth=true&BoothID=304535
International Surface Preparation,675,5125 Timberlea Blvd,"Mississauga,",Canada,http://www.surfacepreparation.com,905-624-7373,FinishingAbrasive Disks/Belts/Pads/Wheels Blasting Equipment ,https://s36.a2zinc.net/clients/sme/FabtechCanada2020/Public/eBooth.aspx?IndexInList=98&FromPage=Exhibitors.aspx&ParentBoothID=&ListByBooth=true&BoothID=303827
IQMS,540,2231 Wisteria Ln,"Paso Robles,",United States,http://www.iqms.com,805-227-1122,Software ,https://s36.a2zinc.net/clients/sme/FabtechCanada2020/Public/eBooth.aspx?IndexInList=99&FromPage=Exhibitors.aspx&ParentBoothID=&ListByBooth=true&BoothID=305188
ISB,449,2300 Rue Victoria,"Lachine,",Canada,http://www.isblite.com,516-634-7000,Safety ,https://s36.a2zinc.net/clients/sme/FabtechCanada2020/Public/eBooth.aspx?IndexInList=100&FromPage=Exhibitors.aspx&ParentBoothID=&ListByBooth=true&BoothID=303710
IST International Surface Technologies,601,4160 Industrial Blvd,"Laval,",Canada,http://www.istblast.com,514-793-6678,FinishingBlasting Equipment ,https://s36.a2zinc.net/clients/sme/FabtechCanada2020/Public/eBooth.aspx?IndexInList=101&FromPage=Exhibitors.aspx&ParentBoothID=&ListByBooth=true&BoothID=303501
Jinan Bodor CNC Machine Co Ltd,455,"No.1299, Xinluo Ave Hi-tech Zone Jinan, Shandong, China","Jinan,",China,http://www.bodor.com,86(531)88690051,LasersLaser Cutting Optics ,https://s36.a2zinc.net/clients/sme/FabtechCanada2020/Public/eBooth.aspx?IndexInList=102&FromPage=Exhibitors.aspx&ParentBoothID=&ListByBooth=true&BoothID=303713
Jinan G. Weike Science & Technology Co. Ltd,623,C-504 In Hi Tech Square High Tech-Zone,"Jinan City,",China,www.wklaser.com,86(865)3188912386,,https://s36.a2zinc.net/clients/sme/FabtechCanada2020/Public/eBooth.aspx?IndexInList=103&FromPage=Exhibitors.aspx&ParentBoothID=&ListByBooth=true&BoothID=304530
Jordahl Studwelding,1281,35 Devon Rd,"Brampton,",Canada,http://www.constud.ca,905-792-3650,Business ServicesService/Repair ,https://s36.a2zinc.net/clients/sme/FabtechCanada2020/Public/eBooth.aspx?IndexInList=104&FromPage=Exhibitors.aspx&ParentBoothID=&ListByBooth=true&BoothID=304142
Josef Gas The Welders Superstore,1181,201 Basaltic Rd,"Concord,",Canada,http://www.josefgases.com,416-658-1212,Arc WeldingWelding - Arc (GTAW) Machines ,https://s36.a2zinc.net/clients/sme/FabtechCanada2020/Public/eBooth.aspx?IndexInList=105&FromPage=Exhibitors.aspx&ParentBoothID=&ListByBooth=true&BoothID=304090
Kaeser Compressors Canada Inc,923,3760 La Verendrye,"Boisbriand,",Canada,http://www.kaeser.ca,450-971-1414,FinishingCompressed Air Dryers ,https://s36.a2zinc.net/clients/sme/FabtechCanada2020/Public/eBooth.aspx?IndexInList=106&FromPage=Exhibitors.aspx&ParentBoothID=&ListByBooth=true&BoothID=304590
Kaka Industrial Ltd.,475,3143 Underhill Ave,"Burnaby,",Canada,http://www.kakaindustrial.ca,778-379-8688,Bending/FormingRoll Benders Roll Forming Machines,https://s36.a2zinc.net/clients/sme/FabtechCanada2020/Public/eBooth.aspx?IndexInList=107&FromPage=Exhibitors.aspx&ParentBoothID=&ListByBooth=true&BoothID=303723
Karcher Canada Inc,927,6535 Millcreek Dr,"Mississauga,",Canada,http://www.kaercher.com/ca,905-363-2402,FinishingCleaning ,https://s36.a2zinc.net/clients/sme/FabtechCanada2020/Public/eBooth.aspx?IndexInList=108&FromPage=Exhibitors.aspx&ParentBoothID=&ListByBooth=true&BoothID=304592
Karnasch Professional Tools,1250,,,,,,CuttingAnnular Cutters/Drill Bits Cutting Tools Knives ,https://s36.a2zinc.net/clients/sme/FabtechCanada2020/Public/eBooth.aspx?IndexInList=109&FromPage=Exhibitors.aspx&ParentBoothID=&ListByBooth=true&BoothID=314211
Kee Safety Ltd,700,40 North Rivermede Rd Unit 6-7,"Concord,",Canada,http://www.keesafety.ca,905-669-1494,AssemblyAssembly Equipment/Systems,https://s36.a2zinc.net/clients/sme/FabtechCanada2020/Public/eBooth.aspx?IndexInList=110&FromPage=Exhibitors.aspx&ParentBoothID=&ListByBooth=true&BoothID=305481
Kent Corporation,850,9601 York Alpha Dr,"N Royalton,",United States,http://www.kenttesgo.com,440-582-3400,Coil ProcessingCoil End Joining Equipment Coil Strip Accumulator/Loop Control Systems Coil Uncoilers/Recoilers,https://s36.a2zinc.net/clients/sme/FabtechCanada2020/Public/eBooth.aspx?IndexInList=111&FromPage=Exhibitors.aspx&ParentBoothID=&ListByBooth=true&BoothID=303893
KMT Waterjet Systems Inc,301,635 W 12th St,"Baxter Springs,",United States,http://www.kmtwaterjet.com,620-856-2151,CuttingWaterjet Cutting Machines ,https://s36.a2zinc.net/clients/sme/FabtechCanada2020/Public/eBooth.aspx?IndexInList=112&FromPage=Exhibitors.aspx&ParentBoothID=&ListByBooth=true&BoothID=303495
Kubes Steel Inc,1479,930 Arvin Ave,"Stoney Creek,",Canada,http://www.kubesteel.com,905-643-1229,Arc WeldingWelding Power Supplies - Plasma Arc,https://s36.a2zinc.net/clients/sme/FabtechCanada2020/Public/eBooth.aspx?IndexInList=113&FromPage=Exhibitors.aspx&ParentBoothID=&ListByBooth=true&BoothID=304245
KUKA Robotics Canada,975,2865 Argentia Rd.,"Mississauga,",Canada,http://www.kuka.ca,905-858-5852,RoboticsRobotic Equipment - Assembly Robotic Equipment - Cutting Robotic Equipment - Deburring/Grinding/Polishing Robotic Equipment - Finishing Robotic Equipment - Machining Robotic Equipment - Material Handling/Tending Robotic Equipment - Painting/Finishing Robotic Equipment - Welding (Arc) Robotic Equipment - Welding (Laser) Robotic Equipment - Welding (Resistance),https://s36.a2zinc.net/clients/sme/FabtechCanada2020/Public/eBooth.aspx?IndexInList=114&FromPage=Exhibitors.aspx&ParentBoothID=&ListByBooth=true&BoothID=303983
Laser Marking Technologies LLC,649,1101 W Sanilac Rd,"Caro,",United States,http://www.lasermarktech.com,866-799-0199,LasersLasers - Laser Surface Ablation/Coating Removal Laser Cutting Machines - Solid State,https://s36.a2zinc.net/clients/sme/FabtechCanada2020/Public/eBooth.aspx?IndexInList=115&FromPage=Exhibitors.aspx&ParentBoothID=&ListByBooth=true&BoothID=303814
Laserax,471,2811 Av Watt App 101,"Quebec,",Canada,,418-780-7324,,https://s36.a2zinc.net/clients/sme/FabtechCanada2020/Public/eBooth.aspx?IndexInList=116&FromPage=Exhibitors.aspx&ParentBoothID=&ListByBooth=true&BoothID=303721
laservision USA,701,595 Phalen Blvd,"Saint Paul,",United States,http://www.lasersafety.com,651-357-1800,CuttingLaser cutting,https://s36.a2zinc.net/clients/sme/FabtechCanada2020/Public/eBooth.aspx?IndexInList=117&FromPage=Exhibitors.aspx&ParentBoothID=&ListByBooth=true&BoothID=303507
Liburdi Automation Inc,985,400 Highway 6 N,"Dundas,",Canada,http://www.liburdi.com,905-689-0734,Arc WeldingWelding - Arc (GMAW) Machines ,https://s36.a2zinc.net/clients/sme/FabtechCanada2020/Public/eBooth.aspx?IndexInList=118&FromPage=Exhibitors.aspx&ParentBoothID=&ListByBooth=true&BoothID=305366
Lincoln Electric Co Of Canada Ltd,963,939 Gana Crt,"Mississauga,",Canada,http://www.lincolnelectric.com,905-565-5600,Arc WeldingWelding - Arc (GMAW) Machines ,https://s36.a2zinc.net/clients/sme/FabtechCanada2020/Public/eBooth.aspx?IndexInList=119&FromPage=Exhibitors.aspx&ParentBoothID=&ListByBooth=true&BoothID=303977
Lincoln Electric Cutting Solutions,423,101 Steve Fonyo Dr,"Vankleek Hill,",Canada,http://www.inovatechengineering.com,905-689-7771,CuttingFlame Cutting Machines Profile Cutting Machinery,https://s36.a2zinc.net/clients/sme/FabtechCanada2020/Public/eBooth.aspx?IndexInList=120&FromPage=Exhibitors.aspx&ParentBoothID=&ListByBooth=true&BoothID=304370
LISSMAC Corp,1339,356 Hudson River Road,"Waterford,",United States,,518-326-9094,FinishingEdge Finishing Equipment,https://s36.a2zinc.net/clients/sme/FabtechCanada2020/Public/eBooth.aspx?IndexInList=121&FromPage=Exhibitors.aspx&ParentBoothID=&ListByBooth=true&BoothID=304758
Loxeal Engineering Adhesives,1250,,,,,,Other Machinery/Equipment/Parts/ProductsAdhesives,https://s36.a2zinc.net/clients/sme/FabtechCanada2020/Public/eBooth.aspx?IndexInList=122&FromPage=Exhibitors.aspx&ParentBoothID=&ListByBooth=true&BoothID=314212
Luvata Ohio Inc,1075,1376 Pittsburgh Drive,"Delaware,",United States,http://www.mmluvata.com,740-368-4324,Arc WeldingWelding - Arc (GMAW) Machines ,https://s36.a2zinc.net/clients/sme/FabtechCanada2020/Public/eBooth.aspx?IndexInList=123&FromPage=Exhibitors.aspx&ParentBoothID=&ListByBooth=true&BoothID=304035
LVD Strippit,1105,12975 Clarence Center Rd,"Akron,",United States,http://www.lvdgroup.com,716-542-4511,Business ServicesService/Repair ,https://s36.a2zinc.net/clients/sme/FabtechCanada2020/Public/eBooth.aspx?IndexInList=124&FromPage=Exhibitors.aspx&ParentBoothID=&ListByBooth=true&BoothID=305030
Machitech / Beamcut Systems,424,225 Boul Bona-Dussault,"Saint-marc-des-Carrieres,",Canada,http://www.machitechautomation.com,418-268-4020,,https://s36.a2zinc.net/clients/sme/FabtechCanada2020/Public/eBooth.aspx?IndexInList=125&FromPage=Exhibitors.aspx&ParentBoothID=&ListByBooth=true&BoothID=333772
MAG Tool Inc.,255,14169 162 Ave NW,"Edmonton,",Canada,http://www.magtool.com,780-447-1904,Bending/FormingBeveling Machines Extruding Machines Roll Benders Wire Forming Machines,https://s36.a2zinc.net/clients/sme/FabtechCanada2020/Public/eBooth.aspx?IndexInList=126&FromPage=Exhibitors.aspx&ParentBoothID=&ListByBooth=true&BoothID=303609
Marktech Inc,849,"2425 Matheson Blvd, East.","Mississauga,",Canada,http://www.marktech.ca,705-715-5979,CuttingChillers - Cutting,https://s36.a2zinc.net/clients/sme/FabtechCanada2020/Public/eBooth.aspx?IndexInList=127&FromPage=Exhibitors.aspx&ParentBoothID=&ListByBooth=true&BoothID=303918
Mascou Fluids,1250,,,,,,LubricationCoolants Lubricants,https://s36.a2zinc.net/clients/sme/FabtechCanada2020/Public/eBooth.aspx?IndexInList=128&FromPage=Exhibitors.aspx&ParentBoothID=&ListByBooth=true&BoothID=314217
Mascoutech Inc,1250,"998, rue Jean-Neveu","Longueuil,",Canada,http://www.mascoutech.com,450-442-4232,Bending/FormingBeveling Machines,https://s36.a2zinc.net/clients/sme/FabtechCanada2020/Public/eBooth.aspx?IndexInList=129&FromPage=Exhibitors.aspx&ParentBoothID=&ListByBooth=true&BoothID=304101
Masteel America Corp,900,120-7490 Macdonald Rd,"Delta,",Canada,http://masteels.com,604-952-4434,Bending/FormingNotching Machines,https://s36.a2zinc.net/clients/sme/FabtechCanada2020/Public/eBooth.aspx?IndexInList=130&FromPage=Exhibitors.aspx&ParentBoothID=&ListByBooth=true&BoothID=303471
Master Air Tool Co. Ltd.,1250,,,,,,Other Machinery/Equipment/Parts/ProductsOther,https://s36.a2zinc.net/clients/sme/FabtechCanada2020/Public/eBooth.aspx?IndexInList=131&FromPage=Exhibitors.aspx&ParentBoothID=&ListByBooth=true&BoothID=314215
MC Machinery Systems Inc,823,85 Northwest Point Blvd.,"Elk Grove Village,",United States,http://www.mcmachinery.com,630-616-5920,Press BrakesPress Brakes (All-Electric) Press Brakes (Hydraulic),https://s36.a2zinc.net/clients/sme/FabtechCanada2020/Public/eBooth.aspx?IndexInList=132&FromPage=Exhibitors.aspx&ParentBoothID=&ListByBooth=true&BoothID=305482
MegaFab,239,650 Race Street,"Rockford,",United States,http://www.megafab.com,620-727-8429,Bending/FormingNotching Machines,https://s36.a2zinc.net/clients/sme/FabtechCanada2020/Public/eBooth.aspx?IndexInList=133&FromPage=Exhibitors.aspx&ParentBoothID=&ListByBooth=true&BoothID=304318
Metal Supermarkets Service Company Inc,234,520 Abilene Drive,"Mississauga,",Canada,http://www.metalsupermarkets.com,905-362-8226,Metal SuppliersMetal Shapes Supplied - Angles Metal Shapes Supplied - Bars ,https://s36.a2zinc.net/clients/sme/FabtechCanada2020/Public/eBooth.aspx?IndexInList=134&FromPage=Exhibitors.aspx&ParentBoothID=&ListByBooth=true&BoothID=304296
Metform International Ltd,822,270 Courtneypark Dr East,"Mississauga,",Canada,http://www.metformintl.com,905-670-2057,Bending/FormingCorner Forming Machines Roll Forming Machines,https://s36.a2zinc.net/clients/sme/FabtechCanada2020/Public/eBooth.aspx?IndexInList=135&FromPage=Exhibitors.aspx&ParentBoothID=&ListByBooth=true&BoothID=304570
Modula Inc,739,90 Alfred A Plourde Pkwy,"Lewiston,",United States,http://www.modula.us,207-440-3161,Software ,https://s36.a2zinc.net/clients/sme/FabtechCanada2020/Public/eBooth.aspx?IndexInList=136&FromPage=Exhibitors.aspx&ParentBoothID=&ListByBooth=true&BoothID=305494
Multicam Canada,1033,701 Millway Ave,"Concord,",Canada,http://www.multicam.ca,905-738-7954,Bending/FormingBeveling Machines,https://s36.a2zinc.net/clients/sme/FabtechCanada2020/Public/eBooth.aspx?IndexInList=137&FromPage=Exhibitors.aspx&ParentBoothID=&ListByBooth=true&BoothID=304635
MVD Makina Sanayi A.S.,439,Konya OSB Evrenkoy Cad 1 Nolu Sk No 3,"Konya,",Turkey,http://www.machinesolutions.ca,90-332-239-2233,,https://s36.a2zinc.net/clients/sme/FabtechCanada2020/Public/eBooth.aspx?IndexInList=138&FromPage=Exhibitors.aspx&ParentBoothID=&ListByBooth=true&BoothID=304378
Nachi Robotic Systems Inc,980,42775 W. Nine Mile Rd,"Novi,",United States,http://www.nachirobotics.com,248-305-6545,RoboticsRobotic Equipment - Assembly Robotic Equipment - Cutting Robotic Equipment - Deburring/Grinding/Polishing Robotic Equipment - Finishing Robotic Equipment - Machining Robotic Equipment - Material Handling/Tending Robotic Equipment - Painting/Finishing Robotic Equipment - Robot Tooling/Grippers Robotic Equipment - Welding (Arc) Robotic Equipment - Welding (Laser) Robotic Equipment - Welding (Resistance) Robotic Equipment - Laser Vision,https://s36.a2zinc.net/clients/sme/FabtechCanada2020/Public/eBooth.aspx?IndexInList=139&FromPage=Exhibitors.aspx&ParentBoothID=&ListByBooth=true&BoothID=303960
Nederman LLC,1265,5865 Mclaughlin Road,"Mississauga,",Canada,http://www.nederman.com,800-533-5286,Safety ,https://s36.a2zinc.net/clients/sme/FabtechCanada2020/Public/eBooth.aspx?IndexInList=140&FromPage=Exhibitors.aspx&ParentBoothID=&ListByBooth=true&BoothID=304134
Nelson Stud Welding,1175,6199a Danville Rd,"Mississauga,",Canada,http://www.nelsonstud.com,905-795-8277,Arc WeldingWelding - Arc (Stud) Machines ,https://s36.a2zinc.net/clients/sme/FabtechCanada2020/Public/eBooth.aspx?IndexInList=141&FromPage=Exhibitors.aspx&ParentBoothID=&ListByBooth=true&BoothID=304087
Newborn Caulk Guns,1250,,,,,,Other Machinery/Equipment/Parts/ProductsOther,https://s36.a2zinc.net/clients/sme/FabtechCanada2020/Public/eBooth.aspx?IndexInList=142&FromPage=Exhibitors.aspx&ParentBoothID=&ListByBooth=true&BoothID=314216
Nitto Kohki USA Inc,1201,46 Chancellor Dr,"Roselle,",United States,http://www.nittokohki.com,630-924-9393,CuttingAnnular Cutters/Drill Bits Cutting Tips,https://s36.a2zinc.net/clients/sme/FabtechCanada2020/Public/eBooth.aspx?IndexInList=143&FromPage=Exhibitors.aspx&ParentBoothID=&ListByBooth=true&BoothID=303481
Nordfab Ducting,570,150 Transit Ave,"Thomasville,",United States,http://www.nordfab.com,800-533-5286,Safety ,https://s36.a2zinc.net/clients/sme/FabtechCanada2020/Public/eBooth.aspx?IndexInList=144&FromPage=Exhibitors.aspx&ParentBoothID=&ListByBooth=true&BoothID=303747
Octopuz Inc,1364,170 Columbia St West Suite 6,"Waterloo,",Canada,http://www.octopuz.com,226-894-1253,RoboticsRobotic Equipment - Welding (Resistance) Robotic Equipment - Assembly Robotic Equipment - Cutting Robotic Equipment - Deburring/Grinding/Polishing Robotic Equipment - Machining Robotic Equipment - Material Handling/Tending Robotic Equipment - Painting/Finishing Robotic Equipment - Welding (Arc) Robotic Equipment - Welding (Laser),https://s36.a2zinc.net/clients/sme/FabtechCanada2020/Public/eBooth.aspx?IndexInList=145&FromPage=Exhibitors.aspx&ParentBoothID=&ListByBooth=true&BoothID=304160
Olympic Coaters Ltd,659,354 Humberline Dr,"Etobicoke,",Canada,http://www.dovercourt.biz,416-213-1706,FinishingElectroplating Processes ,https://s36.a2zinc.net/clients/sme/FabtechCanada2020/Public/eBooth.aspx?IndexInList=146&FromPage=Exhibitors.aspx&ParentBoothID=&ListByBooth=true&BoothID=303819
OMAX Corp,933,21409 72nd Ave S,"Kent,",United States,https://www.omax.com,253-872-2300,CuttingAbrasive Cutting Machines Waterjet Cutting Machines ,https://s36.a2zinc.net/clients/sme/FabtechCanada2020/Public/eBooth.aspx?IndexInList=147&FromPage=Exhibitors.aspx&ParentBoothID=&ListByBooth=true&BoothID=304595
Onramp Solutions,236,1081 South Service Rd W,"Oakville,",Canada,http://www.onramp-solutions.com/,905-901-5020,Inspection ,https://s36.a2zinc.net/clients/sme/FabtechCanada2020/Public/eBooth.aspx?IndexInList=148&FromPage=Exhibitors.aspx&ParentBoothID=&ListByBooth=true&BoothID=304297
Park Thermal International (1996) Corporation,654,62 Todd Rd,"Georgetown,",Canada,http://www.parkthermal.com,905-877-5254,AssemblyAssembly Equipment/Systems,https://s36.a2zinc.net/clients/sme/FabtechCanada2020/Public/eBooth.aspx?IndexInList=149&FromPage=Exhibitors.aspx&ParentBoothID=&ListByBooth=true&BoothID=303791
Pearl Abrasive Co,1275,375 Pido Rd,"Peterborough,",Canada,http://www.pearlabrasive.com,705-741-6447,FinishingAbrasive Disks/Belts/Pads/Wheels,https://s36.a2zinc.net/clients/sme/FabtechCanada2020/Public/eBooth.aspx?IndexInList=150&FromPage=Exhibitors.aspx&ParentBoothID=&ListByBooth=true&BoothID=304139
Pneu-Mech Systems Mfg,671,201 Pneu Mech Dr,"Statesville,",United States,http://www.pneu-mech.com,704-495-3140,FinishingAir Blow Off-Devices - Finishing Air Make-Up Systems Cleaning ,https://s36.a2zinc.net/clients/sme/FabtechCanada2020/Public/eBooth.aspx?IndexInList=151&FromPage=Exhibitors.aspx&ParentBoothID=&ListByBooth=true&BoothID=305479
Porta,1250,,,,,,Other Machinery/Equipment/Parts/ProductsOther,https://s36.a2zinc.net/clients/sme/FabtechCanada2020/Public/eBooth.aspx?IndexInList=152&FromPage=Exhibitors.aspx&ParentBoothID=&ListByBooth=true&BoothID=314218
Press Brake Safety,1043,1938 South 925 East,"Zionsville,",United States,http://www.pressbrakesafety.com,800-901-1193,Safety ,https://s36.a2zinc.net/clients/sme/FabtechCanada2020/Public/eBooth.aspx?IndexInList=153&FromPage=Exhibitors.aspx&ParentBoothID=&ListByBooth=true&BoothID=304640
Prona Tools Inc,549,2899 Steeles Ave W Unit 20,"North York,",Canada,http://www.pronatools.com/,416-739-6868,FinishingPaint Application Equipment - Liquid Painting Equipment Pumps - Finishing Spray Gun Controls,https://s36.a2zinc.net/clients/sme/FabtechCanada2020/Public/eBooth.aspx?IndexInList=154&FromPage=Exhibitors.aspx&ParentBoothID=&ListByBooth=true&BoothID=303762
Radan,1323,25 Lake St N,"Forest Lake,",United States,http://www.radan.com,651-982-0100,Other Machinery/Equipment/Parts/ProductsCNC Machining,https://s36.a2zinc.net/clients/sme/FabtechCanada2020/Public/eBooth.aspx?IndexInList=155&FromPage=Exhibitors.aspx&ParentBoothID=&ListByBooth=true&BoothID=304750
Rasco,981,1707 N Flannery Rd,"Baton Rouge,",United States,http://www.rascofr.com,800-472-7265,Safety ,https://s36.a2zinc.net/clients/sme/FabtechCanada2020/Public/eBooth.aspx?IndexInList=156&FromPage=Exhibitors.aspx&ParentBoothID=&ListByBooth=true&BoothID=303986
REA Canada Elektronik Ltd,727,"260 Sheldon Drive, Unit A","Cambridge,",Canada,http://www.reajetus.com,519-894-3300,Material Handling/MarkingMarking Equipment - Bar Coding Systems ,https://s36.a2zinc.net/clients/sme/FabtechCanada2020/Public/eBooth.aspx?IndexInList=157&FromPage=Exhibitors.aspx&ParentBoothID=&ListByBooth=true&BoothID=305488
Remi Industries Ltd,201,7885 Tranmere Dr,"Mississauga,",Canada,http://www.remiindustries.com,905-673-3922,CuttingAnnular Cutters/Drill Bits Knives ,https://s36.a2zinc.net/clients/sme/FabtechCanada2020/Public/eBooth.aspx?IndexInList=158&FromPage=Exhibitors.aspx&ParentBoothID=&ListByBooth=true&BoothID=303492
Replacement Brush Tables,256,2605 Detroit Rd Ste B,"Niles,",United States,http://www.brushtables.com,734-249-9387,Inspection ,https://s36.a2zinc.net/clients/sme/FabtechCanada2020/Public/eBooth.aspx?IndexInList=159&FromPage=Exhibitors.aspx&ParentBoothID=&ListByBooth=true&BoothID=303584
Rhino Cutting  Systems,832,5316 John Lucas Drive,"Burlington,",Canada,http://www.rhinocuttingsystems.com/,289-245-1020,CuttingProfile Cutting Machinery Flame Cutting Machines Laser cutting,https://s36.a2zinc.net/clients/sme/FabtechCanada2020/Public/eBooth.aspx?IndexInList=160&FromPage=Exhibitors.aspx&ParentBoothID=&ListByBooth=true&BoothID=304575
Rousseau Metal Inc,1400,105 Av De Gaspé Ouest,"Saint-Jean-Port-Joli,",Canada,http://www.rousseaumetal.com,418-598-3381,Maintenance ,https://s36.a2zinc.net/clients/sme/FabtechCanada2020/Public/eBooth.aspx?IndexInList=161&FromPage=Exhibitors.aspx&ParentBoothID=&ListByBooth=true&BoothID=303522
RPB Safety LLC,371,2807 Samoset Rd,"Royal Oak,",United States,www.rpbsafety.com,248-591-4000,,https://s36.a2zinc.net/clients/sme/FabtechCanada2020/Public/eBooth.aspx?IndexInList=162&FromPage=Exhibitors.aspx&ParentBoothID=&ListByBooth=true&BoothID=303669
Ryerson,639,227 W Monroe St Ste 2700,"Chicago,",United States,,855-793-7766,Business ServicesSupply Chain Management,https://s36.a2zinc.net/clients/sme/FabtechCanada2020/Public/eBooth.aspx?IndexInList=163&FromPage=Exhibitors.aspx&ParentBoothID=&ListByBooth=true&BoothID=304538
Salvagnini America Inc,205,27 Bicentennial Ct,"Hamilton,",United States,http://www.salvagnini.com,513-874-8284,PunchingPresses - Punch (Turret) Presses - Punch (Single Station),https://s36.a2zinc.net/clients/sme/FabtechCanada2020/Public/eBooth.aspx?IndexInList=164&FromPage=Exhibitors.aspx&ParentBoothID=&ListByBooth=true&BoothID=303493
Samco Machinery Ltd,381,351 Passmore Ave,"Toronto,",Canada,http://www.samco-machinery.com,416-285-0619,AssemblyAssembly Equipment/Systems,https://s36.a2zinc.net/clients/sme/FabtechCanada2020/Public/eBooth.aspx?IndexInList=165&FromPage=Exhibitors.aspx&ParentBoothID=&ListByBooth=true&BoothID=303674
Sames Kremlin Inc.,754,931 Progress Ave,"Scarborough,",Canada,http://www.kremlinrexson-sames.com/en/usa/products,416-431-5017,FinishingCoating Equipment Coatings (Consumable) Electrocoating Equipment Filters for Spray Booths Paint Application Equipment - Liquid Paint Circulating Systems Paint Drum Rotators,https://s36.a2zinc.net/clients/sme/FabtechCanada2020/Public/eBooth.aspx?IndexInList=166&FromPage=Exhibitors.aspx&ParentBoothID=&ListByBooth=true&BoothID=303843
Senfeng CNC Laser Technology USA Inc,1423,6805 E Gage Ave,"Commerce,",United States,www.senfengusa.com,323-490-7100,,https://s36.a2zinc.net/clients/sme/FabtechCanada2020/Public/eBooth.aspx?IndexInList=167&FromPage=Exhibitors.aspx&ParentBoothID=&ListByBooth=true&BoothID=304790
Shenzhen Ares Mold Technology Co Ltd,1138,"#9 Xinhe East Road, Shitanpu Community","Dongguan,",China,http://www.wisdom-tool.com,+86 0769-82621026,Tool ,https://s36.a2zinc.net/clients/sme/FabtechCanada2020/Public/eBooth.aspx?IndexInList=168&FromPage=Exhibitors.aspx&ParentBoothID=&ListByBooth=true&BoothID=304658
Shenzhen Huayuanda Technology Co Ltd,745,No 508 Donghuan Rd,"Shenzhen City,",China,http://www.yuanlinhk.com,86-755-27220010,ToolingTooling - Progressive Die Tooling - Transfer Dies,https://s36.a2zinc.net/clients/sme/FabtechCanada2020/Public/eBooth.aspx?IndexInList=169&FromPage=Exhibitors.aspx&ParentBoothID=&ListByBooth=true&BoothID=304521
ShopEdge Software Inc,1144,30 Duke St W Suite 1101,"Kitchener,",Canada,http://www.shopedgesoftware.com,519-579-1212,Software ,https://s36.a2zinc.net/clients/sme/FabtechCanada2020/Public/eBooth.aspx?IndexInList=170&FromPage=Exhibitors.aspx&ParentBoothID=&ListByBooth=true&BoothID=304661
SIC Marking Canada,1039,35-2 Rue De Lauzon,"Boucherville,",Canada,http://www.sicmarking.com,450-449-9133,Business ServicesService/Repair ,https://s36.a2zinc.net/clients/sme/FabtechCanada2020/Public/eBooth.aspx?IndexInList=171&FromPage=Exhibitors.aspx&ParentBoothID=&ListByBooth=true&BoothID=304638
SigmaTEK Systems LLC,723,1445 Kemper Meadow Dr,"Cincinnati,",United States,http://www.sigmanest.com,513-674-0005,Software ,https://s36.a2zinc.net/clients/sme/FabtechCanada2020/Public/eBooth.aspx?IndexInList=172&FromPage=Exhibitors.aspx&ParentBoothID=&ListByBooth=true&BoothID=305486
Smd Machinery Inc.,1432,600 Gorham St,"Newmarket,",Canada,www.smdmachinery.com,905-473-9095,,https://s36.a2zinc.net/clients/sme/FabtechCanada2020/Public/eBooth.aspx?IndexInList=173&FromPage=Exhibitors.aspx&ParentBoothID=&ListByBooth=true&BoothID=310897
SME,1483,7100 Woodbine Ave,"Markham,",Canada,http://www.sme.org,888-322-7333,Business ServicesMembership Educational Seminars Publications Schools - Vocational ,https://s36.a2zinc.net/clients/sme/FabtechCanada2020/Public/eBooth.aspx?IndexInList=174&FromPage=Exhibitors.aspx&ParentBoothID=&ListByBooth=true&BoothID=304247
SMS Machine Tools Ltd,270,32 Claireville Dr,"Etobicoke,",Canada,www.smsmachine.com,416-675-7300,,https://s36.a2zinc.net/clients/sme/FabtechCanada2020/Public/eBooth.aspx?IndexInList=175&FromPage=Exhibitors.aspx&ParentBoothID=&ListByBooth=true&BoothID=303591
Stainless Structurals America,874,575 Conroe Park West Dr,"Conroe,",United States,http://www.sss.us.com,877-739-6057,,https://s36.a2zinc.net/clients/sme/FabtechCanada2020/Public/eBooth.aspx?IndexInList=176&FromPage=Exhibitors.aspx&ParentBoothID=&ListByBooth=true&BoothID=303905
Starrett Company,484,121 Crescent St,"Athol,",United States,http://www.starrett.com,978-249-3551,CuttingCutting Tools Knives ,https://s36.a2zinc.net/clients/sme/FabtechCanada2020/Public/eBooth.aspx?IndexInList=177&FromPage=Exhibitors.aspx&ParentBoothID=&ListByBooth=true&BoothID=303702
Staubli Electrical Connectors,1049,100 Market St,"Windsor,",United States,http://www.staubli.com/electrical,707-838-0530,Other Machinery/Equipment/Parts/ProductsOther,https://s36.a2zinc.net/clients/sme/FabtechCanada2020/Public/eBooth.aspx?IndexInList=178&FromPage=Exhibitors.aspx&ParentBoothID=&ListByBooth=true&BoothID=304022
Stein Industries Inc,1084,19 Artisans Crescent,"London,",Canada,http://www.steinheat.com,519-659-3659,Business ServicesEngineering Services,https://s36.a2zinc.net/clients/sme/FabtechCanada2020/Public/eBooth.aspx?IndexInList=179&FromPage=Exhibitors.aspx&ParentBoothID=&ListByBooth=true&BoothID=305368
Stevens Machinery Sales Inc,936,2 Royalcrest Rd,"Toronto,",Canada,http://www.stevensmachine.com,416-798-3611,CuttingShears,https://s36.a2zinc.net/clients/sme/FabtechCanada2020/Public/eBooth.aspx?IndexInList=180&FromPage=Exhibitors.aspx&ParentBoothID=&ListByBooth=true&BoothID=305484
Superior Finishes Inc,668,80 Paramount Rd,"Winnipeg,",Canada,www.superiorfinishesinc.com,204-985-9820,,https://s36.a2zinc.net/clients/sme/FabtechCanada2020/Public/eBooth.aspx?IndexInList=181&FromPage=Exhibitors.aspx&ParentBoothID=&ListByBooth=true&BoothID=303797
Supreme Galvanizing,650,15 Blair Drive,"Brampton,",Canada,http://www.supremegalvanizing.com,905-450-7888,FinishingRust Inhibitors - Finishing Coatings (Consumable) Galvanizing Equipment ,https://s36.a2zinc.net/clients/sme/FabtechCanada2020/Public/eBooth.aspx?IndexInList=182&FromPage=Exhibitors.aspx&ParentBoothID=&ListByBooth=true&BoothID=303789
Syspro Canada,488,5995 Avebury Road,"Mississauga,",Canada,https://ca.syspro.com/,905-502-5502,Software ,https://s36.a2zinc.net/clients/sme/FabtechCanada2020/Public/eBooth.aspx?IndexInList=183&FromPage=Exhibitors.aspx&ParentBoothID=&ListByBooth=true&BoothID=305326
Techni Waterjet,433,4143 Cedar Springs Road,"Burlington,",Canada,,905-466-1234,CuttingChillers - Cutting Garnet Removal Equipment Profile Cutting Machinery Waterjet Cutting Machines ,https://s36.a2zinc.net/clients/sme/FabtechCanada2020/Public/eBooth.aspx?IndexInList=184&FromPage=Exhibitors.aspx&ParentBoothID=&ListByBooth=true&BoothID=304375
Therma-Tron-X Inc,655,1155 S Neenah Ave,"Sturgeon Bay,",United States,http://www.ttxinc.com,920-743-6568,FinishingCoating Equipment Electrocoating Equipment Environmental/Clean Rooms - Finishing Ovens for Curing Paint ,https://s36.a2zinc.net/clients/sme/FabtechCanada2020/Public/eBooth.aspx?IndexInList=185&FromPage=Exhibitors.aspx&ParentBoothID=&ListByBooth=true&BoothID=303817
Tiger Vac International Inc,870,2020 Boul Dagenais O,"Laval,",Canada,http://www.tiger-vac.com,450-622-0100,FinishingVacuum Systems for Powder Coating,https://s36.a2zinc.net/clients/sme/FabtechCanada2020/Public/eBooth.aspx?IndexInList=186&FromPage=Exhibitors.aspx&ParentBoothID=&ListByBooth=true&BoothID=303903
Toptech SMAC Machinery,533,"Unit 5,5510  Ambler Dr.","Mississauga,",Canada,http://www.smacmachinery.com,905-238-8912,Bending/FormingRoll Benders,https://s36.a2zinc.net/clients/sme/FabtechCanada2020/Public/eBooth.aspx?IndexInList=187&FromPage=Exhibitors.aspx&ParentBoothID=&ListByBooth=true&BoothID=305187
Translas Canada Industries Ltd.,1180,1099 Commerce Way,"Woodstock,",Canada,http://www.translas.ca,888-383-9080,Arc WeldingWelding - Arc (GMAW) Machines ,https://s36.a2zinc.net/clients/sme/FabtechCanada2020/Public/eBooth.aspx?IndexInList=188&FromPage=Exhibitors.aspx&ParentBoothID=&ListByBooth=true&BoothID=304065
Trotec Laser Canada,895,1705 Argentia Rd,"Mississauga,",Canada,http://troteclaser.com,866-987-6328,,https://s36.a2zinc.net/clients/sme/FabtechCanada2020/Public/eBooth.aspx?IndexInList=189&FromPage=Exhibitors.aspx&ParentBoothID=&ListByBooth=true&BoothID=304976
TRUMPF Inc,305,111 Hyde Rd,"Farmington,",United States,http://www.us.trumpf.com,860-255-6000,Business ServicesFinancing,https://s36.a2zinc.net/clients/sme/FabtechCanada2020/Public/eBooth.aspx?IndexInList=190&FromPage=Exhibitors.aspx&ParentBoothID=&ListByBooth=true&BoothID=303497
TST Tooling Software Technology LLC,826,6547 Dixie Hwy,"Clarkston,",United States,http://www.tst-software.com/,248-922-9293,Business ServicesTraining Services - Technical Certification Cad/Drafting Services,https://s36.a2zinc.net/clients/sme/FabtechCanada2020/Public/eBooth.aspx?IndexInList=191&FromPage=Exhibitors.aspx&ParentBoothID=&ListByBooth=true&BoothID=304572
Tubex Technology Machinery,355,365 Deerhurst Drive,"Brampton,",Canada,http://www.tubextechnology.com,905-581-1730,FinishingPolishing/Sanding/Buffing Equipment Tube/Pipe Deburring Equipment,https://s36.a2zinc.net/clients/sme/FabtechCanada2020/Public/eBooth.aspx?IndexInList=192&FromPage=Exhibitors.aspx&ParentBoothID=&ListByBooth=true&BoothID=303661
Turck Canada,771,140 Duffield Dr,"Markham,",Canada,,,,https://s36.a2zinc.net/clients/sme/FabtechCanada2020/Public/eBooth.aspx?IndexInList=193&FromPage=Exhibitors.aspx&ParentBoothID=&ListByBooth=true&BoothID=303877
Tyrolit Industrial Abrasives,1148,6165 Kennedy Road,"Mississuaga,",Canada,,,,https://s36.a2zinc.net/clients/sme/FabtechCanada2020/Public/eBooth.aspx?IndexInList=194&FromPage=Exhibitors.aspx&ParentBoothID=&ListByBooth=true&BoothID=304048
Uni-Spray Systems Inc,673,44 Durward Pl,"Waterloo,",Canada,http://www.uni-spray.com,519-885-4270,FinishingNozzles for Finishing Spray Washers,https://s36.a2zinc.net/clients/sme/FabtechCanada2020/Public/eBooth.aspx?IndexInList=195&FromPage=Exhibitors.aspx&ParentBoothID=&ListByBooth=true&BoothID=305480
Unist Inc,545,4134 36th St SE,"Grand Rapids,",United States,http://www.unist.com,616-949-0853,Software ,https://s36.a2zinc.net/clients/sme/FabtechCanada2020/Public/eBooth.aspx?IndexInList=196&FromPage=Exhibitors.aspx&ParentBoothID=&ListByBooth=true&BoothID=304441
Universal Robots USA Inc,1365,5430 Data Ct Ste 300,"Ann Arbor,",United States,https://www.universal-robots.com/,844-462-6268,RoboticsRobotic Equipment - Assembly Robotic Equipment - Cutting Robotic Equipment - Deburring/Grinding/Polishing Robotic Equipment - Finishing Robotic Equipment - Machining Robotic Equipment - Material Handling/Tending Robotic Equipment - Painting/Finishing Robotic Equipment - Robot Tooling/Grippers Robotic Equipment - Welding (Arc) Robotic Equipment - Laser Vision,https://s36.a2zinc.net/clients/sme/FabtechCanada2020/Public/eBooth.aspx?IndexInList=197&FromPage=Exhibitors.aspx&ParentBoothID=&ListByBooth=true&BoothID=304186
Uniweld Products Inc,993,2850 Ravenswood Rd,"Ft Lauderdale,",United States,www.uniweld.com,954-584-2000,,https://s36.a2zinc.net/clients/sme/FabtechCanada2020/Public/eBooth.aspx?IndexInList=198&FromPage=Exhibitors.aspx&ParentBoothID=&ListByBooth=true&BoothID=305371
VaporTech,766,6400 Dry Creek Pkwy,"Longmont,",United States,http://www.vaportech.com,303-652-8500,FinishingCoating Equipment,https://s36.a2zinc.net/clients/sme/FabtechCanada2020/Public/eBooth.aspx?IndexInList=199&FromPage=Exhibitors.aspx&ParentBoothID=&ListByBooth=true&BoothID=303849
VentCor Systems,662,93 Woodstream Blvd Unit 4,"Woodbridge,",Canada,,905-760-8006,FinishingAir Blow Off-Devices - Finishing Air Make-Up Systems Cleaning ,https://s36.a2zinc.net/clients/sme/FabtechCanada2020/Public/eBooth.aspx?IndexInList=200&FromPage=Exhibitors.aspx&ParentBoothID=&ListByBooth=true&BoothID=303795
Vention,1384,4767 Rue Dagenais,"Montreal,",Canada,www.vention.io,800-940-3617,,https://s36.a2zinc.net/clients/sme/FabtechCanada2020/Public/eBooth.aspx?IndexInList=201&FromPage=Exhibitors.aspx&ParentBoothID=&ListByBooth=true&BoothID=305392
Vibra Finish Ltd,260,5329 Maingate Dr,"Mississauga,",Canada,http://vibra.com,905-625-9955,FinishingBlasting Equipment ,https://s36.a2zinc.net/clients/sme/FabtechCanada2020/Public/eBooth.aspx?IndexInList=202&FromPage=Exhibitors.aspx&ParentBoothID=&ListByBooth=true&BoothID=303534
VKS - Visual Knowledge Share,220,1241 Cascades St.,"Chateauguay,",Canada,http://www.vksapp.com,855-201-4656,Software ,https://s36.a2zinc.net/clients/sme/FabtechCanada2020/Public/eBooth.aspx?IndexInList=203&FromPage=Exhibitors.aspx&ParentBoothID=&ListByBooth=true&BoothID=304289
Walter Surface Technologies,463,5977 Transcanada Hwy,"Pointe-Claire,",Canada,http://www.walter.com,514-630-2800,CuttingAbrasive Cutting Compounds Annular Cutters/Drill Bits Cutting Tools,https://s36.a2zinc.net/clients/sme/FabtechCanada2020/Public/eBooth.aspx?IndexInList=204&FromPage=Exhibitors.aspx&ParentBoothID=&ListByBooth=true&BoothID=303717
Westway Machinery Ltd,1204,2370 Cawthra Road,"Mississauga,",Canada,http://www.westwaymachinery.com,905-803-9999,FinishingDeburring Equipment Tube/Pipe Deburring Equipment,https://s36.a2zinc.net/clients/sme/FabtechCanada2020/Public/eBooth.aspx?IndexInList=205&FromPage=Exhibitors.aspx&ParentBoothID=&ListByBooth=true&BoothID=303519
Wilpu,1250,,,,,,Other Machinery/Equipment/Parts/ProductsOther,https://s36.a2zinc.net/clients/sme/FabtechCanada2020/Public/eBooth.aspx?IndexInList=206&FromPage=Exhibitors.aspx&ParentBoothID=&ListByBooth=true&BoothID=314219
Wire Wizard Welding Products,1071,5750 Marathon Dr,"Jackson,",United States,http://www.wire-wizard.com,517-782-8040,Arc WeldingWelding - Arc (GMAW) Machines ,https://s36.a2zinc.net/clients/sme/FabtechCanada2020/Public/eBooth.aspx?IndexInList=207&FromPage=Exhibitors.aspx&ParentBoothID=&ListByBooth=true&BoothID=304033
Wurth Canada Ltd,685,345 Hanlon Creek Blvd,"Guelph,",Canada,,,,https://s36.a2zinc.net/clients/sme/FabtechCanada2020/Public/eBooth.aspx?IndexInList=208&FromPage=Exhibitors.aspx&ParentBoothID=&ListByBooth=true&BoothID=305334
Xinyongxu Metal Mould (Shenzhen) Co Ltd,224,Building 4&5 D District,"Shenzhen City,",China,www.sznka.com,86-755-81769004,,https://s36.a2zinc.net/clients/sme/FabtechCanada2020/Public/eBooth.aspx?IndexInList=209&FromPage=Exhibitors.aspx&ParentBoothID=&ListByBooth=true&BoothID=304291
Yong Da Precision Mould (Dongguan) Co Ltd,262,No 48 Zhong Nan Zhong Rd Shangsha Village,"Dongguan,",China,www.jyiyuan.com,86(769)85312541,,https://s36.a2zinc.net/clients/sme/FabtechCanada2020/Public/eBooth.aspx?IndexInList=210&FromPage=Exhibitors.aspx&ParentBoothID=&ListByBooth=true&BoothID=303587
Zhejiang Jingwei Welding & Cutting Technology Co Ltd,880,6 Dingxiang Road,"Jinhua City,",China,,86(579)87921039,CuttingCutting Tools,https://s36.a2zinc.net/clients/sme/FabtechCanada2020/Public/eBooth.aspx?IndexInList=211&FromPage=Exhibitors.aspx&ParentBoothID=&ListByBooth=true&BoothID=303908
Zibo TAA METAL TECHNOLOGY CO. LTD,563,"Mengshui, Zhoucun","Zibo,",China,,86(865)336881687,,https://s36.a2zinc.net/clients/sme/FabtechCanada2020/Public/eBooth.aspx?IndexInList=212&FromPage=Exhibitors.aspx&ParentBoothID=&ListByBooth=true&BoothID=303769
Zirconium Consultancy Services,543,"Suite 202, 727 Woolwich","GUELPH,",Canada,,800-945-1924,,https://s36.a2zinc.net/clients/sme/FabtechCanada2020/Public/eBooth.aspx?IndexInList=213&FromPage=Exhibitors.aspx&ParentBoothID=&ListByBooth=true&BoothID=304440
