Name,Booth_no,Address,City,Country,website,Contact_no,product,url
3D Systems Healthcare,1041,,"Littleton,",United States,http://www.simbionix.com,,"Cardiovascular Educational Products,Services Imaging,Ultrasound Equipment",https://s36.a2zinc.net/clients/acep/acep19/Public/eBooth.aspx?IndexInList=0&FromPage=Exhibitors.aspx&ParentBoothID=&ListByBooth=true&BoothID=120048
"3rd Rock Ultrasound, LLC",426,,"Columbia,",United States,http://www.emergencyultrasound.com,,"Imaging,Ultrasound Equipment Educational Products,Services Cardiovascular",https://s36.a2zinc.net/clients/acep/acep19/Public/eBooth.aspx?IndexInList=1&FromPage=Exhibitors.aspx&ParentBoothID=&ListByBooth=true&BoothID=119534
"AAFP Insurance Services, Inc.",166,,"Leawood,",United States,www.aafpins.com,,,https://s36.a2zinc.net/clients/acep/acep19/Public/eBooth.aspx?IndexInList=2&FromPage=Exhibitors.aspx&ParentBoothID=&ListByBooth=true&BoothID=119714
"AB Staffing Solutions, LLC",942,,"Gilbert,",United States,http://www.abstaffing.com,,"Consulting Services Recruiting Staffing,Management",https://s36.a2zinc.net/clients/acep/acep19/Public/eBooth.aspx?IndexInList=3&FromPage=Exhibitors.aspx&ParentBoothID=&ListByBooth=true&BoothID=119169
ABRAMEDE (Brazilian Emergency Medicine Society),1265,,"Fortaleza,",Brazil,http://abramede.com.br,,,https://s36.a2zinc.net/clients/acep/acep19/Public/eBooth.aspx?IndexInList=4&FromPage=Exhibitors.aspx&ParentBoothID=&ListByBooth=true&BoothID=118939
AcelRx Pharmaceuticals,1848,,"Redwood City,",United States,http://www.acelrx.com,,Pharmaceuticals,https://s36.a2zinc.net/clients/acep/acep19/Public/eBooth.aspx?IndexInList=5&FromPage=Exhibitors.aspx&ParentBoothID=&ListByBooth=true&BoothID=120080
ACEP Bookstore,1021,,"Dallas,",United States,http://www.acep.org/bookstore,,,https://s36.a2zinc.net/clients/acep/acep19/Public/eBooth.aspx?IndexInList=6&FromPage=Exhibitors.aspx&ParentBoothID=&ListByBooth=true&BoothID=119960
ACEP innovatED,1026,,"Dallas,",United States,http://www.acep.org/innovatED,,,https://s36.a2zinc.net/clients/acep/acep19/Public/eBooth.aspx?IndexInList=7&FromPage=Exhibitors.aspx&ParentBoothID=&ListByBooth=true&BoothID=119952
ACEP Pediatric SimBox,124,,"Dallas,",United States,http://www.acep.org,,ACEP Related,https://s36.a2zinc.net/clients/acep/acep19/Public/eBooth.aspx?IndexInList=8&FromPage=Exhibitors.aspx&ParentBoothID=&ListByBooth=true&BoothID=121862
ACEP Relaxation Station,1951,,"Irving,",United States,http://www.acep.org,,,https://s36.a2zinc.net/clients/acep/acep19/Public/eBooth.aspx?IndexInList=9&FromPage=Exhibitors.aspx&ParentBoothID=&ListByBooth=true&BoothID=118454
ACEP Relaxation Station,115,,"Irving,",United States,http://www.acep.org,,,https://s36.a2zinc.net/clients/acep/acep19/Public/eBooth.aspx?IndexInList=10&FromPage=Exhibitors.aspx&ParentBoothID=&ListByBooth=true&BoothID=119738
ACEP Section on International Emergency Medicine,1169,,"Irving,",United States,http://www.acep.org,,ACEP Related,https://s36.a2zinc.net/clients/acep/acep19/Public/eBooth.aspx?IndexInList=11&FromPage=Exhibitors.aspx&ParentBoothID=&ListByBooth=true&BoothID=119006
ACEP Wellness Booth,1321,,"Irving,",United States,http://www.acep.org,,ACEP Related,https://s36.a2zinc.net/clients/acep/acep19/Public/eBooth.aspx?IndexInList=12&FromPage=Exhibitors.aspx&ParentBoothID=&ListByBooth=true&BoothID=119931
ACUTE Center for Eating Disorders at Denver Health,1761,,"Denver,",United States,https://www.denverhealth.org/services/acute-center-for-eating-disorders,,"ACEP Related Specialty Products,Services",https://s36.a2zinc.net/clients/acep/acep19/Public/eBooth.aspx?IndexInList=13&FromPage=Exhibitors.aspx&ParentBoothID=&ListByBooth=true&BoothID=118589
Aerogen,932,,"Chicago,",United States,http://www.aerogen.com/,,Emergency Medical Equipment,https://s36.a2zinc.net/clients/acep/acep19/Public/eBooth.aspx?IndexInList=14&FromPage=Exhibitors.aspx&ParentBoothID=&ListByBooth=true&BoothID=119177
AgileMD,1467,,"San Francisco,",United States,http://www.agilemd.com,,"Computer Software,Hardware Consulting Services Educational Products,Services",https://s36.a2zinc.net/clients/acep/acep19/Public/eBooth.aspx?IndexInList=15&FromPage=Exhibitors.aspx&ParentBoothID=&ListByBooth=true&BoothID=122277
Air Methods,169,,"Greenwood Village,",United States,http://airmethods.com,,,https://s36.a2zinc.net/clients/acep/acep19/Public/eBooth.aspx?IndexInList=16&FromPage=Exhibitors.aspx&ParentBoothID=&ListByBooth=true&BoothID=119711
Air Visits,2111,,"Iselin,",United States,http://www.airvisits.com,,"Documentation Services Billing,Coding Services Specialty Products,Services",https://s36.a2zinc.net/clients/acep/acep19/Public/eBooth.aspx?IndexInList=17&FromPage=Exhibitors.aspx&ParentBoothID=&ListByBooth=true&BoothID=118365
Allergan,1831,,"Madison,",United States,http://www.allergan.com,,Pharmaceuticals,https://s36.a2zinc.net/clients/acep/acep19/Public/eBooth.aspx?IndexInList=18&FromPage=Exhibitors.aspx&ParentBoothID=&ListByBooth=true&BoothID=120092
Alteon Health,651,,"Germantown,",United States,https://www.alteonhealth.com,,"Recruiting Staffing,Management",https://s36.a2zinc.net/clients/acep/acep19/Public/eBooth.aspx?IndexInList=19&FromPage=Exhibitors.aspx&ParentBoothID=&ListByBooth=true&BoothID=119377
ambu inc.,1661,,"Columbia,",United States,http://ambuusa.com,,Emergency Medical Equipment,https://s36.a2zinc.net/clients/acep/acep19/Public/eBooth.aspx?IndexInList=20&FromPage=Exhibitors.aspx&ParentBoothID=&ListByBooth=true&BoothID=118655
American Academy of Addiction Psychiatry--PCSS,457,,"East Providence,",United States,http://www.pcssnow.org,,,https://s36.a2zinc.net/clients/acep/acep19/Public/eBooth.aspx?IndexInList=21&FromPage=Exhibitors.aspx&ParentBoothID=&ListByBooth=true&BoothID=119506
American Academy of Emergency Medicine Physician Group (AAEM-PG),1846,,"Milwaukee,",United States,http://www.aaemphysiciangroup.com/,,"Staffing,Management",https://s36.a2zinc.net/clients/acep/acep19/Public/eBooth.aspx?IndexInList=22&FromPage=Exhibitors.aspx&ParentBoothID=&ListByBooth=true&BoothID=120084
American Board of Emergency Medicine (ABEM),2012,,"East Lansing,",United States,http://www.abem.org,,,https://s36.a2zinc.net/clients/acep/acep19/Public/eBooth.aspx?IndexInList=23&FromPage=Exhibitors.aspx&ParentBoothID=&ListByBooth=true&BoothID=118419
American College of Medical Toxicology,1755,,"Phoenix,",United States,http://www.acmt.net,,"Non-Profit Organization,Association",https://s36.a2zinc.net/clients/acep/acep19/Public/eBooth.aspx?IndexInList=24&FromPage=Exhibitors.aspx&ParentBoothID=&ListByBooth=true&BoothID=118594
American Physician Partners,1827,,"Brentwood,",United States,https://appartners.com,,"Recruiting Staffing,Management",https://s36.a2zinc.net/clients/acep/acep19/Public/eBooth.aspx?IndexInList=25&FromPage=Exhibitors.aspx&ParentBoothID=&ListByBooth=true&BoothID=118475
ApolloMD,421,,"Atlanta,",United States,http://www.apollomd.com,,"Recruiting Staffing,Management",https://s36.a2zinc.net/clients/acep/acep19/Public/eBooth.aspx?IndexInList=26&FromPage=Exhibitors.aspx&ParentBoothID=&ListByBooth=true&BoothID=120066
"Applied Medico-Legal Solutions RRG, Inc.",1017,,"Pennington,",United States,http://www.amsrrg.com,,"Insurance,Risk Management",https://s36.a2zinc.net/clients/acep/acep19/Public/eBooth.aspx?IndexInList=27&FromPage=Exhibitors.aspx&ParentBoothID=&ListByBooth=true&BoothID=120044
Appriss Health,738,,"Louisville,",United States,https://apprisshealth.com,,"Patient Monitoring Computer Software,Hardware Safety",https://s36.a2zinc.net/clients/acep/acep19/Public/eBooth.aspx?IndexInList=28&FromPage=Exhibitors.aspx&ParentBoothID=&ListByBooth=true&BoothID=119316
AR Resources Inc.,1758,,"Blue Bell,",United States,http://www.arresourcesinc.com,,"Specialty Products,Services",https://s36.a2zinc.net/clients/acep/acep19/Public/eBooth.aspx?IndexInList=29&FromPage=Exhibitors.aspx&ParentBoothID=&ListByBooth=true&BoothID=118591
Arkansas Children's Hospital,165,,"Little Rock,",United States,http://www.archildrens.org,,,https://s36.a2zinc.net/clients/acep/acep19/Public/eBooth.aspx?IndexInList=30&FromPage=Exhibitors.aspx&ParentBoothID=&ListByBooth=true&BoothID=119715
Army Medical Recruiting,451,,"Fort Knox,",United States,http://www.goarmy.com/amedd,,"Non-Profit Organization,Association Recruiting",https://s36.a2zinc.net/clients/acep/acep19/Public/eBooth.aspx?IndexInList=31&FromPage=Exhibitors.aspx&ParentBoothID=&ListByBooth=true&BoothID=119512
Ascension,365,,"Milwaukee,",United States,https://healthcare.ascension.org/Sites-of-Care/Ascension-Wisconsin,,,https://s36.a2zinc.net/clients/acep/acep19/Public/eBooth.aspx?IndexInList=32&FromPage=Exhibitors.aspx&ParentBoothID=&ListByBooth=true&BoothID=119572
AstraZeneca,254,,"Wilmington,",United States,http://www.astrazeneca.com,,Pharmaceuticals,https://s36.a2zinc.net/clients/acep/acep19/Public/eBooth.aspx?IndexInList=33&FromPage=Exhibitors.aspx&ParentBoothID=&ListByBooth=true&BoothID=119653
Atlantic Pension Planning,1049,,"Pleasantville,",United States,http://www.atlanticpension.com,,"Insurance,Risk Management",https://s36.a2zinc.net/clients/acep/acep19/Public/eBooth.aspx?IndexInList=34&FromPage=Exhibitors.aspx&ParentBoothID=&ListByBooth=true&BoothID=119090
Atlas Emergency Physicians,627,,"Milwaukee,",United States,http://www.atlasemergencyphysicians.com,,"Staffing,Management",https://s36.a2zinc.net/clients/acep/acep19/Public/eBooth.aspx?IndexInList=35&FromPage=Exhibitors.aspx&ParentBoothID=&ListByBooth=true&BoothID=120167
"Avive Solutions, Inc",934,,"San Francisco ,",United States,https://www.revive.life/,,,https://s36.a2zinc.net/clients/acep/acep19/Public/eBooth.aspx?IndexInList=36&FromPage=Exhibitors.aspx&ParentBoothID=&ListByBooth=true&BoothID=119176
Bardy Diagnostics,756,,"Seattle,",United States,http://www.bardydx.com,,"Cardiovascular Diagnostic Products,Services Patient Monitoring",https://s36.a2zinc.net/clients/acep/acep19/Public/eBooth.aspx?IndexInList=37&FromPage=Exhibitors.aspx&ParentBoothID=&ListByBooth=true&BoothID=119300
Bayhealth Medical Center,1543,,"Dover,",United States,http://www.bayhealth.org,,"Recruiting Staffing,Management",https://s36.a2zinc.net/clients/acep/acep19/Public/eBooth.aspx?IndexInList=38&FromPage=Exhibitors.aspx&ParentBoothID=&ListByBooth=true&BoothID=118743
Baylor Scott & White Health,611,,"Temple,",United States,https://www.bswhealth.med/Pages/careers/physicians.aspx,,Recruiting,https://s36.a2zinc.net/clients/acep/acep19/Public/eBooth.aspx?IndexInList=39&FromPage=Exhibitors.aspx&ParentBoothID=&ListByBooth=true&BoothID=119413
"Bettinger, Stimler, & Associates, LLC",808,,"Pinecrest,",United States,http://www.bsahealthcare.com,,"Billing,Coding Services Consulting Services Educational Products,Services",https://s36.a2zinc.net/clients/acep/acep19/Public/eBooth.aspx?IndexInList=40&FromPage=Exhibitors.aspx&ParentBoothID=&ListByBooth=true&BoothID=119271
"BioDirection, Inc",462,,"Oro Valley,",United States,www.biodirection.com,,,https://s36.a2zinc.net/clients/acep/acep19/Public/eBooth.aspx?IndexInList=41&FromPage=Exhibitors.aspx&ParentBoothID=&ListByBooth=true&BoothID=119502
BioFire Diagnostics,746,,"Salt Lake City,",United States,http://www.biofiredx.com,,"Diagnostic Products,Services",https://s36.a2zinc.net/clients/acep/acep19/Public/eBooth.aspx?IndexInList=42&FromPage=Exhibitors.aspx&ParentBoothID=&ListByBooth=true&BoothID=119309
B-LINE MEDICAL,209,,"Washington,",United States,http://www.blinemedical.com,,"Educational Products,Services Patient Monitoring Specialty Products,Services",https://s36.a2zinc.net/clients/acep/acep19/Public/eBooth.aspx?IndexInList=43&FromPage=Exhibitors.aspx&ParentBoothID=&ListByBooth=true&BoothID=119692
BMS/Pfizer,1031,,"New York,",United States,http://www.eliquis.com,,Pharmaceuticals,https://s36.a2zinc.net/clients/acep/acep19/Public/eBooth.aspx?IndexInList=44&FromPage=Exhibitors.aspx&ParentBoothID=&ListByBooth=true&BoothID=119107
Bot MD,1149,,"San Francisco,",United States,https://www.botmd.io,,,https://s36.a2zinc.net/clients/acep/acep19/Public/eBooth.aspx?IndexInList=45&FromPage=Exhibitors.aspx&ParentBoothID=&ListByBooth=true&BoothID=119022
BrainScope,758,,"Bethesda,",United States,http://www.brainscope.com,,"Emergency Medical Equipment Other Specialty Products,Services",https://s36.a2zinc.net/clients/acep/acep19/Public/eBooth.aspx?IndexInList=46&FromPage=Exhibitors.aspx&ParentBoothID=&ListByBooth=true&BoothID=119297
Brault,1014,,"San Dimas,",United States,http://www.emergencygroupsoffice.com,,"Billing,Coding Services",https://s36.a2zinc.net/clients/acep/acep19/Public/eBooth.aspx?IndexInList=47&FromPage=Exhibitors.aspx&ParentBoothID=&ListByBooth=true&BoothID=119121
BRC,415,,"San Antonio,",United States,http://www.brconline.com/,,Recruiting,https://s36.a2zinc.net/clients/acep/acep19/Public/eBooth.aspx?IndexInList=48&FromPage=Exhibitors.aspx&ParentBoothID=&ListByBooth=true&BoothID=119544
BSN Medical Inc.,1643,,"Charlotte,",United States,http://www.bsnmedical.com,,Orthopedic Products Wound Care Products,https://s36.a2zinc.net/clients/acep/acep19/Public/eBooth.aspx?IndexInList=49&FromPage=Exhibitors.aspx&ParentBoothID=&ListByBooth=true&BoothID=118670
BTG International Inc.,1816,,"West Conshohocken,",United States,http://www.btgplc.com,,Pharmaceuticals,https://s36.a2zinc.net/clients/acep/acep19/Public/eBooth.aspx?IndexInList=50&FromPage=Exhibitors.aspx&ParentBoothID=&ListByBooth=true&BoothID=118559
"Butterfly Network, Inc.",1247,,"Guilford,",United States,https://www.butterflynetwork.com,,"Imaging,Ultrasound Equipment",https://s36.a2zinc.net/clients/acep/acep19/Public/eBooth.aspx?IndexInList=51&FromPage=Exhibitors.aspx&ParentBoothID=&ListByBooth=true&BoothID=120060
CAE Healthcare,629,,"Sarasota,",United States,http://www.caehealthcare.com,,"Consulting Services Educational Products,Services Imaging,Ultrasound Equipment",https://s36.a2zinc.net/clients/acep/acep19/Public/eBooth.aspx?IndexInList=52&FromPage=Exhibitors.aspx&ParentBoothID=&ListByBooth=true&BoothID=119396
Cape Fear Valley Health,561,,"Fayetteville,",United States,http://www.capefearvalley.com,,"Non-Profit Organization,Association",https://s36.a2zinc.net/clients/acep/acep19/Public/eBooth.aspx?IndexInList=53&FromPage=Exhibitors.aspx&ParentBoothID=&ListByBooth=true&BoothID=119437
CEDR and E-QUAL,626,,"Dallas,",United States,http://www.acep.org/cedr,,,https://s36.a2zinc.net/clients/acep/acep19/Public/eBooth.aspx?IndexInList=54&FromPage=Exhibitors.aspx&ParentBoothID=&ListByBooth=true&BoothID=120168
Central Intelligence Agency,467,,"Washington,",United States,http://cia.gov,,Recruiting,https://s36.a2zinc.net/clients/acep/acep19/Public/eBooth.aspx?IndexInList=55&FromPage=Exhibitors.aspx&ParentBoothID=&ListByBooth=true&BoothID=119497
CEPHEID,1658,,"Sunnyvale,",United States,http://www.cepheid.com,,"Diagnostic Products,Services",https://s36.a2zinc.net/clients/acep/acep19/Public/eBooth.aspx?IndexInList=56&FromPage=Exhibitors.aspx&ParentBoothID=&ListByBooth=true&BoothID=118656
Ceribell,834,,"Mountain View,",United States,http://www.ceribell.com,,"Diagnostic Products,Services Emergency Medical Equipment Patient Monitoring",https://s36.a2zinc.net/clients/acep/acep19/Public/eBooth.aspx?IndexInList=57&FromPage=Exhibitors.aspx&ParentBoothID=&ListByBooth=true&BoothID=119247
Challenger Corporation,2021,,"Memphis,",United States,http://challengercme.com,,"Educational Products,Services Computer Software,Hardware",https://s36.a2zinc.net/clients/acep/acep19/Public/eBooth.aspx?IndexInList=58&FromPage=Exhibitors.aspx&ParentBoothID=&ListByBooth=true&BoothID=118356
Change Healthcare,937,,"Jacksonville,",United States,http://www.changehealthcare.com,,"Billing,Coding Services Consulting Services Documentation Services",https://s36.a2zinc.net/clients/acep/acep19/Public/eBooth.aspx?IndexInList=59&FromPage=Exhibitors.aspx&ParentBoothID=&ListByBooth=true&BoothID=119172
Charleston Area Medical Center,1837,,"Charleston,",United States,http://camc.org,,Recruiting,https://s36.a2zinc.net/clients/acep/acep19/Public/eBooth.aspx?IndexInList=60&FromPage=Exhibitors.aspx&ParentBoothID=&ListByBooth=true&BoothID=118539
"Cheetah Medical, Inc.",1945,,"Newton Center,",United States,http://www.cheetah-medical.com,,Other Patient Monitoring Safety,https://s36.a2zinc.net/clients/acep/acep19/Public/eBooth.aspx?IndexInList=61&FromPage=Exhibitors.aspx&ParentBoothID=&ListByBooth=true&BoothID=118461
Chickasaw Nation Department of Health,1752,,"Ada,",United States,http://www.chickasaw.net,,Recruiting,https://s36.a2zinc.net/clients/acep/acep19/Public/eBooth.aspx?IndexInList=62&FromPage=Exhibitors.aspx&ParentBoothID=&ListByBooth=true&BoothID=118596
Cleveland Clinic,612,,"Lyndhurst,",United States,http://my.clevelandclinic.org/careers,,Recruiting,https://s36.a2zinc.net/clients/acep/acep19/Public/eBooth.aspx?IndexInList=63&FromPage=Exhibitors.aspx&ParentBoothID=&ListByBooth=true&BoothID=119411
"Clozex Medical, Inc.",1042,,"Wellesley,",United States,http://www.clozex.com,,Wound Care Products,https://s36.a2zinc.net/clients/acep/acep19/Public/eBooth.aspx?IndexInList=64&FromPage=Exhibitors.aspx&ParentBoothID=&ListByBooth=true&BoothID=120047
"CMRE Financial Services, Inc.",1753,,"Brea,",United States,http://www.cmrefsi.com,,Other,https://s36.a2zinc.net/clients/acep/acep19/Public/eBooth.aspx?IndexInList=65&FromPage=Exhibitors.aspx&ParentBoothID=&ListByBooth=true&BoothID=118595
Collective Medical,1441,,"Draper,",United States,http://www.collectivemedicaltech.com,,"Computer Software,Hardware",https://s36.a2zinc.net/clients/acep/acep19/Public/eBooth.aspx?IndexInList=66&FromPage=Exhibitors.aspx&ParentBoothID=&ListByBooth=true&BoothID=118816
CompHealth,1817,,"Midvale,",United States,https://www.comphealth.com,,"Recruiting Staffing,Management",https://s36.a2zinc.net/clients/acep/acep19/Public/eBooth.aspx?IndexInList=67&FromPage=Exhibitors.aspx&ParentBoothID=&ListByBooth=true&BoothID=118557
CompMed,317,,"Newport,",United States,http://www.comp-med.com,,"Billing,Coding Services Consulting Services Staffing,Management",https://s36.a2zinc.net/clients/acep/acep19/Public/eBooth.aspx?IndexInList=68&FromPage=Exhibitors.aspx&ParentBoothID=&ListByBooth=true&BoothID=120032
Concord Medical Group,661,,"Flower Mound ,",United States,www.concordmedicalgroup.com,,,https://s36.a2zinc.net/clients/acep/acep19/Public/eBooth.aspx?IndexInList=69&FromPage=Exhibitors.aspx&ParentBoothID=&ListByBooth=true&BoothID=119368
Cook Medical,729,,"Bloomington,",United States,http://www.cookmedical.com,,Emergency Medical Equipment,https://s36.a2zinc.net/clients/acep/acep19/Public/eBooth.aspx?IndexInList=70&FromPage=Exhibitors.aspx&ParentBoothID=&ListByBooth=true&BoothID=119324
Core Clinical Partners,865,,"Atlanta,",United States,http://www.coreclinicalpartners.com,,"Staffing,Management",https://s36.a2zinc.net/clients/acep/acep19/Public/eBooth.aspx?IndexInList=71&FromPage=Exhibitors.aspx&ParentBoothID=&ListByBooth=true&BoothID=119220
Core Schedule,1653,,"New York,",United States,http://coreschedule.com,,"Computer Software,Hardware Recruiting Staffing,Management",https://s36.a2zinc.net/clients/acep/acep19/Public/eBooth.aspx?IndexInList=72&FromPage=Exhibitors.aspx&ParentBoothID=&ListByBooth=true&BoothID=118662
coVita,1561,,"Santa Barbara,",United States,covita.net,,,https://s36.a2zinc.net/clients/acep/acep19/Public/eBooth.aspx?IndexInList=73&FromPage=Exhibitors.aspx&ParentBoothID=&ListByBooth=true&BoothID=118727
"Creative Planning, Inc",159,,"Overland Park,",United States,creativeplanning.com,,,https://s36.a2zinc.net/clients/acep/acep19/Public/eBooth.aspx?IndexInList=74&FromPage=Exhibitors.aspx&ParentBoothID=&ListByBooth=true&BoothID=119753
CSL Behring,1648,,"King of Prussia,",United States,http://www.cslbehring.com,,"Pharmaceuticals Specialty Products,Services",https://s36.a2zinc.net/clients/acep/acep19/Public/eBooth.aspx?IndexInList=75&FromPage=Exhibitors.aspx&ParentBoothID=&ListByBooth=true&BoothID=118666
CSL Behring,1646,,"King of Prussia,",United States,http://www.cslbehring.com,,"Pharmaceuticals Specialty Products,Services",https://s36.a2zinc.net/clients/acep/acep19/Public/eBooth.aspx?IndexInList=76&FromPage=Exhibitors.aspx&ParentBoothID=&ListByBooth=true&BoothID=118668
Cyclic Vomiting Syndrome Association (CVSA),1562,,"Milwaukee,",United States,,,"Non-Profit Organization,Association",https://s36.a2zinc.net/clients/acep/acep19/Public/eBooth.aspx?IndexInList=77&FromPage=Exhibitors.aspx&ParentBoothID=&ListByBooth=true&BoothID=118726
D&Y (Daniel & Yeager),1655,,"Huntsville,",United States,http://dystaffing.com,,"Recruiting Staffing,Management",https://s36.a2zinc.net/clients/acep/acep19/Public/eBooth.aspx?IndexInList=78&FromPage=Exhibitors.aspx&ParentBoothID=&ListByBooth=true&BoothID=118660
d2i - dATA to iNTELLIGENCE,1631,,"Parsippany,",United States,http://www.d2ihc.com,,"Consulting Services EDIS Computer Software,Hardware",https://s36.a2zinc.net/clients/acep/acep19/Public/eBooth.aspx?IndexInList=79&FromPage=Exhibitors.aspx&ParentBoothID=&ListByBooth=true&BoothID=118681
Department of Veterans Affairs,127,,"New Orleans,",United States,http://www.vacareers.va.gov,,"Recruiting Staffing,Management",https://s36.a2zinc.net/clients/acep/acep19/Public/eBooth.aspx?IndexInList=80&FromPage=Exhibitors.aspx&ParentBoothID=&ListByBooth=true&BoothID=121859
"DermaClip US, LLC",261,,"Houston,",United States,http://www.dermaclipus.com,,Wound Care Products,https://s36.a2zinc.net/clients/acep/acep19/Public/eBooth.aspx?IndexInList=81&FromPage=Exhibitors.aspx&ParentBoothID=&ListByBooth=true&BoothID=119649
"Designs for Vision, Inc.",526,,"Bohemia,",United States,http://www.designsforvision.com,,Emergency Medical Equipment,https://s36.a2zinc.net/clients/acep/acep19/Public/eBooth.aspx?IndexInList=82&FromPage=Exhibitors.aspx&ParentBoothID=&ListByBooth=true&BoothID=119464
DevelopingEM 2020 - Colombia,1266,,"Kiama,",Australia,http://www.developingem.com,,"ACEP Related Educational Products,Services Non-Profit Organization,Association",https://s36.a2zinc.net/clients/acep/acep19/Public/eBooth.aspx?IndexInList=83&FromPage=Exhibitors.aspx&ParentBoothID=&ListByBooth=true&BoothID=118938
Diaton Tonometer,1667,,"Staten Island,",United States,http://www.diaton.com,,,https://s36.a2zinc.net/clients/acep/acep19/Public/eBooth.aspx?IndexInList=84&FromPage=Exhibitors.aspx&ParentBoothID=&ListByBooth=true&BoothID=118649
DirectShifts,1065,,"New York,",United States,http://www.directshifts.com,,"Recruiting Staffing,Management",https://s36.a2zinc.net/clients/acep/acep19/Public/eBooth.aspx?IndexInList=85&FromPage=Exhibitors.aspx&ParentBoothID=&ListByBooth=true&BoothID=119076
"Discharge 1-2-3 - Callibra, Inc.",809,,"Schaumburg,",United States,http://www.discharge123.com,,"Computer Software,Hardware Documentation Services",https://s36.a2zinc.net/clients/acep/acep19/Public/eBooth.aspx?IndexInList=86&FromPage=Exhibitors.aspx&ParentBoothID=&ListByBooth=true&BoothID=119270
Dolbey,1237,,"Cincinnati,",United States,http://www.fusionnarrate.com,,"Computer Software,Hardware",https://s36.a2zinc.net/clients/acep/acep19/Public/eBooth.aspx?IndexInList=87&FromPage=Exhibitors.aspx&ParentBoothID=&ListByBooth=true&BoothID=118964
DuvaSawko,1641,,"Ormond Beach,",United States,http://www.duvasawko.com,,"Consulting Services Staffing,Management Billing,Coding Services",https://s36.a2zinc.net/clients/acep/acep19/Public/eBooth.aspx?IndexInList=88&FromPage=Exhibitors.aspx&ParentBoothID=&ListByBooth=true&BoothID=118672
DynaMed/EBSCO,308,,"Ipswich,",United States,http://health.ebsco.com,,"Publications Specialty Products,Services",https://s36.a2zinc.net/clients/acep/acep19/Public/eBooth.aspx?IndexInList=89&FromPage=Exhibitors.aspx&ParentBoothID=&ListByBooth=true&BoothID=119623
EB Medicine,315,,"Norcross,",United States,http://www.ebmedicine.net,,"Publications Educational Products,Services Insurance,Risk Management",https://s36.a2zinc.net/clients/acep/acep19/Public/eBooth.aspx?IndexInList=90&FromPage=Exhibitors.aspx&ParentBoothID=&ListByBooth=true&BoothID=120029
EchoNous Inc.,665,,"Redmond,",United States,http://www.echonous.com,,"Cardiovascular Imaging,Ultrasound Equipment",https://s36.a2zinc.net/clients/acep/acep19/Public/eBooth.aspx?IndexInList=91&FromPage=Exhibitors.aspx&ParentBoothID=&ListByBooth=true&BoothID=119364
Edelberg & Associates,416,,"Atlantic Beach,",United States,http://edelberg.com,,"Billing,Coding Services Consulting Services Educational Products,Services",https://s36.a2zinc.net/clients/acep/acep19/Public/eBooth.aspx?IndexInList=92&FromPage=Exhibitors.aspx&ParentBoothID=&ListByBooth=true&BoothID=119542
"EKOS Corp., a Boston Scientific Company",714,,"Bothell,",United States,http://www.btg-im.com,,,https://s36.a2zinc.net/clients/acep/acep19/Public/eBooth.aspx?IndexInList=93&FromPage=Exhibitors.aspx&ParentBoothID=&ListByBooth=true&BoothID=120170
Elsevier,121,,"Philadelphia,",United States,http://www.elsevierhealth.com,,Publications,https://s36.a2zinc.net/clients/acep/acep19/Public/eBooth.aspx?IndexInList=94&FromPage=Exhibitors.aspx&ParentBoothID=&ListByBooth=true&BoothID=119733
EM Coach,1657,,"Raleigh,",United States,http://emcoach.org,,"Educational Products,Services Publications Specialty Products,Services",https://s36.a2zinc.net/clients/acep/acep19/Public/eBooth.aspx?IndexInList=95&FromPage=Exhibitors.aspx&ParentBoothID=&ListByBooth=true&BoothID=118658
Emergency Care Partners,558,,"Pensacola,",United States,https://ecp.net/,,"Consulting Services Staffing,Management",https://s36.a2zinc.net/clients/acep/acep19/Public/eBooth.aspx?IndexInList=96&FromPage=Exhibitors.aspx&ParentBoothID=&ListByBooth=true&BoothID=119439
Emergency Care Specialists,208,,"Kentwood,",United States,http://www.ecs-wmi.com,,Recruiting,https://s36.a2zinc.net/clients/acep/acep19/Public/eBooth.aspx?IndexInList=97&FromPage=Exhibitors.aspx&ParentBoothID=&ListByBooth=true&BoothID=119693
Emergency Department Practice Management Association (EDPMA),1113,,"Washington,",United States,http://www.edpma.org,,"Non-Profit Organization,Association",https://s36.a2zinc.net/clients/acep/acep19/Public/eBooth.aspx?IndexInList=98&FromPage=Exhibitors.aspx&ParentBoothID=&ListByBooth=true&BoothID=119052
Emergency Excellence,1013,,"Brentwood,",United States,http://www.emergencyexcellence.com,,Consulting Services Market Research Other,https://s36.a2zinc.net/clients/acep/acep19/Public/eBooth.aspx?IndexInList=99&FromPage=Exhibitors.aspx&ParentBoothID=&ListByBooth=true&BoothID=119123
Emergency Medicine Network,762,,"Boston,",United States,http://www.emnet-usa.org,,,https://s36.a2zinc.net/clients/acep/acep19/Public/eBooth.aspx?IndexInList=100&FromPage=Exhibitors.aspx&ParentBoothID=&ListByBooth=true&BoothID=119295
Emergency Medicine News,1508,,"Philadelphia,",United States,http://journals.lww.com/em-news/Pages/default.aspx,,Publications,https://s36.a2zinc.net/clients/acep/acep19/Public/eBooth.aspx?IndexInList=101&FromPage=Exhibitors.aspx&ParentBoothID=&ListByBooth=true&BoothID=120020
Emergency Medicine Physician Association of Turkey (EPAT),1165,,"Ankara,",Turkey,,,,https://s36.a2zinc.net/clients/acep/acep19/Public/eBooth.aspx?IndexInList=102&FromPage=Exhibitors.aspx&ParentBoothID=&ListByBooth=true&BoothID=119010
Emergency Nurses Association-ENA,833,,"Schaumburg,",United States,http://www.ena.org,,"Non-Profit Organization,Association Educational Products,Services",https://s36.a2zinc.net/clients/acep/acep19/Public/eBooth.aspx?IndexInList=103&FromPage=Exhibitors.aspx&ParentBoothID=&ListByBooth=true&BoothID=119249
Emergency Physicians Insurance Exchange Risk Retention Group (EPIX RRG),361,,"Middleton,",United States,http://www.epixrrg.com,,"Insurance,Risk Management",https://s36.a2zinc.net/clients/acep/acep19/Public/eBooth.aspx?IndexInList=104&FromPage=Exhibitors.aspx&ParentBoothID=&ListByBooth=true&BoothID=119575
Emergency Physicians Monthly,508,,"Galesville,",United States,http://www.EPMonthly.com,,Publications,https://s36.a2zinc.net/clients/acep/acep19/Public/eBooth.aspx?IndexInList=105&FromPage=Exhibitors.aspx&ParentBoothID=&ListByBooth=true&BoothID=119478
Emergency Service Associates,965,,"Salisbury,",United States,www.esadocs.com,,,https://s36.a2zinc.net/clients/acep/acep19/Public/eBooth.aspx?IndexInList=106&FromPage=Exhibitors.aspx&ParentBoothID=&ListByBooth=true&BoothID=119148
Emergent Medical Associates,1034,,"El Segundo,",United States,http://www.ema.us,,"Recruiting Staffing,Management",https://s36.a2zinc.net/clients/acep/acep19/Public/eBooth.aspx?IndexInList=107&FromPage=Exhibitors.aspx&ParentBoothID=&ListByBooth=true&BoothID=119103
Emirates Society of Emergency Medicine,1268,,"Abu Dhabi,",United Arab Emirates,http://esemconference.ae,,,https://s36.a2zinc.net/clients/acep/acep19/Public/eBooth.aspx?IndexInList=108&FromPage=Exhibitors.aspx&ParentBoothID=&ListByBooth=true&BoothID=118936
"EmOpti, Inc.",1633,,"Brookfield,",United States,http://emopti.com,,"Computer Software,Hardware Diagnostic Products,Services EDIS",https://s36.a2zinc.net/clients/acep/acep19/Public/eBooth.aspx?IndexInList=109&FromPage=Exhibitors.aspx&ParentBoothID=&ListByBooth=true&BoothID=118678
EMPros,1541,,"Daytona Beach,",United States,http://www.emprosonline.com,,"Recruiting Staffing,Management",https://s36.a2zinc.net/clients/acep/acep19/Public/eBooth.aspx?IndexInList=110&FromPage=Exhibitors.aspx&ParentBoothID=&ListByBooth=true&BoothID=118745
EMrecruits by R1,1217,,"Dallas,",United States,http://www.emrecruits.com/,,"Consulting Services Recruiting Staffing,Management",https://s36.a2zinc.net/clients/acep/acep19/Public/eBooth.aspx?IndexInList=111&FromPage=Exhibitors.aspx&ParentBoothID=&ListByBooth=true&BoothID=118981
EMTEE - Emergency Medicine TransEsophageal Echocardiography Course,1834,,"Gig Harbor,",United States,https://events.eventzilla.net/e/emtee-2018-transesophageal-echocardiography-in-cardiac-arrest-patients-2138712786,,"Cardiovascular Educational Products,Services Imaging,Ultrasound Equipment",https://s36.a2zinc.net/clients/acep/acep19/Public/eBooth.aspx?IndexInList=112&FromPage=Exhibitors.aspx&ParentBoothID=&ListByBooth=true&BoothID=122344
Envision Physician Services,811,,"Dallas,",United States,http://www.EnvisionPhysicianServices.com,,"Recruiting Staffing,Management",https://s36.a2zinc.net/clients/acep/acep19/Public/eBooth.aspx?IndexInList=113&FromPage=Exhibitors.aspx&ParentBoothID=&ListByBooth=true&BoothID=119269
"EPOWERdoc, Inc.",1611,,"Atanta,",United States,http://www.epowerdoc.com,,"Computer Software,Hardware",https://s36.a2zinc.net/clients/acep/acep19/Public/eBooth.aspx?IndexInList=114&FromPage=Exhibitors.aspx&ParentBoothID=&ListByBooth=true&BoothID=118700
Eton Pharma,944,,"Deer Park,",United States,http://www.etonpharma.com,,Pharmaceuticals,https://s36.a2zinc.net/clients/acep/acep19/Public/eBooth.aspx?IndexInList=115&FromPage=Exhibitors.aspx&ParentBoothID=&ListByBooth=true&BoothID=119167
EvidenceCare,425,,"Franklin,",United States,http://www.evidence.care,,"Diagnostic Products,Services Other Specialty Products,Services",https://s36.a2zinc.net/clients/acep/acep19/Public/eBooth.aspx?IndexInList=116&FromPage=Exhibitors.aspx&ParentBoothID=&ListByBooth=true&BoothID=119535
Experity Teleradiology (formerly Teleradiology Specialists),557,,"Scottsdale,",United States,http://teleradiologyspecialists.com/,,"Diagnostic Products,Services Specialty Products,Services",https://s36.a2zinc.net/clients/acep/acep19/Public/eBooth.aspx?IndexInList=117&FromPage=Exhibitors.aspx&ParentBoothID=&ListByBooth=true&BoothID=119440
Ferno,158,,"Wilmington,",United States,http://www.ferno.com/index.htm,,,https://s36.a2zinc.net/clients/acep/acep19/Public/eBooth.aspx?IndexInList=118&FromPage=Exhibitors.aspx&ParentBoothID=&ListByBooth=true&BoothID=119721
Fieldwork,1567,,"Chicago ,",United States,https://www.fieldwork.com/,,,https://s36.a2zinc.net/clients/acep/acep19/Public/eBooth.aspx?IndexInList=119&FromPage=Exhibitors.aspx&ParentBoothID=&ListByBooth=true&BoothID=118721
"Financial Designs, Inc.",918,,"Overland Park,",United States,http://www.financialdesignsinc.com,,"Consulting Services Insurance,Risk Management Specialty Products,Services",https://s36.a2zinc.net/clients/acep/acep19/Public/eBooth.aspx?IndexInList=120&FromPage=Exhibitors.aspx&ParentBoothID=&ListByBooth=true&BoothID=119190
First Responder Network Authority,2211,,"Reston,",United States,http://www.firstnet.gov,,"Non-Profit Organization,Association Other Specialty Products,Services",https://s36.a2zinc.net/clients/acep/acep19/Public/eBooth.aspx?IndexInList=121&FromPage=Exhibitors.aspx&ParentBoothID=&ListByBooth=true&BoothID=118310
Fisher & Paykel Healthcare,1728,,"Irvine,",United States,http://fphcare.com,,Emergency Medical Equipment,https://s36.a2zinc.net/clients/acep/acep19/Public/eBooth.aspx?IndexInList=122&FromPage=Exhibitors.aspx&ParentBoothID=&ListByBooth=true&BoothID=118614
Forest Devices,1665,,"Pittsburgh,",United States,http://forestdevices.com,,"Diagnostic Products,Services Emergency Medical Equipment Publications",https://s36.a2zinc.net/clients/acep/acep19/Public/eBooth.aspx?IndexInList=123&FromPage=Exhibitors.aspx&ParentBoothID=&ListByBooth=true&BoothID=118651
Fujifilm SonoSite,1811,,"Bothell,",United States,http://www.sonosite.com,,"Diagnostic Products,Services Emergency Medical Equipment Imaging,Ultrasound Equipment",https://s36.a2zinc.net/clients/acep/acep19/Public/eBooth.aspx?IndexInList=124&FromPage=Exhibitors.aspx&ParentBoothID=&ListByBooth=true&BoothID=118562
Fusion Healthcare Staffing,843,,"Sandy,",United States,http://www.fusionhcs.com,,"Recruiting Staffing,Management",https://s36.a2zinc.net/clients/acep/acep19/Public/eBooth.aspx?IndexInList=125&FromPage=Exhibitors.aspx&ParentBoothID=&ListByBooth=true&BoothID=119240
Gaumard Scientific,1134,,"Miami,",United States,http://www.gaumard.com,,"Educational Products,Services",https://s36.a2zinc.net/clients/acep/acep19/Public/eBooth.aspx?IndexInList=126&FromPage=Exhibitors.aspx&ParentBoothID=&ListByBooth=true&BoothID=119033
GD (General Devices),727,,"Ridgefield,",United States,https://general-devices.com/,,Documentation Services Emergency Medical Equipment Patient Monitoring,https://s36.a2zinc.net/clients/acep/acep19/Public/eBooth.aspx?IndexInList=127&FromPage=Exhibitors.aspx&ParentBoothID=&ListByBooth=true&BoothID=120164
GE Healthcare,1211,,"Wauwatosa,",United States,http://www.gehealthcare.com,,"Diagnostic Products,Services Emergency Medical Equipment Imaging,Ultrasound Equipment",https://s36.a2zinc.net/clients/acep/acep19/Public/eBooth.aspx?IndexInList=128&FromPage=Exhibitors.aspx&ParentBoothID=&ListByBooth=true&BoothID=118988
Genentech,227,,"South San Francisco,",United States,http://www.gene.com,,Pharmaceuticals,https://s36.a2zinc.net/clients/acep/acep19/Public/eBooth.aspx?IndexInList=129&FromPage=Exhibitors.aspx&ParentBoothID=&ListByBooth=true&BoothID=119674
Genetesis,725,,"Mason,",United States,https://www.genetesis.com,,"Cardiovascular Diagnostic Products,Services Imaging,Ultrasound Equipment",https://s36.a2zinc.net/clients/acep/acep19/Public/eBooth.aspx?IndexInList=130&FromPage=Exhibitors.aspx&ParentBoothID=&ListByBooth=true&BoothID=120166
GEOMIST LLC,625,,"Glocester,",United States,www.tenstim.com,,,https://s36.a2zinc.net/clients/acep/acep19/Public/eBooth.aspx?IndexInList=131&FromPage=Exhibitors.aspx&ParentBoothID=&ListByBooth=true&BoothID=120169
GetixHealth,1845,,"Wyoming,",United States,http://www.insurance-data.com,,"Computer Software,Hardware Billing,Coding Services",https://s36.a2zinc.net/clients/acep/acep19/Public/eBooth.aspx?IndexInList=132&FromPage=Exhibitors.aspx&ParentBoothID=&ListByBooth=true&BoothID=118533
Global Medical Staffing,1617,,"Draper,",United States,https://www.gmedical.com,,"Other Recruiting Staffing,Management",https://s36.a2zinc.net/clients/acep/acep19/Public/eBooth.aspx?IndexInList=133&FromPage=Exhibitors.aspx&ParentBoothID=&ListByBooth=true&BoothID=118694
Gottlieb,1625,,"Jacksonville,",United States,http://www.gottlieb.com,,"Billing,Coding Services Documentation Services",https://s36.a2zinc.net/clients/acep/acep19/Public/eBooth.aspx?IndexInList=134&FromPage=Exhibitors.aspx&ParentBoothID=&ListByBooth=true&BoothID=118686
Gryphon Healthcare,2214,,"Houston,",United States,http://www.gryphonhc.com,,"Billing,Coding Services Consulting Services Staffing,Management",https://s36.a2zinc.net/clients/acep/acep19/Public/eBooth.aspx?IndexInList=135&FromPage=Exhibitors.aspx&ParentBoothID=&ListByBooth=true&BoothID=118306
Gulfcoast Ultrasound Institute,1711,,"ST PETERSBURG,",United States,http://www.gcus.com,,"Diagnostic Products,Services Educational Products,Services Imaging,Ultrasound Equipment",https://s36.a2zinc.net/clients/acep/acep19/Public/eBooth.aspx?IndexInList=136&FromPage=Exhibitors.aspx&ParentBoothID=&ListByBooth=true&BoothID=118629
Hartford HealthCare,1762,,"Hartford,",United States,http://hartfordhealthcare.org,,"Non-Profit Organization,Association Recruiting Staffing,Management",https://s36.a2zinc.net/clients/acep/acep19/Public/eBooth.aspx?IndexInList=137&FromPage=Exhibitors.aspx&ParentBoothID=&ListByBooth=true&BoothID=118588
Hawaiian Moon,1851,,"Clearwater,",United States,http://www.aloecream.biz,,Other Wound Care Products,https://s36.a2zinc.net/clients/acep/acep19/Public/eBooth.aspx?IndexInList=138&FromPage=Exhibitors.aspx&ParentBoothID=&ListByBooth=true&BoothID=118528
Hayes Locums,743,,"Ft. Lauderdale,",United States,http://www.hayeslocums.com,,"Recruiting Staffing,Management",https://s36.a2zinc.net/clients/acep/acep19/Public/eBooth.aspx?IndexInList=139&FromPage=Exhibitors.aspx&ParentBoothID=&ListByBooth=true&BoothID=119312
Healogics Inc.,1737,,"Jacksonville,",United States,http://www.healogics.com,,,https://s36.a2zinc.net/clients/acep/acep19/Public/eBooth.aspx?IndexInList=140&FromPage=Exhibitors.aspx&ParentBoothID=&ListByBooth=true&BoothID=118608
HEALTH BEST INTERNATIONAL LLC,713,,"Miami,",United States,http://www.healthbestinternational.com,,,https://s36.a2zinc.net/clients/acep/acep19/Public/eBooth.aspx?IndexInList=141&FromPage=Exhibitors.aspx&ParentBoothID=&ListByBooth=true&BoothID=120171
HealthChannels,616,,"Fort Lauderdale,",United States,http://www.scribeamerica.com,,"Billing,Coding Services Documentation Services Staffing,Management",https://s36.a2zinc.net/clients/acep/acep19/Public/eBooth.aspx?IndexInList=142&FromPage=Exhibitors.aspx&ParentBoothID=&ListByBooth=true&BoothID=119406
HealthStream,2213,,"Nashville,",United States,http://www.healthstream.com,,,https://s36.a2zinc.net/clients/acep/acep19/Public/eBooth.aspx?IndexInList=143&FromPage=Exhibitors.aspx&ParentBoothID=&ListByBooth=true&BoothID=118308
HealthTalk A.I.,712,,"Reston,",United States,http://www.healthtalkai.com,,"Computer Software,Hardware",https://s36.a2zinc.net/clients/acep/acep19/Public/eBooth.aspx?IndexInList=144&FromPage=Exhibitors.aspx&ParentBoothID=&ListByBooth=true&BoothID=120172
HeartHero,1937,,"Denver,",United States,http://www.hearthero.com,,"Cardiovascular Emergency Medical Equipment Specialty Products,Services",https://s36.a2zinc.net/clients/acep/acep19/Public/eBooth.aspx?IndexInList=145&FromPage=Exhibitors.aspx&ParentBoothID=&ListByBooth=true&BoothID=118468
"Hemostasis, LLC",966,,"St. Paul,",United States,www.hemostasisllc.com,,,https://s36.a2zinc.net/clients/acep/acep19/Public/eBooth.aspx?IndexInList=146&FromPage=Exhibitors.aspx&ParentBoothID=&ListByBooth=true&BoothID=119147
Hippo Education,933,,"Woodland Hills,",United States,http://www.hippoed.com,,"Educational Products,Services",https://s36.a2zinc.net/clients/acep/acep19/Public/eBooth.aspx?IndexInList=147&FromPage=Exhibitors.aspx&ParentBoothID=&ListByBooth=true&BoothID=120156
HRA Research - Healthcare Research and Analytics,1765,,"CRANBURY,",United States,http://www.hraresearch.com,,Market Research,https://s36.a2zinc.net/clients/acep/acep19/Public/eBooth.aspx?IndexInList=148&FromPage=Exhibitors.aspx&ParentBoothID=&ListByBooth=true&BoothID=118586
Huddy ED Design,1613,,"Fort Mill,",United States,http://www.huddyhealthcare.com,,"Consulting Services Specialty Products,Services",https://s36.a2zinc.net/clients/acep/acep19/Public/eBooth.aspx?IndexInList=149&FromPage=Exhibitors.aspx&ParentBoothID=&ListByBooth=true&BoothID=118698
Huntsville Hospital Health System,1143,,"Huntsville,",United States,http://www.huntsvillehospital.org/,,Recruiting,https://s36.a2zinc.net/clients/acep/acep19/Public/eBooth.aspx?IndexInList=150&FromPage=Exhibitors.aspx&ParentBoothID=&ListByBooth=true&BoothID=119027
"Hyperfine Research, Inc.",251,,"Guilford,",United States,http://www.hyperfine.io/,,"Emergency Medical Equipment Imaging,Ultrasound Equipment Other",https://s36.a2zinc.net/clients/acep/acep19/Public/eBooth.aspx?IndexInList=151&FromPage=Exhibitors.aspx&ParentBoothID=&ListByBooth=true&BoothID=119657
Hyr Medical,659,,"Highland Heights,",United States,www.hyrmed.com,,,https://s36.a2zinc.net/clients/acep/acep19/Public/eBooth.aspx?IndexInList=152&FromPage=Exhibitors.aspx&ParentBoothID=&ListByBooth=true&BoothID=119369
Icare-USA,1712,,"Raleigh,",United States,http://www.icare-usa.com,,"Diagnostic Products,Services Emergency Medical Equipment Ophthalmic Products",https://s36.a2zinc.net/clients/acep/acep19/Public/eBooth.aspx?IndexInList=153&FromPage=Exhibitors.aspx&ParentBoothID=&ListByBooth=true&BoothID=118627
ImagineSoftware,111,,"Charlotte,",United States,http://www.imagineteam.com,,"Computer Software,Hardware",https://s36.a2zinc.net/clients/acep/acep19/Public/eBooth.aspx?IndexInList=154&FromPage=Exhibitors.aspx&ParentBoothID=&ListByBooth=true&BoothID=119740
Indian Health Service- HQ,466,,"Rockville,",United States,http://www.ihs.gov,,Recruiting,https://s36.a2zinc.net/clients/acep/acep19/Public/eBooth.aspx?IndexInList=155&FromPage=Exhibitors.aspx&ParentBoothID=&ListByBooth=true&BoothID=119498
Indiana Emergency Care,1756,,"Lafayette,",United States,http://www.indianaemergencycare.com/,,"Recruiting Staffing,Management",https://s36.a2zinc.net/clients/acep/acep19/Public/eBooth.aspx?IndexInList=156&FromPage=Exhibitors.aspx&ParentBoothID=&ListByBooth=true&BoothID=118593
"Indiana University Kelley School of Business, Business of Medicine Physician MBA",1144,,"Indianapolis,",United States,http://kelley.iupui.edu/degrees/medicine/,,"Educational Products,Services Non-Profit Organization,Association",https://s36.a2zinc.net/clients/acep/acep19/Public/eBooth.aspx?IndexInList=157&FromPage=Exhibitors.aspx&ParentBoothID=&ListByBooth=true&BoothID=119026
Indiana University School of Medicine Department of Emergency Medicine,656,,"Indianapolis,",United States,https://medicine.iu.edu/departments/emergency-medicine/,,Recruiting,https://s36.a2zinc.net/clients/acep/acep19/Public/eBooth.aspx?IndexInList=158&FromPage=Exhibitors.aspx&ParentBoothID=&ListByBooth=true&BoothID=119372
Infini Therapy,1261,,"Van Nuys,",United States,www.infinitherapy.com,,,https://s36.a2zinc.net/clients/acep/acep19/Public/eBooth.aspx?IndexInList=159&FromPage=Exhibitors.aspx&ParentBoothID=&ListByBooth=true&BoothID=120120
Infinity Massage Chairs,2219,,"Seabrook,",United States,http://www.infinitymassagechairs.com,,"Other Specialty Products,Services",https://s36.a2zinc.net/clients/acep/acep19/Public/eBooth.aspx?IndexInList=160&FromPage=Exhibitors.aspx&ParentBoothID=&ListByBooth=true&BoothID=118302
Infrared Light Pro,838,,"Las Vegas,",United States,http://www.infraredlightpro.com,,,https://s36.a2zinc.net/clients/acep/acep19/Public/eBooth.aspx?IndexInList=161&FromPage=Exhibitors.aspx&ParentBoothID=&ListByBooth=true&BoothID=119244
InHealth Technologies,409,,"Carpinteria,",United States,http://www.inhealth.com,,Emergency Medical Equipment Other,https://s36.a2zinc.net/clients/acep/acep19/Public/eBooth.aspx?IndexInList=162&FromPage=Exhibitors.aspx&ParentBoothID=&ListByBooth=true&BoothID=119549
Innova Emergency Medical Associates,2109,,"Denver,",United States,http://www.innovaem.com,,,https://s36.a2zinc.net/clients/acep/acep19/Public/eBooth.aspx?IndexInList=163&FromPage=Exhibitors.aspx&ParentBoothID=&ListByBooth=true&BoothID=118366
"Innovative Healthcare Systems, Inc.",1308,,"Edmond,",United States,http://www.ihsi.com,,"Billing,Coding Services Computer Software,Hardware Consulting Services",https://s36.a2zinc.net/clients/acep/acep19/Public/eBooth.aspx?IndexInList=164&FromPage=Exhibitors.aspx&ParentBoothID=&ListByBooth=true&BoothID=118918
Instrumentation Laboratory,1855,,"Bedford,",United States,http://www.ilus.com,,"Computer Software,Hardware Diagnostic Products,Services",https://s36.a2zinc.net/clients/acep/acep19/Public/eBooth.aspx?IndexInList=165&FromPage=Exhibitors.aspx&ParentBoothID=&ListByBooth=true&BoothID=118524
Instrumentation Laboratory,1666,,"Bedford,",United States,http://www.ilus.com,,"Computer Software,Hardware Diagnostic Products,Services",https://s36.a2zinc.net/clients/acep/acep19/Public/eBooth.aspx?IndexInList=166&FromPage=Exhibitors.aspx&ParentBoothID=&ListByBooth=true&BoothID=118650
INTEGRIS Baptist Medical Center,1061,,"Oklahoma City,",United States,http://www.integrisok.com,,"Non-Profit Organization,Association Recruiting",https://s36.a2zinc.net/clients/acep/acep19/Public/eBooth.aspx?IndexInList=167&FromPage=Exhibitors.aspx&ParentBoothID=&ListByBooth=true&BoothID=122175
Intelligent Ultrasound North America,1916,,"Alpharetta,",United States,http://www.intelligentultrasoundsimulation.com,,"Computer Software,Hardware Educational Products,Services Imaging,Ultrasound Equipment",https://s36.a2zinc.net/clients/acep/acep19/Public/eBooth.aspx?IndexInList=168&FromPage=Exhibitors.aspx&ParentBoothID=&ListByBooth=true&BoothID=118486
Intrigma Inc.,318,,"New York,",United States,http://www.intrigma.com,,"Consulting Services Computer Software,Hardware",https://s36.a2zinc.net/clients/acep/acep19/Public/eBooth.aspx?IndexInList=169&FromPage=Exhibitors.aspx&ParentBoothID=&ListByBooth=true&BoothID=120031
Iris Telehealth,1361,,"Austin,",United States,http://www.iristelehealth.com,,,https://s36.a2zinc.net/clients/acep/acep19/Public/eBooth.aspx?IndexInList=170&FromPage=Exhibitors.aspx&ParentBoothID=&ListByBooth=true&BoothID=120117
iScribeMD,757,,"Toledo,",United States,http://www.iscribemd.com,,Documentation Services EDIS,https://s36.a2zinc.net/clients/acep/acep19/Public/eBooth.aspx?IndexInList=171&FromPage=Exhibitors.aspx&ParentBoothID=&ListByBooth=true&BoothID=119299
Jackson & Coker,929,,"Alpharetta,",United States,http://www.jacksoncoker.com,,"Recruiting Staffing,Management",https://s36.a2zinc.net/clients/acep/acep19/Public/eBooth.aspx?IndexInList=172&FromPage=Exhibitors.aspx&ParentBoothID=&ListByBooth=true&BoothID=120009
"Janssen Pharmaceuticals, Inc.",1241,,"Titusville,",United States,https://www.janssen.com/us/,,Pharmaceuticals,https://s36.a2zinc.net/clients/acep/acep19/Public/eBooth.aspx?IndexInList=173&FromPage=Exhibitors.aspx&ParentBoothID=&ListByBooth=true&BoothID=118961
Jiahui Health,1118,,"Shanghai,",China,http://www.jiahui.com,,Recruiting,https://s36.a2zinc.net/clients/acep/acep19/Public/eBooth.aspx?IndexInList=174&FromPage=Exhibitors.aspx&ParentBoothID=&ListByBooth=true&BoothID=120157
Jinnah Postgraduate Medical Center,1166,,"Karachi,",Pakistan,http://www.jpmc.edu.pk,,,https://s36.a2zinc.net/clients/acep/acep19/Public/eBooth.aspx?IndexInList=175&FromPage=Exhibitors.aspx&ParentBoothID=&ListByBooth=true&BoothID=119009
Kaiser Permanente,1808,,"Oakland,",United States,http://physiciancareers.kp.org,,Recruiting,https://s36.a2zinc.net/clients/acep/acep19/Public/eBooth.aspx?IndexInList=176&FromPage=Exhibitors.aspx&ParentBoothID=&ListByBooth=true&BoothID=118565
"KARL STORZ Endoscopy-America, Inc.",1437,,"El Segundo,",United States,http://www.karlstorz.com,,Emergency Medical Equipment,https://s36.a2zinc.net/clients/acep/acep19/Public/eBooth.aspx?IndexInList=177&FromPage=Exhibitors.aspx&ParentBoothID=&ListByBooth=true&BoothID=118820
Kettering Health Network,1938,,"Miamisburg,",United States,http://www.ketteringdocs.org,,"Non-Profit Organization,Association Recruiting",https://s36.a2zinc.net/clients/acep/acep19/Public/eBooth.aspx?IndexInList=178&FromPage=Exhibitors.aspx&ParentBoothID=&ListByBooth=true&BoothID=118467
Keystone Healthcare Management,1208,,"Memphis,",United States,http://www.keystonehealthcare.com,,"Staffing,Management Recruiting",https://s36.a2zinc.net/clients/acep/acep19/Public/eBooth.aspx?IndexInList=179&FromPage=Exhibitors.aspx&ParentBoothID=&ListByBooth=true&BoothID=119991
"Kirk & Associates, LLC",1046,,"Christiana,",United States,http://www.kirkassoc.com,,"Billing,Coding Services Consulting Services Documentation Services",https://s36.a2zinc.net/clients/acep/acep19/Public/eBooth.aspx?IndexInList=180&FromPage=Exhibitors.aspx&ParentBoothID=&ListByBooth=true&BoothID=119092
KitoTech Medical,1759,,"Seattle,",United States,http://www.kitotechmedical.com,,Wound Care Products,https://s36.a2zinc.net/clients/acep/acep19/Public/eBooth.aspx?IndexInList=181&FromPage=Exhibitors.aspx&ParentBoothID=&ListByBooth=true&BoothID=118590
Leading Edge Medical Associates,1716,,"Longview,",United States,http://www.lema-em.com,,"Staffing,Management",https://s36.a2zinc.net/clients/acep/acep19/Public/eBooth.aspx?IndexInList=182&FromPage=Exhibitors.aspx&ParentBoothID=&ListByBooth=true&BoothID=118623
Lexx Healthcare,1743,,"Coral Springs,",United States,http://www.lexxhealth.com,,"Recruiting Staffing,Management",https://s36.a2zinc.net/clients/acep/acep19/Public/eBooth.aspx?IndexInList=183&FromPage=Exhibitors.aspx&ParentBoothID=&ListByBooth=true&BoothID=118603
Locum Leaders,841,,"St. Louis,",United States,http://www.locumleaders.com,,Recruiting,https://s36.a2zinc.net/clients/acep/acep19/Public/eBooth.aspx?IndexInList=184&FromPage=Exhibitors.aspx&ParentBoothID=&ListByBooth=true&BoothID=119242
Locum Physicians United,662,,"Alburtis,",United States,http://locumsunited.com/,,"Publications Recruiting Staffing,Management",https://s36.a2zinc.net/clients/acep/acep19/Public/eBooth.aspx?IndexInList=185&FromPage=Exhibitors.aspx&ParentBoothID=&ListByBooth=true&BoothID=119367
locumstory.com,218,,"Midvale,",United States,https://locumstory.com,,"Recruiting Educational Products,Services",https://s36.a2zinc.net/clients/acep/acep19/Public/eBooth.aspx?IndexInList=186&FromPage=Exhibitors.aspx&ParentBoothID=&ListByBooth=true&BoothID=120033
LocumTenens.com,525,,"Alpharetta,",United States,http://www.locumtenens.com,,Recruiting,https://s36.a2zinc.net/clients/acep/acep19/Public/eBooth.aspx?IndexInList=187&FromPage=Exhibitors.aspx&ParentBoothID=&ListByBooth=true&BoothID=119465
LogixHealth,411,,"Bedford,",United States,http://www.logixhealth.com,,"Billing,Coding Services",https://s36.a2zinc.net/clients/acep/acep19/Public/eBooth.aspx?IndexInList=188&FromPage=Exhibitors.aspx&ParentBoothID=&ListByBooth=true&BoothID=119546
"LSA – LoneStar Alliance, RRG",1146,,"Austin,",United States,http://www.lonestara.com/,,"Insurance,Risk Management",https://s36.a2zinc.net/clients/acep/acep19/Public/eBooth.aspx?IndexInList=189&FromPage=Exhibitors.aspx&ParentBoothID=&ListByBooth=true&BoothID=119025
Mar-Med,1715,,"Grand Rapids,",United States,http://www.marmedco.com,,"Orthopedic Products Specialty Products,Services Wound Care Products",https://s36.a2zinc.net/clients/acep/acep19/Public/eBooth.aspx?IndexInList=190&FromPage=Exhibitors.aspx&ParentBoothID=&ListByBooth=true&BoothID=118625
Marshfield Clinic Health System,842,,"Marshfield,",United States,http://www.marshfieldclinic.org,,"Non-Profit Organization,Association Recruiting",https://s36.a2zinc.net/clients/acep/acep19/Public/eBooth.aspx?IndexInList=191&FromPage=Exhibitors.aspx&ParentBoothID=&ListByBooth=true&BoothID=119241
Mayo Clinic,408,,"Rochester,",United States,http://www.mayoclinic.org,,Recruiting,https://s36.a2zinc.net/clients/acep/acep19/Public/eBooth.aspx?IndexInList=192&FromPage=Exhibitors.aspx&ParentBoothID=&ListByBooth=true&BoothID=119550
MCG Health,567,,"Seattle,",United States,http://www.mcg.com,,Other,https://s36.a2zinc.net/clients/acep/acep19/Public/eBooth.aspx?IndexInList=193&FromPage=Exhibitors.aspx&ParentBoothID=&ListByBooth=true&BoothID=119433
McGraw-Hill Education,2212,,"New York,",United States,http://www.mcgrawhillmedical.com,,"Educational Products,Services Publications",https://s36.a2zinc.net/clients/acep/acep19/Public/eBooth.aspx?IndexInList=194&FromPage=Exhibitors.aspx&ParentBoothID=&ListByBooth=true&BoothID=118309
"MDAssociates, Inc.",866,,"Kilmarnock,",United States,http://www.mdassociatesinc.com,,"Billing,Coding Services Consulting Services Educational Products,Services",https://s36.a2zinc.net/clients/acep/acep19/Public/eBooth.aspx?IndexInList=195&FromPage=Exhibitors.aspx&ParentBoothID=&ListByBooth=true&BoothID=119219
MDocHaus,1934,,"Cambridge,",United States,www.mdochaus.com,,,https://s36.a2zinc.net/clients/acep/acep19/Public/eBooth.aspx?IndexInList=196&FromPage=Exhibitors.aspx&ParentBoothID=&ListByBooth=true&BoothID=120122
Med Learning Group,225,,"New York,",United States,http://www.medlearninggroup.com,,,https://s36.a2zinc.net/clients/acep/acep19/Public/eBooth.aspx?IndexInList=197&FromPage=Exhibitors.aspx&ParentBoothID=&ListByBooth=true&BoothID=119678
MedCall Telemedicine Advisory Group,962,,"Cornelius,",United States,http://www.medcalladvisors.com,,"Staffing,Management",https://s36.a2zinc.net/clients/acep/acep19/Public/eBooth.aspx?IndexInList=198&FromPage=Exhibitors.aspx&ParentBoothID=&ListByBooth=true&BoothID=119151
MedForums,761,,"Draper,",United States,http://www.medforums.com,,"Computer Software,Hardware Educational Products,Services Specialty Products,Services",https://s36.a2zinc.net/clients/acep/acep19/Public/eBooth.aspx?IndexInList=199&FromPage=Exhibitors.aspx&ParentBoothID=&ListByBooth=true&BoothID=119296
MEDHOST,732,,"Franklin,",United States,http://www.medhost.com,,"Billing,Coding Services Computer Software,Hardware EDIS",https://s36.a2zinc.net/clients/acep/acep19/Public/eBooth.aspx?IndexInList=200&FromPage=Exhibitors.aspx&ParentBoothID=&ListByBooth=true&BoothID=119320
Medical College of Wisconsin,1435,,"Milwaukee,",United States,www.mcw.edu,,,https://s36.a2zinc.net/clients/acep/acep19/Public/eBooth.aspx?IndexInList=201&FromPage=Exhibitors.aspx&ParentBoothID=&ListByBooth=true&BoothID=121863
"Medicure Pharma, Inc.",465,,"Winnipeg,",Canada,https://www.medicure.com/,,,https://s36.a2zinc.net/clients/acep/acep19/Public/eBooth.aspx?IndexInList=202&FromPage=Exhibitors.aspx&ParentBoothID=&ListByBooth=true&BoothID=119499
Medicus Healthcare Solutions,837,,"Windham,",United States,http://www.medicushcs.com,,"Recruiting Staffing,Management",https://s36.a2zinc.net/clients/acep/acep19/Public/eBooth.aspx?IndexInList=203&FromPage=Exhibitors.aspx&ParentBoothID=&ListByBooth=true&BoothID=119245
"Mediserv Medical Information Services, Ltd.",1018,,"Fort Worth,",United States,http://www.mediservltd.com,,"Billing,Coding Services",https://s36.a2zinc.net/clients/acep/acep19/Public/eBooth.aspx?IndexInList=204&FromPage=Exhibitors.aspx&ParentBoothID=&ListByBooth=true&BoothID=120043
Mednition Inc.,1068,,"Burlingame,",United States,http://www.mednition.com,,,https://s36.a2zinc.net/clients/acep/acep19/Public/eBooth.aspx?IndexInList=205&FromPage=Exhibitors.aspx&ParentBoothID=&ListByBooth=true&BoothID=119073
MEDS,1043,,"O'Fallon,",United States,http://www.er-meds.com,,"Consulting Services Recruiting Staffing,Management",https://s36.a2zinc.net/clients/acep/acep19/Public/eBooth.aspx?IndexInList=206&FromPage=Exhibitors.aspx&ParentBoothID=&ListByBooth=true&BoothID=119095
MedSol,1835,,"DENVER,",United States,www.medsolonline.com,,,https://s36.a2zinc.net/clients/acep/acep19/Public/eBooth.aspx?IndexInList=207&FromPage=Exhibitors.aspx&ParentBoothID=&ListByBooth=true&BoothID=122343
Medstaff National Medical Staffing,1244,,"Cary,",United States,http://www.medstaffLT.com,,"Consulting Services Recruiting Staffing,Management",https://s36.a2zinc.net/clients/acep/acep19/Public/eBooth.aspx?IndexInList=208&FromPage=Exhibitors.aspx&ParentBoothID=&ListByBooth=true&BoothID=118958
MedTech International Group,528,,"Houston,",United States,www.medtechinternationalgroup.com,,,https://s36.a2zinc.net/clients/acep/acep19/Public/eBooth.aspx?IndexInList=209&FromPage=Exhibitors.aspx&ParentBoothID=&ListByBooth=true&BoothID=119463
Melinta Therapeutics,861,,"Lincolnshire,",United States,http://melinta.com,,Pharmaceuticals,https://s36.a2zinc.net/clients/acep/acep19/Public/eBooth.aspx?IndexInList=210&FromPage=Exhibitors.aspx&ParentBoothID=&ListByBooth=true&BoothID=120102
Mercy Clinic,1162,,"Springfield,",United States,http://www.mercy.net,,"Non-Profit Organization,Association Recruiting",https://s36.a2zinc.net/clients/acep/acep19/Public/eBooth.aspx?IndexInList=211&FromPage=Exhibitors.aspx&ParentBoothID=&ListByBooth=true&BoothID=119012
Mindray North America,221,,"San Jose,",United States,https://www.mindraynorthamerica.com,,"Diagnostic Products,Services Imaging,Ultrasound Equipment Patient Monitoring",https://s36.a2zinc.net/clients/acep/acep19/Public/eBooth.aspx?IndexInList=212&FromPage=Exhibitors.aspx&ParentBoothID=&ListByBooth=true&BoothID=120072
Minerva Medical Simulation Inc.,2113,,"Boston,",United States,https://full-code.com,,,https://s36.a2zinc.net/clients/acep/acep19/Public/eBooth.aspx?IndexInList=213&FromPage=Exhibitors.aspx&ParentBoothID=&ListByBooth=true&BoothID=118363
Mint Physician Staffing,316,,"Houston,",United States,http://www.mintphysicians.com,,"Recruiting Staffing,Management",https://s36.a2zinc.net/clients/acep/acep19/Public/eBooth.aspx?IndexInList=214&FromPage=Exhibitors.aspx&ParentBoothID=&ListByBooth=true&BoothID=120035
Money Script Wealth Management LLC,1147,,"Long Beach,",United States,https://moneyscriptwealth.com,,"Educational Products,Services Consulting Services Insurance,Risk Management",https://s36.a2zinc.net/clients/acep/acep19/Public/eBooth.aspx?IndexInList=215&FromPage=Exhibitors.aspx&ParentBoothID=&ListByBooth=true&BoothID=119023
Montefiore Medical Center - Department of Emergency Medicine,1725,,"Bronx,",United States,,,Recruiting,https://s36.a2zinc.net/clients/acep/acep19/Public/eBooth.aspx?IndexInList=216&FromPage=Exhibitors.aspx&ParentBoothID=&ListByBooth=true&BoothID=118616
"MorTan, Inc. - The Morgan Lens",931,,"Missoula,",United States,http://www.morganlens.com,,Emergency Medical Equipment Ophthalmic Products Wound Care Products,https://s36.a2zinc.net/clients/acep/acep19/Public/eBooth.aspx?IndexInList=217&FromPage=Exhibitors.aspx&ParentBoothID=&ListByBooth=true&BoothID=119179
Mount Sinai Health System,461,,"New York,",United States,https://icahn.mssm.edu/about/departments/emergency-medicine,,"Recruiting Staffing,Management",https://s36.a2zinc.net/clients/acep/acep19/Public/eBooth.aspx?IndexInList=218&FromPage=Exhibitors.aspx&ParentBoothID=&ListByBooth=true&BoothID=119503
Nabriva Therapeutics,258,,"King of Prussia,",United States,http://nabriva.com,,Pharmaceuticals,https://s36.a2zinc.net/clients/acep/acep19/Public/eBooth.aspx?IndexInList=219&FromPage=Exhibitors.aspx&ParentBoothID=&ListByBooth=true&BoothID=119651
NAEMSP,2221,,"Overland Park,",United States,http://www.naemsp.org,,"Educational Products,Services Non-Profit Organization,Association",https://s36.a2zinc.net/clients/acep/acep19/Public/eBooth.aspx?IndexInList=220&FromPage=Exhibitors.aspx&ParentBoothID=&ListByBooth=true&BoothID=118301
Nanosonics Inc,529,,"Indianpolis,",United States,https://www.nanosonics.us/,,"Other Safety Specialty Products,Services",https://s36.a2zinc.net/clients/acep/acep19/Public/eBooth.aspx?IndexInList=221&FromPage=Exhibitors.aspx&ParentBoothID=&ListByBooth=true&BoothID=119462
National Adrenal Diseases Foundation (NADF),266,,"Lake Zurich,",United States,http://www.nadf.us,,"Educational Products,Services Non-Profit Organization,Association",https://s36.a2zinc.net/clients/acep/acep19/Public/eBooth.aspx?IndexInList=222&FromPage=Exhibitors.aspx&ParentBoothID=&ListByBooth=true&BoothID=119644
National Board of Echocardiography,217,,"Raleigh,",United States,http://www.echoboards.org,,"Cardiovascular Non-Profit Organization,Association",https://s36.a2zinc.net/clients/acep/acep19/Public/eBooth.aspx?IndexInList=223&FromPage=Exhibitors.aspx&ParentBoothID=&ListByBooth=true&BoothID=120034
National Disaster Life Support Foundation (NDLSF),2208,,"Augusta,",United States,http://www.ndlsf.org,,"Educational Products,Services Non-Profit Organization,Association Publications",https://s36.a2zinc.net/clients/acep/acep19/Public/eBooth.aspx?IndexInList=224&FromPage=Exhibitors.aspx&ParentBoothID=&ListByBooth=true&BoothID=118313
National Institute on Drug Abuse (NIDA),565,,"Bethesda,",United States,https://www.drugabuse.gov/nidamed-medical-health-professionals/ctn-dissemination-initiative,,"Educational Products,Services Non-Profit Organization,Association Specialty Products,Services",https://s36.a2zinc.net/clients/acep/acep19/Public/eBooth.aspx?IndexInList=225&FromPage=Exhibitors.aspx&ParentBoothID=&ListByBooth=true&BoothID=119434
National Medical Professionals,1858,,"Irving,",United States,http://www.nationalmedpro.com,,"Other Recruiting Staffing,Management",https://s36.a2zinc.net/clients/acep/acep19/Public/eBooth.aspx?IndexInList=226&FromPage=Exhibitors.aspx&ParentBoothID=&ListByBooth=true&BoothID=118521
Navajo Area Indian Health Service,456,,"Window Rock,",United States,http://www.ihs.gov/navajo,,Recruiting,https://s36.a2zinc.net/clients/acep/acep19/Public/eBooth.aspx?IndexInList=227&FromPage=Exhibitors.aspx&ParentBoothID=&ListByBooth=true&BoothID=119507
NEWSURA,459,,"Roseville,",United States,http://newsura.com,,"Insurance,Risk Management",https://s36.a2zinc.net/clients/acep/acep19/Public/eBooth.aspx?IndexInList=228&FromPage=Exhibitors.aspx&ParentBoothID=&ListByBooth=true&BoothID=119504
"Nicka & Associates, Inc.",908,,"McKinney,",United States,http://www.nicka-associates.com,,"Billing,Coding Services Consulting Services Educational Products,Services",https://s36.a2zinc.net/clients/acep/acep19/Public/eBooth.aspx?IndexInList=229&FromPage=Exhibitors.aspx&ParentBoothID=&ListByBooth=true&BoothID=119198
No Barriers USA,366,,"Fort Collins,",United States,http://nobarriersusa.org,,"Educational Products,Services Non-Profit Organization,Association Other",https://s36.a2zinc.net/clients/acep/acep19/Public/eBooth.aspx?IndexInList=230&FromPage=Exhibitors.aspx&ParentBoothID=&ListByBooth=true&BoothID=119571
NORCAL Group,831,,"Austin,",United States,http://www.norcal-group.com/,,"Insurance,Risk Management",https://s36.a2zinc.net/clients/acep/acep19/Public/eBooth.aspx?IndexInList=231&FromPage=Exhibitors.aspx&ParentBoothID=&ListByBooth=true&BoothID=119251
"North American Rescue, LLC",832,,"Greer,",United States,http://www.narescue.com,,Wound Care Products,https://s36.a2zinc.net/clients/acep/acep19/Public/eBooth.aspx?IndexInList=232&FromPage=Exhibitors.aspx&ParentBoothID=&ListByBooth=true&BoothID=119250
Northwell Health,826,,"New Hyde Park,",United States,http://northwell.edu,,Recruiting,https://s36.a2zinc.net/clients/acep/acep19/Public/eBooth.aspx?IndexInList=233&FromPage=Exhibitors.aspx&ParentBoothID=&ListByBooth=true&BoothID=120015
"Northwest Seminars, Inc.",1534,,"Pasco,",United States,http://www.northwestseminars.com,,"Educational Products,Services",https://s36.a2zinc.net/clients/acep/acep19/Public/eBooth.aspx?IndexInList=234&FromPage=Exhibitors.aspx&ParentBoothID=&ListByBooth=true&BoothID=120039
Nova Biomedical,1111,,"Waltham,",United States,http://www.novabiomedical.com,,"Diagnostic Products,Services Patient Monitoring",https://s36.a2zinc.net/clients/acep/acep19/Public/eBooth.aspx?IndexInList=235&FromPage=Exhibitors.aspx&ParentBoothID=&ListByBooth=true&BoothID=120038
Novartis,1066,,"East Hanover,",United States,http://www.novartis.com,,Pharmaceuticals,https://s36.a2zinc.net/clients/acep/acep19/Public/eBooth.aspx?IndexInList=236&FromPage=Exhibitors.aspx&ParentBoothID=&ListByBooth=true&BoothID=119075
Nuance Communications,122,,"Burlington,",United States,http://nuance.com/healthcare,,Documentation Services EDIS Other,https://s36.a2zinc.net/clients/acep/acep19/Public/eBooth.aspx?IndexInList=237&FromPage=Exhibitors.aspx&ParentBoothID=&ListByBooth=true&BoothID=119732
Nym,1532,,"Boston,",United States,http://nymhealth.com,,"Billing,Coding Services Computer Software,Hardware Documentation Services",https://s36.a2zinc.net/clients/acep/acep19/Public/eBooth.aspx?IndexInList=238&FromPage=Exhibitors.aspx&ParentBoothID=&ListByBooth=true&BoothID=122279
OBP,1612,,"Lawrence,",United States,http://www.obpmedical.com,,"Diagnostic Products,Services Emergency Medical Equipment",https://s36.a2zinc.net/clients/acep/acep19/Public/eBooth.aspx?IndexInList=239&FromPage=Exhibitors.aspx&ParentBoothID=&ListByBooth=true&BoothID=118699
OcciGuide,868,,"Dallas,",United States,https://www.occiguide.com/,,"Emergency Medical Equipment Specialty Products,Services",https://s36.a2zinc.net/clients/acep/acep19/Public/eBooth.aspx?IndexInList=240&FromPage=Exhibitors.aspx&ParentBoothID=&ListByBooth=true&BoothID=119217
Ohio Chapter ACEP,1825,,"Columbus,",United States,http://www.ohacep.org,,"ACEP Related Educational Products,Services Non-Profit Organization,Association",https://s36.a2zinc.net/clients/acep/acep19/Public/eBooth.aspx?IndexInList=241&FromPage=Exhibitors.aspx&ParentBoothID=&ListByBooth=true&BoothID=118551
Omni-stat Medical Inc,1531,,"New York,",United States,http://www.omni-stat.com,,Wound Care Products,https://s36.a2zinc.net/clients/acep/acep19/Public/eBooth.aspx?IndexInList=242&FromPage=Exhibitors.aspx&ParentBoothID=&ListByBooth=true&BoothID=122280
On Call Medical Coats,429,,"Ashland,",United States,http://www.medicalcoats.com,,"Emergency Medical Equipment Other Specialty Products,Services",https://s36.a2zinc.net/clients/acep/acep19/Public/eBooth.aspx?IndexInList=243&FromPage=Exhibitors.aspx&ParentBoothID=&ListByBooth=true&BoothID=119531
OpiSafe,1117,,"Denver,",United States,https://opisafe.com,,"Computer Software,Hardware Patient Monitoring Specialty Products,Services",https://s36.a2zinc.net/clients/acep/acep19/Public/eBooth.aspx?IndexInList=244&FromPage=Exhibitors.aspx&ParentBoothID=&ListByBooth=true&BoothID=120158
OSF Healthcare,1714,,"Peoria,",United States,https://careers.osfhealthcare.org/,,Recruiting,https://s36.a2zinc.net/clients/acep/acep19/Public/eBooth.aspx?IndexInList=245&FromPage=Exhibitors.aspx&ParentBoothID=&ListByBooth=true&BoothID=118626
Otto Trading Inc,1918,,"Santa Ana,",United States,http://www.irestmassager.com,,,https://s36.a2zinc.net/clients/acep/acep19/Public/eBooth.aspx?IndexInList=246&FromPage=Exhibitors.aspx&ParentBoothID=&ListByBooth=true&BoothID=118485
Oxford Medical Simulation,968,,"London,",United Kingdom,https://oxfordmedicalsimulation.com/,,,https://s36.a2zinc.net/clients/acep/acep19/Public/eBooth.aspx?IndexInList=247&FromPage=Exhibitors.aspx&ParentBoothID=&ListByBooth=true&BoothID=119145
Pajunk Medical Systems,844,,"Norcross,",United States,http://www.pajunkusa.com,,"Other Specialty Products,Services",https://s36.a2zinc.net/clients/acep/acep19/Public/eBooth.aspx?IndexInList=248&FromPage=Exhibitors.aspx&ParentBoothID=&ListByBooth=true&BoothID=119239
Pan American Collaborative Emergency Medicine Development Program,1366,,"Laredo,",United States,http://www.pacemd.org,,"Educational Products,Services Non-Profit Organization,Association",https://s36.a2zinc.net/clients/acep/acep19/Public/eBooth.aspx?IndexInList=249&FromPage=Exhibitors.aspx&ParentBoothID=&ListByBooth=true&BoothID=118866
"Paratek Pharmaceuticals, Inc",1741,,"Boston,",United States,http://www.paratekpharma.com,,Pharmaceuticals,https://s36.a2zinc.net/clients/acep/acep19/Public/eBooth.aspx?IndexInList=250&FromPage=Exhibitors.aspx&ParentBoothID=&ListByBooth=true&BoothID=118604
Patient Forecaster,869,,"Greenwood Village,",United States,http://www.patientforecaster.com,,"Computer Software,Hardware Consulting Services Staffing,Management",https://s36.a2zinc.net/clients/acep/acep19/Public/eBooth.aspx?IndexInList=251&FromPage=Exhibitors.aspx&ParentBoothID=&ListByBooth=true&BoothID=119216
Patronus Neurology,1368,,"Hiram,",United States,http://www.patronusneurology.com,,"Consulting Services Specialty Products,Services",https://s36.a2zinc.net/clients/acep/acep19/Public/eBooth.aspx?IndexInList=252&FromPage=Exhibitors.aspx&ParentBoothID=&ListByBooth=true&BoothID=118864
Pear Therapeutics,265,,"Princeton,",United States,https://peartherapeutics.com/,,,https://s36.a2zinc.net/clients/acep/acep19/Public/eBooth.aspx?IndexInList=253&FromPage=Exhibitors.aspx&ParentBoothID=&ListByBooth=true&BoothID=119645
PenBlade® A TIDI® Products Brand,1434,,"Neenah,",United States,http://www.penblade.com,,Emergency Medical Equipment Safety Wound Care Products,https://s36.a2zinc.net/clients/acep/acep19/Public/eBooth.aspx?IndexInList=254&FromPage=Exhibitors.aspx&ParentBoothID=&ListByBooth=true&BoothID=121864
"Pendrick Capital Partners, LLC.",2209,,"Alexandria,",United States,http://www.pendrickcp.com,,"Specialty Products,Services",https://s36.a2zinc.net/clients/acep/acep19/Public/eBooth.aspx?IndexInList=255&FromPage=Exhibitors.aspx&ParentBoothID=&ListByBooth=true&BoothID=118312
Penn State Hershey Medical Center - Emergency Medicine,731,,"Hershey,",United States,http://www.pennstatehershey.org/web/emergencymedicine/home,,"Recruiting Staffing,Management",https://s36.a2zinc.net/clients/acep/acep19/Public/eBooth.aspx?IndexInList=256&FromPage=Exhibitors.aspx&ParentBoothID=&ListByBooth=true&BoothID=119323
"PEPID, LLC",1214,,"Phoenix,",United States,http://www.pepid.com,,"Computer Software,Hardware Diagnostic Products,Services Publications",https://s36.a2zinc.net/clients/acep/acep19/Public/eBooth.aspx?IndexInList=257&FromPage=Exhibitors.aspx&ParentBoothID=&ListByBooth=true&BoothID=120005
PerSys Medical,925,,"Houston,",United States,http://www.ps-med.com,,Emergency Medical Equipment Wound Care Products,https://s36.a2zinc.net/clients/acep/acep19/Public/eBooth.aspx?IndexInList=258&FromPage=Exhibitors.aspx&ParentBoothID=&ListByBooth=true&BoothID=120012
PETTIGREW,1746,,"Watkinsville,",United States,http://www.pettigrewmedical.com,,"Billing,Coding Services Computer Software,Hardware Consulting Services",https://s36.a2zinc.net/clients/acep/acep19/Public/eBooth.aspx?IndexInList=259&FromPage=Exhibitors.aspx&ParentBoothID=&ListByBooth=true&BoothID=118601
Philips,608,,"Andover,",United States,http://www.usa.philips.com/healthcare,,"Cardiovascular Emergency Medical Equipment Imaging,Ultrasound Equipment",https://s36.a2zinc.net/clients/acep/acep19/Public/eBooth.aspx?IndexInList=260&FromPage=Exhibitors.aspx&ParentBoothID=&ListByBooth=true&BoothID=119414
PhyCon,517,,"Oklahoma City,",United States,http://www.phyconbill.com,,"Billing,Coding Services Consulting Services Documentation Services",https://s36.a2zinc.net/clients/acep/acep19/Public/eBooth.aspx?IndexInList=261&FromPage=Exhibitors.aspx&ParentBoothID=&ListByBooth=true&BoothID=119471
Physicians Choice LLC,216,,"Woodland Hills,",United States,http://physchoice.com,,"Billing,Coding Services",https://s36.a2zinc.net/clients/acep/acep19/Public/eBooth.aspx?IndexInList=262&FromPage=Exhibitors.aspx&ParentBoothID=&ListByBooth=true&BoothID=120036
Pinnacle Health Group,1141,,"Atlanta,",United States,http://www.phg.com,,"Consulting Services Recruiting Staffing,Management",https://s36.a2zinc.net/clients/acep/acep19/Public/eBooth.aspx?IndexInList=263&FromPage=Exhibitors.aspx&ParentBoothID=&ListByBooth=true&BoothID=120046
Pluto Health Innovations,1062,,"Redwood City,",United States,http://www.plutohi.com,,"Computer Software,Hardware Documentation Services",https://s36.a2zinc.net/clients/acep/acep19/Public/eBooth.aspx?IndexInList=264&FromPage=Exhibitors.aspx&ParentBoothID=&ListByBooth=true&BoothID=122174
Porter Instrument,1925,,"Hatfield,",United States,http://www.praxair.com/healthcare,,Emergency Medical Equipment,https://s36.a2zinc.net/clients/acep/acep19/Public/eBooth.aspx?IndexInList=265&FromPage=Exhibitors.aspx&ParentBoothID=&ListByBooth=true&BoothID=118479
"Portola Pharmaceuticals, Inc.",2016,,"South San Francisco,",United States,http://www.portola.com/,,Pharmaceuticals,https://s36.a2zinc.net/clients/acep/acep19/Public/eBooth.aspx?IndexInList=266&FromPage=Exhibitors.aspx&ParentBoothID=&ListByBooth=true&BoothID=118413
"PracticeLink, Ltd.",614,,"Hinton,",United States,http://www.PracticeLink.com,,"Publications Recruiting Staffing,Management",https://s36.a2zinc.net/clients/acep/acep19/Public/eBooth.aspx?IndexInList=267&FromPage=Exhibitors.aspx&ParentBoothID=&ListByBooth=true&BoothID=119410
PracticeMatch,1161,,"St Louis,",United States,http://www.practicematch.com,,Recruiting,https://s36.a2zinc.net/clients/acep/acep19/Public/eBooth.aspx?IndexInList=268&FromPage=Exhibitors.aspx&ParentBoothID=&ListByBooth=true&BoothID=119013
Precision Medical Devices,1637,,"Thousand Oaks,",United States,http://www.thetring.com,,Emergency Medical Equipment Orthopedic Products Wound Care Products,https://s36.a2zinc.net/clients/acep/acep19/Public/eBooth.aspx?IndexInList=269&FromPage=Exhibitors.aspx&ParentBoothID=&ListByBooth=true&BoothID=118675
Presbyterian Healthcare Services,1751,,"Albuquerque,",United States,http://www.phs.org,,Recruiting,https://s36.a2zinc.net/clients/acep/acep19/Public/eBooth.aspx?IndexInList=270&FromPage=Exhibitors.aspx&ParentBoothID=&ListByBooth=true&BoothID=118597
ProScribe,1615,,"San Antonio,",United States,http://www.proscribemd.com,,"Consulting Services Documentation Services Staffing,Management",https://s36.a2zinc.net/clients/acep/acep19/Public/eBooth.aspx?IndexInList=271&FromPage=Exhibitors.aspx&ParentBoothID=&ListByBooth=true&BoothID=118695
"Prytime Medical Devices, Inc.",1142,,"Boerne,",United States,http://www.prytimemedical.com,,"Other Emergency Medical Equipment Specialty Products,Services",https://s36.a2zinc.net/clients/acep/acep19/Public/eBooth.aspx?IndexInList=272&FromPage=Exhibitors.aspx&ParentBoothID=&ListByBooth=true&BoothID=120045
PulseCheck,1757,,"Rosemont,",United States,http://www.pulsechecked.com,,"Computer Software,Hardware Consulting Services EDIS",https://s36.a2zinc.net/clients/acep/acep19/Public/eBooth.aspx?IndexInList=273&FromPage=Exhibitors.aspx&ParentBoothID=&ListByBooth=true&BoothID=118592
QGenda,1037,,"Atlanta,",United States,http://www.QGenda.com,,"Computer Software,Hardware Consulting Services Staffing,Management",https://s36.a2zinc.net/clients/acep/acep19/Public/eBooth.aspx?IndexInList=274&FromPage=Exhibitors.aspx&ParentBoothID=&ListByBooth=true&BoothID=119101
Quality in Flow Ltd (QinFlow),1432,,"Plano,",United States,http://qinflow.com/,,"Cardiovascular Emergency Medical Equipment Specialty Products,Services",https://s36.a2zinc.net/clients/acep/acep19/Public/eBooth.aspx?IndexInList=275&FromPage=Exhibitors.aspx&ParentBoothID=&ListByBooth=true&BoothID=122281
R1,1416,,"Chicago,",United States,http://www.r1rcm.com,,"Billing,Coding Services Consulting Services Recruiting",https://s36.a2zinc.net/clients/acep/acep19/Public/eBooth.aspx?IndexInList=276&FromPage=Exhibitors.aspx&ParentBoothID=&ListByBooth=true&BoothID=119981
"Rare Disease Therapeutics, Inc.",1731,,"Franklin,",United States,http://www.raretx.com,,Pharmaceuticals,https://s36.a2zinc.net/clients/acep/acep19/Public/eBooth.aspx?IndexInList=277&FromPage=Exhibitors.aspx&ParentBoothID=&ListByBooth=true&BoothID=118613
Rashmi Custom Tailors,935,,"Kowloon,",Hong Kong,www.rashmi.com,,,https://s36.a2zinc.net/clients/acep/acep19/Public/eBooth.aspx?IndexInList=278&FromPage=Exhibitors.aspx&ParentBoothID=&ListByBooth=true&BoothID=121995
Recordati Rare Diseases,829,,"Lebanon,",United States,http://www.recordatirarediseases.com,,Pharmaceuticals,https://s36.a2zinc.net/clients/acep/acep19/Public/eBooth.aspx?IndexInList=279&FromPage=Exhibitors.aspx&ParentBoothID=&ListByBooth=true&BoothID=120013
Retrofit,1338,,"New York,",United States,http://RetrofitMedical.com,,"Diagnostic Products,Services",https://s36.a2zinc.net/clients/acep/acep19/Public/eBooth.aspx?IndexInList=280&FromPage=Exhibitors.aspx&ParentBoothID=&ListByBooth=true&BoothID=118891
Reventics Inc.,825,,"Denver,",United States,http://www.reventics.com,,"Billing,Coding Services",https://s36.a2zinc.net/clients/acep/acep19/Public/eBooth.aspx?IndexInList=281&FromPage=Exhibitors.aspx&ParentBoothID=&ListByBooth=true&BoothID=120018
Ring Rescue Incorporated,1365,,"Dartmouth,",Canada,http://www.ringrescue.com,,"Emergency Medical Equipment Orthopedic Products Specialty Products,Services",https://s36.a2zinc.net/clients/acep/acep19/Public/eBooth.aspx?IndexInList=282&FromPage=Exhibitors.aspx&ParentBoothID=&ListByBooth=true&BoothID=118867
Rosh Review,325,,"Huntington Woods,",United States,http://www.roshreview.com,,"Educational Products,Services",https://s36.a2zinc.net/clients/acep/acep19/Public/eBooth.aspx?IndexInList=283&FromPage=Exhibitors.aspx&ParentBoothID=&ListByBooth=true&BoothID=119608
Rural Emergency Medicine Podcast,556,,"Delta,",United States,http://RuralEM.org,,"Educational Products,Services",https://s36.a2zinc.net/clients/acep/acep19/Public/eBooth.aspx?IndexInList=284&FromPage=Exhibitors.aspx&ParentBoothID=&ListByBooth=true&BoothID=119441
Salix Pharmaceuticals,161,,"Bridgewater,",United States,http://www.salix.com,,,https://s36.a2zinc.net/clients/acep/acep19/Public/eBooth.aspx?IndexInList=285&FromPage=Exhibitors.aspx&ParentBoothID=&ListByBooth=true&BoothID=119718
SAM Medical,1262,,"Tualatin,",United States,https://www.sammedical.com/,,Emergency Medical Equipment Orthopedic Products Wound Care Products,https://s36.a2zinc.net/clients/acep/acep19/Public/eBooth.aspx?IndexInList=286&FromPage=Exhibitors.aspx&ParentBoothID=&ListByBooth=true&BoothID=120119
Samsung,1331,,"Danvers,",United States,http://www.neurologica.com/,,"Diagnostic Products,Services Imaging,Ultrasound Equipment Other",https://s36.a2zinc.net/clients/acep/acep19/Public/eBooth.aspx?IndexInList=287&FromPage=Exhibitors.aspx&ParentBoothID=&ListByBooth=true&BoothID=118897
Sanford Health,836,,"Fargo,",United States,http://www.sanfordhealth.org,,"Non-Profit Organization,Association Recruiting",https://s36.a2zinc.net/clients/acep/acep19/Public/eBooth.aspx?IndexInList=288&FromPage=Exhibitors.aspx&ParentBoothID=&ListByBooth=true&BoothID=119246
sanofi pasteur,1465,,"Swiftwater,",United States,http://www.sanofipasteur.us,,Pharmaceuticals,https://s36.a2zinc.net/clients/acep/acep19/Public/eBooth.aspx?IndexInList=289&FromPage=Exhibitors.aspx&ParentBoothID=&ListByBooth=true&BoothID=118795
Sarasota Emergency Associates,941,,"Sarasota,",United States,http://www.sarasotaemergencyassociates.net,,"Staffing,Management Recruiting",https://s36.a2zinc.net/clients/acep/acep19/Public/eBooth.aspx?IndexInList=290&FromPage=Exhibitors.aspx&ParentBoothID=&ListByBooth=true&BoothID=119170
SCP Health,1411,,"Lafayette,",United States,http://www.scp-health.com,,"Recruiting Staffing,Management",https://s36.a2zinc.net/clients/acep/acep19/Public/eBooth.aspx?IndexInList=291&FromPage=Exhibitors.aspx&ParentBoothID=&ListByBooth=true&BoothID=118844
ScrubsApp,1048,,"Bloomfield Hills,",United States,http://www.scrubsapp.com,,"Computer Software,Hardware",https://s36.a2zinc.net/clients/acep/acep19/Public/eBooth.aspx?IndexInList=292&FromPage=Exhibitors.aspx&ParentBoothID=&ListByBooth=true&BoothID=119091
"Sharp Medical Products, LLC",2108,,"Geneva,",United States,http://www.sharpmedicalproducts.com,,"Emergency Medical Equipment Specialty Products,Services",https://s36.a2zinc.net/clients/acep/acep19/Public/eBooth.aspx?IndexInList=293&FromPage=Exhibitors.aspx&ParentBoothID=&ListByBooth=true&BoothID=118367
"Shift Administrators, LLC",515,,"Columbia,",United States,http://www.shiftadmin.com,,"Computer Software,Hardware Other Staffing,Management",https://s36.a2zinc.net/clients/acep/acep19/Public/eBooth.aspx?IndexInList=294&FromPage=Exhibitors.aspx&ParentBoothID=&ListByBooth=true&BoothID=119472
"ShiftGen, LLC",1614,,"Menlo Park,",United States,http://www.shiftgen.com,,"Staffing,Management",https://s36.a2zinc.net/clients/acep/acep19/Public/eBooth.aspx?IndexInList=295&FromPage=Exhibitors.aspx&ParentBoothID=&ListByBooth=true&BoothID=118697
Simulab Corporation,1628,,"Seattle,",United States,http://www.simulab.com,,"Educational Products,Services",https://s36.a2zinc.net/clients/acep/acep19/Public/eBooth.aspx?IndexInList=296&FromPage=Exhibitors.aspx&ParentBoothID=&ListByBooth=true&BoothID=118683
SmartER,455,,"La Grange,",United States,https://www.smart-ER.net,,"Computer Software,Hardware Insurance,Risk Management",https://s36.a2zinc.net/clients/acep/acep19/Public/eBooth.aspx?IndexInList=297&FromPage=Exhibitors.aspx&ParentBoothID=&ListByBooth=true&BoothID=119508
Smith & Nephew,1231,,"Austin,",United States,http://www.smith-nephew.com,,Wound Care Products,https://s36.a2zinc.net/clients/acep/acep19/Public/eBooth.aspx?IndexInList=298&FromPage=Exhibitors.aspx&ParentBoothID=&ListByBooth=true&BoothID=118970
Sociedad Argentina de Emergencias,1269,,"Buenos Aires,",Argentina,http://www.emergencias.org.ar,,,https://s36.a2zinc.net/clients/acep/acep19/Public/eBooth.aspx?IndexInList=299&FromPage=Exhibitors.aspx&ParentBoothID=&ListByBooth=true&BoothID=118935
Society for Academic Emergency Medicine,1114,,"Des Plaines,",United States,http://www.saem.org,,"Educational Products,Services Non-Profit Organization,Association",https://s36.a2zinc.net/clients/acep/acep19/Public/eBooth.aspx?IndexInList=300&FromPage=Exhibitors.aspx&ParentBoothID=&ListByBooth=true&BoothID=119050
Society for Airway Management,1337,,"Valparaiso,",United States,http://www.samhq.com,,"Non-Profit Organization,Association",https://s36.a2zinc.net/clients/acep/acep19/Public/eBooth.aspx?IndexInList=301&FromPage=Exhibitors.aspx&ParentBoothID=&ListByBooth=true&BoothID=118892
Society for Emergency Medicine India (SEMI),1168,,"Hyderabad,",India,http://www.semi.org.in,,,https://s36.a2zinc.net/clients/acep/acep19/Public/eBooth.aspx?IndexInList=302&FromPage=Exhibitors.aspx&ParentBoothID=&ListByBooth=true&BoothID=119007
"SonoSim, Inc.",309,,"Santa Monica,",United States,http://www.sonosim.com,,"Computer Software,Hardware Educational Products,Services Imaging,Ultrasound Equipment",https://s36.a2zinc.net/clients/acep/acep19/Public/eBooth.aspx?IndexInList=303&FromPage=Exhibitors.aspx&ParentBoothID=&ListByBooth=true&BoothID=119622
Sound Physicians,2013,,"Tacoma,",United States,http://www.soundphysicians.com,,"Recruiting Staffing,Management",https://s36.a2zinc.net/clients/acep/acep19/Public/eBooth.aspx?IndexInList=304&FromPage=Exhibitors.aspx&ParentBoothID=&ListByBooth=true&BoothID=118417
"South Miami CritiCare, Inc.",2011,,"Maimi,",United States,http://www.smcriticare.com,,"Recruiting Staffing,Management",https://s36.a2zinc.net/clients/acep/acep19/Public/eBooth.aspx?IndexInList=305&FromPage=Exhibitors.aspx&ParentBoothID=&ListByBooth=true&BoothID=118420
Southeast Health,2114,,"Dothan,",United States,http://www.southeasthealth.org,,Recruiting,https://s36.a2zinc.net/clients/acep/acep19/Public/eBooth.aspx?IndexInList=306&FromPage=Exhibitors.aspx&ParentBoothID=&ListByBooth=true&BoothID=118362
Southwest Medical Associates,1662,,"Rockport,",United States,http://swmed.com,,,https://s36.a2zinc.net/clients/acep/acep19/Public/eBooth.aspx?IndexInList=307&FromPage=Exhibitors.aspx&ParentBoothID=&ListByBooth=true&BoothID=118654
SPORE,1744,,"Denver,",United States,http://www.thespore.org,,"Non-Profit Organization,Association",https://s36.a2zinc.net/clients/acep/acep19/Public/eBooth.aspx?IndexInList=308&FromPage=Exhibitors.aspx&ParentBoothID=&ListByBooth=true&BoothID=118602
"SSCOR, Inc.",1732,,"Sun Valley,",United States,http://www.sscor.com,,Emergency Medical Equipment,https://s36.a2zinc.net/clients/acep/acep19/Public/eBooth.aspx?IndexInList=309&FromPage=Exhibitors.aspx&ParentBoothID=&ListByBooth=true&BoothID=120106
Staff Care,1853,,"Dallas,",United States,http://www.staffcare.com,,"Recruiting Staffing,Management",https://s36.a2zinc.net/clients/acep/acep19/Public/eBooth.aspx?IndexInList=310&FromPage=Exhibitors.aspx&ParentBoothID=&ListByBooth=true&BoothID=118526
SurveyVitals,1565,,"Boise,",United States,http://www.surveyvitals.com,,,https://s36.a2zinc.net/clients/acep/acep19/Public/eBooth.aspx?IndexInList=311&FromPage=Exhibitors.aspx&ParentBoothID=&ListByBooth=true&BoothID=118723
Sycamore Physician Contracting,1734,,"Florence,",United States,http://www.sycamoredocs.com,,"Recruiting Staffing,Management Consulting Services",https://s36.a2zinc.net/clients/acep/acep19/Public/eBooth.aspx?IndexInList=312&FromPage=Exhibitors.aspx&ParentBoothID=&ListByBooth=true&BoothID=120105
"Synergistic Systems, LLC",1946,,"Encino,",United States,www.synergistics-llc.com,,,https://s36.a2zinc.net/clients/acep/acep19/Public/eBooth.aspx?IndexInList=313&FromPage=Exhibitors.aspx&ParentBoothID=&ListByBooth=true&BoothID=120083
"Tactical Medical Solutions, Inc.",555,,"Anderson,",United States,https://www.tacmedsolutions.com/,,"Emergency Medical Equipment Specialty Products,Services Wound Care Products",https://s36.a2zinc.net/clients/acep/acep19/Public/eBooth.aspx?IndexInList=314&FromPage=Exhibitors.aspx&ParentBoothID=&ListByBooth=true&BoothID=119442
TAPSemr,927,,"Torrance,",United States,http://www.tapsemr.com,,"Computer Software,Hardware Documentation Services",https://s36.a2zinc.net/clients/acep/acep19/Public/eBooth.aspx?IndexInList=315&FromPage=Exhibitors.aspx&ParentBoothID=&ListByBooth=true&BoothID=120010
TeamHealth,1445,,"Knoxville,",United States,https://www.teamhealth.com/join-teamhealth/,,"Recruiting Staffing,Management",https://s36.a2zinc.net/clients/acep/acep19/Public/eBooth.aspx?IndexInList=316&FromPage=Exhibitors.aspx&ParentBoothID=&ListByBooth=true&BoothID=120054
TeedCo Healthcare Recruiting,1408,,"Norwalk,",United States,https://www.teedco.com,,"Recruiting Staffing,Management",https://s36.a2zinc.net/clients/acep/acep19/Public/eBooth.aspx?IndexInList=317&FromPage=Exhibitors.aspx&ParentBoothID=&ListByBooth=true&BoothID=118845
"Teleflex, Inc.",211,,"Morrisville,",United States,http://www.teleflex.com,,"Cardiovascular Educational Products,Services Other",https://s36.a2zinc.net/clients/acep/acep19/Public/eBooth.aspx?IndexInList=318&FromPage=Exhibitors.aspx&ParentBoothID=&ListByBooth=true&BoothID=119691
"Telespecialists, LLC",458,,"Fort Myers,",United States,http://www.tstelemed.com,,"Specialty Products,Services",https://s36.a2zinc.net/clients/acep/acep19/Public/eBooth.aspx?IndexInList=319&FromPage=Exhibitors.aspx&ParentBoothID=&ListByBooth=true&BoothID=119505
"Telexy Healthcare, Inc",1461,,"Coquitlam,",Canada,http://www.telexy.com/,,"EDIS Educational Products,Services Imaging,Ultrasound Equipment",https://s36.a2zinc.net/clients/acep/acep19/Public/eBooth.aspx?IndexInList=320&FromPage=Exhibitors.aspx&ParentBoothID=&ListByBooth=true&BoothID=118798
Terason,1238,,"Burlington,",United States,http://www.terason.com,,"Imaging,Ultrasound Equipment",https://s36.a2zinc.net/clients/acep/acep19/Public/eBooth.aspx?IndexInList=321&FromPage=Exhibitors.aspx&ParentBoothID=&ListByBooth=true&BoothID=118963
TerSera Therapeutics LLC,1466,,"Lake Forest,",United States,https://www.tersera.com/,,Pharmaceuticals,https://s36.a2zinc.net/clients/acep/acep19/Public/eBooth.aspx?IndexInList=322&FromPage=Exhibitors.aspx&ParentBoothID=&ListByBooth=true&BoothID=122278
TerSera Therapeutics Medical Affairs,1566,,"Lake Forest,",United States,http://tersera.com,,Pharmaceuticals,https://s36.a2zinc.net/clients/acep/acep19/Public/eBooth.aspx?IndexInList=323&FromPage=Exhibitors.aspx&ParentBoothID=&ListByBooth=true&BoothID=118722
The Dental Box,1112,,"Phoenix,",United States,http://www.thedentalbox.com,,Emergency Medical Equipment Wound Care Products,https://s36.a2zinc.net/clients/acep/acep19/Public/eBooth.aspx?IndexInList=324&FromPage=Exhibitors.aspx&ParentBoothID=&ListByBooth=true&BoothID=120037
The Sullivan Group,711,,"Denver,",United States,http://www.thesullivangroup.com,,"Educational Products,Services Insurance,Risk Management EDIS",https://s36.a2zinc.net/clients/acep/acep19/Public/eBooth.aspx?IndexInList=325&FromPage=Exhibitors.aspx&ParentBoothID=&ListByBooth=true&BoothID=119341
Thermo Scientific,744,,"Middletown,",United States,http://www.thermoscientific.com/aboutsepsis,,"Diagnostic Products,Services",https://s36.a2zinc.net/clients/acep/acep19/Public/eBooth.aspx?IndexInList=326&FromPage=Exhibitors.aspx&ParentBoothID=&ListByBooth=true&BoothID=119311
Thinklabs Medical,114,,"Centennial,",United States,http://www.thinklabs.com,,"Cardiovascular Diagnostic Products,Services",https://s36.a2zinc.net/clients/acep/acep19/Public/eBooth.aspx?IndexInList=327&FromPage=Exhibitors.aspx&ParentBoothID=&ListByBooth=true&BoothID=119739
Tooti enterprise,1935,,"El Cajon ,",United States,http://www.tootimedical.com,,,https://s36.a2zinc.net/clients/acep/acep19/Public/eBooth.aspx?IndexInList=328&FromPage=Exhibitors.aspx&ParentBoothID=&ListByBooth=true&BoothID=120121
Tribal EM,428,,"Scottsdale,",United States,http://www.tribalem.com,,"Consulting Services Staffing,Management",https://s36.a2zinc.net/clients/acep/acep19/Public/eBooth.aspx?IndexInList=329&FromPage=Exhibitors.aspx&ParentBoothID=&ListByBooth=true&BoothID=119532
"Trusted Medical Centers, LLC",1431,,"Hurst,",United States,http://trustedmedicalcenters.com,,"Billing,Coding Services Specialty Products,Services Staffing,Management",https://s36.a2zinc.net/clients/acep/acep19/Public/eBooth.aspx?IndexInList=330&FromPage=Exhibitors.aspx&ParentBoothID=&ListByBooth=true&BoothID=122282
Tsehootsooi Medical Center,961,,"Fort Defiance,",United States,http://www.fdihb.org,,"Non-Profit Organization,Association Recruiting",https://s36.a2zinc.net/clients/acep/acep19/Public/eBooth.aspx?IndexInList=331&FromPage=Exhibitors.aspx&ParentBoothID=&ListByBooth=true&BoothID=120101
T-System,621,,"Dallas,",United States,http://www.tsystem.com,,"Billing,Coding Services Documentation Services EDIS",https://s36.a2zinc.net/clients/acep/acep19/Public/eBooth.aspx?IndexInList=332&FromPage=Exhibitors.aspx&ParentBoothID=&ListByBooth=true&BoothID=119404
Tuba City Regional Health Care Corporation,215,,"Tuba City,",United States,tchealth.org,,,https://s36.a2zinc.net/clients/acep/acep19/Public/eBooth.aspx?IndexInList=333&FromPage=Exhibitors.aspx&ParentBoothID=&ListByBooth=true&BoothID=120030
"Twiage, LLC",2210,,"New York,",United States,http://www.twiagemed.com,,,https://s36.a2zinc.net/clients/acep/acep19/Public/eBooth.aspx?IndexInList=334&FromPage=Exhibitors.aspx&ParentBoothID=&ListByBooth=true&BoothID=118311
U.S. Army Medicine Civilian Corps,936,,"Fort Sam Houston,",United States,http://civilianmedicaljobs.com,,Recruiting,https://s36.a2zinc.net/clients/acep/acep19/Public/eBooth.aspx?IndexInList=335&FromPage=Exhibitors.aspx&ParentBoothID=&ListByBooth=true&BoothID=121994
UBQ,126,,"Davis,",United States,http://ubq.care,,,https://s36.a2zinc.net/clients/acep/acep19/Public/eBooth.aspx?IndexInList=336&FromPage=Exhibitors.aspx&ParentBoothID=&ListByBooth=true&BoothID=121860
"UE Medical Devices, Inc.",726,,"Newton,",United States,http://www.uescope.com,,Emergency Medical Equipment,https://s36.a2zinc.net/clients/acep/acep19/Public/eBooth.aspx?IndexInList=337&FromPage=Exhibitors.aspx&ParentBoothID=&ListByBooth=true&BoothID=120165
University of Colorado Denver,109,,"Denver,",United States,http://business.ucdenver.edu/executivehealth,,"Educational Products,Services",https://s36.a2zinc.net/clients/acep/acep19/Public/eBooth.aspx?IndexInList=338&FromPage=Exhibitors.aspx&ParentBoothID=&ListByBooth=true&BoothID=119743
University of Florida,262,,"Gainesville,",United States,https://emergency.med.ufl.edu,,"Non-Profit Organization,Association",https://s36.a2zinc.net/clients/acep/acep19/Public/eBooth.aspx?IndexInList=339&FromPage=Exhibitors.aspx&ParentBoothID=&ListByBooth=true&BoothID=119648
University of Maryland Department of Emergency Medicine,2112,,"Baltimore,",United States,https://em.umaryland.edu/,,"Non-Profit Organization,Association",https://s36.a2zinc.net/clients/acep/acep19/Public/eBooth.aspx?IndexInList=340&FromPage=Exhibitors.aspx&ParentBoothID=&ListByBooth=true&BoothID=118364
University of Tennessee Physician Executive MBA Program,2009,,"Knoxville,",United States,http://www.pemba.utk.edu,,"Educational Products,Services",https://s36.a2zinc.net/clients/acep/acep19/Public/eBooth.aspx?IndexInList=341&FromPage=Exhibitors.aspx&ParentBoothID=&ListByBooth=true&BoothID=120075
Until Help Arrives,125,,"Irving,",United States,http://www.untilhelparrives.com,,ACEP Related Safety,https://s36.a2zinc.net/clients/acep/acep19/Public/eBooth.aspx?IndexInList=342&FromPage=Exhibitors.aspx&ParentBoothID=&ListByBooth=true&BoothID=121861
UPMC Emergency Medicine,657,,"Harrisburg,",United States,http://www.pinnaclehealth.org,,"Non-Profit Organization,Association",https://s36.a2zinc.net/clients/acep/acep19/Public/eBooth.aspx?IndexInList=343&FromPage=Exhibitors.aspx&ParentBoothID=&ListByBooth=true&BoothID=119371
"Uresil, LLC",917,,"Skokie,",United States,http://www.uresil.com,,"Diagnostic Products,Services Emergency Medical Equipment",https://s36.a2zinc.net/clients/acep/acep19/Public/eBooth.aspx?IndexInList=344&FromPage=Exhibitors.aspx&ParentBoothID=&ListByBooth=true&BoothID=119191
US Acute Care Solutions,1621,,"Canton,",United States,http://www.usacs.com,,"Billing,Coding Services Recruiting Staffing,Management",https://s36.a2zinc.net/clients/acep/acep19/Public/eBooth.aspx?IndexInList=345&FromPage=Exhibitors.aspx&ParentBoothID=&ListByBooth=true&BoothID=118689
US Hereditary Angioedema Association,1443,,"Fairfax City,",United States,http://www.haea.org,,"Non-Profit Organization,Association",https://s36.a2zinc.net/clients/acep/acep19/Public/eBooth.aspx?IndexInList=346&FromPage=Exhibitors.aspx&ParentBoothID=&ListByBooth=true&BoothID=118815
US Navy Recruiting Command,741,,"Millington,",United States,http://www.navy.com,,Recruiting,https://s36.a2zinc.net/clients/acep/acep19/Public/eBooth.aspx?IndexInList=347&FromPage=Exhibitors.aspx&ParentBoothID=&ListByBooth=true&BoothID=119313
USC Marshall School of Business,1852,,"Los Angeles,",United States,http://marshall.usc.edu/mmm,,"Educational Products,Services Non-Profit Organization,Association Other",https://s36.a2zinc.net/clients/acep/acep19/Public/eBooth.aspx?IndexInList=348&FromPage=Exhibitors.aspx&ParentBoothID=&ListByBooth=true&BoothID=118527
Vapotherm,1333,,"Exeter,",United States,https://vapotherm.com/,,Cardiovascular Other,https://s36.a2zinc.net/clients/acep/acep19/Public/eBooth.aspx?IndexInList=349&FromPage=Exhibitors.aspx&ParentBoothID=&ListByBooth=true&BoothID=118895
"VBM Medical, Inc.",2008,,"Noblesville,",United States,http://www.vbm-medical.com,,Emergency Medical Equipment Orthopedic Products,https://s36.a2zinc.net/clients/acep/acep19/Public/eBooth.aspx?IndexInList=350&FromPage=Exhibitors.aspx&ParentBoothID=&ListByBooth=true&BoothID=120076
"VectraCor, Inc.",1738,,"Totowa,",United States,http://www.vetracor.com,,"Cardiovascular Diagnostic Products,Services Emergency Medical Equipment Patient Monitoring",https://s36.a2zinc.net/clients/acep/acep19/Public/eBooth.aspx?IndexInList=351&FromPage=Exhibitors.aspx&ParentBoothID=&ListByBooth=true&BoothID=118607
VEP Healthcare,1008,,"Concord,",United States,https://www.vephealthcare.com,,"Recruiting Staffing,Management",https://s36.a2zinc.net/clients/acep/acep19/Public/eBooth.aspx?IndexInList=352&FromPage=Exhibitors.aspx&ParentBoothID=&ListByBooth=true&BoothID=119126
Verathon Inc.,1841,,"Bothell,",United States,http://www.verathon.com,,Emergency Medical Equipment,https://s36.a2zinc.net/clients/acep/acep19/Public/eBooth.aspx?IndexInList=353&FromPage=Exhibitors.aspx&ParentBoothID=&ListByBooth=true&BoothID=118537
VISTA Staffing Solutions,1651,,"Cottonwood Heights,",United States,http://www.vistastaff.com,,"Recruiting Staffing,Management",https://s36.a2zinc.net/clients/acep/acep19/Public/eBooth.aspx?IndexInList=354&FromPage=Exhibitors.aspx&ParentBoothID=&ListByBooth=true&BoothID=118663
VisualDx,2216,,"Rochester,",United States,http://www.visualdx.com,,"Computer Software,Hardware Diagnostic Products,Services Educational Products,Services",https://s36.a2zinc.net/clients/acep/acep19/Public/eBooth.aspx?IndexInList=355&FromPage=Exhibitors.aspx&ParentBoothID=&ListByBooth=true&BoothID=118304
VITAS Healthcare,1234,,"Miami,",United States,http://www.vitas.com,,Other,https://s36.a2zinc.net/clients/acep/acep19/Public/eBooth.aspx?IndexInList=356&FromPage=Exhibitors.aspx&ParentBoothID=&ListByBooth=true&BoothID=118966
Vituity,821,,"Emeryville,",United States,http://www.vituity.com/careers,,"Recruiting Staffing,Management",https://s36.a2zinc.net/clients/acep/acep19/Public/eBooth.aspx?IndexInList=357&FromPage=Exhibitors.aspx&ParentBoothID=&ListByBooth=true&BoothID=119260
"VORTRAN Medical Technology 1, Inc.",1766,,"Sacramento,",United States,http://www.vortran.com,,Emergency Medical Equipment Patient Monitoring,https://s36.a2zinc.net/clients/acep/acep19/Public/eBooth.aspx?IndexInList=358&FromPage=Exhibitors.aspx&ParentBoothID=&ListByBooth=true&BoothID=118585
Weatherby Healthcare,817,,"Ft. Lauderdale,",United States,http://www.weatherbyhealthcare.com,,"Recruiting Staffing,Management",https://s36.a2zinc.net/clients/acep/acep19/Public/eBooth.aspx?IndexInList=359&FromPage=Exhibitors.aspx&ParentBoothID=&ListByBooth=true&BoothID=119262
Wellsoft Corporation,1011,,"Somerset,",United States,http://www.wellsoft.com,,"Computer Software,Hardware EDIS",https://s36.a2zinc.net/clients/acep/acep19/Public/eBooth.aspx?IndexInList=360&FromPage=Exhibitors.aspx&ParentBoothID=&ListByBooth=true&BoothID=119124
Wolters Kluwer,1509,,"Philadelphia,",United States,https://shop.lww.com,,Publications,https://s36.a2zinc.net/clients/acep/acep19/Public/eBooth.aspx?IndexInList=361&FromPage=Exhibitors.aspx&ParentBoothID=&ListByBooth=true&BoothID=120019
WVU Medicine,943,,"Morgantown,",United States,http://wvumedicine.org/morgantowncareers,,Recruiting,https://s36.a2zinc.net/clients/acep/acep19/Public/eBooth.aspx?IndexInList=362&FromPage=Exhibitors.aspx&ParentBoothID=&ListByBooth=true&BoothID=119168
Your Design Medical,1335,,"Brooklyn,",United States,http://www.yourdesignmedical.com,,"Educational Products,Services Imaging,Ultrasound Equipment Specialty Products,Services",https://s36.a2zinc.net/clients/acep/acep19/Public/eBooth.aspx?IndexInList=363&FromPage=Exhibitors.aspx&ParentBoothID=&ListByBooth=true&BoothID=118894
"Zanfel Laboratories, Inc.",1735,,"Urbandale,",United States,http://www.zanfel.com,,Other Pharmaceuticals Safety,https://s36.a2zinc.net/clients/acep/acep19/Public/eBooth.aspx?IndexInList=364&FromPage=Exhibitors.aspx&ParentBoothID=&ListByBooth=true&BoothID=120104
"Zerowet, Inc.",828,,"Palos Verdes,",United States,http://www.zerowet.com,,Emergency Medical Equipment Safety Wound Care Products,https://s36.a2zinc.net/clients/acep/acep19/Public/eBooth.aspx?IndexInList=365&FromPage=Exhibitors.aspx&ParentBoothID=&ListByBooth=true&BoothID=120014
Z-Medica,118,,"Wallingford,",United States,http://www.quikclot.com,,Emergency Medical Equipment Wound Care Products,https://s36.a2zinc.net/clients/acep/acep19/Public/eBooth.aspx?IndexInList=366&FromPage=Exhibitors.aspx&ParentBoothID=&ListByBooth=true&BoothID=119735
ZOLL Medical Corporation,108,,"Chelmsford,",United States,http://www.zoll.com,,"Emergency Medical Equipment Other Specialty Products,Services",https://s36.a2zinc.net/clients/acep/acep19/Public/eBooth.aspx?IndexInList=367&FromPage=Exhibitors.aspx&ParentBoothID=&ListByBooth=true&BoothID=119744
Zotec Partners,1608,,"Carmel,",United States,http://www.zotecpartners.com,,"Billing,Coding Services",https://s36.a2zinc.net/clients/acep/acep19/Public/eBooth.aspx?IndexInList=368&FromPage=Exhibitors.aspx&ParentBoothID=&ListByBooth=true&BoothID=118702
