Name,Booth_no,Address,City,Country,website,Contact_no,product,url
4D Technology Corp,820,3280 E Hemisphere Loop Ste 146,"Tucson,",United States,,520-294-5600,"Measurement Inspection ,TestingInspection Systems ,Equipment Measurement, Inspection ,Analysis Optical Equipment Software Quality Control ,Inspection Systems",https://s36.a2zinc.net/clients/sme/aerodef2020/Public/eBooth.aspx?IndexInList=0&FromPage=Exhibitors.aspx&ParentBoothID=&ListByBooth=true&BoothID=317463
5ME LLC,623,4270 Ivy Pointe Boulevard,"Cincinnati,",United States,,513-719-1622,Controls CAD/CAM Software Production Monitoring Systems,https://s36.a2zinc.net/clients/sme/aerodef2020/Public/eBooth.aspx?IndexInList=1&FromPage=Exhibitors.aspx&ParentBoothID=&ListByBooth=true&BoothID=320637
Able Electropolishing Inc,925,2001 S Kilbourn Ave,"Chicago,",United States,,773-277-1600,"Finishing ,Coating Surface Treatment ,Cleaning Equipment",https://s36.a2zinc.net/clients/sme/aerodef2020/Public/eBooth.aspx?IndexInList=2&FromPage=Exhibitors.aspx&ParentBoothID=&ListByBooth=true&BoothID=317616
Adaptive Corporation,915,118 W Streetsboro St # 221,"Hudson,",United States,,440-257-7460,Controls CAD/CAM Software Computer-Aided Engineering Equipment Computer-Aided Manufacturing (CAM),https://s36.a2zinc.net/clients/sme/aerodef2020/Public/eBooth.aspx?IndexInList=3&FromPage=Exhibitors.aspx&ParentBoothID=&ListByBooth=true&BoothID=317608
AddUp Inc,423,"55 Beattie Place, Suite 120","Greenville,",United States,http://www.addupsolutions.com/en,864-999-0748,Additive ManufacturingAdditive Manufacturing,https://s36.a2zinc.net/clients/sme/aerodef2020/Public/eBooth.aspx?IndexInList=4&FromPage=Exhibitors.aspx&ParentBoothID=&ListByBooth=true&BoothID=317297
Advanced Machine Works,1017,6767 E Virgin St,"Tulsa,Â",United States,http://www.acculoc6.com,918-884-3750,"Automated Manufacturing ,Assembly Material Handling",https://s36.a2zinc.net/clients/sme/aerodef2020/Public/eBooth.aspx?IndexInList=5&FromPage=Exhibitors.aspx&ParentBoothID=&ListByBooth=true&BoothID=317642
Aegis Software,842,5 Walnut Grv,"Horsham,",United States,,215-773-3571,"Controls CAD/CAM Software Computer-Aided Manufacturing (CAM) Manufacturing Scheduling ,Control Production ,Inventory Control Communication Systems Software ERP/MRP ,Supply Chain Management Software Off-Line Programming Software Shop Floor Control Systems Production Monitoring Systems",https://s36.a2zinc.net/clients/sme/aerodef2020/Public/eBooth.aspx?IndexInList=6&FromPage=Exhibitors.aspx&ParentBoothID=&ListByBooth=true&BoothID=320674
AIP Precision Machining,545,724 Fentress Blvd,"Daytona Beach,",United States,,386-274-5335,CompositesAdvanced Materials Composites Plastic Products Plastics Machining Thermoplastice Thermoplastics,https://s36.a2zinc.net/clients/sme/aerodef2020/Public/eBooth.aspx?IndexInList=7&FromPage=Exhibitors.aspx&ParentBoothID=&ListByBooth=true&BoothID=317701
Aligned Vision,535,27 Industrial Ave,"Chelmsford,Â",United States,,978-244-1166,"Automated Manufacturing ,Assembly Automation Equipment",https://s36.a2zinc.net/clients/sme/aerodef2020/Public/eBooth.aspx?IndexInList=8&FromPage=Exhibitors.aspx&ParentBoothID=&ListByBooth=true&BoothID=320633
Andrews Tool Co,529,2026 W Pioneer Pkwy Ste B10,"Arlington,",United States,,817-274-7418,"Hand ,Portable Tools Tools Hand Electric ,Air Tools Power",https://s36.a2zinc.net/clients/sme/aerodef2020/Public/eBooth.aspx?IndexInList=9&FromPage=Exhibitors.aspx&ParentBoothID=&ListByBooth=true&BoothID=331381
ARC Technology Solutions,839,165 Ledge St,"Nashua,Â",United States,,603-893-3027,"Assembly ,Joining Fastening ,Joining Equipment Screwdrivers Automatic Electric ,Pneumatic",https://s36.a2zinc.net/clients/sme/aerodef2020/Public/eBooth.aspx?IndexInList=10&FromPage=Exhibitors.aspx&ParentBoothID=&ListByBooth=true&BoothID=317480
Ascent Aerospace,523,16445 23 Mile Road,"Macomb Township,",United States,,586-726-0500,"Assembly ,Joining Fastening ,Joining Equipment",https://s36.a2zinc.net/clients/sme/aerodef2020/Public/eBooth.aspx?IndexInList=11&FromPage=Exhibitors.aspx&ParentBoothID=&ListByBooth=true&BoothID=320625
Baker Industries,408,16936 Enterprise Dr,"Macomb,Â",United States,,586-286-4900,,https://s36.a2zinc.net/clients/sme/aerodef2020/Public/eBooth.aspx?IndexInList=12&FromPage=Exhibitors.aspx&ParentBoothID=&ListByBooth=true&BoothID=320643
Boedeker Plastics Inc,415,904 W 6th St,"Shiner,",United States,,361-594-2941,Assembly Services Contract Assembly,https://s36.a2zinc.net/clients/sme/aerodef2020/Public/eBooth.aspx?IndexInList=13&FromPage=Exhibitors.aspx&ParentBoothID=&ListByBooth=true&BoothID=320683
Carr Lane Manufacturing Co,435,4200 Carr Lane Ct,"Saint Louis,Â",United States,,314-647-6200,"Workholding Systems ,Devices Clamps Hydraulic Clamps Pneumatic Fixtures ,Components Jigs ,Fixtures Vises ,Vise Jaws Workholding Equipment ,Accessories",https://s36.a2zinc.net/clients/sme/aerodef2020/Public/eBooth.aspx?IndexInList=14&FromPage=Exhibitors.aspx&ParentBoothID=&ListByBooth=true&BoothID=317307
CGTech,429,9000 Research Dr,"Irvine,",United States,,949-753-1050,Additive ManufacturingAdditive Manufacturing,https://s36.a2zinc.net/clients/sme/aerodef2020/Public/eBooth.aspx?IndexInList=15&FromPage=Exhibitors.aspx&ParentBoothID=&ListByBooth=true&BoothID=317301
Clark Fixture Technologies,420,410 N Dunbridge Rd,"Bowling Green,Â",United States,http://www.clarkfixtures.com,419-354-1541,"Gages ,Gaging Systems Gages ,Gaging Equipment Measuring Tools ,Equipment",https://s36.a2zinc.net/clients/sme/aerodef2020/Public/eBooth.aspx?IndexInList=16&FromPage=Exhibitors.aspx&ParentBoothID=&ListByBooth=true&BoothID=320614
Creaform,816,"4700, de la Pascaline","Lévis,",Canada,,418-833-4446,Management Services Engineering Services,https://s36.a2zinc.net/clients/sme/aerodef2020/Public/eBooth.aspx?IndexInList=17&FromPage=Exhibitors.aspx&ParentBoothID=&ListByBooth=true&BoothID=317461
Da/Pro Rubber Inc,920,601 N Poplar Ave,"Broken Arrow,Â",United States,,918-258-9386,"Plastics Molding ,Manufacturing Moldmaking Plastic Products Plastics Molding Plastics Processing Molding",https://s36.a2zinc.net/clients/sme/aerodef2020/Public/eBooth.aspx?IndexInList=18&FromPage=Exhibitors.aspx&ParentBoothID=&ListByBooth=true&BoothID=317611
Darex LLC,336,210 E Hersey St,"Ashland,Â",United States,,541-488-2224,,https://s36.a2zinc.net/clients/sme/aerodef2020/Public/eBooth.aspx?IndexInList=19&FromPage=Exhibitors.aspx&ParentBoothID=&ListByBooth=true&BoothID=317264
Delta Sigma Co,635,2125 Barrett Park Dr NW,"Kennesaw,",United States,,770-575-5100,"Assembly ,Joining Adhesives Fasteners ,Precision Formed Parts Fastening ,Joining Equipment",https://s36.a2zinc.net/clients/sme/aerodef2020/Public/eBooth.aspx?IndexInList=20&FromPage=Exhibitors.aspx&ParentBoothID=&ListByBooth=true&BoothID=320641
Desoutter Industrial Tools,432,1815 Clubhouse Dr,"Rock Hill,Â",United States,,803-448-7715,"Assembly ,Joining Fastening ,Joining Equipment Screwdrivers Automatic Electric ,Pneumatic",https://s36.a2zinc.net/clients/sme/aerodef2020/Public/eBooth.aspx?IndexInList=21&FromPage=Exhibitors.aspx&ParentBoothID=&ListByBooth=true&BoothID=331379
DMS - Diversified Machine Systems,319,1068 Elkton Drive,"Colorado Springs,",United States,,719-323-2577,"Automated Manufacturing ,Assembly NC, CNC ,DNC",https://s36.a2zinc.net/clients/sme/aerodef2020/Public/eBooth.aspx?IndexInList=22&FromPage=Exhibitors.aspx&ParentBoothID=&ListByBooth=true&BoothID=317249
Duroair Technologies USA Inc,329,129 Elm St,"East Aurora,",United States,http://www.duroair.com,289-277-1157,,https://s36.a2zinc.net/clients/sme/aerodef2020/Public/eBooth.aspx?IndexInList=23&FromPage=Exhibitors.aspx&ParentBoothID=&ListByBooth=true&BoothID=317257
Dustcontrol Inc,422,6720 Amsterdam Way,"Wilmington,",United States,,910-395-1808,"Automated Manufacturing ,Assembly Control Systems",https://s36.a2zinc.net/clients/sme/aerodef2020/Public/eBooth.aspx?IndexInList=24&FromPage=Exhibitors.aspx&ParentBoothID=&ListByBooth=true&BoothID=320615
Empirical - A Family of Companies,621,4628 Northpark Dr,"Colorado Spgs,",United States,,719-264-9937,"Controls CAD/CAM Software Testing Equipment ,Services",https://s36.a2zinc.net/clients/sme/aerodef2020/Public/eBooth.aspx?IndexInList=25&FromPage=Exhibitors.aspx&ParentBoothID=&ListByBooth=true&BoothID=320636
Essentium Inc,515,5880 Imperial Loop Ste 10,"College Station,",United States,http://www.essentiummaterials.com,979-777-2354,Additive ManufacturingAdditive Manufacturing,https://s36.a2zinc.net/clients/sme/aerodef2020/Public/eBooth.aspx?IndexInList=26&FromPage=Exhibitors.aspx&ParentBoothID=&ListByBooth=true&BoothID=317334
FANUC America Corp,436,3900 W Hamlin Rd,"Rochester Hills,",United States,,248-377-7000,"Automated Manufacturing ,Assembly Control Systems Machine Controls NC, CNC ,DNC",https://s36.a2zinc.net/clients/sme/aerodef2020/Public/eBooth.aspx?IndexInList=27&FromPage=Exhibitors.aspx&ParentBoothID=&ListByBooth=true&BoothID=320620
Fastems LLC,707,9850 Windisch Rd,"West Chester,",United States,,513-779-4614,"Automated Manufacturing ,Assembly Automation Equipment Material Handling Tool Monitoring Systems",https://s36.a2zinc.net/clients/sme/aerodef2020/Public/eBooth.aspx?IndexInList=28&FromPage=Exhibitors.aspx&ParentBoothID=&ListByBooth=true&BoothID=331385
Fiber Dynamics Inc,416,3730 Midco St,"Wichita,Â",United States,,316-264-9541,CompositesComposites Thermoplastice Thermoplastics,https://s36.a2zinc.net/clients/sme/aerodef2020/Public/eBooth.aspx?IndexInList=29&FromPage=Exhibitors.aspx&ParentBoothID=&ListByBooth=true&BoothID=317292
Fives Machining Systems,524,2200 Litton Lane,"Hebron,",United States,,859-534-4600,CompositesComposites,https://s36.a2zinc.net/clients/sme/aerodef2020/Public/eBooth.aspx?IndexInList=30&FromPage=Exhibitors.aspx&ParentBoothID=&ListByBooth=true&BoothID=320626
Flexial Corp,709,1483 Gould Dr,"Cookeville,Â",United States,www.flexial.com,931-432-8409,,https://s36.a2zinc.net/clients/sme/aerodef2020/Public/eBooth.aspx?IndexInList=31&FromPage=Exhibitors.aspx&ParentBoothID=&ListByBooth=true&BoothID=320667
Fluidic Systems,316,2665 Orange Ave,"Santa Ana,",United States,,714-556-6747,"Assembly ,Joining Adhesives/Dispensing Equipment",https://s36.a2zinc.net/clients/sme/aerodef2020/Public/eBooth.aspx?IndexInList=32&FromPage=Exhibitors.aspx&ParentBoothID=&ListByBooth=true&BoothID=317248
Genesis Systems IPG Photonics Company,836,8900 N Harrison St,"Davenport,",United States,http://www.genesis-systems.com,563-445-5600,Additive ManufacturingAdditive Manufacturing,https://s36.a2zinc.net/clients/sme/aerodef2020/Public/eBooth.aspx?IndexInList=33&FromPage=Exhibitors.aspx&ParentBoothID=&ListByBooth=true&BoothID=340977
Gretna Machine Shop Inc,421,3450 Lang Rd,"Houston,",United States,http://www.gretnamachine.com,713-690-7328,"Automated Manufacturing ,Assembly NC, CNC ,DNC",https://s36.a2zinc.net/clients/sme/aerodef2020/Public/eBooth.aspx?IndexInList=34&FromPage=Exhibitors.aspx&ParentBoothID=&ListByBooth=true&BoothID=317295
Herding Filtration LLC,924,1391 Wheaton Dr Ste 100,"Troy,Â",United States,,248-673-4514,,https://s36.a2zinc.net/clients/sme/aerodef2020/Public/eBooth.aspx?IndexInList=35&FromPage=Exhibitors.aspx&ParentBoothID=&ListByBooth=true&BoothID=331789
iBASEt,419,27442 Portola Pkwy Ste 300,"Foothill Ranch,",United States,,949-598-5333,"Controls CAD/CAM Software Computer-Aided Manufacturing (CAM) Software ERP/MRP ,Supply Chain Management Software Shop Floor Control Systems",https://s36.a2zinc.net/clients/sme/aerodef2020/Public/eBooth.aspx?IndexInList=36&FromPage=Exhibitors.aspx&ParentBoothID=&ListByBooth=true&BoothID=317293
IFS,639,300 Park Blvd Ste 555,"Itasca,Â",United States,http://www.ifsworld.com,262-317-7318,"Controls CAD/CAM Software MRP/MRP II Systems Production ,Inventory Control Software ERP/MRP ,Supply Chain Management Software Shop Floor Control Systems",https://s36.a2zinc.net/clients/sme/aerodef2020/Public/eBooth.aspx?IndexInList=37&FromPage=Exhibitors.aspx&ParentBoothID=&ListByBooth=true&BoothID=320682
IKONICS Advanced Material Solutions,424,4832 Grand Ave,"Duluth,",United States,http://www.ikonicsmms.com,800-643-1037,"Machining ,Material Removal Services Contract Machining",https://s36.a2zinc.net/clients/sme/aerodef2020/Public/eBooth.aspx?IndexInList=38&FromPage=Exhibitors.aspx&ParentBoothID=&ListByBooth=true&BoothID=320616
InspectionXpert Corporation,636,One Glenwood Ave 5th Floor WeWork,"Raleigh,Â",United States,http://www.inspectionxpert.com,800-379-0322,Lean Manufacturing Lean Manufacturing Fundamentals,https://s36.a2zinc.net/clients/sme/aerodef2020/Public/eBooth.aspx?IndexInList=39&FromPage=Exhibitors.aspx&ParentBoothID=&ListByBooth=true&BoothID=317392
JR Automation,407,13365 Tyler St,"Holland,",United States,https://www.jrautomation.com,616-399-2168,"Assembly ,Joining Adhesives/Dispensing Equipment",https://s36.a2zinc.net/clients/sme/aerodef2020/Public/eBooth.aspx?IndexInList=40&FromPage=Exhibitors.aspx&ParentBoothID=&ListByBooth=true&BoothID=320653
Keyence Corp of America,645,500 Park Blvd,"Itasca,",United States,http://www.keyence.com,888-539-3623,"Automated Manufacturing ,Assembly Automation Equipment Machine Vision Systems",https://s36.a2zinc.net/clients/sme/aerodef2020/Public/eBooth.aspx?IndexInList=41&FromPage=Exhibitors.aspx&ParentBoothID=&ListByBooth=true&BoothID=317709
Kurt Industrial Products Division,941,5280 Main St NE,"Minneapolis,",United States,,763-572-1500,Contract Manufacturing Services Contract Manufacturing,https://s36.a2zinc.net/clients/sme/aerodef2020/Public/eBooth.aspx?IndexInList=42&FromPage=Exhibitors.aspx&ParentBoothID=&ListByBooth=true&BoothID=320675
KVI Aerospace,537,1458 County Line Rd,"Huntingdon Vy,Â",United States,www.kv-inc.com,215-322-4044,,https://s36.a2zinc.net/clients/sme/aerodef2020/Public/eBooth.aspx?IndexInList=43&FromPage=Exhibitors.aspx&ParentBoothID=&ListByBooth=true&BoothID=317352
Level 3 Associates LLC,536,550 Commerce Park Dr,"Marietta,",United States,,678-384-9918,"Product ,Process Design Management Quality ,Testing",https://s36.a2zinc.net/clients/sme/aerodef2020/Public/eBooth.aspx?IndexInList=44&FromPage=Exhibitors.aspx&ParentBoothID=&ListByBooth=true&BoothID=320634
LillyWorks Inc,520,One Liberty Lane,"Hampton,",United States,,603-926-9696,Management Services Computer Services Consulting Services Management Services,https://s36.a2zinc.net/clients/sme/aerodef2020/Public/eBooth.aspx?IndexInList=45&FromPage=Exhibitors.aspx&ParentBoothID=&ListByBooth=true&BoothID=320622
LPI Inc,916,4404 Anderson Dr,"Eau Claire,",United States,,715-839-8280,"Plant Engineering ,Maintenance Warehouse Equipment ,Supplies",https://s36.a2zinc.net/clients/sme/aerodef2020/Public/eBooth.aspx?IndexInList=46&FromPage=Exhibitors.aspx&ParentBoothID=&ListByBooth=true&BoothID=317609
Makita USA Inc,522,1450 Feehanville Dr,"Mt Prospect,Â",United States,,847-297-3100,,https://s36.a2zinc.net/clients/sme/aerodef2020/Public/eBooth.aspx?IndexInList=47&FromPage=Exhibitors.aspx&ParentBoothID=&ListByBooth=true&BoothID=320624
Mitsubishi Materials USA,909,11250 Slater Rd,"Fountain Valley,",United States,https://www.mmus-carbide.com,980-312-3100,"Cutting Tools ,Accessories Turning Tools Thread Mills Toolholders Chamfering Tools Cutting Tools Polycrystalline CBN ,Diamond Cutting Tools Carbide Drilling ,Reaming Tools Grooving Tools Lathe Tooling ,Accessories Milling Cutters End Mills Tapping Attachments",https://s36.a2zinc.net/clients/sme/aerodef2020/Public/eBooth.aspx?IndexInList=48&FromPage=Exhibitors.aspx&ParentBoothID=&ListByBooth=true&BoothID=328149
Multiax America Inc,322,3000 Remico St SW,"Grandville,",United States,,616-534-4530,"Automated Manufacturing ,Assembly Machine Controls NC, CNC ,DNC",https://s36.a2zinc.net/clients/sme/aerodef2020/Public/eBooth.aspx?IndexInList=49&FromPage=Exhibitors.aspx&ParentBoothID=&ListByBooth=true&BoothID=317252
Nabtesco Motion Control Inc,625,23976 Freeway Park Dr,"Farmington Hills,Â",United States,,866-748-6844,,https://s36.a2zinc.net/clients/sme/aerodef2020/Public/eBooth.aspx?IndexInList=50&FromPage=Exhibitors.aspx&ParentBoothID=&ListByBooth=true&BoothID=320638
National Manufacturing,417,12 River Rd,"Chatham,",United States,,973-635-8846,"Assembly ,Joining Fasteners ,Precision Formed Parts",https://s36.a2zinc.net/clients/sme/aerodef2020/Public/eBooth.aspx?IndexInList=51&FromPage=Exhibitors.aspx&ParentBoothID=&ListByBooth=true&BoothID=317291
Newcomb Spring Corp,327,3155 North Point Pkwy,"Alpharetta,Â",United States,,770-981-2803,,https://s36.a2zinc.net/clients/sme/aerodef2020/Public/eBooth.aspx?IndexInList=52&FromPage=Exhibitors.aspx&ParentBoothID=&ListByBooth=true&BoothID=320702
O'Keefe Ceramics,335,845 Research Dr,"Woodland Park,",United States,,719-687-0888,"CompositesAdvanced Materials Ceramic Components ,Materials",https://s36.a2zinc.net/clients/sme/aerodef2020/Public/eBooth.aspx?IndexInList=53&FromPage=Exhibitors.aspx&ParentBoothID=&ListByBooth=true&BoothID=317263
OpenAdditive (Universal Tech Co),507,2790 Indian Ripple Rd Ste B,"Beavercreek,Â",United States,,937-306-6140,,https://s36.a2zinc.net/clients/sme/aerodef2020/Public/eBooth.aspx?IndexInList=54&FromPage=Exhibitors.aspx&ParentBoothID=&ListByBooth=true&BoothID=320646
Origin Technologies Corp,521,9238 Madison Blvd,"Madison,",United States,,256-461-1313,"Measurement Inspection ,TestingMeasurement, Inspection ,Analysis Data Collection Systems Inspection Systems ,Equipment",https://s36.a2zinc.net/clients/sme/aerodef2020/Public/eBooth.aspx?IndexInList=55&FromPage=Exhibitors.aspx&ParentBoothID=&ListByBooth=true&BoothID=320623
Orion Registrar,511,7502 W 80th Ave Ste 225,"Arvada,",United States,,303-456-6010,Management Services Management Services,https://s36.a2zinc.net/clients/sme/aerodef2020/Public/eBooth.aspx?IndexInList=56&FromPage=Exhibitors.aspx&ParentBoothID=&ListByBooth=true&BoothID=320673
Plataine,321,465 Waverley Oaks Rd Ste 420,"Waltham,",United States,http://www.plataine.com,866-717-0270,"Controls CAD/CAM Software Manufacturing Scheduling ,Control Networking Equipment ,Accessories Production ,Inventory Control Computer-Aided Engineering Equipment Computer-Aided Manufacturing (CAM) Sensors Software ERP/MRP ,Supply Chain Management",https://s36.a2zinc.net/clients/sme/aerodef2020/Public/eBooth.aspx?IndexInList=57&FromPage=Exhibitors.aspx&ParentBoothID=&ListByBooth=true&BoothID=317251
Power Pusher Division of Nu-Star Inc.,331,1425 Stagecoach Road,"Shakopee,",United States,,952-445-8295,"Automated Manufacturing ,Assembly Material Handling",https://s36.a2zinc.net/clients/sme/aerodef2020/Public/eBooth.aspx?IndexInList=58&FromPage=Exhibitors.aspx&ParentBoothID=&ListByBooth=true&BoothID=317259
Pro Ultrasonics,822,PO Box 999,"Nebo,",United States,,828-584-1005,"Finishing ,Coating Parts Cleaning Equipment Surface Treatment ,Cleaning Equipment",https://s36.a2zinc.net/clients/sme/aerodef2020/Public/eBooth.aspx?IndexInList=59&FromPage=Exhibitors.aspx&ParentBoothID=&ListByBooth=true&BoothID=317465
Pryor Technology,426,303 Ashcake Rd Ste A,"Ashland,",United States,,804-496-6669,"Automated Manufacturing ,Assembly Machine Vision Machine Vision Systems",https://s36.a2zinc.net/clients/sme/aerodef2020/Public/eBooth.aspx?IndexInList=60&FromPage=Exhibitors.aspx&ParentBoothID=&ListByBooth=true&BoothID=320617
Rand 3D,341,11201 Dolfield Blvd,"Owings Mills,",United States,,905-625-2000,Controls CAD/CAM Software Computer-Aided Manufacturing (CAM),https://s36.a2zinc.net/clients/sme/aerodef2020/Public/eBooth.aspx?IndexInList=61&FromPage=Exhibitors.aspx&ParentBoothID=&ListByBooth=true&BoothID=317267
RePliForm Inc,519,1583 Sulphur Spring Rd Ste 104,"Baltimore,",United States,,410-242-5110,CompositesAdvanced Materials Composites,https://s36.a2zinc.net/clients/sme/aerodef2020/Public/eBooth.aspx?IndexInList=62&FromPage=Exhibitors.aspx&ParentBoothID=&ListByBooth=true&BoothID=320621
Robotmaster/Hypertherm Inc,412,21 Great Hollow Rd,"Hanover,",United States,,514-225-2206,"Automated Manufacturing ,Assembly Machine Vision Systems Material Handling",https://s36.a2zinc.net/clients/sme/aerodef2020/Public/eBooth.aspx?IndexInList=63&FromPage=Exhibitors.aspx&ParentBoothID=&ListByBooth=true&BoothID=320672
Serapid Inc,516,34100 Mound Rd,"Sterling Hts,Â",United States,,586-274-0774,"Automated Manufacturing ,Assembly Material Handling",https://s36.a2zinc.net/clients/sme/aerodef2020/Public/eBooth.aspx?IndexInList=64&FromPage=Exhibitors.aspx&ParentBoothID=&ListByBooth=true&BoothID=331378
SLM Solutions NA Inc,824,48561 Alpha Drive,"Wixom,",United States,,248-243-5400,Additive ManufacturingAdditive Manufacturing,https://s36.a2zinc.net/clients/sme/aerodef2020/Public/eBooth.aspx?IndexInList=65&FromPage=Exhibitors.aspx&ParentBoothID=&ListByBooth=true&BoothID=317467
Speed Tiger Precision Technology Co Ltd,430,No 10,"Taichung City,Â",Taiwan,www.carbide-tool.com.tw,886  42350302,,https://s36.a2zinc.net/clients/sme/aerodef2020/Public/eBooth.aspx?IndexInList=66&FromPage=Exhibitors.aspx&ParentBoothID=&ListByBooth=true&BoothID=331383
Starline,926,168 Georgetown Rd,"Canonsburg,",United States,,724-597-7800,Electronics Manufacturing Power Distribution Equipment,https://s36.a2zinc.net/clients/sme/aerodef2020/Public/eBooth.aspx?IndexInList=67&FromPage=Exhibitors.aspx&ParentBoothID=&ListByBooth=true&BoothID=331376
Starrag,608,2379 Progress Dr,"Hebron,",United States,,859-534-5201,"Automated Manufacturing ,Assembly Automation Equipment Material Handling NC, CNC ,DNC",https://s36.a2zinc.net/clients/sme/aerodef2020/Public/eBooth.aspx?IndexInList=68&FromPage=Exhibitors.aspx&ParentBoothID=&ListByBooth=true&BoothID=331384
Strand Products Inc,531,725 E Yanonali St,"Santa Barbara,",United States,,805-568-0304,"Assembly ,Joining Fasteners ,Precision Formed Parts",https://s36.a2zinc.net/clients/sme/aerodef2020/Public/eBooth.aspx?IndexInList=69&FromPage=Exhibitors.aspx&ParentBoothID=&ListByBooth=true&BoothID=331382
Suhner Industrial Products Inc,324,25 Anderson Rd SW,"Rome,",United States,,706-235-8046,"Automated Manufacturing ,Assembly Automation Equipment",https://s36.a2zinc.net/clients/sme/aerodef2020/Public/eBooth.aspx?IndexInList=70&FromPage=Exhibitors.aspx&ParentBoothID=&ListByBooth=true&BoothID=317254
Swoosh Technologies,637,1422 Elbridge Payne Rd Ste 230,"Chesterfield,",United States,http://www.swooshtech.com,314-549-8110,"Education ,Training Education ,Training Services ,Institutions",https://s36.a2zinc.net/clients/sme/aerodef2020/Public/eBooth.aspx?IndexInList=71&FromPage=Exhibitors.aspx&ParentBoothID=&ListByBooth=true&BoothID=317393
TDM Systems Inc,938,1901 N Roselle Rd Ste 800,"Schaumburg,Â",United States,,847-605-1269,,https://s36.a2zinc.net/clients/sme/aerodef2020/Public/eBooth.aspx?IndexInList=72&FromPage=Exhibitors.aspx&ParentBoothID=&ListByBooth=true&BoothID=317627
TechmerPM,619,1 Quality Cir,"Clinton,Â",United States,,865-457-6700,,https://s36.a2zinc.net/clients/sme/aerodef2020/Public/eBooth.aspx?IndexInList=73&FromPage=Exhibitors.aspx&ParentBoothID=&ListByBooth=true&BoothID=320635
Thermwood Corp,615,904 Buffaloville Rd,"Dale,",United States,,812-937-4476,Additive ManufacturingAdditive Manufacturing,https://s36.a2zinc.net/clients/sme/aerodef2020/Public/eBooth.aspx?IndexInList=74&FromPage=Exhibitors.aspx&ParentBoothID=&ListByBooth=true&BoothID=317375
TRAK  Machine Tools,807,2615 Homestead Pl,"Rancho Dominguez,Â",United States,http://www.trakmachinetools.com,310-608-4422,"Automated Manufacturing ,Assembly Machine Controls",https://s36.a2zinc.net/clients/sme/aerodef2020/Public/eBooth.aspx?IndexInList=75&FromPage=Exhibitors.aspx&ParentBoothID=&ListByBooth=true&BoothID=328144
Ultrasonic Power Corp,518,239 E Stephenson St,"Freeport,Â",United States,,815-235-6020,"Finishing ,Coating Parts Cleaning Equipment Surface Treatment ,Cleaning Equipment",https://s36.a2zinc.net/clients/sme/aerodef2020/Public/eBooth.aspx?IndexInList=76&FromPage=Exhibitors.aspx&ParentBoothID=&ListByBooth=true&BoothID=331380
ViscoTec America Inc,610,1955 Vaughn Rd NW Ste 209,"Kennesaw,Â",United States,,770-422-4281,"Assembly ,Joining Adhesives/Dispensing Equipment Brazing ,Soldering Equipment Fastening ,Joining Equipment",https://s36.a2zinc.net/clients/sme/aerodef2020/Public/eBooth.aspx?IndexInList=77&FromPage=Exhibitors.aspx&ParentBoothID=&ListByBooth=true&BoothID=331386
VKS - Visual Knowledge Share,936,1241 Rue Des Cascades,"Chateauguay,",Canada,,855-201-4656,Controls CAD/CAM Software MRP/MRP II Systems Production Monitoring Systems Software Shop Floor Control Systems,https://s36.a2zinc.net/clients/sme/aerodef2020/Public/eBooth.aspx?IndexInList=78&FromPage=Exhibitors.aspx&ParentBoothID=&ListByBooth=true&BoothID=317625
Vollmer Of America,325,105 Broadway St,"Carnegie,",United States,,412-278-0655,"Automated Manufacturing ,Assembly Automation Equipment",https://s36.a2zinc.net/clients/sme/aerodef2020/Public/eBooth.aspx?IndexInList=79&FromPage=Exhibitors.aspx&ParentBoothID=&ListByBooth=true&BoothID=317255
Wickert Hydraulic Press USA,437,2195 Arbor Tech Dr,"Hebron,",United States,,859-525-6610,"Automated Manufacturing ,Assembly Automation Equipment",https://s36.a2zinc.net/clients/sme/aerodef2020/Public/eBooth.aspx?IndexInList=80&FromPage=Exhibitors.aspx&ParentBoothID=&ListByBooth=true&BoothID=317309
YG-1 Tool Co,629,730 Corporate Woods Pkwy,"Vernon Hills,Â",United States,http://www.yg1usa.com,847-634-3700,"Cutting Tools ,Accessories Cutting Tools High-Speed Steel Cutting Tools Carbide Drilling ,Reaming Tools Grinding Wheels Taps ,Dies Thread Mills Toolholders",https://s36.a2zinc.net/clients/sme/aerodef2020/Public/eBooth.aspx?IndexInList=81&FromPage=Exhibitors.aspx&ParentBoothID=&ListByBooth=true&BoothID=320639
ZEISS Industrial Quality Solutions,830,6250 Sycamore Ln N,"Maple Grove,Â",United States,http://www.zeiss.com/metrology,763-744-2400,"Controls CAD/CAM Software Testing Equipment ,Services",https://s36.a2zinc.net/clients/sme/aerodef2020/Public/eBooth.aspx?IndexInList=82&FromPage=Exhibitors.aspx&ParentBoothID=&ListByBooth=true&BoothID=317471
